[
  {
    "dialog_act": "my name's Adam Duguid,",
    "dialog_act_end_id": 4,
    "dialog_act_start_id": 4,
    "speaker_id": "B",
    "type": {
      "main_type": "Task",
      "sub_type": "Inform"
    }
  },
  {
    "dialog_act": "Ebenezer Ademesoye.",
    "dialog_act_end_id": 2,
    "dialog_act_start_id": 2,
    "speaker_id": "C",
    "type": {
      "main_type": "Task",
      "sub_type": "Inform"
    }
  },
  {
    "dialog_act": "I'm the Marketing Expert.",
    "dialog_act_end_id": 7,
    "dialog_act_start_id": 7,
    "speaker_id": "C",
    "type": {
      "main_type": "Task",
      "sub_type": "Inform"
    }
  },
  {
    "dialog_act": "Tarik Rahman. T_A_R_I_K_. Industrial Designer.",
    "dialog_act_end_id": 2,
    "dialog_act_start_id": 1,
    "speaker_id": "D",
    "type": {
      "main_type": "Task",
      "sub_type": "Inform"
    }
  },
  {
    "dialog_act": "Uh, Dave Cochrane.",
    "dialog_act_end_id": 1,
    "dialog_act_start_id": 1,
    "speaker_id": "A",
    "type": {
      "main_type": "Task",
      "sub_type": "Inform"
    }
  },
  {
    "dialog_act": "And you're going to be the User Interface,",
    "dialog_act_end_id": 18,
    "dialog_act_start_id": 18,
    "speaker_id": "B",
    "type": {
      "main_type": "Task",
      "sub_type": "Inform"
    }
  },
  {
    "dialog_act": "This is the agenda for today's meeting. As you can see, w opening, acquaintance, tool training, project plan discussion, and closing.",
    "dialog_act_end_id": 22,
    "dialog_act_start_id": 22,
    "speaker_id": "B",
    "type": {
      "main_type": "Task",
      "sub_type": "Inform"
    }
  },
  {
    "dialog_act": "the reason we're here, we're gonna design a new remote control,",
    "dialog_act_end_id": 25,
    "dialog_act_start_id": 25,
    "speaker_id": "B",
    "type": {
      "main_type": "Task",
      "sub_type": "Inform"
    }
  },
  {
    "dialog_act": "The very broad overview is original, trendy, and user-friendly.",
    "dialog_act_end_id": 27,
    "dialog_act_start_id": 27,
    "speaker_id": "B",
    "type": {
      "main_type": "Task",
      "sub_type": "Inform"
    }
  },
  {
    "dialog_act": "We're gonna have the three kay phases,",
    "dialog_act_end_id": 33,
    "dialog_act_start_id": 33,
    "speaker_id": "B",
    "type": {
      "main_type": "Task",
      "sub_type": "Inform"
    }
  },
  {
    "dialog_act": "the functional, architectural, and the detailed design. Um First one's gonna be covering the user requirement spec, technical functions, working design. Second seems to be conceptual components, properties, materials, and the last one is a detailed analysis of our design so far.",
    "dialog_act_end_id": 38,
    "dialog_act_start_id": 35,
    "speaker_id": "B",
    "type": {
      "main_type": "Task",
      "sub_type": "Inform"
    }
  },
  {
    "dialog_act": "Ebenezer, you wanna have a you wanna draw your favourite animal?",
    "dialog_act_end_id": 42,
    "dialog_act_start_id": 42,
    "speaker_id": "B",
    "type": {
      "main_type": "Elicit",
      "sub_type": "Elicit-Assessment"
    }
  },
  {
    "dialog_act": "Here we have an elephant.",
    "dialog_act_end_id": 17,
    "dialog_act_start_id": 17,
    "speaker_id": "C",
    "type": {
      "main_type": "Task",
      "sub_type": "Inform"
    }
  },
  {
    "dialog_act": "Tarik, would you like to have a shot at a bit of artistry?",
    "dialog_act_end_id": 46,
    "dialog_act_start_id": 46,
    "speaker_id": "B",
    "type": {
      "main_type": "Elicit",
      "sub_type": "Elicit-Assessment"
    }
  },
  {
    "dialog_act": "Uh, here we have a tiger. Uh",
    "dialog_act_end_id": 15,
    "dialog_act_start_id": 15,
    "speaker_id": "D",
    "type": {
      "main_type": "Task",
      "sub_type": "Inform"
    }
  },
  {
    "dialog_act": "Dave, if you'd like to uh have a dash.",
    "dialog_act_end_id": 63,
    "dialog_act_start_id": 63,
    "speaker_id": "B",
    "type": {
      "main_type": "Task",
      "sub_type": "Suggest"
    }
  },
  {
    "dialog_act": "Um Um, the monkey, um.",
    "dialog_act_end_id": 3,
    "dialog_act_start_id": 3,
    "speaker_id": "A",
    "type": {
      "main_type": "Task",
      "sub_type": "Inform"
    }
  },
  {
    "dialog_act": "but uh cats are one of my favourite animals,",
    "dialog_act_end_id": 68,
    "dialog_act_start_id": 68,
    "speaker_id": "B",
    "type": {
      "main_type": "Task",
      "sub_type": "Assess"
    }
  },
  {
    "dialog_act": "Project finance. As you can see, twelve point five Euros per unit.",
    "dialog_act_end_id": 77,
    "dialog_act_start_id": 77,
    "speaker_id": "B",
    "type": {
      "main_type": "Task",
      "sub_type": "Inform"
    }
  },
  {
    "dialog_act": "and we're hoping to sell them for twenty five. If we're aiming for fifty million Euros we're gonna have to be selling an awful lot of them.",
    "dialog_act_end_id": 82,
    "dialog_act_start_id": 81,
    "speaker_id": "B",
    "type": {
      "main_type": "Task",
      "sub_type": "Inform"
    }
  },
  {
    "dialog_act": "that was profiting,",
    "dialog_act_end_id": 41,
    "dialog_act_start_id": 41,
    "speaker_id": "C",
    "type": {
      "main_type": "Task",
      "sub_type": "Inform"
    }
  },
  {
    "dialog_act": "Any ideas of where you think a new remote control could go into this market?",
    "dialog_act_end_id": 91,
    "dialog_act_start_id": 91,
    "speaker_id": "B",
    "type": {
      "main_type": "Elicit",
      "sub_type": "Elicit-Offer-Or-Suggestion"
    }
  },
  {
    "dialog_act": "one thing I'm aware of is, th there uh um at the sort of v very high price end of the market there's there's a em emerging market for sort of touch screen L_C_D_ remotes that can be uh programmed in m much more sophisticated ways than sort of conventional models,",
    "dialog_act_end_id": 18,
    "dialog_act_start_id": 17,
    "speaker_id": "A",
    "type": {
      "main_type": "Task",
      "sub_type": "Inform"
    }
  },
  {
    "dialog_act": "Um b it occurs to me there might be a niche for uh for a remote that aimed towards some of that sort of functionality but using a just conventional push button design. And therefore putting it into a um well much lower price bracket.",
    "dialog_act_end_id": 27,
    "dialog_act_start_id": 26,
    "speaker_id": "A",
    "type": {
      "main_type": "Task",
      "sub_type": "Suggest"
    }
  },
  {
    "dialog_act": "with the price range we're looking at, going for a touch screen would probably be possibly out of our",
    "dialog_act_end_id": 95,
    "dialog_act_start_id": 95,
    "speaker_id": "B",
    "type": {
      "main_type": "Task",
      "sub_type": "Inform"
    }
  },
  {
    "dialog_act": "Absolutely prohibitive,",
    "dialog_act_end_id": 28,
    "dialog_act_start_id": 28,
    "speaker_id": "A",
    "type": {
      "main_type": "Task",
      "sub_type": "Inform"
    }
  },
  {
    "dialog_act": "But you think uh again something to control multiple units in uh a simple fashion.",
    "dialog_act_end_id": 97,
    "dialog_act_start_id": 97,
    "speaker_id": "B",
    "type": {
      "main_type": "Elicit",
      "sub_type": "Elicit-Inform"
    }
  },
  {
    "dialog_act": "I mean you get ones that you can switch between multiple units,",
    "dialog_act_end_id": 32,
    "dialog_act_start_id": 32,
    "speaker_id": "A",
    "type": {
      "main_type": "Task",
      "sub_type": "Inform"
    }
  },
  {
    "dialog_act": "and ideally something into which it would have some at least limited facility for um running macros.",
    "dialog_act_end_id": 35,
    "dialog_act_start_id": 35,
    "speaker_id": "A",
    "type": {
      "main_type": "Task",
      "sub_type": "Suggest"
    }
  },
  {
    "dialog_act": "Would the the idea something along the lines of, one on button would turn on say the video recorder, the T_V_, maybe the sound system as well, all in one go, is that kind of",
    "dialog_act_end_id": 98,
    "dialog_act_start_id": 98,
    "speaker_id": "B",
    "type": {
      "main_type": "Elicit",
      "sub_type": "Elicit-Assessment"
    }
  },
  {
    "dialog_act": "you pr uh you press uh say the play button for the D_V_D_ player and it turns the T_V_ on and onto the right channel as well, um",
    "dialog_act_end_id": 38,
    "dialog_act_start_id": 38,
    "speaker_id": "A",
    "type": {
      "main_type": "Task",
      "sub_type": "Suggest"
    }
  },
  {
    "dialog_act": "um I've noticed that uh gaming c is becoming quite popular with television,",
    "dialog_act_end_id": 48,
    "dialog_act_start_id": 48,
    "speaker_id": "C",
    "type": {
      "main_type": "Task",
      "sub_type": "Inform"
    }
  },
  {
    "dialog_act": "we used to e play games using our cable, using the cable subscribed the cable providers, but our remote controls would get worn out really easily,",
    "dialog_act_end_id": 51,
    "dialog_act_start_id": 50,
    "speaker_id": "C",
    "type": {
      "main_type": "Task",
      "sub_type": "Inform"
    }
  },
  {
    "dialog_act": "I've seen the bar-code design before,",
    "dialog_act_end_id": 106,
    "dialog_act_start_id": 106,
    "speaker_id": "B",
    "type": {
      "main_type": "Task",
      "sub_type": "Inform"
    }
  },
  {
    "dialog_act": "Instead of people entering in what time things start, you simply stri slide a bar to say what time it begins,",
    "dialog_act_end_id": 57,
    "dialog_act_start_id": 57,
    "speaker_id": "C",
    "type": {
      "main_type": "Task",
      "sub_type": "Inform"
    }
  },
  {
    "dialog_act": "and the remote control was not a great kind of keyboar, um keypad, for playing games.",
    "dialog_act_end_id": 52,
    "dialog_act_start_id": 52,
    "speaker_id": "C",
    "type": {
      "main_type": "Task",
      "sub_type": "Assess"
    }
  },
  {
    "dialog_act": "I think for gaming, you know you want you want some big buttons for up, down, left and right, shoot.",
    "dialog_act_end_id": 63,
    "dialog_act_start_id": 63,
    "speaker_id": "C",
    "type": {
      "main_type": "Task",
      "sub_type": "Suggest"
    }
  },
  {
    "dialog_act": "Uh, you wanna be able to change angles in interactive television,",
    "dialog_act_end_id": 65,
    "dialog_act_start_id": 65,
    "speaker_id": "C",
    "type": {
      "main_type": "Task",
      "sub_type": "Inform"
    }
  },
  {
    "dialog_act": "so we'll have to try and decide on some of the basic functionality,",
    "dialog_act_end_id": 117,
    "dialog_act_start_id": 117,
    "speaker_id": "B",
    "type": {
      "main_type": "Task",
      "sub_type": "Inform"
    }
  },
  {
    "dialog_act": "that'll be a key aspect especially if the idea of um some kind of macros facility",
    "dialog_act_end_id": 119,
    "dialog_act_start_id": 119,
    "speaker_id": "B",
    "type": {
      "main_type": "Task",
      "sub_type": "Inform"
    }
  },
  {
    "dialog_act": "do you think they should have some sort of stick on it, rather than buttons? Like uh control pads, you know of games,",
    "dialog_act_end_id": 39,
    "dialog_act_start_id": 38,
    "speaker_id": "D",
    "type": {
      "main_type": "Elicit",
      "sub_type": "Elicit-Assessment"
    }
  },
  {
    "dialog_act": "and that could allow n easy navigation, used as a joystick as well.",
    "dialog_act_end_id": 131,
    "dialog_act_start_id": 131,
    "speaker_id": "B",
    "type": {
      "main_type": "Task",
      "sub_type": "Assess"
    }
  },
  {
    "dialog_act": "Mm-hmm. The other key feature that uh that would be a good idea built into it is t is is to make something you know fairly sort of ergonomic,",
    "dialog_act_end_id": 42,
    "dialog_act_start_id": 42,
    "speaker_id": "A",
    "type": {
      "main_type": "Task",
      "sub_type": "Suggest"
    }
  },
  {
    "dialog_act": "um, how the user interface might work,",
    "dialog_act_end_id": 118,
    "dialog_act_start_id": 118,
    "speaker_id": "B",
    "type": {
      "main_type": "Task",
      "sub_type": "Inform"
    }
  },
  {
    "dialog_act": "something that just fits fits as comfortably as possible into the hand. But of course, uh al al also allows for the possibility of a more sort of slightly unconventional or attractive uh sha shape for it overall,.",
    "dialog_act_end_id": 44,
    "dialog_act_start_id": 43,
    "speaker_id": "A",
    "type": {
      "main_type": "Task",
      "sub_type": "Suggest"
    }
  },
  {
    "dialog_act": "small, stylish, and something that's just a little different.",
    "dialog_act_end_id": 134,
    "dialog_act_start_id": 134,
    "speaker_id": "B",
    "type": {
      "main_type": "Elicit",
      "sub_type": "Elicit-Assessment"
    }
  },
  {
    "dialog_act": "Something sort of sort of sl slightly sort of biomorphic in form,",
    "dialog_act_end_id": 47,
    "dialog_act_start_id": 47,
    "speaker_id": "A",
    "type": {
      "main_type": "Task",
      "sub_type": "Suggest"
    }
  },
  {
    "dialog_act": "I'll write up what we've um kind of quickly done, and I'll get that out to everybody.",
    "dialog_act_end_id": 143,
    "dialog_act_start_id": 142,
    "speaker_id": "B",
    "type": {
      "main_type": "Other",
      "sub_type": "Offer"
    }
  }
]