[
  {
    "end_time": 50.816,
    "segment": "Uh, Dave Cochrane.",
    "speaker_id": "A",
    "start_time": 49.344
  },
  {
    "end_time": 56.158,
    "segment": "User Interface Defin Designer, yes.",
    "speaker_id": "A",
    "start_time": 54.176
  },
  {
    "end_time": 440.272,
    "segment": "Um",
    "speaker_id": "A",
    "start_time": 439.006
  },
  {
    "end_time": 597.968,
    "segment": "Um, the monkey, um. The one f uh in fact this is a somewhat oblique reference in fact to uh well my I have a three uh three y year old daughter who h who who who is affectionately known as Miss Monkey. Um, monkeys have attitude. Which I think is a good thing. And I mean fr and from uh from the point of view of sort of the study of human evolution they and other primates are terribly interesting. Um, so I like monkeys. And and th th th th thi thi this one seems to have perhaps more attitude than most.",
    "speaker_id": "A",
    "start_time": 561.207
  },
  {
    "end_time": 811.392,
    "segment": "Well, one thing I'm aware of is, th there uh um at the sort of v very high price end of the market there's there's a em emerging market for sort of touch screen L_C_D_ remotes that can be uh programmed in m much more sophisticated ways than sort of conventional models, so you get the sort of you get um you you can redesign the interface to your own needs, you can programme in macros, and you get a much greater degree um um I mean you get in these sort of three in one, five in one, whatevers, but you can get integration between the different uh the the the diff the different things that it's designed to control, to a much greater extent, and you can have one uh you know one macro to turn the uh you know turn the T_V_ to the right channel, get the uh re uh rewind the tape in the V_C_R_ and get it to play once it's rewound, for instance. Um b it occurs to me there might be a niche for uh for a remote that aimed towards some of that sort of functionality but using a just conventional push button design. And therefore putting it into a um well much lower price bracket.",
    "speaker_id": "A",
    "start_time": 736.24
  },
  {
    "end_time": 821.232,
    "segment": "Absolutely prohibitive, yeah.",
    "speaker_id": "A",
    "start_time": 819.088
  },
  {
    "end_time": 844.736,
    "segment": "Yeah, I mean I wouldn't like to say you g I mean you get ones that you can switch between multiple units, but something that could um operate between multiple units in a more integrated fashion. Some and ideally something into which it would have some at least limited facility for um running macros.",
    "speaker_id": "A",
    "start_time": 825.936
  },
  {
    "end_time": 869.808,
    "segment": "For instance, um let's say oh oh um, or um you know you pr uh you press uh say the play button for the D_V_D_ player and it turns the T_V_ on and onto the right channel as well, um",
    "speaker_id": "A",
    "start_time": 853.616
  },
  {
    "end_time": 894.496,
    "segment": "Mm-hmm.",
    "speaker_id": "A",
    "start_time": 894.096
  },
  {
    "end_time": 930.544,
    "segment": "Mm-hmm.",
    "speaker_id": "A",
    "start_time": 930.208
  },
  {
    "end_time": 982.848,
    "segment": "Mm-hmm.",
    "speaker_id": "A",
    "start_time": 982.448
  },
  {
    "end_time": 1066.544,
    "segment": "Mm-hmm. The other key feature that uh that would be a good idea built into it is t is is to make something you know fairly sort of ergonomic, something that just fits fits as comfortably as possible into the hand. But of course, uh al al also allows for the possibility of a more sort of",
    "speaker_id": "A",
    "start_time": 1045.488
  },
  {
    "end_time": 1070.752,
    "segment": "slightly unconventional or attractive uh",
    "speaker_id": "A",
    "start_time": 1067.984
  },
  {
    "end_time": 1074.592,
    "segment": "sha shape for it overall,.",
    "speaker_id": "A",
    "start_time": 1072.256
  },
  {
    "end_time": 1088.224,
    "segment": "A curve, mm-hmm. Something sort of sort of sl slightly sort of biomorphic in form, uh which it would need to be to sort of conform to the shape of the hand more efficiently anyway.",
    "speaker_id": "A",
    "start_time": 1076.916
  },
  {
    "end_time": 13.312,
    "segment": "Okay, well I think we're ready to begin. Right, my name's Adam Duguid, we're here because of real reaction, um, we have in the group",
    "speaker_id": "B",
    "start_time": 1.44
  },
  {
    "end_time": 20.64,
    "segment": "Um, yeah, go for it mate.",
    "speaker_id": "B",
    "start_time": 18.201
  },
  {
    "end_time": 26.272,
    "segment": "N_ E_ Z_. Ebenezer. And your role is?",
    "speaker_id": "B",
    "start_time": 21.952
  },
  {
    "end_time": 30.736,
    "segment": "You're the Marketing Expert, okay.",
    "speaker_id": "B",
    "start_time": 28.224
  },
  {
    "end_time": 34.384,
    "segment": "Next we have?",
    "speaker_id": "B",
    "start_time": 32.752
  },
  {
    "end_time": 39.904,
    "segment": "T_ R_ I_ K_. And your role in this is?",
    "speaker_id": "B",
    "start_time": 36.496
  },
  {
    "end_time": 42.656,
    "segment": "Industrial Designer.",
    "speaker_id": "B",
    "start_time": 40.992
  },
  {
    "end_time": 49.2,
    "segment": "And, lastly we have?",
    "speaker_id": "B",
    "start_time": 47.408
  },
  {
    "end_time": 57.264,
    "segment": "And you're going to be the User Interface, is it? Designer. Okay.",
    "speaker_id": "B",
    "start_time": 52.865
  },
  {
    "end_time": 100.32,
    "segment": "Right. This is the agenda for today's meeting. As you can see, w opening, acquaintance, tool training, project plan discussion, and closing. Um, we already got n through opening, and partially through acquaintance. So, the reason we're here, we're gonna design a new remote control, as you probably all know. The very broad overview is original, trendy, and user-friendly. Course, we'll have to go into a bit more um detail than that, but uh personally I think that the original is gonna be a very key aspect to this design. Um, there's a lot of remote controls out there anyway, so we're gonna need something that's really gonna set it apart.",
    "speaker_id": "B",
    "start_time": 62.096
  },
  {
    "end_time": 115.0,
    "segment": "This is how today seems to be going to work. We're gonna have the three kay phases, as you've probably already been told, the functional, architectural, and the detailed design. Um",
    "speaker_id": "B",
    "start_time": 104.832
  },
  {
    "end_time": 135.04,
    "segment": "First one's gonna be covering the user requirement spec, technical functions, working design. Second seems to be conceptual components, properties, materials, and the last one is a detailed analysis of our design so far. Of course, you've all got the similar emails, I believe, right.",
    "speaker_id": "B",
    "start_time": 118.992
  },
  {
    "end_time": 143.52,
    "segment": "What can I say? Ebenezer, you wanna have a you wanna draw your favourite animal?",
    "speaker_id": "B",
    "start_time": 136.32
  },
  {
    "end_time": 253.072,
    "segment": "Brilliantly done. Thank you. Tarik, would you like to have a shot at a bit of artistry?",
    "speaker_id": "B",
    "start_time": 243.376
  },
  {
    "end_time": 258.057,
    "segment": "Oh, um, you can clip them to your belt.",
    "speaker_id": "B",
    "start_time": 256.112
  },
  {
    "end_time": 262.736,
    "segment": "You should also l um have your the lapel mic on as well.",
    "speaker_id": "B",
    "start_time": 258.992
  },
  {
    "end_time": 286.688,
    "segment": "Yep, the, it's just across there, that's it.",
    "speaker_id": "B",
    "start_time": 284.336
  },
  {
    "end_time": 291.408,
    "segment": "Yep.",
    "speaker_id": "B",
    "start_time": 290.959
  },
  {
    "end_time": 303.92,
    "segment": "Yeah. It'll follow you if you",
    "speaker_id": "B",
    "start_time": 301.648
  },
  {
    "end_time": 312.944,
    "segment": "You can probably just stick it in your pocket for now, I wouldn't worry too much. Should have good range.",
    "speaker_id": "B",
    "start_time": 308.223
  },
  {
    "end_time": 430.848,
    "segment": "Excellent, thank you very much. Dave, if you'd like to uh",
    "speaker_id": "B",
    "start_time": 426.304
  },
  {
    "end_time": 434.144,
    "segment": "have a dash.",
    "speaker_id": "B",
    "start_time": 432.336
  },
  {
    "end_time": 606.775,
    "segment": "Cheers.",
    "speaker_id": "B",
    "start_time": 605.95
  },
  {
    "end_time": 674.788,
    "segment": "Hardly what I'd call the best drawing in the world but it'll do for now. Also not quite as feared as your average tiger, but uh cats are one of my favourite animals, they're very independent, they're snotty as hell at the best of times, and uh, what can you say, you got to love those qualities in an animal.",
    "speaker_id": "B",
    "start_time": 656.256
  },
  {
    "end_time": 702.4,
    "segment": "Right. I think we've all managed to master the whiteboard there by looks of it, so, on to it. Project finance. As you can see, twelve point five Euros per unit. That's not a terrible lot as far as I'm aware, and we're hoping to sell them for twenty five. If we're aiming for fifty million Euros we're gonna have to be selling an awful lot of them.",
    "speaker_id": "B",
    "start_time": 680.414
  },
  {
    "end_time": 719.104,
    "segment": "Yep. Well, fifty million, and if you're making twelve point five Euros on each one, then, awful lot need to be sold.",
    "speaker_id": "B",
    "start_time": 709.984
  },
  {
    "end_time": 728.91,
    "segment": "Okay. Now we better actually just get on with the uh the meat of the project. So I'm gonna guess that we've all used remote controls.",
    "speaker_id": "B",
    "start_time": 721.104
  },
  {
    "end_time": 735.2,
    "segment": "Any ideas of where you think a new remote control could go into this market?",
    "speaker_id": "B",
    "start_time": 730.59
  },
  {
    "end_time": 790.752,
    "segment": "Okay.",
    "speaker_id": "B",
    "start_time": 789.968
  },
  {
    "end_time": 825.792,
    "segment": "Okay, yeah, tha that's true, with the price range we're looking at, going for a touch screen would probably be possibly out of our yeah. But you think uh again something to control multiple units in uh a simple fashion.",
    "speaker_id": "B",
    "start_time": 812.432
  },
  {
    "end_time": 854.395,
    "segment": "Would the the idea something along the lines of, one on button would turn on say the video recorder, the T_V_, maybe the sound system as well, all in one go, is that kind of",
    "speaker_id": "B",
    "start_time": 845.531
  },
  {
    "end_time": 875.568,
    "segment": "Okay, that sounds like a a good strong idea. Um",
    "speaker_id": "B",
    "start_time": 870.768
  },
  {
    "end_time": 879.872,
    "segment": "Any takes on this?",
    "speaker_id": "B",
    "start_time": 877.152
  },
  {
    "end_time": 903.787,
    "segment": "Okay.",
    "speaker_id": "B",
    "start_time": 903.296
  },
  {
    "end_time": 925.718,
    "segment": "Okay.",
    "speaker_id": "B",
    "start_time": 925.001
  },
  {
    "end_time": 930.288,
    "segment": "Yeah I've heard I've seen the bar-code design before, yeah.",
    "speaker_id": "B",
    "start_time": 927.952
  },
  {
    "end_time": 984.016,
    "segment": "Okay, well we're beginning to run out of time now, so, we've got a couple of ideas, we can we'll have to work fast, um, alright as you can see we've got thirty minutes until the next meeting, so we'll have to try and decide on some of the basic functionality, um, how the user interface might work, that'll be a key aspect especially if the idea of um some kind of macros facility because you have to program it, you have to have a lot of response back, or at least some kind. Um",
    "speaker_id": "B",
    "start_time": 952.976
  },
  {
    "end_time": 990.768,
    "segment": "And we're gonna maybe n try and have to figure out",
    "speaker_id": "B",
    "start_time": 986.432
  },
  {
    "end_time": 1001.248,
    "segment": "what the user wants, yes. Um, right. Has anybody got anything they'd like to add at this stage, anything they think that might have been missed so far?",
    "speaker_id": "B",
    "start_time": 992.064
  },
  {
    "end_time": 1031.696,
    "segment": "I I don't see why not, almost everybody is probably used to a console by now, and all of them incorporate small keypads on them, in fact even the mobile phones these days are beginning to use them as well, so it's probably an interface that most people are used to. Um",
    "speaker_id": "B",
    "start_time": 1016.85
  },
  {
    "end_time": 1037.968,
    "segment": "and that could allow n easy navigation, used as a joystick as well.",
    "speaker_id": "B",
    "start_time": 1032.992
  },
  {
    "end_time": 1073.117,
    "segment": "Okay.",
    "speaker_id": "B",
    "start_time": 1072.48
  },
  {
    "end_time": 1081.33,
    "segment": "So, small, stylish, and something that's just a little different.",
    "speaker_id": "B",
    "start_time": 1075.328
  },
  {
    "end_time": 1092.413,
    "segment": "Okay. That's definitely something that we should be able to do quite easily.",
    "speaker_id": "B",
    "start_time": 1088.416
  },
  {
    "end_time": 1096.992,
    "segment": "I would I would have hoped so anyway. Um, right.",
    "speaker_id": "B",
    "start_time": 1093.134
  },
  {
    "end_time": 1109.296,
    "segment": "I'd say we finish this one up, we get started, I'll get in, I'll write up what we've um kind of quickly done, and I'll get that out to everybody.",
    "speaker_id": "B",
    "start_time": 1100.229
  },
  {
    "end_time": 1112.176,
    "segment": "Yeah? Okay.",
    "speaker_id": "B",
    "start_time": 1110.416
  },
  {
    "end_time": 1126.726,
    "segment": "Um, as far as I'm aware we leave the microphones here, um unless we get told otherwise, and just take the laptops with us.",
    "speaker_id": "B",
    "start_time": 1118.56
  },
  {
    "end_time": 16.922,
    "segment": "Oh, Ebenezer Ademesoye. Would you like me to spell that?",
    "speaker_id": "C",
    "start_time": 13.152
  },
  {
    "end_time": 18.4,
    "segment": "S",
    "speaker_id": "C",
    "start_time": 18.064
  },
  {
    "end_time": 21.616,
    "segment": "Um, N_E_Z_",
    "speaker_id": "C",
    "start_time": 20.56
  },
  {
    "end_time": 23.808,
    "segment": "E_R_.",
    "speaker_id": "C",
    "start_time": 23.072
  },
  {
    "end_time": 28.384,
    "segment": "I'm the Marketing Expert.",
    "speaker_id": "C",
    "start_time": 26.192
  },
  {
    "end_time": 144.096,
    "segment": "Sure.",
    "speaker_id": "C",
    "start_time": 143.456
  },
  {
    "end_time": 152.224,
    "segment": "Whiteboard. 'Kay.",
    "speaker_id": "C",
    "start_time": 147.813
  },
  {
    "end_time": 158.992,
    "segment": "S okay. I will make this quick, since we don't have much time.",
    "speaker_id": "C",
    "start_time": 154.513
  },
  {
    "end_time": 162.736,
    "segment": "Um.",
    "speaker_id": "C",
    "start_time": 160.336
  },
  {
    "end_time": 214.768,
    "segment": "'Kay, so it's not the best picture in the world.",
    "speaker_id": "C",
    "start_time": 212.224
  },
  {
    "end_time": 217.28,
    "segment": "Here we have an elephant.",
    "speaker_id": "C",
    "start_time": 215.353
  },
  {
    "end_time": 232.928,
    "segment": "First point, begins with an E_, same like Ebenezer. Also, elephants have a very good memory, much like myself, and I can't remember back when I used to live back in Nigeria, but I think I used to have a pet elephant.",
    "speaker_id": "C",
    "start_time": 218.12
  },
  {
    "end_time": 241.888,
    "segment": "So elephants are big, strong and gentle, and they have great memories, and they begin with the letter E_, just like Ebenezer.",
    "speaker_id": "C",
    "start_time": 234.512
  },
  {
    "end_time": 245.627,
    "segment": "Thank you.",
    "speaker_id": "C",
    "start_time": 244.678
  },
  {
    "end_time": 259.072,
    "segment": "Oh. Oh oh I think you ga",
    "speaker_id": "C",
    "start_time": 255.552
  },
  {
    "end_time": 261.731,
    "segment": "The little",
    "speaker_id": "C",
    "start_time": 259.997
  },
  {
    "end_time": 264.331,
    "segment": "The the",
    "speaker_id": "C",
    "start_time": 263.671
  },
  {
    "end_time": 271.346,
    "segment": "Oh that's good, we can clip them on. Okay. Yeah, there was this microphone as well that you",
    "speaker_id": "C",
    "start_time": 265.982
  },
  {
    "end_time": 276.128,
    "segment": "Just um somewhere",
    "speaker_id": "C",
    "start_time": 274.32
  },
  {
    "end_time": 301.728,
    "segment": "I think so.",
    "speaker_id": "C",
    "start_time": 301.12
  },
  {
    "end_time": 305.824,
    "segment": "Yeah. There you go.",
    "speaker_id": "C",
    "start_time": 303.872
  },
  {
    "end_time": 710.8,
    "segment": "Oh, that was profiting, that was an amount, so that's the amount made, okay.",
    "speaker_id": "C",
    "start_time": 705.44
  },
  {
    "end_time": 717.696,
    "segment": "Yeah.",
    "speaker_id": "C",
    "start_time": 717.072
  },
  {
    "end_time": 820.896,
    "segment": "Oh.",
    "speaker_id": "C",
    "start_time": 820.656
  },
  {
    "end_time": 872.18,
    "segment": "'Kay",
    "speaker_id": "C",
    "start_time": 871.102
  },
  {
    "end_time": 904.88,
    "segment": "Well um I've noticed that uh gaming c is becoming quite popular with television, um when I was younger we used to e play games using our cable, using the cable subscribed the cable providers, but our remote controls would get worn out really easily, and the remote control was not a great kind of keyboar, um keypad, for playing games. So perhaps one that was more um",
    "speaker_id": "C",
    "start_time": 879.504
  },
  {
    "end_time": 927.776,
    "segment": "specialised for game playing or interactive television. They they've recently brought out this new remote control, for people to set their favourite channels, or um to record things. Instead of people entering in what time things start, you simply stri slide a bar to say what time it begins, and slide another bar to say what time it ends, you know that's",
    "speaker_id": "C",
    "start_time": 906.416
  },
  {
    "end_time": 932.416,
    "segment": "Yeah, it's it's taken out the",
    "speaker_id": "C",
    "start_time": 930.464
  },
  {
    "end_time": 942.624,
    "segment": "Y you don't have to be uh really clever to use a remote control. I think for gaming, you know you want you want some big buttons for up, down, left and right, shoot.",
    "speaker_id": "C",
    "start_time": 933.712
  },
  {
    "end_time": 952.496,
    "segment": "Uh, you wanna be able to change angles in interactive television, so you need buttons to change the television angle, the camera angles and stuff like that.",
    "speaker_id": "C",
    "start_time": 944.32
  },
  {
    "end_time": 955.534,
    "segment": "Yeah.",
    "speaker_id": "C",
    "start_time": 955.216
  },
  {
    "end_time": 992.417,
    "segment": "What the user wants uh.",
    "speaker_id": "C",
    "start_time": 991.184
  },
  {
    "end_time": 993.856,
    "segment": "Okay.",
    "speaker_id": "C",
    "start_time": 993.344
  },
  {
    "end_time": 1010.432,
    "segment": "Oh. Okay,.",
    "speaker_id": "C",
    "start_time": 1008.592
  },
  {
    "end_time": 1013.872,
    "segment": "Mm-hmm.",
    "speaker_id": "C",
    "start_time": 1013.552
  },
  {
    "end_time": 1111.317,
    "segment": "'Kay. So.",
    "speaker_id": "C",
    "start_time": 1109.796
  },
  {
    "end_time": 1118.446,
    "segment": ".",
    "speaker_id": "C",
    "start_time": 1116.912
  },
  {
    "end_time": 36.608,
    "segment": "Tarik Rahman. T_A_R_I_K_.",
    "speaker_id": "D",
    "start_time": 34.256
  },
  {
    "end_time": 41.072,
    "segment": "Industrial Designer.",
    "speaker_id": "D",
    "start_time": 39.824
  },
  {
    "end_time": 255.136,
    "segment": ".",
    "speaker_id": "D",
    "start_time": 253.364
  },
  {
    "end_time": 259.04,
    "segment": "Do we take them off? Oh right, okay.",
    "speaker_id": "D",
    "start_time": 256.548
  },
  {
    "end_time": 264.416,
    "segment": "Ah-ha.",
    "speaker_id": "D",
    "start_time": 263.741
  },
  {
    "end_time": 274.176,
    "segment": "Now where do I put the",
    "speaker_id": "D",
    "start_time": 272.896
  },
  {
    "end_time": 301.248,
    "segment": "Is this supposed to be clipped as well?",
    "speaker_id": "D",
    "start_time": 299.805
  },
  {
    "end_time": 318.96,
    "segment": "Uh, destroying your elephant here.",
    "speaker_id": "D",
    "start_time": 317.056
  },
  {
    "end_time": 396.32,
    "segment": "Uh, here we have a tiger. Uh",
    "speaker_id": "D",
    "start_time": 393.756
  },
  {
    "end_time": 428.272,
    "segment": "I've always loved tigers. They're just they're big, they're biggest cats, uh I did a project on cats in the wild when I was a kid and uh it was my favourite cat, just 'cause it was looks the best, the stripes, orange. My dad used to talk about he's from Bangladesh so he used to tell me all about them when he was when I was a kid. And uh they're just the most feared of of uh animals in the wild. So uh that's why I like them. Didn't say an anything about me really but",
    "speaker_id": "D",
    "start_time": 397.84
  },
  {
    "end_time": 929.319,
    "segment": "Mm.",
    "speaker_id": "D",
    "start_time": 928.603
  },
  {
    "end_time": 953.701,
    "segment": "'Kay.",
    "speaker_id": "D",
    "start_time": 952.967
  },
  {
    "end_time": 1006.048,
    "segment": "Well when you're talking about gaming and stuff, do you think they should have some sort of",
    "speaker_id": "D",
    "start_time": 1002.288
  },
  {
    "end_time": 1009.338,
    "segment": "stick on it, rather than buttons?",
    "speaker_id": "D",
    "start_time": 1007.184
  },
  {
    "end_time": 1015.808,
    "segment": "Like uh control pads, you know of games, but or is that a bit ridiculous?",
    "speaker_id": "D",
    "start_time": 1010.014
  },
  {
    "end_time": 1026.56,
    "segment": "Yeah.",
    "speaker_id": "D",
    "start_time": 1026.109
  },
  {
    "end_time": 1118.131,
    "segment": ".",
    "speaker_id": "D",
    "start_time": 1116.757
  }
]