[
  {
    "dialog_act": "so I just wanna rather than going uh Miss Marketing and Miss this and Miss that wanted to know your names again.",
    "dialog_act_end_id": 5,
    "dialog_act_start_id": 5,
    "speaker_id": "A",
    "type": {
      "main_type": "Elicit",
      "sub_type": "Elicit-Inform"
    }
  },
  {
    "dialog_act": "Okay, right, welcome to meeting B_. Um this is gonna go a lot better than the last meeting, basically, uh 'cause I know what I'm supposed to be doing now.",
    "dialog_act_end_id": 22,
    "dialog_act_start_id": 20,
    "speaker_id": "A",
    "type": {
      "main_type": "Other",
      "sub_type": "Be-Positive"
    }
  },
  {
    "dialog_act": "and, uh yeah, I'm just here to sort of liaise between the three of you and get things going, get people talking and and I'm gonna be making notes and sending them off to the powers that be and stuff basically.",
    "dialog_act_end_id": 27,
    "dialog_act_start_id": 24,
    "speaker_id": "A",
    "type": {
      "main_type": "Task",
      "sub_type": "Inform"
    }
  },
  {
    "dialog_act": "what this meeting is all about is um I'm gonna have some presentations from all three of you,",
    "dialog_act_end_id": 29,
    "dialog_act_start_id": 29,
    "speaker_id": "A",
    "type": {
      "main_type": "Task",
      "sub_type": "Inform"
    }
  },
  {
    "dialog_act": "We'll we'll uh talk about what we actually need as a final coming together of it all.",
    "dialog_act_end_id": 37,
    "dialog_act_start_id": 37,
    "speaker_id": "A",
    "type": {
      "main_type": "Task",
      "sub_type": "Suggest"
    }
  },
  {
    "dialog_act": "So I want each of your presentations to not be too long, five five minutes, something like that.",
    "dialog_act_end_id": 40,
    "dialog_act_start_id": 40,
    "speaker_id": "A",
    "type": {
      "main_type": "Task",
      "sub_type": "Inform"
    }
  },
  {
    "dialog_act": "This meeting it's not very long. It's uh probably down to about thirty five minutes now.",
    "dialog_act_end_id": 39,
    "dialog_act_start_id": 39,
    "speaker_id": "A",
    "type": {
      "main_type": "Task",
      "sub_type": "Inform"
    }
  },
  {
    "dialog_act": "Um if you haven't done a PowerPoint thingy, it doesn't matter,",
    "dialog_act_end_id": 41,
    "dialog_act_start_id": 41,
    "speaker_id": "A",
    "type": {
      "main_type": "Task",
      "sub_type": "Assess"
    }
  },
  {
    "dialog_act": "I'm gonna draw it on the board then.",
    "dialog_act_end_id": 37,
    "dialog_act_start_id": 37,
    "speaker_id": "B",
    "type": {
      "main_type": "Other",
      "sub_type": "Offer"
    }
  },
  {
    "dialog_act": "So um the idea is that we've got the energy source um,",
    "dialog_act_end_id": 42,
    "dialog_act_start_id": 41,
    "speaker_id": "B",
    "type": {
      "main_type": "Task",
      "sub_type": "Inform"
    }
  },
  {
    "dialog_act": "So um I think maybe uh two batteries,",
    "dialog_act_end_id": 45,
    "dialog_act_start_id": 45,
    "speaker_id": "B",
    "type": {
      "main_type": "Task",
      "sub_type": "Inform"
    }
  },
  {
    "dialog_act": "then on the uh remote control itself will have um the sender for the signal, which could be uh an infra-red signal, um which will be sent by an electronic chip.",
    "dialog_act_end_id": 52,
    "dialog_act_start_id": 50,
    "speaker_id": "B",
    "type": {
      "main_type": "Task",
      "sub_type": "Inform"
    }
  },
  {
    "dialog_act": "Is a battery like the only way of",
    "dialog_act_end_id": 19,
    "dialog_act_start_id": 19,
    "speaker_id": "D",
    "type": {
      "main_type": "Elicit",
      "sub_type": "Elicit-Inform"
    }
  },
  {
    "dialog_act": "No 'cause like cha 'cause always changing um um batteries can get like annoying.",
    "dialog_act_end_id": 22,
    "dialog_act_start_id": 22,
    "speaker_id": "D",
    "type": {
      "main_type": "Task",
      "sub_type": "Inform"
    }
  },
  {
    "dialog_act": "swi I th I th I think changing your batteries once every six months is not really a pain, but",
    "dialog_act_end_id": 72,
    "dialog_act_start_id": 72,
    "speaker_id": "B",
    "type": {
      "main_type": "Task",
      "sub_type": "Assess"
    }
  },
  {
    "dialog_act": "as far as the infra-red signal, do we have control over, you know, how far away you can be from the receiving unit, the the T_V_, and still have it be operational?",
    "dialog_act_end_id": 23,
    "dialog_act_start_id": 23,
    "speaker_id": "C",
    "type": {
      "main_type": "Elicit",
      "sub_type": "Elicit-Inform"
    }
  },
  {
    "dialog_act": "It's never gonna be more than it's never gonna be, you kno unless you've got a T_V_ the size of a football pitch, it's not doesn't have to go that far,",
    "dialog_act_end_id": 76,
    "dialog_act_start_id": 76,
    "speaker_id": "A",
    "type": {
      "main_type": "Task",
      "sub_type": "Inform"
    }
  },
  {
    "dialog_act": "Well, we can make the the signal strong enough to go through walls if if you fancy it.",
    "dialog_act_end_id": 75,
    "dialog_act_start_id": 75,
    "speaker_id": "B",
    "type": {
      "main_type": "Task",
      "sub_type": "Suggest"
    }
  },
  {
    "dialog_act": "Yeah, yeah I d it sounds like you you w don't wanna overcomplicate things.",
    "dialog_act_end_id": 79,
    "dialog_act_start_id": 79,
    "speaker_id": "A",
    "type": {
      "main_type": "Task",
      "sub_type": "Assess"
    }
  },
  {
    "dialog_act": "How about Bluetooth?",
    "dialog_act_end_id": 29,
    "dialog_act_start_id": 29,
    "speaker_id": "D",
    "type": {
      "main_type": "Task",
      "sub_type": "Suggest"
    }
  },
  {
    "dialog_act": "Yeah, and basically uh, as far as methods, I was I was looking looking at looking at uh already existing remotes, trying to find some inspiration from designs that are already out there.",
    "dialog_act_end_id": 33,
    "dialog_act_start_id": 33,
    "speaker_id": "C",
    "type": {
      "main_type": "Task",
      "sub_type": "Inform"
    }
  },
  {
    "dialog_act": "And so in the research that I was doing there's basically two types of remotes,",
    "dialog_act_end_id": 47,
    "dialog_act_start_id": 47,
    "speaker_id": "C",
    "type": {
      "main_type": "Task",
      "sub_type": "Inform"
    }
  },
  {
    "dialog_act": "I mean people want a remote that's familiar, that has their favourite functionalities um and and does the basics, but",
    "dialog_act_end_id": 37,
    "dialog_act_start_id": 37,
    "speaker_id": "C",
    "type": {
      "main_type": "Task",
      "sub_type": "Inform"
    }
  },
  {
    "dialog_act": "Um so things that seem like absolute must-haves uh would be a volume control,",
    "dialog_act_end_id": 39,
    "dialog_act_start_id": 39,
    "speaker_id": "C",
    "type": {
      "main_type": "Task",
      "sub_type": "Inform"
    }
  },
  {
    "dialog_act": "uh channel keys up-down,",
    "dialog_act_end_id": 43,
    "dialog_act_start_id": 43,
    "speaker_id": "C",
    "type": {
      "main_type": "Task",
      "sub_type": "Inform"
    }
  },
  {
    "dialog_act": "but then also a numerical key pad so that they can just key directly to the channel that they want, rather than doing up-down,",
    "dialog_act_end_id": 41,
    "dialog_act_start_id": 41,
    "speaker_id": "C",
    "type": {
      "main_type": "Task",
      "sub_type": "Inform"
    }
  },
  {
    "dialog_act": "ones that are engineering centred and ones that are more user centred,",
    "dialog_act_end_id": 48,
    "dialog_act_start_id": 48,
    "speaker_id": "C",
    "type": {
      "main_type": "Task",
      "sub_type": "Inform"
    }
  },
  {
    "dialog_act": "judging from what what we all talked about during our last meeting I kind of gathered that that's what we were going after,",
    "dialog_act_end_id": 59,
    "dialog_act_start_id": 59,
    "speaker_id": "C",
    "type": {
      "main_type": "Task",
      "sub_type": "Assess"
    }
  },
  {
    "dialog_act": "So, the engineering centred ones uh provide a lot of functionality,",
    "dialog_act_end_id": 61,
    "dialog_act_start_id": 61,
    "speaker_id": "C",
    "type": {
      "main_type": "Task",
      "sub_type": "Inform"
    }
  },
  {
    "dialog_act": "so the user centred ones just focus on ease of use.",
    "dialog_act_end_id": 63,
    "dialog_act_start_id": 63,
    "speaker_id": "C",
    "type": {
      "main_type": "Task",
      "sub_type": "Inform"
    }
  },
  {
    "dialog_act": "Um have you found that anyone else has do has looked into the locking function or",
    "dialog_act_end_id": 98,
    "dialog_act_start_id": 98,
    "speaker_id": "A",
    "type": {
      "main_type": "Elicit",
      "sub_type": "Elicit-Inform"
    }
  },
  {
    "dialog_act": "No that that that seemed like a novel idea as f as far as I know.",
    "dialog_act_end_id": 68,
    "dialog_act_start_id": 68,
    "speaker_id": "C",
    "type": {
      "main_type": "Task",
      "sub_type": "Inform"
    }
  },
  {
    "dialog_act": "what uh do you guys have a a yea or nay on that a feeling about whether that's really necessary?",
    "dialog_act_end_id": 74,
    "dialog_act_start_id": 74,
    "speaker_id": "C",
    "type": {
      "main_type": "Elicit",
      "sub_type": "Elicit-Assessment"
    }
  },
  {
    "dialog_act": "I would say it's If it's simple to do,",
    "dialog_act_end_id": 102,
    "dialog_act_start_id": 102,
    "speaker_id": "A",
    "type": {
      "main_type": "Task",
      "sub_type": "Assess"
    }
  },
  {
    "dialog_act": "Um I've had word down from head office that something that we should be centred well, something we should take into account is um we've gotta keep the corporate image within this remote control unit. It's gotta d look like it's in the R_ and R_.",
    "dialog_act_end_id": 109,
    "dialog_act_start_id": 108,
    "speaker_id": "A",
    "type": {
      "main_type": "Task",
      "sub_type": "Inform"
    }
  },
  {
    "dialog_act": "and what I didn't mention yet really is is the sort of like the ergonomic design.",
    "dialog_act_end_id": 87,
    "dialog_act_start_id": 87,
    "speaker_id": "C",
    "type": {
      "main_type": "Task",
      "sub_type": "Inform"
    }
  },
  {
    "dialog_act": "Uh, everything is going t ergonomic, you know,",
    "dialog_act_end_id": 89,
    "dialog_act_start_id": 89,
    "speaker_id": "C",
    "type": {
      "main_type": "Task",
      "sub_type": "Inform"
    }
  },
  {
    "dialog_act": "and that could be one of our niches p sort of uh uh in the market, I guess. Um.",
    "dialog_act_end_id": 92,
    "dialog_act_start_id": 92,
    "speaker_id": "C",
    "type": {
      "main_type": "Task",
      "sub_type": "Suggest"
    }
  },
  {
    "dialog_act": "Well, for our marketing report uh we observed remote control users in a usability lab,",
    "dialog_act_end_id": 58,
    "dialog_act_start_id": 58,
    "speaker_id": "D",
    "type": {
      "main_type": "Task",
      "sub_type": "Inform"
    }
  },
  {
    "dialog_act": "So seventy five per cent of users find the remote control ugly.",
    "dialog_act_end_id": 64,
    "dialog_act_start_id": 64,
    "speaker_id": "D",
    "type": {
      "main_type": "Task",
      "sub_type": "Inform"
    }
  },
  {
    "dialog_act": "Um current remote controls do not match well with the operating behaviour of the user.",
    "dialog_act_end_id": 68,
    "dialog_act_start_id": 68,
    "speaker_id": "D",
    "type": {
      "main_type": "Task",
      "sub_type": "Inform"
    }
  },
  {
    "dialog_act": "Um eighty f eighty per cent of them would spend more money if the rem remote control looked really cool and fancy.",
    "dialog_act_end_id": 66,
    "dialog_act_start_id": 66,
    "speaker_id": "D",
    "type": {
      "main_type": "Task",
      "sub_type": "Inform"
    }
  },
  {
    "dialog_act": "I was thinking something easy to use, especially for older people. Um has to look really cool, flashy groovy for people to buy it.",
    "dialog_act_end_id": 91,
    "dialog_act_start_id": 90,
    "speaker_id": "D",
    "type": {
      "main_type": "Task",
      "sub_type": "Suggest"
    }
  },
  {
    "dialog_act": "and also we asked them whether they wanted whether they'd be interested in um voice activating.",
    "dialog_act_end_id": 94,
    "dialog_act_start_id": 94,
    "speaker_id": "D",
    "type": {
      "main_type": "Task",
      "sub_type": "Inform"
    }
  },
  {
    "dialog_act": "What about just from the the prospective of our manufacturing cost?",
    "dialog_act_end_id": 104,
    "dialog_act_start_id": 104,
    "speaker_id": "C",
    "type": {
      "main_type": "Elicit",
      "sub_type": "Elicit-Assessment"
    }
  },
  {
    "dialog_act": "most people that have the money are people from the age of thirty five to fifty five,",
    "dialog_act_end_id": 135,
    "dialog_act_start_id": 135,
    "speaker_id": "A",
    "type": {
      "main_type": "Task",
      "sub_type": "Inform"
    }
  },
  {
    "dialog_act": "It's older generation, they're the ones that have gone out and",
    "dialog_act_end_id": 131,
    "dialog_act_start_id": 131,
    "speaker_id": "A",
    "type": {
      "main_type": "Task",
      "sub_type": "Inform"
    }
  },
  {
    "dialog_act": "but the younger generation who we are catering for, like who have most of the money nowadays, do want a voice act speech recognition in a remote.",
    "dialog_act_end_id": 103,
    "dialog_act_start_id": 103,
    "speaker_id": "D",
    "type": {
      "main_type": "Task",
      "sub_type": "Inform"
    }
  },
  {
    "dialog_act": "Voice activation might not be the best.",
    "dialog_act_end_id": 110,
    "dialog_act_start_id": 110,
    "speaker_id": "D",
    "type": {
      "main_type": "Task",
      "sub_type": "Assess"
    }
  },
  {
    "dialog_act": "I would say scra I'd say scrap that straight off.",
    "dialog_act_end_id": 141,
    "dialog_act_start_id": 141,
    "speaker_id": "A",
    "type": {
      "main_type": "Task",
      "sub_type": "Suggest"
    }
  },
  {
    "dialog_act": "Um also with um with buttons, a thing called R_S_I_,",
    "dialog_act_end_id": 111,
    "dialog_act_start_id": 111,
    "speaker_id": "D",
    "type": {
      "main_type": "Task",
      "sub_type": "Inform"
    }
  },
  {
    "dialog_act": "we should probably consult with our legal department uh.",
    "dialog_act_end_id": 116,
    "dialog_act_start_id": 116,
    "speaker_id": "C",
    "type": {
      "main_type": "Task",
      "sub_type": "Suggest"
    }
  },
  {
    "dialog_act": "I'll see if I can get see if I can get hold of them for the next meeting.",
    "dialog_act_end_id": 150,
    "dialog_act_start_id": 150,
    "speaker_id": "A",
    "type": {
      "main_type": "Other",
      "sub_type": "Be-Positive"
    }
  },
  {
    "dialog_act": "I think we can do some really in in that department, the the ergonomic department, we can make some some really good improvements.",
    "dialog_act_end_id": 118,
    "dialog_act_start_id": 118,
    "speaker_id": "C",
    "type": {
      "main_type": "Task",
      "sub_type": "Assess"
    }
  },
  {
    "dialog_act": "we've decided that it's gonna be, you know uh, we're going for a basic television remote.",
    "dialog_act_end_id": 158,
    "dialog_act_start_id": 158,
    "speaker_id": "A",
    "type": {
      "main_type": "Task",
      "sub_type": "Inform"
    }
  },
  {
    "dialog_act": "I think, we should just go with the simplest option on everything, uh and that would be infra-red, energy source, that would be batteries.",
    "dialog_act_end_id": 167,
    "dialog_act_start_id": 165,
    "speaker_id": "A",
    "type": {
      "main_type": "Task",
      "sub_type": "Suggest"
    }
  },
  {
    "dialog_act": "Doesn't have to go through a wall, because you're not gonna be looking through a wall.",
    "dialog_act_end_id": 78,
    "dialog_act_start_id": 78,
    "speaker_id": "A",
    "type": {
      "main_type": "Task",
      "sub_type": "Inform"
    }
  },
  {
    "dialog_act": "Uh mean we we can look into using the s, you know, the little tiny weeny batteries, all like special long-lasting batteries. Um.",
    "dialog_act_end_id": 168,
    "dialog_act_start_id": 168,
    "speaker_id": "A",
    "type": {
      "main_type": "Task",
      "sub_type": "Suggest"
    }
  },
  {
    "dialog_act": "oh have you guys found out if we can if we can e-mail stuff to each other?",
    "dialog_act_end_id": 187,
    "dialog_act_start_id": 187,
    "speaker_id": "A",
    "type": {
      "main_type": "Elicit",
      "sub_type": "Elicit-Inform"
    }
  },
  {
    "dialog_act": "Can you all d e-mail me your e-mail addresses?",
    "dialog_act_end_id": 190,
    "dialog_act_start_id": 190,
    "speaker_id": "A",
    "type": {
      "main_type": "Elicit",
      "sub_type": "Elicit-Inform"
    }
  },
  {
    "dialog_act": "So are we headed towards like a b a big yellow and black remote as far as",
    "dialog_act_end_id": 129,
    "dialog_act_start_id": 129,
    "speaker_id": "C",
    "type": {
      "main_type": "Elicit",
      "sub_type": "Elicit-Assessment"
    }
  },
  {
    "dialog_act": "I I kind of thought it was blue writing on a yellow background,",
    "dialog_act_end_id": 195,
    "dialog_act_start_id": 195,
    "speaker_id": "A",
    "type": {
      "main_type": "Task",
      "sub_type": "Inform"
    }
  },
  {
    "dialog_act": "Well, it's like white on i white and blue on a black background with white with yellow borders.",
    "dialog_act_end_id": 131,
    "dialog_act_start_id": 131,
    "speaker_id": "C",
    "type": {
      "main_type": "Task",
      "sub_type": "Inform"
    }
  },
  {
    "dialog_act": "Can't we have different colours in the remotes,",
    "dialog_act_end_id": 138,
    "dialog_act_start_id": 138,
    "speaker_id": "D",
    "type": {
      "main_type": "Task",
      "sub_type": "Suggest"
    }
  },
  {
    "dialog_act": "And this is something that came on down from from the higher ups, so, I mean, we are sort of beholden to them.",
    "dialog_act_end_id": 138,
    "dialog_act_start_id": 137,
    "speaker_id": "C",
    "type": {
      "main_type": "Task",
      "sub_type": "Inform"
    }
  },
  {
    "dialog_act": "So we have to have it one colour.",
    "dialog_act_end_id": 145,
    "dialog_act_start_id": 145,
    "speaker_id": "D",
    "type": {
      "main_type": "Task",
      "sub_type": "Assess"
    }
  },
  {
    "dialog_act": "Not one colour, but the pattern needs to be recognisable.",
    "dialog_act_end_id": 139,
    "dialog_act_start_id": 139,
    "speaker_id": "C",
    "type": {
      "main_type": "Task",
      "sub_type": "Inform"
    }
  },
  {
    "dialog_act": "but you have to look at the product and instantly know that it's one of our products",
    "dialog_act_end_id": 209,
    "dialog_act_start_id": 209,
    "speaker_id": "A",
    "type": {
      "main_type": "Task",
      "sub_type": "Inform"
    }
  },
  {
    "dialog_act": "so maybe, so you can have a look at our our other products and see if they all follow a s similar vein, perhaps.",
    "dialog_act_end_id": 212,
    "dialog_act_start_id": 212,
    "speaker_id": "A",
    "type": {
      "main_type": "Task",
      "sub_type": "Suggest"
    }
  },
  {
    "dialog_act": "But it could come in different colours and have the R_R_ colours just somewhere",
    "dialog_act_end_id": 108,
    "dialog_act_start_id": 108,
    "speaker_id": "B",
    "type": {
      "main_type": "Task",
      "sub_type": "Suggest"
    }
  },
  {
    "dialog_act": "And um, I think we uh stop for lunch now.",
    "dialog_act_end_id": 219,
    "dialog_act_start_id": 219,
    "speaker_id": "A",
    "type": {
      "main_type": "Task",
      "sub_type": "Inform"
    }
  }
]