[
  {
    "end_time": 1.217,
    "segment": "Think we can first",
    "speaker_id": "A",
    "start_time": 0.0
  },
  {
    "end_time": 29.038,
    "segment": ".",
    "speaker_id": "A",
    "start_time": 27.011
  },
  {
    "end_time": 80.437,
    "segment": "Right. I just wanna 'cause basically I can't re I've really crap at remembering everyone's name so I just wanna rather than going uh Miss Marketing and Miss this and Miss that wanted to know your names again. just gonna leave this up here 'cause I'll you know. So",
    "speaker_id": "A",
    "start_time": 63.246
  },
  {
    "end_time": 95.048,
    "segment": "Okay, and Gabriel.",
    "speaker_id": "A",
    "start_time": 89.595
  },
  {
    "end_time": 100.228,
    "segment": "E_L_ is it?",
    "speaker_id": "A",
    "start_time": 98.943
  },
  {
    "end_time": 103.219,
    "segment": "'Kay.",
    "speaker_id": "A",
    "start_time": 102.277
  },
  {
    "end_time": 114.496,
    "segment": "And you're s r R_E_I_S_S_",
    "speaker_id": "A",
    "start_time": 103.859
  },
  {
    "end_time": 118.04,
    "segment": "Okay.",
    "speaker_id": "A",
    "start_time": 117.034
  },
  {
    "end_time": 128.044,
    "segment": "'S just a bit nicer calling people by their names I think. Uh, right.",
    "speaker_id": "A",
    "start_time": 120.702
  },
  {
    "end_time": 148.704,
    "segment": "Okay, right, welcome to meeting B_. Um this is gonna go a lot better than the last meeting, basically, uh 'cause I know what I'm supposed to be doing now. I am your Project Manager, and, uh yeah, I'm just here to",
    "speaker_id": "A",
    "start_time": 132.95
  },
  {
    "end_time": 178.656,
    "segment": "sort of liaise between the three of you and get things going, get people talking and and I'm gonna be making notes and sending them off to the powers that be and stuff basically. Um right, this for the purposes of this meeting what this meeting is all about is um I'm gonna have some presentations from all three of you, what you've been working on for the last",
    "speaker_id": "A",
    "start_time": 150.128
  },
  {
    "end_time": 198.112,
    "segment": "wee while, when you haven't been getting hit with spam on your computers and and, you know, filling out silly questionnaires and things. But hopefully you've been actually been doing something productive. So we're gonna each of you gonna give us a litt a little presentation. Um.",
    "speaker_id": "A",
    "start_time": 179.904
  },
  {
    "end_time": 214.416,
    "segment": "Then we're gonna work, you know, from each of your presentations. We'll we'll uh talk about what we actually need as a final coming together of it all. Um and then we'll, yeah, we'll sort of conclude anything else comes up at the end of it.",
    "speaker_id": "A",
    "start_time": 199.36
  },
  {
    "end_time": 247.898,
    "segment": "This meeting it's not very long. It's uh probably down to about thirty five minutes now. So I want each of your presentations to not be too long, five five minutes, something like that. Um if you haven't done a PowerPoint thingy, it doesn't matter, it it just it just says that you it's that's just one particular medium. If you haven't had time to prepare one, you can draw stuff on the noteboard, you can talk to us, you can you know however you want to do your little presentation, basically, you can.",
    "speaker_id": "A",
    "start_time": 215.92
  },
  {
    "end_time": 273.424,
    "segment": "Don't feel pressurised into using this thing. 'Cause I don't. Uh okay. So um. You okay over there? Reissa, are you uh b are you joining in with this meeting here or are y or are y or are you are you just are you just uh doing some Internet shopping there?",
    "speaker_id": "A",
    "start_time": 248.542
  },
  {
    "end_time": 295.36,
    "segment": "Okay, jolly good. Alright, let's have um well, we all know that it's it's a remote control that we're gonna be dealing with. I think the first thing we should look at is um probably the um what it is that it is actually supposed to be. So that's gonna be you Catherine, if we wanna hear from you first.",
    "speaker_id": "A",
    "start_time": 274.432
  },
  {
    "end_time": 318.384,
    "segment": "You don't have to worry about screwing it in just there you go.",
    "speaker_id": "A",
    "start_time": 314.192
  },
  {
    "end_time": 348.704,
    "segment": "Ah.",
    "speaker_id": "A",
    "start_time": 348.4
  },
  {
    "end_time": 375.312,
    "segment": "Mm-hmm.",
    "speaker_id": "A",
    "start_time": 374.736
  },
  {
    "end_time": 426.039,
    "segment": "Mm-hmm.",
    "speaker_id": "A",
    "start_time": 425.552
  },
  {
    "end_time": 453.723,
    "segment": "Great. Okay.",
    "speaker_id": "A",
    "start_time": 448.128
  },
  {
    "end_time": 459.648,
    "segment": "I prefer the pe I prefer the human touch personally. Yeah.",
    "speaker_id": "A",
    "start_time": 455.904
  },
  {
    "end_time": 471.772,
    "segment": "Do you wanna just give us a moment, I just wanna copy this down. Um I dunno if you guys have got any questions for Catherine on any of this?",
    "speaker_id": "A",
    "start_time": 462.627
  },
  {
    "end_time": 492.924,
    "segment": "Yeah, you blow on it and i",
    "speaker_id": "A",
    "start_time": 487.503
  },
  {
    "end_time": 510.16,
    "segment": "Yeah, it's worked for the last fifty years you know.",
    "speaker_id": "A",
    "start_time": 506.384
  },
  {
    "end_time": 528.896,
    "segment": "How far away is your television?",
    "speaker_id": "A",
    "start_time": 526.348
  },
  {
    "end_time": 540.354,
    "segment": "It's never gonna be more than it's never gonna be, you kno unless you've got a T_V_ the size of a football pitch, it's not doesn't have to go that far, does it? Doesn't have to go through a wall, because you're not gonna be looking through a wall.",
    "speaker_id": "A",
    "start_time": 529.904
  },
  {
    "end_time": 578.282,
    "segment": "Yeah, yeah I d it sounds like you you w don't wanna overcomplicate things. You know we don't need it.",
    "speaker_id": "A",
    "start_time": 572.128
  },
  {
    "end_time": 602.144,
    "segment": "Yeah, exactly. Basically, we're we're desi we're designing and marketing a television remote control unit. We're not w w w w designing something that you can plug in a headset to and and you know connect to your laptop computer and stuff. It's uh",
    "speaker_id": "A",
    "start_time": 585.104
  },
  {
    "end_time": 613.505,
    "segment": "Okay.",
    "speaker_id": "A",
    "start_time": 612.227
  },
  {
    "end_time": 643.984,
    "segment": "Right, well done, Catherine. Um Gab Gabriel let's uh let's hear from you on on on such things.",
    "speaker_id": "A",
    "start_time": 632.203
  },
  {
    "end_time": 701.104,
    "segment": "Mm-hmm.",
    "speaker_id": "A",
    "start_time": 700.192
  },
  {
    "end_time": 734.608,
    "segment": "Mm yeah.",
    "speaker_id": "A",
    "start_time": 733.184
  },
  {
    "end_time": 771.327,
    "segment": "Okay.",
    "speaker_id": "A",
    "start_time": 770.754
  },
  {
    "end_time": 804.0,
    "segment": "Mm-hmm.",
    "speaker_id": "A",
    "start_time": 803.248
  },
  {
    "end_time": 811.952,
    "segment": "Yeah.",
    "speaker_id": "A",
    "start_time": 811.181
  },
  {
    "end_time": 818.928,
    "segment": "Great.",
    "speaker_id": "A",
    "start_time": 817.984
  },
  {
    "end_time": 852.24,
    "segment": "Yeah.",
    "speaker_id": "A",
    "start_time": 851.712
  },
  {
    "end_time": 878.688,
    "segment": "Great. Okay. Now that's I just have a q a q question for you. This w um research that you've been doing looki looking at other, you know, existing units stuff. Um have you found that anyone else has do has looked into the locking function or",
    "speaker_id": "A",
    "start_time": 857.184
  },
  {
    "end_time": 885.424,
    "segment": "Yeah.",
    "speaker_id": "A",
    "start_time": 884.784
  },
  {
    "end_time": 896.112,
    "segment": "Yeah.",
    "speaker_id": "A",
    "start_time": 889.904
  },
  {
    "end_time": 902.512,
    "segment": "Um",
    "speaker_id": "A",
    "start_time": 902.032
  },
  {
    "end_time": 905.024,
    "segment": "I would say",
    "speaker_id": "A",
    "start_time": 903.602
  },
  {
    "end_time": 907.079,
    "segment": "it's",
    "speaker_id": "A",
    "start_time": 906.096
  },
  {
    "end_time": 913.136,
    "segment": "If it's simple to do,",
    "speaker_id": "A",
    "start_time": 911.472
  },
  {
    "end_time": 956.0,
    "segment": "which I think it probably should be, even if it's a physical, you know, a f a like a f a physical switch or a physical cover for the remote, even something like that, um then yes, it's like, you know, like s you said earlier on ab ab ab a flip thing, something like that, but you know being physical. Look into. Um I've had word down from head office that something that we should be centred well, something we should take into account is um we've gotta keep the corporate image within this remote control unit. It's gotta d look like it's in the R_ and R_.",
    "speaker_id": "A",
    "start_time": 914.144
  },
  {
    "end_time": 965.44,
    "segment": "You know, the the company it's it's, from what I can see from our other products, are yellow with blue writing on them. Um.",
    "speaker_id": "A",
    "start_time": 957.28
  },
  {
    "end_time": 970.16,
    "segment": "We put the fashion in electronics. There you go.",
    "speaker_id": "A",
    "start_time": 967.44
  },
  {
    "end_time": 983.063,
    "segment": "So it's kinda gotta look it's gotta look new and s you know something fashionable. If if remote control well, if telephones can be fashionable, then maybe remote control units can be.",
    "speaker_id": "A",
    "start_time": 971.552
  },
  {
    "end_time": 992.633,
    "segment": "Yeah. Because we need",
    "speaker_id": "A",
    "start_time": 991.088
  },
  {
    "end_time": 997.36,
    "segment": "Yeah. Great.",
    "speaker_id": "A",
    "start_time": 995.056
  },
  {
    "end_time": 1017.506,
    "segment": "Okay, fantastic. Right, well done, Gabriel. Um Reissa. Let's plug you in, baby.",
    "speaker_id": "A",
    "start_time": 1006.736
  },
  {
    "end_time": 1043.38,
    "segment": "Yeah, w it it just takes a wee while.",
    "speaker_id": "A",
    "start_time": 1040.955
  },
  {
    "end_time": 1130.23,
    "segment": "'Cause we've only got five channels.",
    "speaker_id": "A",
    "start_time": 1124.896
  },
  {
    "end_time": 1141.2,
    "segment": "I think that's k flicking quickly between channels.",
    "speaker_id": "A",
    "start_time": 1137.735
  },
  {
    "end_time": 1143.746,
    "segment": "Yeah.",
    "speaker_id": "A",
    "start_time": 1143.2
  },
  {
    "end_time": 1174.411,
    "segment": "Wow. You are a child of technology, aren't you?",
    "speaker_id": "A",
    "start_time": 1164.704
  },
  {
    "end_time": 1217.232,
    "segment": "So there you go, yeah.",
    "speaker_id": "A",
    "start_time": 1215.322
  },
  {
    "end_time": 1238.32,
    "segment": "Uh but do the younger generation have the money? They they don't. It's older generation, they're the ones that have gone out and",
    "speaker_id": "A",
    "start_time": 1232.096
  },
  {
    "end_time": 1254.88,
    "segment": "People people from the age of thirty f there's a big drop off there. For people up to the age of thirty five, you're kinda saying, yeah, they want it.",
    "speaker_id": "A",
    "start_time": 1244.715
  },
  {
    "end_time": 1274.784,
    "segment": "Um but no they're not sort of most people that have the money are people from the age of thirty five to fifty five, uh 'cause they're the ones that have been working for twenty years. Um d and tha and that's a that's quite a minority there, so yeah, it's not even like fifty fifty that's th thirty five per cent.",
    "speaker_id": "A",
    "start_time": 1255.904
  },
  {
    "end_time": 1283.712,
    "segment": "Yeah.",
    "speaker_id": "A",
    "start_time": 1282.928
  },
  {
    "end_time": 1289.872,
    "segment": "I would say scra I'd say scrap that straight off.",
    "speaker_id": "A",
    "start_time": 1286.528
  },
  {
    "end_time": 1329.28,
    "segment": "So y so it's so it's so you got so that's something we should have a look into then i when desi when designing the ergonomics of see have a look if um there's any w any medical background we can find out about this.",
    "speaker_id": "A",
    "start_time": 1313.584
  },
  {
    "end_time": 1340.306,
    "segment": "Let's jus we just want need to cover our arses so that people aren't gonna sue us in ten years' time, say your remote control gave me repetitive strain injury.",
    "speaker_id": "A",
    "start_time": 1332.292
  },
  {
    "end_time": 1353.706,
    "segment": "Yeah. They're having a lunch break at the moment, but yeah. I'll see if I can get see if I can get hold of them for the next meeting.",
    "speaker_id": "A",
    "start_time": 1344.042
  },
  {
    "end_time": 1358.496,
    "segment": "Yeah.",
    "speaker_id": "A",
    "start_time": 1357.856
  },
  {
    "end_time": 1381.344,
    "segment": "Okay. That's great, thank you very much for that, Reissa. Um okay, so we've basically",
    "speaker_id": "A",
    "start_time": 1370.061
  },
  {
    "end_time": 1384.768,
    "segment": "we've decide we've d",
    "speaker_id": "A",
    "start_time": 1383.296
  },
  {
    "end_time": 1402.016,
    "segment": "we've decided that it's gonna be, you know uh, we're going for a basic television remote. It's gotta be safe to use, it's gotta look cool. It's gotta be cheap. S um.",
    "speaker_id": "A",
    "start_time": 1385.84
  },
  {
    "end_time": 1435.264,
    "segment": "Now going back to the uh industrial design of it, you know, we were looking at whether to use maybe infra-red or Bluetooth. I think, we should just go with the simplest option on everything, uh and that would be infra-red, energy source, that would be batteries. Uh mean we we can look into using the s, you know, the little tiny weeny batteries, all like special long-lasting batteries. Um.",
    "speaker_id": "A",
    "start_time": 1403.648
  },
  {
    "end_time": 1452.256,
    "segment": "But a in there's no I don't think there's any point in making a remote control unit that's gonna last for fifty years, because technology will have changed and, you know, we won't have televisions in ten years' time. So",
    "speaker_id": "A",
    "start_time": 1436.992
  },
  {
    "end_time": 1457.664,
    "segment": "I think we're all um pretty sussed on that.",
    "speaker_id": "A",
    "start_time": 1455.04
  },
  {
    "end_time": 1459.264,
    "segment": "Um",
    "speaker_id": "A",
    "start_time": 1458.72
  },
  {
    "end_time": 1466.245,
    "segment": "anyone have any questions? Everybody happy in their work?",
    "speaker_id": "A",
    "start_time": 1460.592
  },
  {
    "end_time": 1482.512,
    "segment": "Now this is good, we've got a good structure going on. We all know where we're going to. Have you been ge has have any of you lot been getting loads of crap spam on your computers?",
    "speaker_id": "A",
    "start_time": 1469.456
  },
  {
    "end_time": 1488.112,
    "segment": "Yeah.",
    "speaker_id": "A",
    "start_time": 1487.632
  },
  {
    "end_time": 1500.448,
    "segment": "Yeah, stuff. Um okay. Do oh have you guys found out if we can if we can e-mail stuff to each other?",
    "speaker_id": "A",
    "start_time": 1489.748
  },
  {
    "end_time": 1505.041,
    "segment": "Right. Do all you all know my e-mail address?",
    "speaker_id": "A",
    "start_time": 1501.712
  },
  {
    "end_time": 1516.336,
    "segment": "Can you all d e-mail me your e-mail addresses?",
    "speaker_id": "A",
    "start_time": 1512.944
  },
  {
    "end_time": 1520.351,
    "segment": ".",
    "speaker_id": "A",
    "start_time": 1517.625
  },
  {
    "end_time": 1524.515,
    "segment": "Send me, yeah yeah, okay.",
    "speaker_id": "A",
    "start_time": 1521.696
  },
  {
    "end_time": 1537.468,
    "segment": "Is it yellow and black or is it yellow and blue? I I kind of thought it was blue writing on a yellow background, but I might be just going a bit",
    "speaker_id": "A",
    "start_time": 1530.397
  },
  {
    "end_time": 1543.376,
    "segment": "Okay. Well,",
    "speaker_id": "A",
    "start_time": 1541.728
  },
  {
    "end_time": 1547.456,
    "segment": "maybe you can come up with a few with a couple of different ideas?",
    "speaker_id": "A",
    "start_time": 1544.512
  },
  {
    "end_time": 1560.946,
    "segment": "Well, see the thing is is we've gotta keep the company image. It's gotta say people have gotta look at this remote control and instantly recognise that it's a Real Reaction i product.",
    "speaker_id": "A",
    "start_time": 1551.186
  },
  {
    "end_time": 1566.016,
    "segment": "There's loads of companies that called R_R_.",
    "speaker_id": "A",
    "start_time": 1563.456
  },
  {
    "end_time": 1571.456,
    "segment": "This is slog but this is the slogan, this is the the the the type.",
    "speaker_id": "A",
    "start_time": 1567.216
  },
  {
    "end_time": 1574.192,
    "segment": "Yeah.",
    "speaker_id": "A",
    "start_time": 1573.616
  },
  {
    "end_time": 1580.944,
    "segment": "Well, not necessarily. But we have to incorporate it.",
    "speaker_id": "A",
    "start_time": 1577.904
  },
  {
    "end_time": 1604.288,
    "segment": "Not necessarily even if i it just has to ye but you have to look at the product and instantly know that it's one of our products as opposed to a Sony product or a, you know, a Panasonic product. It's got to so maybe, so you can have a look at our our other products and see if they all follow a s similar vein, perhaps.",
    "speaker_id": "A",
    "start_time": 1583.104
  },
  {
    "end_time": 1609.296,
    "segment": "Yeah.",
    "speaker_id": "A",
    "start_time": 1608.832
  },
  {
    "end_time": 1615.008,
    "segment": "Yeah.",
    "speaker_id": "A",
    "start_time": 1614.304
  },
  {
    "end_time": 1621.088,
    "segment": "Quite poss yeah. Well this is all your department.",
    "speaker_id": "A",
    "start_time": 1617.923
  },
  {
    "end_time": 1634.352,
    "segment": "Mm okay. Well, well done everybody. And um, I think we uh stop for lunch now.",
    "speaker_id": "A",
    "start_time": 1623.769
  },
  {
    "end_time": 1638.672,
    "segment": "We might possibly have done.",
    "speaker_id": "A",
    "start_time": 1636.528
  },
  {
    "end_time": 1649.392,
    "segment": "If we've if we've finished at five minutes before the meeting's supposed to finish, then that means we get an extra five minutes for lunch.",
    "speaker_id": "A",
    "start_time": 1640.256
  },
  {
    "end_time": 1662.199,
    "segment": "Yeah, there you go.",
    "speaker_id": "A",
    "start_time": 1660.624
  },
  {
    "end_time": 1674.59,
    "segment": "Right. I just have to there's a few little bits and pieces I have to write down, but",
    "speaker_id": "A",
    "start_time": 1669.741
  },
  {
    "end_time": 1682.928,
    "segment": "Take your headsets off, kick back, smoke 'em if you got 'em.",
    "speaker_id": "A",
    "start_time": 1677.152
  },
  {
    "end_time": 10.435,
    "segment": "Mm.",
    "speaker_id": "B",
    "start_time": 9.49
  },
  {
    "end_time": 14.576,
    "segment": "Tha",
    "speaker_id": "B",
    "start_time": 14.045
  },
  {
    "end_time": 20.901,
    "segment": "Okay. Who is gonna do a PowerPoint presentation?",
    "speaker_id": "B",
    "start_time": 17.135
  },
  {
    "end_time": 23.686,
    "segment": "You will as well?",
    "speaker_id": "B",
    "start_time": 22.82
  },
  {
    "end_time": 26.314,
    "segment": "Okay.",
    "speaker_id": "B",
    "start_time": 25.514
  },
  {
    "end_time": 46.612,
    "segment": "Yep.",
    "speaker_id": "B",
    "start_time": 45.878
  },
  {
    "end_time": 75.707,
    "segment": "Okay I'm",
    "speaker_id": "B",
    "start_time": 74.637
  },
  {
    "end_time": 77.983,
    "segment": "Okay.",
    "speaker_id": "B",
    "start_time": 77.367
  },
  {
    "end_time": 84.348,
    "segment": "I'm Catherine with a C_. C_A_T_H_",
    "speaker_id": "B",
    "start_time": 80.314
  },
  {
    "end_time": 86.8,
    "segment": "E_R_",
    "speaker_id": "B",
    "start_time": 86.084
  },
  {
    "end_time": 88.868,
    "segment": "I_N_E_.",
    "speaker_id": "B",
    "start_time": 87.897
  },
  {
    "end_time": 124.715,
    "segment": "Right.",
    "speaker_id": "B",
    "start_time": 123.621
  },
  {
    "end_time": 125.866,
    "segment": "True.",
    "speaker_id": "B",
    "start_time": 125.148
  },
  {
    "end_time": 215.792,
    "segment": "How long is the meeting?",
    "speaker_id": "B",
    "start_time": 214.668
  },
  {
    "end_time": 221.136,
    "segment": "Okay.",
    "speaker_id": "B",
    "start_time": 220.864
  },
  {
    "end_time": 227.315,
    "segment": "No problem.",
    "speaker_id": "B",
    "start_time": 225.551
  },
  {
    "end_time": 293.216,
    "segment": "Okay.",
    "speaker_id": "B",
    "start_time": 292.944
  },
  {
    "end_time": 299.538,
    "segment": "Okay. Um just connecting this.",
    "speaker_id": "B",
    "start_time": 295.28
  },
  {
    "end_time": 314.815,
    "segment": "Are we getting i",
    "speaker_id": "B",
    "start_time": 313.904
  },
  {
    "end_time": 325.152,
    "segment": "Really? Okay. Cool. Okay. So I've got a very quick uh",
    "speaker_id": "B",
    "start_time": 316.4
  },
  {
    "end_time": 327.712,
    "segment": "Uh.",
    "speaker_id": "B",
    "start_time": 326.88
  },
  {
    "end_time": 330.984,
    "segment": "Okay.",
    "speaker_id": "B",
    "start_time": 330.448
  },
  {
    "end_time": 355.904,
    "segment": "So the working design, I've got a very quick presentation on this, so um I've oh no, you can't see a thing. Oh well, I'm gonna draw it on the board then. It's in blue uh, and I couldn't change it. We it's fine on my screen, but never mind. So um the idea is that we've got the",
    "speaker_id": "B",
    "start_time": 332.352
  },
  {
    "end_time": 379.296,
    "segment": "energy source um, which in our case will pr, oh well okay, never mind. So um I think maybe uh two batteries, I dunno what they're called six, or something like that. Uh and then",
    "speaker_id": "B",
    "start_time": 357.28
  },
  {
    "end_time": 383.07,
    "segment": "um",
    "speaker_id": "B",
    "start_time": 380.844
  },
  {
    "end_time": 398.016,
    "segment": "then on the uh remote control itself will have um the sender for the signal, which could be uh",
    "speaker_id": "B",
    "start_time": 386.32
  },
  {
    "end_time": 401.68,
    "segment": "an infra-red signal,",
    "speaker_id": "B",
    "start_time": 399.444
  },
  {
    "end_time": 411.944,
    "segment": "um which will be sent by an electronic chip.",
    "speaker_id": "B",
    "start_time": 404.96
  },
  {
    "end_time": 420.464,
    "segment": "And uh the chip will be controlled by the user interface.",
    "speaker_id": "B",
    "start_time": 414.912
  },
  {
    "end_time": 438.24,
    "segment": "So we'll hear about that later from Gabriel. And uh the sender will send to the telly itself an infra-red signal to tell it to switch on or switch channels.",
    "speaker_id": "B",
    "start_time": 422.272
  },
  {
    "end_time": 447.376,
    "segment": "Um and that's it really for the working design.",
    "speaker_id": "B",
    "start_time": 442.056
  },
  {
    "end_time": 456.671,
    "segment": "Sorry the presentation wasn't very uh clear but",
    "speaker_id": "B",
    "start_time": 452.416
  },
  {
    "end_time": 458.819,
    "segment": "Really? Cool.",
    "speaker_id": "B",
    "start_time": 457.536
  },
  {
    "end_time": 463.133,
    "segment": "Um, should I erase this or",
    "speaker_id": "B",
    "start_time": 459.867
  },
  {
    "end_time": 464.751,
    "segment": "Okay.",
    "speaker_id": "B",
    "start_time": 464.009
  },
  {
    "end_time": 466.784,
    "segment": "Fine.",
    "speaker_id": "B",
    "start_time": 465.822
  },
  {
    "end_time": 472.457,
    "segment": "Or suggestions?",
    "speaker_id": "B",
    "start_time": 470.901
  },
  {
    "end_time": 485.098,
    "segment": "Well, it's just, you don't want it plugged in really, s",
    "speaker_id": "B",
    "start_time": 480.864
  },
  {
    "end_time": 489.344,
    "segment": "In indoors.",
    "speaker_id": "B",
    "start_time": 487.456
  },
  {
    "end_time": 506.464,
    "segment": "I dunno, swi I th I th I think changing your batteries once every six months is not really a pain, but",
    "speaker_id": "B",
    "start_time": 500.288
  },
  {
    "end_time": 528.236,
    "segment": "Yeah.",
    "speaker_id": "B",
    "start_time": 527.595
  },
  {
    "end_time": 532.775,
    "segment": "Well, the thing is uh you you don't",
    "speaker_id": "B",
    "start_time": 530.763
  },
  {
    "end_time": 554.88,
    "segment": "Well, we can make the the signal strong enough to go through walls if if you fancy it.",
    "speaker_id": "B",
    "start_time": 548.944
  },
  {
    "end_time": 557.706,
    "segment": "I didn't think about that",
    "speaker_id": "B",
    "start_time": 556.512
  },
  {
    "end_time": 559.709,
    "segment": "but",
    "speaker_id": "B",
    "start_time": 559.057
  },
  {
    "end_time": 567.536,
    "segment": "Why not?",
    "speaker_id": "B",
    "start_time": 566.96
  },
  {
    "end_time": 574.858,
    "segment": "I just think that it's it's gonna cost more and I'm I'm not sure it's you're gonna use it.",
    "speaker_id": "B",
    "start_time": 569.264
  },
  {
    "end_time": 585.88,
    "segment": "It's a fancy idea uh it's quite nice, but then I don't th I dunno, either you if you wanna watch the telly you're in the room, you are gonna",
    "speaker_id": "B",
    "start_time": 577.642
  },
  {
    "end_time": 586.837,
    "segment": "But",
    "speaker_id": "B",
    "start_time": 586.337
  },
  {
    "end_time": 606.496,
    "segment": "Oh, we can we can keep the idea if you i",
    "speaker_id": "B",
    "start_time": 602.976
  },
  {
    "end_time": 612.256,
    "segment": "We can see at a later stage, maybe, I don't",
    "speaker_id": "B",
    "start_time": 608.912
  },
  {
    "end_time": 643.446,
    "segment": "Do you need the border?",
    "speaker_id": "B",
    "start_time": 642.304
  },
  {
    "end_time": 644.816,
    "segment": "Okay.",
    "speaker_id": "B",
    "start_time": 644.576
  },
  {
    "end_time": 668.496,
    "segment": "Sorry.",
    "speaker_id": "B",
    "start_time": 667.456
  },
  {
    "end_time": 1315.917,
    "segment": "Well maybe they shouldn't watch so much T_V_ then.",
    "speaker_id": "B",
    "start_time": 1309.92
  },
  {
    "end_time": 1331.04,
    "segment": "Maybe it could be, instead of pressing button it could be just touching a",
    "speaker_id": "B",
    "start_time": 1327.296
  },
  {
    "end_time": 1452.24,
    "segment": "Yep.",
    "speaker_id": "B",
    "start_time": 1451.413
  },
  {
    "end_time": 1485.088,
    "segment": ".",
    "speaker_id": "B",
    "start_time": 1484.101
  },
  {
    "end_time": 1514.367,
    "segment": "Well, in the project announcement, you've got the addresses, I think. So Project Manager, it's participant one at A_M_I_.",
    "speaker_id": "B",
    "start_time": 1505.552
  },
  {
    "end_time": 1523.312,
    "segment": "You have them i you have them, but we'll send you an e-mail. You want to have friends, don't you?",
    "speaker_id": "B",
    "start_time": 1517.456
  },
  {
    "end_time": 1544.991,
    "segment": "It wouldn't be",
    "speaker_id": "B",
    "start_time": 1544.112
  },
  {
    "end_time": 1590.586,
    "segment": "Well you could",
    "speaker_id": "B",
    "start_time": 1589.462
  },
  {
    "end_time": 1597.58,
    "segment": "It could come",
    "speaker_id": "B",
    "start_time": 1596.656
  },
  {
    "end_time": 1615.584,
    "segment": "But it could come in different colours and have the R_R_ colours just somewhere like just around the lock button could be the R_R_ logo or colours and",
    "speaker_id": "B",
    "start_time": 1604.224
  },
  {
    "end_time": 1618.4,
    "segment": "If.",
    "speaker_id": "B",
    "start_time": 1617.36
  },
  {
    "end_time": 1638.992,
    "segment": "Cool.",
    "speaker_id": "B",
    "start_time": 1638.592
  },
  {
    "end_time": 11.5,
    "segment": "Right it was function F_ eight or something.",
    "speaker_id": "C",
    "start_time": 9.551
  },
  {
    "end_time": 14.57,
    "segment": "This one right there.",
    "speaker_id": "C",
    "start_time": 13.587
  },
  {
    "end_time": 18.011,
    "segment": "Okay.",
    "speaker_id": "C",
    "start_time": 17.479
  },
  {
    "end_time": 22.031,
    "segment": "Think we all",
    "speaker_id": "C",
    "start_time": 20.617
  },
  {
    "end_time": 23.56,
    "segment": "Huh.",
    "speaker_id": "C",
    "start_time": 22.793
  },
  {
    "end_time": 26.929,
    "segment": "Oh I thought we all were. Yeah, I have one too, okay.",
    "speaker_id": "C",
    "start_time": 24.565
  },
  {
    "end_time": 33.817,
    "segment": "S",
    "speaker_id": "C",
    "start_time": 33.281
  },
  {
    "end_time": 54.062,
    "segment": "Whoops I forgot to put the thing on",
    "speaker_id": "C",
    "start_time": 48.863
  },
  {
    "end_time": 72.763,
    "segment": "Okay.",
    "speaker_id": "C",
    "start_time": 72.029
  },
  {
    "end_time": 79.852,
    "segment": "Yeah. Sure, that's a good idea.",
    "speaker_id": "C",
    "start_time": 76.83
  },
  {
    "end_time": 94.695,
    "segment": "Uh Gabriel.",
    "speaker_id": "C",
    "start_time": 93.239
  },
  {
    "end_time": 100.075,
    "segment": "E_L_.",
    "speaker_id": "C",
    "start_time": 99.326
  },
  {
    "end_time": 269.562,
    "segment": "Think she's finishing up her presentation.",
    "speaker_id": "C",
    "start_time": 267.04
  },
  {
    "end_time": 347.696,
    "segment": "Oh.",
    "speaker_id": "C",
    "start_time": 345.368
  },
  {
    "end_time": 487.584,
    "segment": "Yeah, alternate energy source, like win wind power or",
    "speaker_id": "C",
    "start_time": 484.848
  },
  {
    "end_time": 492.944,
    "segment": "Bicycle power.",
    "speaker_id": "C",
    "start_time": 489.49
  },
  {
    "end_time": 526.24,
    "segment": "One question I have, and I don't know how much control we have over this is um, as far as the infra-red signal, do we have control over, you know, how far away you can be from the receiving unit, the the T_V_, and still have it be operational? I mean, maybe we want one with a strong signal stream.",
    "speaker_id": "C",
    "start_time": 510.224
  },
  {
    "end_time": 530.46,
    "segment": "Uh",
    "speaker_id": "C",
    "start_time": 529.926
  },
  {
    "end_time": 542.091,
    "segment": "That's true.",
    "speaker_id": "C",
    "start_time": 541.229
  },
  {
    "end_time": 640.517,
    "segment": "Okay.",
    "speaker_id": "C",
    "start_time": 639.799
  },
  {
    "end_time": 645.677,
    "segment": "Uh I'm just gonna use the PowerPoint uh.",
    "speaker_id": "C",
    "start_time": 643.312
  },
  {
    "end_time": 670.848,
    "segment": "Technical. Okay.",
    "speaker_id": "C",
    "start_time": 668.292
  },
  {
    "end_time": 694.544,
    "segment": "Okay, so, while this is warming up, there it is uh.",
    "speaker_id": "C",
    "start_time": 691.68
  },
  {
    "end_time": 700.032,
    "segment": "So I'm doing the user interface design.",
    "speaker_id": "C",
    "start_time": 695.552
  },
  {
    "end_time": 705.961,
    "segment": "Yeah, and basically uh, as far as methods, I was I was looking looking at",
    "speaker_id": "C",
    "start_time": 701.184
  },
  {
    "end_time": 713.024,
    "segment": "looking at uh already existing remotes, trying to find some inspiration from designs that are already out there.",
    "speaker_id": "C",
    "start_time": 707.312
  },
  {
    "end_time": 734.176,
    "segment": "Thinking of what we can retain, what we can do away with, uh what we what we can perfect a little bit as far as design um. we don't want to do something that's too radical of a change, I guess, I mean people want a remote that's familiar, that has their favourite functionalities um and and does the basics, but",
    "speaker_id": "C",
    "start_time": 714.32
  },
  {
    "end_time": 737.328,
    "segment": "Um so we can improve what's out there and maintain that,",
    "speaker_id": "C",
    "start_time": 734.736
  },
  {
    "end_time": 740.048,
    "segment": "the basic functionality that people want.",
    "speaker_id": "C",
    "start_time": 738.352
  },
  {
    "end_time": 748.128,
    "segment": "Um so things that seem like absolute must-haves uh would be a volume control,",
    "speaker_id": "C",
    "start_time": 742.768
  },
  {
    "end_time": 774.832,
    "segment": "um so up-down keys for that, uh channel keys up-down, but then also a numerical key pad so that they can just key directly to the channel that they want, rather than doing up-down, and uh a mute button. Uh one thing that I didn't include here, that I forgot that we talked about last time, was doing um some sort of lock uh function. Uh, I don't I dunno, uh that's one possibility.",
    "speaker_id": "C",
    "start_time": 749.328
  },
  {
    "end_time": 778.816,
    "segment": "And so in the research that I was doing",
    "speaker_id": "C",
    "start_time": 776.688
  },
  {
    "end_time": 792.064,
    "segment": "there's basically two types of remotes, ones that are engineering centred and ones that are more user centred, which I don't know if I can access the web page from here, but I can show you uh.",
    "speaker_id": "C",
    "start_time": 779.565
  },
  {
    "end_time": 829.521,
    "segment": "Yeah. So this is a engineer centred one, so you see it's rather busy, but it also lets you play your movie, stop your movie, fast-forward, all this, um freeze frame. Uh and this is a user centred one. Uh it's it's easier to g just glance at this and see what's possible to do, you're not gonna be staring at it for five minutes. And I judging from what what we all talked about during our last meeting I kind of gathered that that's what we were going after, uh or the direction we were going in at least. Um.",
    "speaker_id": "C",
    "start_time": 793.36
  },
  {
    "end_time": 856.693,
    "segment": "So, the engineering centred ones uh provide a lot of functionality, but it can be a little bit overwhelming, so the user centred ones just focus on ease of use. Uh and this sort of overlaps with what the marketing person uh, Reissa, because uh we we need to find out what what people want before we make firm decisions on this. So uh, yeah, that's me.",
    "speaker_id": "C",
    "start_time": 831.71
  },
  {
    "end_time": 890.832,
    "segment": "No that that that seemed like a novel idea as f as far as I know. I mean obviously another exists like you like you said in in mobile phones. That was sort of the inspiration for it. Um I've never seen that with in in all my years in in the remote business.",
    "speaker_id": "C",
    "start_time": 877.984
  },
  {
    "end_time": 894.356,
    "segment": "I've, haven't I've never seen a locking functionality.",
    "speaker_id": "C",
    "start_time": 891.218
  },
  {
    "end_time": 900.944,
    "segment": "I dunno, what uh do you guys have a a yea or nay on that a feeling about whether that's really necessary?",
    "speaker_id": "C",
    "start_time": 895.089
  },
  {
    "end_time": 916.304,
    "segment": "Yeah.",
    "speaker_id": "C",
    "start_time": 915.768
  },
  {
    "end_time": 923.344,
    "segment": "Mm-hmm.",
    "speaker_id": "C",
    "start_time": 922.992
  },
  {
    "end_time": 925.814,
    "segment": "'Kay.",
    "speaker_id": "C",
    "start_time": 925.202
  },
  {
    "end_time": 933.408,
    "segment": "Right.",
    "speaker_id": "C",
    "start_time": 932.882
  },
  {
    "end_time": 957.024,
    "segment": "Mm.",
    "speaker_id": "C",
    "start_time": 956.672
  },
  {
    "end_time": 964.416,
    "segment": "Right.",
    "speaker_id": "C",
    "start_time": 964.016
  },
  {
    "end_time": 968.961,
    "segment": "And our motto is is we put the fashion in electronics.",
    "speaker_id": "C",
    "start_time": 965.6
  },
  {
    "end_time": 971.424,
    "segment": "I think I think we have to carry that mental.",
    "speaker_id": "C",
    "start_time": 969.276
  },
  {
    "end_time": 978.614,
    "segment": "Mm.",
    "speaker_id": "C",
    "start_time": 978.045
  },
  {
    "end_time": 995.444,
    "segment": "Well yeah these, I think, we can so we talked about the layout in my presentation and what I didn't mention yet really is is the sort of like the ergonomic design. I t I think we can make big improvements over these two that you see here, I mean.",
    "speaker_id": "C",
    "start_time": 984.416
  },
  {
    "end_time": 1007.586,
    "segment": "Uh, everything is going t ergonomic, you know, there's you know mice for your computers that are very ergonomic and keyboards and that could be one of our niches p sort of uh uh in the market, I guess. Um.",
    "speaker_id": "C",
    "start_time": 995.853
  },
  {
    "end_time": 1018.066,
    "segment": ".",
    "speaker_id": "C",
    "start_time": 1017.303
  },
  {
    "end_time": 1019.088,
    "segment": "Yeah.",
    "speaker_id": "C",
    "start_time": 1018.768
  },
  {
    "end_time": 1025.792,
    "segment": "Uh, yeah, this is getting all. Mm.",
    "speaker_id": "C",
    "start_time": 1020.08
  },
  {
    "end_time": 1033.136,
    "segment": "Yeah, then you just have to do function F_ eight and it should come up.",
    "speaker_id": "C",
    "start_time": 1030.12
  },
  {
    "end_time": 1043.384,
    "segment": "Yeah, it just takes a second uh.",
    "speaker_id": "C",
    "start_time": 1040.84
  },
  {
    "end_time": 1143.968,
    "segment": "Yeah, you wanna navigate the channels quickly I guess.",
    "speaker_id": "C",
    "start_time": 1141.584
  },
  {
    "end_time": 1161.728,
    "segment": "Mm.",
    "speaker_id": "C",
    "start_time": 1161.44
  },
  {
    "end_time": 1238.481,
    "segment": "No I would I would say the older the older people, yeah.",
    "speaker_id": "C",
    "start_time": 1233.874
  },
  {
    "end_time": 1263.988,
    "segment": "Yeah, that would be my guess as well.",
    "speaker_id": "C",
    "start_time": 1262.192
  },
  {
    "end_time": 1285.397,
    "segment": "What about just from the the prospective of our manufacturing cost? I mean if if it's twelve fifty per unit. I mean, okay, there's",
    "speaker_id": "C",
    "start_time": 1277.952
  },
  {
    "end_time": 1287.696,
    "segment": "Uh.",
    "speaker_id": "C",
    "start_time": 1287.344
  },
  {
    "end_time": 1304.368,
    "segment": "Repetitive strain uh rep repetitive strain injury or like from doing",
    "speaker_id": "C",
    "start_time": 1300.256
  },
  {
    "end_time": 1319.74,
    "segment": "Mm.",
    "speaker_id": "C",
    "start_time": 1319.058
  },
  {
    "end_time": 1322.932,
    "segment": "Mm.",
    "speaker_id": "C",
    "start_time": 1322.423
  },
  {
    "end_time": 1345.504,
    "segment": "Yeah, we should probably consult with our legal department uh.",
    "speaker_id": "C",
    "start_time": 1340.976
  },
  {
    "end_time": 1351.629,
    "segment": "Yeah.",
    "speaker_id": "C",
    "start_time": 1350.947
  },
  {
    "end_time": 1359.968,
    "segment": "I think we can do some really in in that department, the the ergonomic department, we can make some some really good improvements.",
    "speaker_id": "C",
    "start_time": 1354.016
  },
  {
    "end_time": 1364.352,
    "segment": "Mm.",
    "speaker_id": "C",
    "start_time": 1364.112
  },
  {
    "end_time": 1470.118,
    "segment": "Yeah, it seems like we're all on the pretty much on the same page.",
    "speaker_id": "C",
    "start_time": 1466.896
  },
  {
    "end_time": 1486.539,
    "segment": "Oh it's probably just you, 'cause you're the project manager.",
    "speaker_id": "C",
    "start_time": 1482.464
  },
  {
    "end_time": 1495.47,
    "segment": "Sell trying to sell your things.",
    "speaker_id": "C",
    "start_time": 1487.296
  },
  {
    "end_time": 1503.175,
    "segment": "Okay.",
    "speaker_id": "C",
    "start_time": 1502.608
  },
  {
    "end_time": 1505.794,
    "segment": "No I don't. I",
    "speaker_id": "C",
    "start_time": 1504.582
  },
  {
    "end_time": 1509.28,
    "segment": "Uh",
    "speaker_id": "C",
    "start_time": 1509.04
  },
  {
    "end_time": 1512.894,
    "segment": "Oh, it's just participant one oh okay. Yeah.",
    "speaker_id": "C",
    "start_time": 1510.322
  },
  {
    "end_time": 1521.954,
    "segment": "Well it's just w it's just it's just par participant one, participant two.",
    "speaker_id": "C",
    "start_time": 1517.12
  },
  {
    "end_time": 1531.749,
    "segment": "So are we headed towards like a b a big yellow and black remote as far as maybe that's our next meeting that we discuss that.",
    "speaker_id": "C",
    "start_time": 1523.168
  },
  {
    "end_time": 1545.11,
    "segment": "Well, it's like white on i white and blue on a black background with white with yellow borders. Maybe that's like getting ahead of ourselves.",
    "speaker_id": "C",
    "start_time": 1536.656
  },
  {
    "end_time": 1546.894,
    "segment": "Mm.",
    "speaker_id": "C",
    "start_time": 1546.273
  },
  {
    "end_time": 1551.767,
    "segment": "Mm.",
    "speaker_id": "C",
    "start_time": 1551.116
  },
  {
    "end_time": 1560.432,
    "segment": "Mm.",
    "speaker_id": "C",
    "start_time": 1560.16
  },
  {
    "end_time": 1565.437,
    "segment": "Mm.",
    "speaker_id": "C",
    "start_time": 1564.695
  },
  {
    "end_time": 1575.568,
    "segment": "And this is something that came on down from from the higher ups, so, I mean, we are sort of beholden to them.",
    "speaker_id": "C",
    "start_time": 1570.72
  },
  {
    "end_time": 1581.472,
    "segment": "Not one colour, but the pattern needs to be recognisable.",
    "speaker_id": "C",
    "start_time": 1578.403
  },
  {
    "end_time": 1627.04,
    "segment": ".",
    "speaker_id": "C",
    "start_time": 1626.269
  },
  {
    "end_time": 1634.912,
    "segment": "Yeah, pretty soon I think, I guess that's now.",
    "speaker_id": "C",
    "start_time": 1633.125
  },
  {
    "end_time": 1641.296,
    "segment": "Alright, see you all soon.",
    "speaker_id": "C",
    "start_time": 1639.202
  },
  {
    "end_time": 49.064,
    "segment": ".",
    "speaker_id": "D",
    "start_time": 48.25
  },
  {
    "end_time": 108.268,
    "segment": "I am Reissa. R_E_I_S_S_A_.",
    "speaker_id": "D",
    "start_time": 104.386
  },
  {
    "end_time": 114.071,
    "segment": "Double S_ A_, yeah yeah. Sorry.",
    "speaker_id": "D",
    "start_time": 110.864
  },
  {
    "end_time": 132.18,
    "segment": "Mm 'kay.",
    "speaker_id": "D",
    "start_time": 131.68
  },
  {
    "end_time": 197.136,
    "segment": "Mm.",
    "speaker_id": "D",
    "start_time": 196.8
  },
  {
    "end_time": 264.24,
    "segment": "I'm fine. Yeah.",
    "speaker_id": "D",
    "start_time": 262.998
  },
  {
    "end_time": 270.218,
    "segment": "I uh yeah, yeah. D I mean, I I'm finishing off my presentation.",
    "speaker_id": "D",
    "start_time": 266.279
  },
  {
    "end_time": 272.602,
    "segment": "No no.",
    "speaker_id": "D",
    "start_time": 271.312
  },
  {
    "end_time": 275.056,
    "segment": "Uh I'm done. Okay.",
    "speaker_id": "D",
    "start_time": 273.344
  },
  {
    "end_time": 283.737,
    "segment": "Mm.",
    "speaker_id": "D",
    "start_time": 283.152
  },
  {
    "end_time": 477.36,
    "segment": "Is a battery like",
    "speaker_id": "D",
    "start_time": 475.792
  },
  {
    "end_time": 479.776,
    "segment": "the only way of",
    "speaker_id": "D",
    "start_time": 478.608
  },
  {
    "end_time": 488.179,
    "segment": "No, no",
    "speaker_id": "D",
    "start_time": 487.632
  },
  {
    "end_time": 490.532,
    "segment": "No I meant like",
    "speaker_id": "D",
    "start_time": 489.328
  },
  {
    "end_time": 502.897,
    "segment": "No 'cause like cha 'cause always changing um um batteries can get like annoying. The battery's down and maybe, I dunno, solar charged?",
    "speaker_id": "D",
    "start_time": 490.96
  },
  {
    "end_time": 509.193,
    "segment": "Mm. Yeah.",
    "speaker_id": "D",
    "start_time": 506.784
  },
  {
    "end_time": 550.575,
    "segment": "Yeah, but if like you're on the phone in the other room and you need turn television off or something and you don't really want to go into the put the telephone down, and go into the other room.",
    "speaker_id": "D",
    "start_time": 541.168
  },
  {
    "end_time": 560.704,
    "segment": "How about Bluetooth?",
    "speaker_id": "D",
    "start_time": 558.896
  },
  {
    "end_time": 563.792,
    "segment": "Instead of using infra-red,",
    "speaker_id": "D",
    "start_time": 562.752
  },
  {
    "end_time": 565.664,
    "segment": "use Bluetooth.",
    "speaker_id": "D",
    "start_time": 564.96
  },
  {
    "end_time": 570.34,
    "segment": "Isn't that a better signal?",
    "speaker_id": "D",
    "start_time": 569.2
  },
  {
    "end_time": 577.12,
    "segment": "Mm.",
    "speaker_id": "D",
    "start_time": 576.304
  },
  {
    "end_time": 602.416,
    "segment": "Mm.",
    "speaker_id": "D",
    "start_time": 602.08
  },
  {
    "end_time": 610.176,
    "segment": "'S just an idea.",
    "speaker_id": "D",
    "start_time": 609.111
  },
  {
    "end_time": 692.461,
    "segment": "Adjusting.",
    "speaker_id": "D",
    "start_time": 691.616
  },
  {
    "end_time": 694.08,
    "segment": "Yeah.",
    "speaker_id": "D",
    "start_time": 693.84
  },
  {
    "end_time": 847.205,
    "segment": "Mm.",
    "speaker_id": "D",
    "start_time": 846.554
  },
  {
    "end_time": 853.717,
    "segment": ".",
    "speaker_id": "D",
    "start_time": 851.264
  },
  {
    "end_time": 964.72,
    "segment": "Mm.",
    "speaker_id": "D",
    "start_time": 963.461
  },
  {
    "end_time": 969.515,
    "segment": "Mm.",
    "speaker_id": "D",
    "start_time": 968.633
  },
  {
    "end_time": 984.128,
    "segment": "Mm.",
    "speaker_id": "D",
    "start_time": 983.872
  },
  {
    "end_time": 1010.792,
    "segment": "Okay.",
    "speaker_id": "D",
    "start_time": 1010.071
  },
  {
    "end_time": 1012.972,
    "segment": ".",
    "speaker_id": "D",
    "start_time": 1011.335
  },
  {
    "end_time": 1016.985,
    "segment": "Where does it go into?",
    "speaker_id": "D",
    "start_time": 1015.644
  },
  {
    "end_time": 1019.786,
    "segment": "Here? The blue thing.",
    "speaker_id": "D",
    "start_time": 1018.304
  },
  {
    "end_time": 1028.978,
    "segment": ".",
    "speaker_id": "D",
    "start_time": 1028.506
  },
  {
    "end_time": 1037.472,
    "segment": "Well, function F_ eight.",
    "speaker_id": "D",
    "start_time": 1034.408
  },
  {
    "end_time": 1043.563,
    "segment": "No oh.",
    "speaker_id": "D",
    "start_time": 1039.847
  },
  {
    "end_time": 1048.132,
    "segment": "Come on.",
    "speaker_id": "D",
    "start_time": 1046.734
  },
  {
    "end_time": 1103.04,
    "segment": "Right. Okay.. Okay. Well, for our marketing report uh we observed remote control users in a usability lab, and also gave so this is research and we also gave participants um questionnaires to fill out. Um total number of people tested were a hundred just so you know, so that hundred people were tested and these were the findings. So seventy five per cent of users find the remote control ugly. Okay, so they don't like the look of the remote control. Um eighty f eighty per cent of them would spend more money if the rem remote control looked really cool and fancy. So I think we all agree with that. Um current remote controls do not match well with the operating behaviour of the user.",
    "speaker_id": "D",
    "start_time": 1053.545
  },
  {
    "end_time": 1107.904,
    "segment": "So, they don't like like the way they operate it doesn't",
    "speaker_id": "D",
    "start_time": 1104.285
  },
  {
    "end_time": 1125.101,
    "segment": "like match how people behave. Um per cent of the users say that they only use ten per cent of the buttons on a remote, so probably if you have like one, two, three, four, five, the whole up to z ten, they probably don't use those, they only use the up and down channel.",
    "speaker_id": "D",
    "start_time": 1108.976
  },
  {
    "end_time": 1134.352,
    "segment": "exactly. That's another thing. Um seventy five per cent of users say they zap.",
    "speaker_id": "D",
    "start_time": 1126.848
  },
  {
    "end_time": 1138.784,
    "segment": "Not quite sure what they mean, zap, goes like.",
    "speaker_id": "D",
    "start_time": 1135.376
  },
  {
    "end_time": 1142.451,
    "segment": "Yeah.",
    "speaker_id": "D",
    "start_time": 1141.872
  },
  {
    "end_time": 1169.404,
    "segment": "Mm. Um takes too much time to learn how to use a new remote. I think especially for uh the older generation. I know my grandmother doesn't like mobile phones, takes ages to work how to use. Anyway um and they also remotes often get lost in the room, so nobody can find them. So maybe tracking devices is a good idea. Um personal preferences.",
    "speaker_id": "D",
    "start_time": 1143.161
  },
  {
    "end_time": 1199.752,
    "segment": "Um so yeah um I was thinking something easy to use, especially for older people. Um has to look really cool, flashy groovy for people to buy it. And it's easy to find, so I don't know whether maybe and also we asked them whether they wanted whether they'd be interested in um voice activating.",
    "speaker_id": "D",
    "start_time": 1173.04
  },
  {
    "end_time": 1234.073,
    "segment": "So voice activation. So and this was what we came up with. Then if you look fifteen to twenty five this is age, sorry, age groups. So fifteen to twenty five said like ninety two ninety one per cent of them said yes. Um so basically the majority except for the forty five to fifty five year olds for some reason didn't want a voice activated one. And neither did the older generation, but the younger generation who we are catering for, like who have most of the money nowadays, do want a voice act speech recognition in a remote.",
    "speaker_id": "D",
    "start_time": 1200.75
  },
  {
    "end_time": 1246.242,
    "segment": "Well the twenty five to thirty five year old, and thirty five, and the thirty five to forty five, forty five point seven per cent say no, so",
    "speaker_id": "D",
    "start_time": 1236.408
  },
  {
    "end_time": 1265.046,
    "segment": "So they don't",
    "speaker_id": "D",
    "start_time": 1263.52
  },
  {
    "end_time": 1268.08,
    "segment": "Well",
    "speaker_id": "D",
    "start_time": 1267.312
  },
  {
    "end_time": 1275.568,
    "segment": "These guys are growing up.",
    "speaker_id": "D",
    "start_time": 1274.64
  },
  {
    "end_time": 1286.778,
    "segment": "Voice activation might not be the best.",
    "speaker_id": "D",
    "start_time": 1284.896
  },
  {
    "end_time": 1301.824,
    "segment": "Um also with um with buttons, a thing called R_S_I_, so wrist sense Huh?",
    "speaker_id": "D",
    "start_time": 1290.944
  },
  {
    "end_time": 1315.858,
    "segment": "Yeah, repetitive strains injury, so they don't I think people who watch T_V_ maybe too often, keep changing channel hurts their wrist. I don't think so.",
    "speaker_id": "D",
    "start_time": 1303.472
  },
  {
    "end_time": 1320.824,
    "segment": "Yeah maybe not so hard.",
    "speaker_id": "D",
    "start_time": 1318.405
  },
  {
    "end_time": 1331.648,
    "segment": "Yeah.",
    "speaker_id": "D",
    "start_time": 1331.2
  },
  {
    "end_time": 1333.204,
    "segment": "Maybe",
    "speaker_id": "D",
    "start_time": 1332.355
  },
  {
    "end_time": 1342.144,
    "segment": "Mm.",
    "speaker_id": "D",
    "start_time": 1341.808
  },
  {
    "end_time": 1351.243,
    "segment": "Yeah.",
    "speaker_id": "D",
    "start_time": 1347.972
  },
  {
    "end_time": 1366.384,
    "segment": "Mm. Maybe th the buttons not so high up so you don't have to press so much, or we just like flat buttons, something.",
    "speaker_id": "D",
    "start_time": 1360.224
  },
  {
    "end_time": 1368.064,
    "segment": "Yeah.",
    "speaker_id": "D",
    "start_time": 1367.728
  },
  {
    "end_time": 1371.68,
    "segment": "So that is me.",
    "speaker_id": "D",
    "start_time": 1370.69
  },
  {
    "end_time": 1395.408,
    "segment": "Mm.",
    "speaker_id": "D",
    "start_time": 1395.104
  },
  {
    "end_time": 1402.269,
    "segment": "Mm.",
    "speaker_id": "D",
    "start_time": 1401.162
  },
  {
    "end_time": 1464.991,
    "segment": "Mm.",
    "speaker_id": "D",
    "start_time": 1464.256
  },
  {
    "end_time": 1487.376,
    "segment": "Well, just questionnaires.",
    "speaker_id": "D",
    "start_time": 1485.44
  },
  {
    "end_time": 1500.88,
    "segment": "Yeah, you can.",
    "speaker_id": "D",
    "start_time": 1500.368
  },
  {
    "end_time": 1507.652,
    "segment": "I think he's participant one, aren't you?",
    "speaker_id": "D",
    "start_time": 1505.478
  },
  {
    "end_time": 1553.392,
    "segment": "Can't we have different colours in the remotes, so somebody can choose different col like does it have to be of a certain?",
    "speaker_id": "D",
    "start_time": 1547.584
  },
  {
    "end_time": 1564.695,
    "segment": "But if it's a R_R_, it would be Real Reaction, like if it had a symbol on it.",
    "speaker_id": "D",
    "start_time": 1559.92
  },
  {
    "end_time": 1567.264,
    "segment": "Whoa.",
    "speaker_id": "D",
    "start_time": 1566.88
  },
  {
    "end_time": 1577.68,
    "segment": "So we have to have it one colour.",
    "speaker_id": "D",
    "start_time": 1576.368
  },
  {
    "end_time": 1582.448,
    "segment": "Mm.",
    "speaker_id": "D",
    "start_time": 1582.096
  },
  {
    "end_time": 1591.561,
    "segment": "Mm.",
    "speaker_id": "D",
    "start_time": 1591.068
  },
  {
    "end_time": 1616.448,
    "segment": "Mm.",
    "speaker_id": "D",
    "start_time": 1616.144
  },
  {
    "end_time": 1636.512,
    "segment": "Are we are we finished ahead of schedule?",
    "speaker_id": "D",
    "start_time": 1634.429
  },
  {
    "end_time": 1654.64,
    "segment": "'Kay uh.",
    "speaker_id": "D",
    "start_time": 1653.111
  }
]