[
  {
    "act": "How th this voice operation thing is I think is a good idea um assuming that it's doable, um at least for the basic controls, maybe we can balance it that way, you know we can see. Okay you can't say record alias tonight at seven P_M_ but we might be able to say um volume up.",
    "ae_type": "Statement",
    "end_time": 740.65,
    "speaker_id": "A",
    "start_time": 722.28
  },
  {
    "act": "Right.",
    "ae_type": "Statement",
    "end_time": 762.04,
    "speaker_id": "A",
    "start_time": 761.24
  },
  {
    "act": "a voice from far away",
    "ae_type": "Statement",
    "end_time": 780.05,
    "speaker_id": "A",
    "start_time": 778.65
  },
  {
    "act": "If it's hidden under the couch but then again you have this wee this wee thing you know that's just a little chip or whatever that has the page button, maybe that could be voice activated too.",
    "ae_type": "Statement",
    "end_time": 789.12,
    "speaker_id": "A",
    "start_time": 781.06
  },
  {
    "act": "Yeah.",
    "ae_type": "Statement",
    "end_time": 794.81,
    "speaker_id": "A",
    "start_time": 794.37
  },
  {
    "act": "Or an isolated magnet or something like, or you know something that wouldn't interfere I don't know that'd be the technical thing but yeah I like that, I like that, the voice recognition for the paging system.",
    "ae_type": "Statement",
    "end_time": 805.05,
    "speaker_id": "A",
    "start_time": 796.84
  },
  {
    "act": "W it's my understanding that if you were going to do a skin you'd need to have some way for people to download or import skins into the remote control. Yeah I think perhaps good idea but yeah I think that that one m might just be um and they just yeah I think that one might just be out of the range for this particular a P_D_A_ would they would makes a lot of sense for a P_D_A_ 'cause you're gonna be using it to connect up to things anyway but",
    "ae_type": "Statement",
    "end_time": 1316.69,
    "speaker_id": "A",
    "start_time": 1288.45
  },
  {
    "act": "I dunno, what do you guys think?",
    "ae_type": "Open issue",
    "end_time": 1319.66,
    "speaker_id": "A",
    "start_time": 1318.79
  },
  {
    "act": "Yeah. Yeah.",
    "ae_type": "Statement",
    "end_time": 1352.75,
    "speaker_id": "A",
    "start_time": 1351.06
  },
  {
    "act": "Yeah.",
    "ae_type": "Statement",
    "end_time": 1358.01,
    "speaker_id": "A",
    "start_time": 1357.54
  },
  {
    "act": "Yeah I know I d it seems like it would suffice to have just the R_R_ on there.",
    "ae_type": "Statement",
    "end_time": 1362.59,
    "speaker_id": "A",
    "start_time": 1359.08
  },
  {
    "act": "But apparently not. So.",
    "ae_type": "Statement",
    "end_time": 1366.48,
    "speaker_id": "A",
    "start_time": 1364.74
  },
  {
    "act": "Yeah.",
    "ae_type": "Statement",
    "end_time": 1373.85,
    "speaker_id": "A",
    "start_time": 1373.35
  },
  {
    "act": "Well fair enough. Um and yeah that would help the battery life too and if it the remote they do have to press a button for the remote to turn on. But then again who wants to turn on a remote control. Kind of if i",
    "ae_type": "Statement",
    "end_time": 1386.91,
    "speaker_id": "A",
    "start_time": 1375.69
  },
  {
    "act": "Oh to wake up okay or go into like a dormant mode. Okay. Oh yeah I like that I like the idea of um putting the logo in the boot up screen, nice. Um.",
    "ae_type": "Statement",
    "end_time": 1398.43,
    "speaker_id": "A",
    "start_time": 1388.19
  },
  {
    "act": "Mm.",
    "ae_type": "Other (unlabeled)",
    "end_time": 751.74,
    "speaker_id": "A",
    "start_time": 751.32
  },
  {
    "act": "The difficulty wh would be in um I think like i you couldn't speak into the remote that you're trying to find. 'Kay you have something that picks up",
    "ae_type": "Other (unlabeled)",
    "end_time": 776.83,
    "speaker_id": "A",
    "start_time": 766.89
  },
  {
    "act": "Hmm. Mm.",
    "ae_type": "Other (unlabeled)",
    "end_time": 1346.15,
    "speaker_id": "A",
    "start_time": 1338.55
  },
  {
    "act": "Jus",
    "ae_type": "Other (unlabeled)",
    "end_time": 1363.95,
    "speaker_id": "A",
    "start_time": 1363.52
  },
  {
    "act": "Right. I think it would be possible to uh combine the locator device and the voice recognition technology.",
    "ae_type": "Statement",
    "end_time": 750.59,
    "speaker_id": "B",
    "start_time": 742.54
  },
  {
    "act": "therefore be found.",
    "ae_type": "Statement",
    "end_time": 762.23,
    "speaker_id": "B",
    "start_time": 761.26
  },
  {
    "act": "Oh yeah I think that's very doable.",
    "ae_type": "Statement",
    "end_time": 766.73,
    "speaker_id": "B",
    "start_time": 764.68
  },
  {
    "act": "It's a good point.",
    "ae_type": "Statement",
    "end_time": 781.28,
    "speaker_id": "B",
    "start_time": 780.31
  },
  {
    "act": "Yeah.",
    "ae_type": "Statement",
    "end_time": 795.06,
    "speaker_id": "B",
    "start_time": 794.63
  },
  {
    "act": "Since we're doing uh touch screen, do we wanna look into the possibility of people being able to input different types of skins for the you know the actual interface part of it and things like that? Or is it just gonna be one touch screen for everybody.",
    "ae_type": "Yes/No issue",
    "end_time": 1270.69,
    "speaker_id": "B",
    "start_time": 1255.84
  },
  {
    "act": "What what would be on that touch screen?",
    "ae_type": "Open issue",
    "end_time": 1273.92,
    "speaker_id": "B",
    "start_time": 1272.6
  },
  {
    "act": "'Cause you said earlier that we have to think about company colours and um logo or something or motto, I can't remember exactly what you said.",
    "ae_type": "Statement",
    "end_time": 1282.92,
    "speaker_id": "B",
    "start_time": 1273.92
  },
  {
    "act": "'S too much.",
    "ae_type": "Statement",
    "end_time": 1301.48,
    "speaker_id": "B",
    "start_time": 1300.7
  },
  {
    "act": "Think we just need to come up with a nice black and red interface on the touch screen. That'd be okay.",
    "ae_type": "Statement",
    "end_time": 1329.04,
    "speaker_id": "B",
    "start_time": 1323.05
  },
  {
    "act": "Mm. True.",
    "ae_type": "Statement",
    "end_time": 1351.94,
    "speaker_id": "B",
    "start_time": 1350.03
  },
  {
    "act": "People aren't gonna want their remote to boot up and to see flashing things come on. They just want it to be on and ready to go.",
    "ae_type": "Statement",
    "end_time": 1373.32,
    "speaker_id": "B",
    "start_time": 1366.08
  },
  {
    "act": "Mm.",
    "ae_type": "Other (unlabeled)",
    "end_time": 733.12,
    "speaker_id": "B",
    "start_time": 732.7
  },
  {
    "act": "With a simple command like locate. And then it could start to beep and",
    "ae_type": "Other (unlabeled)",
    "end_time": 760.02,
    "speaker_id": "B",
    "start_time": 754.45
  },
  {
    "act": "Mm.",
    "ae_type": "Other (unlabeled)",
    "end_time": 778.83,
    "speaker_id": "B",
    "start_time": 778.3
  },
  {
    "act": "Sounds good.",
    "ae_type": "Statement",
    "end_time": 762.8,
    "speaker_id": "C",
    "start_time": 762.33
  },
  {
    "act": "finds your",
    "ae_type": "Statement",
    "end_time": 796.04,
    "speaker_id": "C",
    "start_time": 795.47
  },
  {
    "act": "Be interesting.",
    "ae_type": "Statement",
    "end_time": 1271.58,
    "speaker_id": "C",
    "start_time": 1271.01
  },
  {
    "act": "We put fashion into electronics.",
    "ae_type": "Statement",
    "end_time": 1285.14,
    "speaker_id": "C",
    "start_time": 1282.88
  },
  {
    "act": "Yeah. Uh I I'm I'm in agreement with that, I'm wondering how we're gonna get uh we put fashion into electronics onto this device.",
    "ae_type": "Statement",
    "end_time": 1335.97,
    "speaker_id": "C",
    "start_time": 1328.28
  },
  {
    "act": "I'm hoping for a subliminal maybe half a millisecond as it turns on.",
    "ae_type": "Statement",
    "end_time": 1358.33,
    "speaker_id": "C",
    "start_time": 1352.4
  },
  {
    "act": "Well all you have to do is touch the screen and it automatically goes on. Yep. Goes into a sleep mode.",
    "ae_type": "Statement",
    "end_time": 1390.93,
    "speaker_id": "C",
    "start_time": 1385.95
  },
  {
    "act": "A little sticky pad to stick on top of your uh television. And you just say something to",
    "ae_type": "Other (unlabeled)",
    "end_time": 793.38,
    "speaker_id": "C",
    "start_time": 789.32
  },
  {
    "act": "Mm-hmm.",
    "ae_type": "Other (unlabeled)",
    "end_time": 1362.56,
    "speaker_id": "C",
    "start_time": 1362.36
  },
  {
    "act": "Right.",
    "ae_type": "Statement",
    "end_time": 732.05,
    "speaker_id": "D",
    "start_time": 731.69
  },
  {
    "act": "Yeah.",
    "ae_type": "Statement",
    "end_time": 741.92,
    "speaker_id": "D",
    "start_time": 741.64
  },
  {
    "act": "Oh. That could work. I like that.",
    "ae_type": "Statement",
    "end_time": 754.17,
    "speaker_id": "D",
    "start_time": 751.73
  },
  {
    "act": "Yeah. Something very basic.",
    "ae_type": "Statement",
    "end_time": 758.22,
    "speaker_id": "D",
    "start_time": 756.69
  },
  {
    "act": "Is that only gonna be within our two hundred foot range then?",
    "ae_type": "Yes/No issue",
    "end_time": 764.46,
    "speaker_id": "D",
    "start_time": 762.34
  },
  {
    "act": "Okay.",
    "ae_type": "Statement",
    "end_time": 765.92,
    "speaker_id": "D",
    "start_time": 765.51
  },
  {
    "act": "Yeah.",
    "ae_type": "Statement",
    "end_time": 779.29,
    "speaker_id": "D",
    "start_time": 778.88
  },
  {
    "act": "Yeah.",
    "ae_type": "Statement",
    "end_time": 792.81,
    "speaker_id": "D",
    "start_time": 792.49
  },
  {
    "act": "Yeah.",
    "ae_type": "Statement",
    "end_time": 801.09,
    "speaker_id": "D",
    "start_time": 800.82
  },
  {
    "act": "And oh. Yeah the the fashion do. Yeah.",
    "ae_type": "Statement",
    "end_time": 1285.12,
    "speaker_id": "D",
    "start_time": 1280.35
  },
  {
    "act": "Right, and then you're dealing with ports and cords and",
    "ae_type": "Statement",
    "end_time": 1299.02,
    "speaker_id": "D",
    "start_time": 1296.3
  },
  {
    "act": "Yeah.",
    "ae_type": "Statement",
    "end_time": 1302.11,
    "speaker_id": "D",
    "start_time": 1301.68
  },
  {
    "act": "For now.",
    "ae_type": "Statement",
    "end_time": 1309.7,
    "speaker_id": "D",
    "start_time": 1309.04
  },
  {
    "act": "Yeah. Nice.",
    "ae_type": "Statement",
    "end_time": 1326.09,
    "speaker_id": "D",
    "start_time": 1325.21
  },
  {
    "act": "Well but if we're gonna use a touch screen where it's gonna come on like on your cell phone it'll have your your carrier provider name come up first like while it's loading and then it goes away, perhaps it could be like a temporary",
    "ae_type": "Yes/No issue",
    "end_time": 1344.78,
    "speaker_id": "D",
    "start_time": 1334.55
  },
  {
    "act": "Comes on every time you turn it on and then that's it 'cause it is a bit much to have it like engraved on the back or something I think.",
    "ae_type": "Statement",
    "end_time": 1352.12,
    "speaker_id": "D",
    "start_time": 1346.45
  },
  {
    "act": "Yeah.",
    "ae_type": "Statement",
    "end_time": 1354.88,
    "speaker_id": "D",
    "start_time": 1354.77
  },
  {
    "act": "Yeah you would think.",
    "ae_type": "Statement",
    "end_time": 1364.31,
    "speaker_id": "D",
    "start_time": 1363.45
  },
  {
    "act": "If it comes from above.",
    "ae_type": "Statement",
    "end_time": 1367.1,
    "speaker_id": "D",
    "start_time": 1365.92
  },
  {
    "act": "Yeah.",
    "ae_type": "Statement",
    "end_time": 1373.47,
    "speaker_id": "D",
    "start_time": 1373.24
  },
  {
    "act": "Right.",
    "ae_type": "Other (unlabeled)",
    "end_time": 759.8,
    "speaker_id": "D",
    "start_time": 759.48
  },
  {
    "act": "Mm.",
    "ae_type": "Other (unlabeled)",
    "end_time": 789.84,
    "speaker_id": "D",
    "start_time": 789.62
  },
  {
    "act": "K",
    "ae_type": "Other (unlabeled)",
    "end_time": 796.16,
    "speaker_id": "D",
    "start_time": 795.72
  },
  {
    "act": "Mm.",
    "ae_type": "Other (unlabeled)",
    "end_time": 1272.56,
    "speaker_id": "D",
    "start_time": 1272.0
  },
  {
    "act": "Um.",
    "ae_type": "Other (unlabeled)",
    "end_time": 1331.11,
    "speaker_id": "D",
    "start_time": 1330.88
  },
  {
    "act": "Y",
    "ae_type": "Other (unlabeled)",
    "end_time": 1358.52,
    "speaker_id": "D",
    "start_time": 1356.19
  },
  {
    "act": "But.",
    "ae_type": "Other (unlabeled)",
    "end_time": 1364.61,
    "speaker_id": "D",
    "start_time": 1364.31
  },
  {
    "act": "Mm.",
    "ae_type": "Other (unlabeled)",
    "end_time": 1387.96,
    "speaker_id": "D",
    "start_time": 1387.71
  }
]