[
  {
    "dialog_act": "I'm just gonna go over real quickly um some news I've just got from the board on how we're supposed to do with this um remote control. And then I'm gonna turn over to you guys to make brief presentations um on what you've found and then we'll have a bit of discussion.",
    "dialog_act_end_id": 6,
    "dialog_act_start_id": 4,
    "speaker_id": "A",
    "type": {
      "main_type": "Other",
      "sub_type": "Offer"
    }
  },
  {
    "dialog_act": "what I've just found out from the board",
    "dialog_act_end_id": 8,
    "dialog_act_start_id": 8,
    "speaker_id": "A",
    "type": {
      "main_type": "Task",
      "sub_type": "Inform"
    }
  },
  {
    "dialog_act": "but it needs to be television only.",
    "dialog_act_end_id": 10,
    "dialog_act_start_id": 10,
    "speaker_id": "A",
    "type": {
      "main_type": "Task",
      "sub_type": "Inform"
    }
  },
  {
    "dialog_act": "we're not doing D_V_D_,",
    "dialog_act_end_id": 12,
    "dialog_act_start_id": 12,
    "speaker_id": "A",
    "type": {
      "main_type": "Task",
      "sub_type": "Inform"
    }
  },
  {
    "dialog_act": "Um it also needs to have the company colours included in it.",
    "dialog_act_end_id": 15,
    "dialog_act_start_id": 15,
    "speaker_id": "A",
    "type": {
      "main_type": "Task",
      "sub_type": "Inform"
    }
  },
  {
    "dialog_act": "that's red and black. And it has to have the slogan, case you guys forget the slogan it's, we put fashion in electronics. Um and no teletext. I'm not sure what teletext is",
    "dialog_act_end_id": 20,
    "dialog_act_start_id": 17,
    "speaker_id": "A",
    "type": {
      "main_type": "Task",
      "sub_type": "Inform"
    }
  },
  {
    "dialog_act": "so we don't wanna include that um in this particular design. For reasons that I don't really know.",
    "dialog_act_end_id": 23,
    "dialog_act_start_id": 22,
    "speaker_id": "A",
    "type": {
      "main_type": "Task",
      "sub_type": "Inform"
    }
  },
  {
    "dialog_act": "but it's the board so there you go.",
    "dialog_act_end_id": 25,
    "dialog_act_start_id": 25,
    "speaker_id": "A",
    "type": {
      "main_type": "Task",
      "sub_type": "Inform"
    }
  },
  {
    "dialog_act": "given those guidelines which will have some effect on how we design we'll discuss it later",
    "dialog_act_end_id": 28,
    "dialog_act_start_id": 27,
    "speaker_id": "A",
    "type": {
      "main_type": "Task",
      "sub_type": "Inform"
    }
  },
  {
    "dialog_act": "I'm gonna turn over to the Industrial Designer uh to go ahead and make a presentation",
    "dialog_act_end_id": 35,
    "dialog_act_start_id": 35,
    "speaker_id": "A",
    "type": {
      "main_type": "Task",
      "sub_type": "Suggest"
    }
  },
  {
    "dialog_act": "We're gonna have to understand how remote controls work and res uh successfully complete this project. Um remote control works as follows.",
    "dialog_act_end_id": 11,
    "dialog_act_start_id": 10,
    "speaker_id": "B",
    "type": {
      "main_type": "Task",
      "sub_type": "Suggest"
    }
  },
  {
    "dialog_act": "Um sends message to another system,",
    "dialog_act_end_id": 13,
    "dialog_act_start_id": 13,
    "speaker_id": "B",
    "type": {
      "main_type": "Task",
      "sub_type": "Inform"
    }
  },
  {
    "dialog_act": "there's an energy source involved in that like a battery or solar power, something along those lines, there's an integrated circuit, which is the microchip,",
    "dialog_act_end_id": 17,
    "dialog_act_start_id": 15,
    "speaker_id": "B",
    "type": {
      "main_type": "Task",
      "sub_type": "Inform"
    }
  },
  {
    "dialog_act": "and usually the way a a remote control works is it sends infrared bits to another system. A user interface controls the chip, basically that's the casing and the buttons and um accordingly the messages as well.",
    "dialog_act_end_id": 21,
    "dialog_act_start_id": 19,
    "speaker_id": "B",
    "type": {
      "main_type": "Task",
      "sub_type": "Inform"
    }
  },
  {
    "dialog_act": "and uh I found that too much metal in remote design could potentially cause interference with the ability of the remote to send commands. And too much metal can cause remotes to behave unexpectedly by receiving false signals. Um too much metal is used sometimes",
    "dialog_act_end_id": 27,
    "dialog_act_start_id": 25,
    "speaker_id": "B",
    "type": {
      "main_type": "Task",
      "sub_type": "Inform"
    }
  },
  {
    "dialog_act": "and there's also the possibility of the remote catching on fire",
    "dialog_act_end_id": 29,
    "dialog_act_start_id": 29,
    "speaker_id": "B",
    "type": {
      "main_type": "Task",
      "sub_type": "Inform"
    }
  },
  {
    "dialog_act": "just think of those lawsuits, that'd be really bad. Therefore I suggest primarily plastic construction. Um, components. Just some ideas that I had, um, energy source, it's kinda hip to be eco friendly so I thought maybe we could do something with solar power with an alkaline battery backup. Um the user interface,",
    "dialog_act_end_id": 37,
    "dialog_act_start_id": 31,
    "speaker_id": "B",
    "type": {
      "main_type": "Task",
      "sub_type": "Assess"
    }
  },
  {
    "dialog_act": "since we can't use metal I was thinking maybe a high grade recycled plastic. The chip, um, silicon based chip I don't really see any way around that,",
    "dialog_act_end_id": 42,
    "dialog_act_start_id": 39,
    "speaker_id": "B",
    "type": {
      "main_type": "Task",
      "sub_type": "Inform"
    }
  },
  {
    "dialog_act": "Um, the sender well I'm thinking infrared 'cause it is the industry standard,",
    "dialog_act_end_id": 45,
    "dialog_act_start_id": 44,
    "speaker_id": "B",
    "type": {
      "main_type": "Task",
      "sub_type": "Suggest"
    }
  },
  {
    "dialog_act": "Uh PAL and N_T_S_C_ compatible and uh probably a two hundred foot range.",
    "dialog_act_end_id": 50,
    "dialog_act_start_id": 49,
    "speaker_id": "B",
    "type": {
      "main_type": "Task",
      "sub_type": "Suggest"
    }
  },
  {
    "dialog_act": "Um personal preferences, I really think that we should use plastic as opposed to metal,",
    "dialog_act_end_id": 54,
    "dialog_act_start_id": 53,
    "speaker_id": "B",
    "type": {
      "main_type": "Other",
      "sub_type": "Offer"
    }
  },
  {
    "dialog_act": "which adm admittedly is gonna come at the cost of a certain aesthetic value,",
    "dialog_act_end_id": 56,
    "dialog_act_start_id": 56,
    "speaker_id": "B",
    "type": {
      "main_type": "Task",
      "sub_type": "Assess"
    }
  },
  {
    "dialog_act": "Is is there a way that we can use um modern types of polymers, or mo modern types of plastics that maybe do have some kind of aesthetic value",
    "dialog_act_end_id": 50,
    "dialog_act_start_id": 49,
    "speaker_id": "A",
    "type": {
      "main_type": "Elicit",
      "sub_type": "Elicit-Assessment"
    }
  },
  {
    "dialog_act": "on the lapt on these laptops and other ones they use a a pretty nice,",
    "dialog_act_end_id": 56,
    "dialog_act_start_id": 56,
    "speaker_id": "A",
    "type": {
      "main_type": "Task",
      "sub_type": "Inform"
    }
  },
  {
    "dialog_act": "Yeah that shouldn't be a problem.",
    "dialog_act_end_id": 59,
    "dialog_act_start_id": 59,
    "speaker_id": "B",
    "type": {
      "main_type": "Task",
      "sub_type": "Inform"
    }
  },
  {
    "dialog_act": "Um if next we can have the um User Interface Developer go ahead and make a brief presentation that'd be great as well.",
    "dialog_act_end_id": 61,
    "dialog_act_start_id": 61,
    "speaker_id": "A",
    "type": {
      "main_type": "Task",
      "sub_type": "Suggest"
    }
  },
  {
    "dialog_act": "Here we have a uh my technical functions design presentation.",
    "dialog_act_end_id": 4,
    "dialog_act_start_id": 4,
    "speaker_id": "C",
    "type": {
      "main_type": "Task",
      "sub_type": "Inform"
    }
  },
  {
    "dialog_act": "Uh we n basically need to operate an electronic device, it needs to be universal um and possibly uh operate several different types of devices although we now uh find that uh that that's no problem.",
    "dialog_act_end_id": 9,
    "dialog_act_start_id": 6,
    "speaker_id": "C",
    "type": {
      "main_type": "Task",
      "sub_type": "Inform"
    }
  },
  {
    "dialog_act": "Um basically wanna send messages uh to a television set. Um that would be any number of different things uh such as switch on the television, uh switch to the next channel, that sort of thing,",
    "dialog_act_end_id": 13,
    "dialog_act_start_id": 12,
    "speaker_id": "C",
    "type": {
      "main_type": "Task",
      "sub_type": "Inform"
    }
  },
  {
    "dialog_act": "some of the other things I found is a a complicated remote control sorry that we can't quite see my red there very well but uh this remote control has many functions",
    "dialog_act_end_id": 20,
    "dialog_act_start_id": 18,
    "speaker_id": "C",
    "type": {
      "main_type": "Task",
      "sub_type": "Inform"
    }
  },
  {
    "dialog_act": "but it uh it is quite complicated and most users will find it uh find that they won't use most of the functions because they don't know how to use them and don't wanna take the time to learn how to do it.",
    "dialog_act_end_id": 25,
    "dialog_act_start_id": 22,
    "speaker_id": "C",
    "type": {
      "main_type": "Task",
      "sub_type": "Assess"
    }
  },
  {
    "dialog_act": "Um. Another remote control, slightly different, it's a simpler remote control uh many less buttons but uh has many fewer functions, um m much easier for the user to manipulate and use. Um it also has a bit of a cheap look and it's also quite boring.",
    "dialog_act_end_id": 31,
    "dialog_act_start_id": 27,
    "speaker_id": "C",
    "type": {
      "main_type": "Task",
      "sub_type": "Inform"
    }
  },
  {
    "dialog_act": "my personal preferences. Revolutionise the idea of uh a remote control. Um so attain the functionality of a complicated device but use a simple formatted display uh for the user to to work with.",
    "dialog_act_end_id": 36,
    "dialog_act_start_id": 33,
    "speaker_id": "C",
    "type": {
      "main_type": "Other",
      "sub_type": "Offer"
    }
  },
  {
    "dialog_act": "Um. Just incorporating some of the ideas that we had previously like uh having multiple face",
    "dialog_act_end_id": 40,
    "dialog_act_start_id": 40,
    "speaker_id": "C",
    "type": {
      "main_type": "Task",
      "sub_type": "Inform"
    }
  },
  {
    "dialog_act": "I was looking through some marketing reports that we've got and we had a usability test where we were actually sort like watching a hundred people use T_V_ remotes and see what it is that they're using and then they filled out a questionnaire about what they like and what they don't about their general T_V_ remote control practices. Um pretty much through testing we were finding out that most of the time, everybody's used to using changing the channel, turning it on, using the volume,",
    "dialog_act_end_id": 31,
    "dialog_act_start_id": 25,
    "speaker_id": "D",
    "type": {
      "main_type": "Task",
      "sub_type": "Inform"
    }
  },
  {
    "dialog_act": "the majority of the time that's all that's going on,",
    "dialog_act_end_id": 33,
    "dialog_act_start_id": 33,
    "speaker_id": "D",
    "type": {
      "main_type": "Task",
      "sub_type": "Inform"
    }
  },
  {
    "dialog_act": "for some people they're important,",
    "dialog_act_end_id": 35,
    "dialog_act_start_id": 35,
    "speaker_id": "D",
    "type": {
      "main_type": "Task",
      "sub_type": "Inform"
    }
  },
  {
    "dialog_act": "the other functions happen,",
    "dialog_act_end_id": 34,
    "dialog_act_start_id": 34,
    "speaker_id": "D",
    "type": {
      "main_type": "Task",
      "sub_type": "Inform"
    }
  },
  {
    "dialog_act": "but the primary uses are really really basic. Um and so big complicated remotes like one we saw in the last presentation are really not the general public's use,",
    "dialog_act_end_id": 37,
    "dialog_act_start_id": 36,
    "speaker_id": "D",
    "type": {
      "main_type": "Task",
      "sub_type": "Inform"
    }
  },
  {
    "dialog_act": "they even find it frustrating when there are all those buttons that they don't know what to do with. And um we also found out that uh fifty percent of our people, their the worst thing about a remote is how often they lose it. And then they can't find it in the room. So I think what we were talking about with a pager or something, will really come into play with a lot of these people. Um there's also a survey about what they liked about remotes, and pretty much they all think they're hideous and not very useful, and the younger demographics are all really interested in voice recognition options. I don't know if that's something we're ready to look into technically,",
    "dialog_act_end_id": 46,
    "dialog_act_start_id": 40,
    "speaker_id": "D",
    "type": {
      "main_type": "Task",
      "sub_type": "Inform"
    }
  },
  {
    "dialog_act": "but it is s something worth thinking about, especially since the younger demographic's obviously the one that's gonna keep growing,",
    "dialog_act_end_id": 50,
    "dialog_act_start_id": 48,
    "speaker_id": "D",
    "type": {
      "main_type": "Task",
      "sub_type": "Suggest"
    }
  },
  {
    "dialog_act": "Um but basically it really is the primary functions and getting it to look nice, which are",
    "dialog_act_end_id": 52,
    "dialog_act_start_id": 52,
    "speaker_id": "D",
    "type": {
      "main_type": "Task",
      "sub_type": "Suggest"
    }
  },
  {
    "dialog_act": "I think we've covered most of these important questions through this um through you guys's presentations um we've got uh y the Industrial Designer suggests uh or pretty much emphatically suggested that we need to go with plastic. Um Sarah, she's recommended that we go for simpler functions, so fewer functions um but we need to decide who are we selling this to, you s your stats suggested that seventy five percent of people under thirty five wanted, thought about voice control, um so do we wanna go for that, or do we want to go for an older demographic,",
    "dialog_act_end_id": 91,
    "dialog_act_start_id": 85,
    "speaker_id": "A",
    "type": {
      "main_type": "Task",
      "sub_type": "Inform"
    }
  },
  {
    "dialog_act": "if we're gonna go for a sleek look I mean we are putting the fashion in electronics um.",
    "dialog_act_end_id": 93,
    "dialog_act_start_id": 93,
    "speaker_id": "A",
    "type": {
      "main_type": "Task",
      "sub_type": "Inform"
    }
  },
  {
    "dialog_act": "We're not catering to the pensioners of the world I don't think so.",
    "dialog_act_end_id": 59,
    "dialog_act_start_id": 59,
    "speaker_id": "D",
    "type": {
      "main_type": "Task",
      "sub_type": "Suggest"
    }
  },
  {
    "dialog_act": "So maybe this we should look into this younger demographic.",
    "dialog_act_end_id": 95,
    "dialog_act_start_id": 95,
    "speaker_id": "A",
    "type": {
      "main_type": "Task",
      "sub_type": "Suggest"
    }
  },
  {
    "dialog_act": "uh we need to wonder ah h about how we make it better and smaller and faster um think we're constrained to plastics",
    "dialog_act_end_id": 98,
    "dialog_act_start_id": 97,
    "speaker_id": "A",
    "type": {
      "main_type": "Task",
      "sub_type": "Suggest"
    }
  },
  {
    "dialog_act": "we've got this idea, Ron was saying we need to think about uh revolutionising the way it's looking um,",
    "dialog_act_end_id": 100,
    "dialog_act_start_id": 100,
    "speaker_id": "A",
    "type": {
      "main_type": "Task",
      "sub_type": "Inform"
    }
  },
  {
    "dialog_act": "this voice operation thing is I think is a good idea um assuming that it's doable, um at least for the basic controls,",
    "dialog_act_end_id": 106,
    "dialog_act_start_id": 106,
    "speaker_id": "A",
    "type": {
      "main_type": "Task",
      "sub_type": "Assess"
    }
  },
  {
    "dialog_act": "you can't say record alias tonight at seven P_M_ but we might be able to say um volume up.",
    "dialog_act_end_id": 110,
    "dialog_act_start_id": 109,
    "speaker_id": "A",
    "type": {
      "main_type": "Task",
      "sub_type": "Inform"
    }
  },
  {
    "dialog_act": "I think it would be possible to uh combine the locator device and the voice recognition technology. With a simple command like locate. And then it could start to beep",
    "dialog_act_end_id": 75,
    "dialog_act_start_id": 73,
    "speaker_id": "B",
    "type": {
      "main_type": "Task",
      "sub_type": "Suggest"
    }
  },
  {
    "dialog_act": "The difficulty wh would be in um I think like i you couldn't speak into the remote that you're trying to find.",
    "dialog_act_end_id": 113,
    "dialog_act_start_id": 113,
    "speaker_id": "A",
    "type": {
      "main_type": "Task",
      "sub_type": "Assess"
    }
  },
  {
    "dialog_act": "but then again you have this wee this wee thing you know that's just a little chip or whatever that has the page button, maybe that could be voice activated too.",
    "dialog_act_end_id": 118,
    "dialog_act_start_id": 118,
    "speaker_id": "A",
    "type": {
      "main_type": "Task",
      "sub_type": "Suggest"
    }
  },
  {
    "dialog_act": "A little sticky pad to stick on top of your uh television.",
    "dialog_act_end_id": 44,
    "dialog_act_start_id": 44,
    "speaker_id": "C",
    "type": {
      "main_type": "Task",
      "sub_type": "Suggest"
    }
  },
  {
    "dialog_act": "but yeah I like that, I like that, the voice recognition for the paging system.",
    "dialog_act_end_id": 124,
    "dialog_act_start_id": 124,
    "speaker_id": "A",
    "type": {
      "main_type": "Task",
      "sub_type": "Assess"
    }
  },
  {
    "dialog_act": "The other thing is we might be able to handle the simplicity of a remote control and kind of put the more complicated things into a voice control. So it could be sold to both the younger market and the older market.",
    "dialog_act_end_id": 49,
    "dialog_act_start_id": 48,
    "speaker_id": "C",
    "type": {
      "main_type": "Task",
      "sub_type": "Suggest"
    }
  },
  {
    "dialog_act": "and might consider the older market could use the simpler design with the traditional buttons and what not.",
    "dialog_act_end_id": 53,
    "dialog_act_start_id": 53,
    "speaker_id": "C",
    "type": {
      "main_type": "Task",
      "sub_type": "Inform"
    }
  },
  {
    "dialog_act": "Are we still thinking about this screen",
    "dialog_act_end_id": 81,
    "dialog_act_start_id": 81,
    "speaker_id": "D",
    "type": {
      "main_type": "Minor",
      "sub_type": "Fragment"
    }
  },
  {
    "dialog_act": "if we're gonna do this touch pad screen thing, it would be still, do we know if that's an option technically right now to that?",
    "dialog_act_end_id": 85,
    "dialog_act_start_id": 85,
    "speaker_id": "D",
    "type": {
      "main_type": "Elicit",
      "sub_type": "Elicit-Inform"
    }
  },
  {
    "dialog_act": "I've looked into uh costs of uh touch screen methods and what not, they seem to be uh you know almost as cheap as a button method at this point.",
    "dialog_act_end_id": 56,
    "dialog_act_start_id": 55,
    "speaker_id": "C",
    "type": {
      "main_type": "Task",
      "sub_type": "Inform"
    }
  },
  {
    "dialog_act": "especially because then you could have like your primary screen just be these you know four or five basic functions,",
    "dialog_act_end_id": 90,
    "dialog_act_start_id": 90,
    "speaker_id": "D",
    "type": {
      "main_type": "Task",
      "sub_type": "Inform"
    }
  },
  {
    "dialog_act": "'S definitely an option technically.",
    "dialog_act_end_id": 54,
    "dialog_act_start_id": 54,
    "speaker_id": "C",
    "type": {
      "main_type": "Task",
      "sub_type": "Inform"
    }
  },
  {
    "dialog_act": "menu options or something to have all these other complicated voice recognition, settings, things",
    "dialog_act_end_id": 92,
    "dialog_act_start_id": 92,
    "speaker_id": "D",
    "type": {
      "main_type": "Task",
      "sub_type": "Inform"
    }
  },
  {
    "dialog_act": "Gotta wonder though, if we're adding so much technology to this one remote, are we still gonna be able to meet out twelve pou our twelve fifty Euro you know goal for selling these things. It seems like, we're not gonna be able to handle all these functions with just one microchip.",
    "dialog_act_end_id": 87,
    "dialog_act_start_id": 86,
    "speaker_id": "B",
    "type": {
      "main_type": "Elicit",
      "sub_type": "Elicit-Inform"
    }
  },
  {
    "dialog_act": "I guess we'll cross that bridge um in a la slightly later stages of development",
    "dialog_act_end_id": 135,
    "dialog_act_start_id": 135,
    "speaker_id": "A",
    "type": {
      "main_type": "Task",
      "sub_type": "Inform"
    }
  },
  {
    "dialog_act": "I'm seeing that we're gonna just basically focus on this young demographic group, aim it at them,",
    "dialog_act_end_id": 138,
    "dialog_act_start_id": 138,
    "speaker_id": "A",
    "type": {
      "main_type": "Task",
      "sub_type": "Inform"
    }
  },
  {
    "dialog_act": "but basically we'll make a sleek simple functioned um uh remote control. Um I think this voice recognition thing is a we've got a market for it",
    "dialog_act_end_id": 141,
    "dialog_act_start_id": 140,
    "speaker_id": "A",
    "type": {
      "main_type": "Task",
      "sub_type": "Inform"
    }
  },
  {
    "dialog_act": "I guess we've c we've touched on most of this. The idea of a paging function, a touch screen, and face plates. Um.",
    "dialog_act_end_id": 151,
    "dialog_act_start_id": 151,
    "speaker_id": "A",
    "type": {
      "main_type": "Task",
      "sub_type": "Inform"
    }
  },
  {
    "dialog_act": "we'd have to maybe sacrifice the face plates for a touch screen?",
    "dialog_act_end_id": 153,
    "dialog_act_start_id": 153,
    "speaker_id": "A",
    "type": {
      "main_type": "Elicit",
      "sub_type": "Elicit-Assessment"
    }
  },
  {
    "dialog_act": "I think if you kind of take the example of a mobile phone that uh trying to pass a portion of the device is not interchangeable whereas the surrounding portions are interchangeable. We could have the casing, the the face plates.",
    "dialog_act_end_id": 60,
    "dialog_act_start_id": 59,
    "speaker_id": "C",
    "type": {
      "main_type": "Task",
      "sub_type": "Inform"
    }
  },
  {
    "dialog_act": "We have to ask whether we're going to include a certain number of face plates with the package?",
    "dialog_act_end_id": 91,
    "dialog_act_start_id": 91,
    "speaker_id": "B",
    "type": {
      "main_type": "Elicit",
      "sub_type": "Elicit-Assessment"
    }
  },
  {
    "dialog_act": "Off the top of my head it sounds kind of like a gimmick that wouldn't really go anywhere.",
    "dialog_act_end_id": 97,
    "dialog_act_start_id": 97,
    "speaker_id": "B",
    "type": {
      "main_type": "Task",
      "sub_type": "Assess"
    }
  },
  {
    "dialog_act": "in the publicity of a face plate on a phone is you have it out and around,",
    "dialog_act_end_id": 111,
    "dialog_act_start_id": 111,
    "speaker_id": "D",
    "type": {
      "main_type": "Task",
      "sub_type": "Inform"
    }
  },
  {
    "dialog_act": "whereas you're just sit at home,",
    "dialog_act_end_id": 113,
    "dialog_act_start_id": 113,
    "speaker_id": "D",
    "type": {
      "main_type": "Task",
      "sub_type": "Inform"
    }
  },
  {
    "dialog_act": "we can we can discuss that one further when we think about um whether th when we do costs and so forth, um.",
    "dialog_act_end_id": 169,
    "dialog_act_start_id": 169,
    "speaker_id": "A",
    "type": {
      "main_type": "Task",
      "sub_type": "Suggest"
    }
  },
  {
    "dialog_act": "but yeah we will have to evaluate what's most important.",
    "dialog_act_end_id": 173,
    "dialog_act_start_id": 173,
    "speaker_id": "A",
    "type": {
      "main_type": "Task",
      "sub_type": "Suggest"
    }
  },
  {
    "dialog_act": "have we confirmed that we're gonna go ahead with a uh touch screen um",
    "dialog_act_end_id": 66,
    "dialog_act_start_id": 66,
    "speaker_id": "C",
    "type": {
      "main_type": "Elicit",
      "sub_type": "Elicit-Assessment"
    }
  },
  {
    "dialog_act": "Yeah I think that would be best.",
    "dialog_act_end_id": 178,
    "dialog_act_start_id": 178,
    "speaker_id": "A",
    "type": {
      "main_type": "Task",
      "sub_type": "Assess"
    }
  },
  {
    "dialog_act": "based on what sh on what you guys have all said to me let's go for a plastic built or uh b plastic cased",
    "dialog_act_end_id": 180,
    "dialog_act_start_id": 180,
    "speaker_id": "A",
    "type": {
      "main_type": "Task",
      "sub_type": "Suggest"
    }
  },
  {
    "dialog_act": "try to look for some kind of high quality recycled plastic",
    "dialog_act_end_id": 183,
    "dialog_act_start_id": 183,
    "speaker_id": "A",
    "type": {
      "main_type": "Task",
      "sub_type": "Suggest"
    }
  },
  {
    "dialog_act": "With a touch screen for the basic functions. Um",
    "dialog_act_end_id": 186,
    "dialog_act_start_id": 186,
    "speaker_id": "A",
    "type": {
      "main_type": "Task",
      "sub_type": "Suggest"
    }
  },
  {
    "dialog_act": "let's provisionally let's go for a touch screen one with several submenus um for possible extra stuff",
    "dialog_act_end_id": 190,
    "dialog_act_start_id": 190,
    "speaker_id": "A",
    "type": {
      "main_type": "Task",
      "sub_type": "Suggest"
    }
  },
  {
    "dialog_act": "basically put the channel and the on and off switch on the touch screen.",
    "dialog_act_end_id": 192,
    "dialog_act_start_id": 192,
    "speaker_id": "A",
    "type": {
      "main_type": "Task",
      "sub_type": "Suggest"
    }
  },
  {
    "dialog_act": "it occurs to me that if we have a touch screen people are going to have to recharge their remote controls. Yet at the same time that might help for this whole complaint of it being lost.",
    "dialog_act_end_id": 196,
    "dialog_act_start_id": 195,
    "speaker_id": "A",
    "type": {
      "main_type": "Task",
      "sub_type": "Inform"
    }
  },
  {
    "dialog_act": "'Cause it would have a docking base?",
    "dialog_act_end_id": 120,
    "dialog_act_start_id": 120,
    "speaker_id": "D",
    "type": {
      "main_type": "Elicit",
      "sub_type": "Elicit-Inform"
    }
  },
  {
    "dialog_act": "But then again that costs as well.",
    "dialog_act_end_id": 198,
    "dialog_act_start_id": 198,
    "speaker_id": "A",
    "type": {
      "main_type": "Task",
      "sub_type": "Inform"
    }
  },
  {
    "dialog_act": "these new lithium batteries they last twenty years even with the touch screen?",
    "dialog_act_end_id": 69,
    "dialog_act_start_id": 69,
    "speaker_id": "C",
    "type": {
      "main_type": "Task",
      "sub_type": "Inform"
    }
  },
  {
    "dialog_act": "I can't see anybody buying a lap a remote control that they have to plug in",
    "dialog_act_end_id": 205,
    "dialog_act_start_id": 205,
    "speaker_id": "A",
    "type": {
      "main_type": "Task",
      "sub_type": "Inform"
    }
  },
  {
    "dialog_act": "if not we can always default to just doing a a well presented plastic simple",
    "dialog_act_end_id": 213,
    "dialog_act_start_id": 213,
    "speaker_id": "A",
    "type": {
      "main_type": "Task",
      "sub_type": "Suggest"
    }
  },
  {
    "dialog_act": "Um it's th uh with this voice recognition option as well um just as for the simple functions the um the on off, channels, volume, um",
    "dialog_act_end_id": 224,
    "dialog_act_start_id": 224,
    "speaker_id": "A",
    "type": {
      "main_type": "Task",
      "sub_type": "Suggest"
    }
  },
  {
    "dialog_act": "Even if you can't do voice recognition for the paging you know just some kind of simple button that's just a I guess another infrared signal to the remote control",
    "dialog_act_end_id": 227,
    "dialog_act_start_id": 226,
    "speaker_id": "A",
    "type": {
      "main_type": "Task",
      "sub_type": "Suggest"
    }
  },
  {
    "dialog_act": "to emit some kind of paging. Just a beep.",
    "dialog_act_end_id": 229,
    "dialog_act_start_id": 229,
    "speaker_id": "A",
    "type": {
      "main_type": "Task",
      "sub_type": "Suggest"
    }
  },
  {
    "dialog_act": "Since we're doing uh touch screen, do we wanna look into the possibility of people being able to input different types of skins for the you know the actual interface part of it and things like that? Or is it just gonna be one touch screen for everybody. What what would be on that touch screen? 'Cause you said earlier that we have to think about company colours and um logo or something or motto,",
    "dialog_act_end_id": 111,
    "dialog_act_start_id": 106,
    "speaker_id": "B",
    "type": {
      "main_type": "Elicit",
      "sub_type": "Elicit-Assessment"
    }
  },
  {
    "dialog_act": "it's my understanding that if you were going to do a skin you'd need to have some way for people to download or import skins into the remote control.",
    "dialog_act_end_id": 234,
    "dialog_act_start_id": 234,
    "speaker_id": "A",
    "type": {
      "main_type": "Task",
      "sub_type": "Inform"
    }
  },
  {
    "dialog_act": "Think we just need to come up with a nice black and red interface on the touch screen.",
    "dialog_act_end_id": 114,
    "dialog_act_start_id": 114,
    "speaker_id": "B",
    "type": {
      "main_type": "Task",
      "sub_type": "Suggest"
    }
  },
  {
    "dialog_act": "it'll have your your carrier provider name come up first like while it's loading",
    "dialog_act_end_id": 147,
    "dialog_act_start_id": 147,
    "speaker_id": "D",
    "type": {
      "main_type": "Task",
      "sub_type": "Inform"
    }
  },
  {
    "dialog_act": "I'm wondering how we're gonna get uh we put fashion into electronics onto this device.",
    "dialog_act_end_id": 76,
    "dialog_act_start_id": 76,
    "speaker_id": "C",
    "type": {
      "main_type": "Elicit",
      "sub_type": "Elicit-Offer-Or-Suggestion"
    }
  },
  {
    "dialog_act": "Comes on every time you turn it on and then that's it 'cause it is a bit much to have it like engraved on the back or something I think.",
    "dialog_act_end_id": 151,
    "dialog_act_start_id": 150,
    "speaker_id": "D",
    "type": {
      "main_type": "Task",
      "sub_type": "Suggest"
    }
  },
  {
    "dialog_act": "it seems like it would suffice to have just the R_R_ on there.",
    "dialog_act_end_id": 256,
    "dialog_act_start_id": 256,
    "speaker_id": "A",
    "type": {
      "main_type": "Task",
      "sub_type": "Suggest"
    }
  },
  {
    "dialog_act": "People aren't gonna want their remote to boot up and to see flashing things come on. They just want it to be on and ready to go.",
    "dialog_act_end_id": 119,
    "dialog_act_start_id": 118,
    "speaker_id": "B",
    "type": {
      "main_type": "Task",
      "sub_type": "Inform"
    }
  },
  {
    "dialog_act": "But then again who wants to turn on a remote control.",
    "dialog_act_end_id": 266,
    "dialog_act_start_id": 266,
    "speaker_id": "A",
    "type": {
      "main_type": "Task",
      "sub_type": "Inform"
    }
  },
  {
    "dialog_act": "all you have to do is touch the screen and it automatically goes on.",
    "dialog_act_end_id": 83,
    "dialog_act_start_id": 82,
    "speaker_id": "C",
    "type": {
      "main_type": "Task",
      "sub_type": "Suggest"
    }
  },
  {
    "dialog_act": "or go into like a dormant mode.",
    "dialog_act_end_id": 271,
    "dialog_act_start_id": 271,
    "speaker_id": "A",
    "type": {
      "main_type": "Task",
      "sub_type": "Inform"
    }
  },
  {
    "dialog_act": "I'm gonna save th a copy of this in case you guys need any reminders.",
    "dialog_act_end_id": 279,
    "dialog_act_start_id": 279,
    "speaker_id": "A",
    "type": {
      "main_type": "Other",
      "sub_type": "Offer"
    }
  },
  {
    "dialog_act": "and the minutes that I'll do it in a second and put them in the shared folder for later reference.",
    "dialog_act_end_id": 282,
    "dialog_act_start_id": 281,
    "speaker_id": "A",
    "type": {
      "main_type": "Other",
      "sub_type": "Offer"
    }
  },
  {
    "dialog_act": "I've put my files in the shared folder as well.",
    "dialog_act_end_id": 86,
    "dialog_act_start_id": 86,
    "speaker_id": "C",
    "type": {
      "main_type": "Task",
      "sub_type": "Inform"
    }
  }
]