[
  {
    "end_time": 3.328,
    "segment": "All set?",
    "speaker_id": "A",
    "start_time": 2.547
  },
  {
    "end_time": 21.828,
    "segment": "Okay. Cool. Right. So um basically I'm just gonna go over real quickly um some news I've just got from the board on how we're supposed to do with this um remote control. And then I'm gonna turn over to you guys to make brief presentations um on what you've found and then we'll have a bit of discussion.",
    "speaker_id": "A",
    "start_time": 3.723
  },
  {
    "end_time": 45.824,
    "segment": "So basically uh what I've just found out from the board I dunno if you guys got this email as well but it needs to be television only. So no we're not doing D_V_D_, we're not doing anything else, it's just gonna be a television remote. Um it also needs to have the company colours included in it. Um so that's red and black. And it has to have the slogan, case you guys forget the slogan it's, we put fashion in electronics.",
    "speaker_id": "A",
    "start_time": 21.828
  },
  {
    "end_time": 56.276,
    "segment": "Um and no teletext. I'm not sure what teletext is but I'm assuming you guys do, so we don't wanna include that um in this particular design.",
    "speaker_id": "A",
    "start_time": 47.232
  },
  {
    "end_time": 74.768,
    "segment": "For reasons that I don't really know. There's but it's the board so there you go. So basically um given those guidelines which will have some effect on how we design we'll discuss it later I mean 'cause it's television only we'll be able to change our uh um",
    "speaker_id": "A",
    "start_time": 56.55
  },
  {
    "end_time": 86.14,
    "segment": "well we can s sacrifice more function for a better television remote. Anyway. So I'm gonna turn over to the Industrial Designer uh to go ahead and make a presentation on",
    "speaker_id": "A",
    "start_time": 75.952
  },
  {
    "end_time": 89.212,
    "segment": "Oh, right yeah.",
    "speaker_id": "A",
    "start_time": 88.22
  },
  {
    "end_time": 91.486,
    "segment": "Yep.",
    "speaker_id": "A",
    "start_time": 90.768
  },
  {
    "end_time": 104.432,
    "segment": "Might have to hit function F_ eight but it looks like it's gonna come up.",
    "speaker_id": "A",
    "start_time": 100.975
  },
  {
    "end_time": 108.048,
    "segment": "Yep. Cool.",
    "speaker_id": "A",
    "start_time": 107.402
  },
  {
    "end_time": 115.045,
    "segment": "Brilliant.",
    "speaker_id": "A",
    "start_time": 114.338
  },
  {
    "end_time": 194.304,
    "segment": "'Kay.",
    "speaker_id": "A",
    "start_time": 193.872
  },
  {
    "end_time": 214.88,
    "segment": "Mm.",
    "speaker_id": "A",
    "start_time": 214.576
  },
  {
    "end_time": 232.428,
    "segment": "'Kay. Fair enough.",
    "speaker_id": "A",
    "start_time": 231.001
  },
  {
    "end_time": 236.64,
    "segment": "'Kay.",
    "speaker_id": "A",
    "start_time": 236.202
  },
  {
    "end_time": 278.976,
    "segment": "Is is there a way that we can use um modern types of polymers, or mo modern types of plastics that maybe do have some kind of aesthetic value um like if a white like if we talk about like well like on the lapt on these laptops and other ones they use a a pretty nice, you can do i is there some kind of nice colo der quality plastic that we can work with?",
    "speaker_id": "A",
    "start_time": 257.818
  },
  {
    "end_time": 287.056,
    "segment": "Okay, okay.",
    "speaker_id": "A",
    "start_time": 285.548
  },
  {
    "end_time": 291.043,
    "segment": "Great.",
    "speaker_id": "A",
    "start_time": 290.35
  },
  {
    "end_time": 300.384,
    "segment": "Thank you very much Nathan. Um if next we can have the um User Interface Developer go ahead and make a brief presentation that'd be great as well.",
    "speaker_id": "A",
    "start_time": 291.808
  },
  {
    "end_time": 303.808,
    "segment": "S plug yourself in here.",
    "speaker_id": "A",
    "start_time": 302.35
  },
  {
    "end_time": 323.696,
    "segment": "Mm.",
    "speaker_id": "A",
    "start_time": 322.176
  },
  {
    "end_time": 328.224,
    "segment": "Um hit function F_ eight real quickly, hold down",
    "speaker_id": "A",
    "start_time": 324.965
  },
  {
    "end_time": 335.474,
    "segment": "Mm.",
    "speaker_id": "A",
    "start_time": 334.742
  },
  {
    "end_time": 344.48,
    "segment": "There you go. Sweet.",
    "speaker_id": "A",
    "start_time": 343.552
  },
  {
    "end_time": 373.328,
    "segment": "Yeah sorry I couldn't get that g to use before.",
    "speaker_id": "A",
    "start_time": 370.704
  },
  {
    "end_time": 404.941,
    "segment": "Oh yeah look at that.",
    "speaker_id": "A",
    "start_time": 403.813
  },
  {
    "end_time": 414.547,
    "segment": "Mm-hmm.",
    "speaker_id": "A",
    "start_time": 413.951
  },
  {
    "end_time": 451.527,
    "segment": "Nice.",
    "speaker_id": "A",
    "start_time": 448.181
  },
  {
    "end_time": 467.536,
    "segment": "Okay.",
    "speaker_id": "A",
    "start_time": 466.336
  },
  {
    "end_time": 475.552,
    "segment": "Great. Thanks for that Ron.",
    "speaker_id": "A",
    "start_time": 474.465
  },
  {
    "end_time": 481.872,
    "segment": "'Kay yep that's you.",
    "speaker_id": "A",
    "start_time": 478.25
  },
  {
    "end_time": 492.904,
    "segment": "Give it a little bit.",
    "speaker_id": "A",
    "start_time": 491.682
  },
  {
    "end_time": 624.496,
    "segment": "That's great. Thank you Sarah. Right. So um yep I'll just uh switch that back here. I'll finish up with just a bit of discussion plan on for the next phase.",
    "speaker_id": "A",
    "start_time": 610.72
  },
  {
    "end_time": 687.104,
    "segment": "Right so I think we've covered most of these important questions through this um through you guys's presentations um we've got uh y the Industrial Designer suggests uh or pretty much emphatically suggested that we need to go with plastic. Um Sarah, she's recommended that we go for simpler functions, so fewer functions um but we need to decide who are we selling this to, you s your stats suggested that seventy five percent of people under thirty five wanted, thought about voice control, um so do we wanna go for that, or do we want to go for an older demographic, and my thought is um we've got w if we're gonna go for a sleek look I mean we are putting the fashion in electronics um.",
    "speaker_id": "A",
    "start_time": 634.288
  },
  {
    "end_time": 695.824,
    "segment": "Yes. So maybe this we should look into this younger demographic. Um. So",
    "speaker_id": "A",
    "start_time": 688.4
  },
  {
    "end_time": 717.344,
    "segment": "uh we need to wonder ah h about how we make it better and smaller and faster um think we're constrained to plastics very well, we've got this idea, Ron was saying we need to think about uh revolutionising the way it's looking um, which might be easier given that we're going for simpler function and that we're only going for a telly.",
    "speaker_id": "A",
    "start_time": 698.65
  },
  {
    "end_time": 720.832,
    "segment": "Um so um.",
    "speaker_id": "A",
    "start_time": 717.966
  },
  {
    "end_time": 740.688,
    "segment": "How th this voice operation thing is I think is a good idea um assuming that it's doable, um at least for the basic controls, maybe we can balance it that way, you know we can see. Okay you can't say record alias tonight at seven P_M_ but we might be able to say um volume up.",
    "speaker_id": "A",
    "start_time": 722.256
  },
  {
    "end_time": 751.776,
    "segment": "Mm.",
    "speaker_id": "A",
    "start_time": 751.28
  },
  {
    "end_time": 762.112,
    "segment": "Right.",
    "speaker_id": "A",
    "start_time": 760.544
  },
  {
    "end_time": 776.864,
    "segment": "The difficulty wh would be in um I think like i you couldn't speak into the remote that you're trying to find. 'Kay you have something that picks up",
    "speaker_id": "A",
    "start_time": 766.864
  },
  {
    "end_time": 780.096,
    "segment": "a voice from far away",
    "speaker_id": "A",
    "start_time": 778.493
  },
  {
    "end_time": 789.2,
    "segment": "If it's hidden under the couch but then again you have this wee this wee thing you know that's just a little chip or whatever that has the page button, maybe that could be voice activated too.",
    "speaker_id": "A",
    "start_time": 780.915
  },
  {
    "end_time": 794.844,
    "segment": "Yeah.",
    "speaker_id": "A",
    "start_time": 794.352
  },
  {
    "end_time": 805.136,
    "segment": "Or an isolated magnet or something like, or you know something that wouldn't interfere I don't know that'd be the technical thing but yeah I like that, I like that, the voice recognition for the paging system.",
    "speaker_id": "A",
    "start_time": 796.352
  },
  {
    "end_time": 831.977,
    "segment": "Yeah.",
    "speaker_id": "A",
    "start_time": 830.566
  },
  {
    "end_time": 838.136,
    "segment": "Mm-hmm.",
    "speaker_id": "A",
    "start_time": 837.535
  },
  {
    "end_time": 851.828,
    "segment": "Okay.",
    "speaker_id": "A",
    "start_time": 851.355
  },
  {
    "end_time": 859.917,
    "segment": "Mm.",
    "speaker_id": "A",
    "start_time": 858.333
  },
  {
    "end_time": 881.156,
    "segment": "Mm-hmm.",
    "speaker_id": "A",
    "start_time": 880.53
  },
  {
    "end_time": 885.372,
    "segment": "Mm-hmm. Mm-hmm.",
    "speaker_id": "A",
    "start_time": 884.208
  },
  {
    "end_time": 892.592,
    "segment": "Okay.",
    "speaker_id": "A",
    "start_time": 891.916
  },
  {
    "end_time": 896.285,
    "segment": "Okay.",
    "speaker_id": "A",
    "start_time": 895.755
  },
  {
    "end_time": 939.216,
    "segment": "Absolutely. Mm 'kay um well yeah I guess we'll cross that bridge um in a la slightly later stages of development um but yeah I know, that's perfectly viable question. Mm 'kay um so I'm seeing that we're gonna just basically focus on this young demographic group, aim it at them, but then in a sense that its bells and whistles are available for anybody who wants them but basically we'll make a sleek simple functioned um uh remote control. Um I think this voice recognition thing is a we've got a market for it uh I don't think there's too many, we'd more or less be cornering the market on it as well, we don't have many um.",
    "speaker_id": "A",
    "start_time": 897.088
  },
  {
    "end_time": 945.035,
    "segment": "I appear to have lost my microphone. Mm.",
    "speaker_id": "A",
    "start_time": 941.68
  },
  {
    "end_time": 963.824,
    "segment": "Right um we don't have many people or there's not very many competitors out there that do that so cool. Um right. I guess we've c we've touched on most of this. The idea of a paging function, a touch screen, and face plates. Um.",
    "speaker_id": "A",
    "start_time": 947.408
  },
  {
    "end_time": 971.6,
    "segment": "The thing with I see would there not be a we'd have to maybe sacrifice the face plates for a touch screen?",
    "speaker_id": "A",
    "start_time": 965.44
  },
  {
    "end_time": 975.712,
    "segment": "Okay.",
    "speaker_id": "A",
    "start_time": 975.376
  },
  {
    "end_time": 985.968,
    "segment": "Okay.",
    "speaker_id": "A",
    "start_time": 985.344
  },
  {
    "end_time": 989.168,
    "segment": "Okay.",
    "speaker_id": "A",
    "start_time": 988.688
  },
  {
    "end_time": 1004.176,
    "segment": "Mm.",
    "speaker_id": "A",
    "start_time": 1003.616
  },
  {
    "end_time": 1014.421,
    "segment": "Okay.",
    "speaker_id": "A",
    "start_time": 1013.763
  },
  {
    "end_time": 1016.789,
    "segment": "Okay. Right.",
    "speaker_id": "A",
    "start_time": 1015.76
  },
  {
    "end_time": 1033.216,
    "segment": "Yeah 'cause then ha you would have to who all it's not like with cell phones like where you have a you know Nokia model X_ and then ten people make face plates for it, we'd be just our model of pho of t remote control.",
    "speaker_id": "A",
    "start_time": 1021.072
  },
  {
    "end_time": 1037.648,
    "segment": "Mm-hmm.",
    "speaker_id": "A",
    "start_time": 1037.328
  },
  {
    "end_time": 1039.488,
    "segment": "Mm. Mm-hmm.",
    "speaker_id": "A",
    "start_time": 1038.784
  },
  {
    "end_time": 1040.832,
    "segment": "Yeah.",
    "speaker_id": "A",
    "start_time": 1040.023
  },
  {
    "end_time": 1075.056,
    "segment": "Alright well we can we can discuss that one further when we think about um whether th when we do costs and so forth, um. True, if plastic is dead cheap and if we're making the whole thing out of plastic anyway um yeah we'll cross that bridge later um but yeah we will have to evaluate what's most important. Um I think we've had a bit of discussion already on this thing, n s there any other questions comments that came up in these presentations?",
    "speaker_id": "A",
    "start_time": 1047.232
  },
  {
    "end_time": 1084.448,
    "segment": "Yeah yeah okay. Um",
    "speaker_id": "A",
    "start_time": 1080.544
  },
  {
    "end_time": 1096.56,
    "segment": "Yeah I think that would be best. Let's based on what sh on what you guys have all said to me let's go for a plastic",
    "speaker_id": "A",
    "start_time": 1089.121
  },
  {
    "end_time": 1111.248,
    "segment": "built or uh b plastic cased 'cause tha tha that's easy on the cost, try to look for some kind of high quality recycled plastic as you recommended and I think that's a great idea. With a touch screen for the basic functions. Um",
    "speaker_id": "A",
    "start_time": 1097.616
  },
  {
    "end_time": 1128.733,
    "segment": "And we'll yeah tha let's provisionally let's go for a touch screen one with several submenus um for possible extra stuff that one basically put the channel and the on and off switch on the touch screen. Um do we have",
    "speaker_id": "A",
    "start_time": 1114.112
  },
  {
    "end_time": 1134.832,
    "segment": "Mm wait a minute it occurs to me that if we have a touch screen people are going to have to recharge their remote controls.",
    "speaker_id": "A",
    "start_time": 1129.968
  },
  {
    "end_time": 1143.184,
    "segment": "Yet at the same time that might help for this whole complaint of it being lost.",
    "speaker_id": "A",
    "start_time": 1137.44
  },
  {
    "end_time": 1151.52,
    "segment": "Mm-hmm. But then again that costs as well. Hmm.",
    "speaker_id": "A",
    "start_time": 1145.712
  },
  {
    "end_time": 1156.806,
    "segment": "Do they? Okay.",
    "speaker_id": "A",
    "start_time": 1155.488
  },
  {
    "end_time": 1173.92,
    "segment": "Well I I don't think yeah I can't see anybody buying a lap a remote control that they have to plug in so we'd have to see some kind of new battery technology. Okay so let's go with a um touch screen",
    "speaker_id": "A",
    "start_time": 1162.111
  },
  {
    "end_time": 1180.896,
    "segment": "with um some kind of you know with with some kind of cutting edge battery technology",
    "speaker_id": "A",
    "start_time": 1175.824
  },
  {
    "end_time": 1213.136,
    "segment": "Yeah well hey you know well it's it's worth looking into, if not we can always default to just doing a a well presented plastic simple you know so you know. Well yeah I mean you can put the we could I I dunno I mean I suppose we could put the the basics on the centre easiest you know, you know people know the channel and volume function make them large and easy to get at and then the the other the other bits and bobs you know go through menu um w we'll do the aesthetics. Okay so we'll touch screen and the battery, focus on um uh presentation.",
    "speaker_id": "A",
    "start_time": 1183.76
  },
  {
    "end_time": 1228.832,
    "segment": "Um it's th uh with this voice recognition option as well um just as for the simple functions the um the on off, channels, volume, um",
    "speaker_id": "A",
    "start_time": 1214.922
  },
  {
    "end_time": 1244.227,
    "segment": "and um a small paging function. Even if you can't do voice recognition for the paging you know just some kind of simple button that's just a I guess another infrared signal to the remote control and while to emit some kind of paging. Just a beep.",
    "speaker_id": "A",
    "start_time": 1230.976
  },
  {
    "end_time": 1254.752,
    "segment": "Um right so any comments? Thoughts before we break into go into the next round of individual work on this.",
    "speaker_id": "A",
    "start_time": 1246.832
  },
  {
    "end_time": 1304.704,
    "segment": "W it's my understanding that if you were going to do a skin you'd need to have some way for people to download or import skins into the remote control. Yeah I think perhaps good idea but yeah I think that that one m might just be um",
    "speaker_id": "A",
    "start_time": 1288.362
  },
  {
    "end_time": 1316.72,
    "segment": "and they just yeah I think that one might just be out of the range for this particular a P_D_A_ would they would makes a lot of sense for a P_D_A_ 'cause you're gonna be using it to connect up to things anyway but",
    "speaker_id": "A",
    "start_time": 1306.144
  },
  {
    "end_time": 1319.712,
    "segment": "I dunno, what do you guys think?",
    "speaker_id": "A",
    "start_time": 1318.768
  },
  {
    "end_time": 1339.033,
    "segment": "Hmm.",
    "speaker_id": "A",
    "start_time": 1338.427
  },
  {
    "end_time": 1346.512,
    "segment": "Mm.",
    "speaker_id": "A",
    "start_time": 1345.28
  },
  {
    "end_time": 1352.842,
    "segment": "Yeah. Yeah.",
    "speaker_id": "A",
    "start_time": 1351.04
  },
  {
    "end_time": 1358.048,
    "segment": "Yeah.",
    "speaker_id": "A",
    "start_time": 1357.52
  },
  {
    "end_time": 1362.656,
    "segment": "Yeah I know I d it seems like it would suffice to have just the R_R_ on there.",
    "speaker_id": "A",
    "start_time": 1359.056
  },
  {
    "end_time": 1364.092,
    "segment": "Jus",
    "speaker_id": "A",
    "start_time": 1363.499
  },
  {
    "end_time": 1367.099,
    "segment": "But apparently not. So.",
    "speaker_id": "A",
    "start_time": 1364.72
  },
  {
    "end_time": 1373.92,
    "segment": "Yeah.",
    "speaker_id": "A",
    "start_time": 1373.328
  },
  {
    "end_time": 1386.991,
    "segment": "Well fair enough. Um and yeah that would help the battery life too and if it the remote they do have to press a button for the remote to turn on. But then again who wants to turn on a remote control. Kind of if i",
    "speaker_id": "A",
    "start_time": 1375.168
  },
  {
    "end_time": 1398.528,
    "segment": "Oh to wake up okay or go into like a dormant mode. Okay. Oh yeah I like that I like the idea of um putting the logo in the boot up screen, nice. Um.",
    "speaker_id": "A",
    "start_time": 1388.16
  },
  {
    "end_time": 1405.984,
    "segment": "Um cool so any last things before we break?",
    "speaker_id": "A",
    "start_time": 1402.8
  },
  {
    "end_time": 1409.376,
    "segment": "Alright. Fair enough.",
    "speaker_id": "A",
    "start_time": 1408.256
  },
  {
    "end_time": 1411.328,
    "segment": "Sounds good.",
    "speaker_id": "A",
    "start_time": 1410.37
  },
  {
    "end_time": 1420.048,
    "segment": "I'm gonna save th a copy of this in case you guys need any reminders. I'm gonna save a copy of this and the minutes that I'll do it in a second and put them in the shared folder for later reference.",
    "speaker_id": "A",
    "start_time": 1412.496
  },
  {
    "end_time": 1423.28,
    "segment": "Brilliant.",
    "speaker_id": "A",
    "start_time": 1422.8
  },
  {
    "end_time": 1429.782,
    "segment": "That's fab guys. Cool.",
    "speaker_id": "A",
    "start_time": 1428.089
  },
  {
    "end_time": 90.736,
    "segment": "Okay. So do I unplug this bit here?",
    "speaker_id": "B",
    "start_time": 85.12
  },
  {
    "end_time": 161.324,
    "segment": "Okay. Right. That's page one of my presentation. So the uh method. We're gonna have to understand how remote controls work and res uh successfully complete this project. Um remote control works as follows. This is all pretty basic stuff you guys. Um sends message to another system, so there's an energy source involved in that like a battery or solar power, something along those lines, there's an integrated circuit, which is the microchip, um and that actually compose the messages and usually the way a a remote control works is it sends infrared bits to another system. A user interface controls the chip, basically that's the casing and the buttons and um accordingly the messages as well.",
    "speaker_id": "B",
    "start_time": 107.872
  },
  {
    "end_time": 194.962,
    "segment": "So my findings, um I just did a preliminary study here and uh I found that too much metal in remote design could potentially cause interference with the ability of the remote to send commands. And too much metal can cause remotes to behave unexpectedly by receiving false signals. Um too much metal is used sometimes and people pick up radio signals and the like, and there's also the possibility of the remote catching on fire and injuring the customer, just think of those lawsuits, that'd be really bad. Therefore I suggest primarily plastic construction.",
    "speaker_id": "B",
    "start_time": 161.324
  },
  {
    "end_time": 259.632,
    "segment": "Um, components. Just some ideas that I had, um, energy source, it's kinda hip to be eco friendly so I thought maybe we could do something with solar power with an alkaline battery backup. Um the user interface, I was since we can't use metal I was thinking maybe a high grade recycled plastic. The chip, um, silicon based chip I don't really see any way around that, we can't really be different in that respect. Um, the sender well I'm thinking infrared 'cause it is the industry standard, multi channel, that's a word I made up, I don't really know what it means. Uh PAL and N_T_S_C_ compatible and uh probably a two hundred foot range. Uh and the receiver of course is any number of electronic devices. Um but in this case it'll only be T_V_s. Um personal preferences, I really think that we should use plastic as opposed to metal, um, the company simply can't afford this kinds of lawsuits which adm admittedly is gonna come at the cost of a certain aesthetic value, 'cause we were thinking",
    "speaker_id": "B",
    "start_time": 194.962
  },
  {
    "end_time": 272.878,
    "segment": "Right.",
    "speaker_id": "B",
    "start_time": 272.48
  },
  {
    "end_time": 286.528,
    "segment": "Yeah that shouldn't be a problem. Um for example the plastic they have on your laptop there is something that's perfectly possible for us to do.",
    "speaker_id": "B",
    "start_time": 279.152
  },
  {
    "end_time": 292.112,
    "segment": "That's the end of my presentation.",
    "speaker_id": "B",
    "start_time": 289.744
  },
  {
    "end_time": 337.6,
    "segment": "Is it plugged in well?",
    "speaker_id": "B",
    "start_time": 336.528
  },
  {
    "end_time": 343.6,
    "segment": "There it goes. Computer adjusting.",
    "speaker_id": "B",
    "start_time": 340.707
  },
  {
    "end_time": 407.088,
    "segment": "Mm.",
    "speaker_id": "B",
    "start_time": 404.8
  },
  {
    "end_time": 733.424,
    "segment": "Mm.",
    "speaker_id": "B",
    "start_time": 732.528
  },
  {
    "end_time": 751.328,
    "segment": "Right. I think it would be possible to uh combine the locator device and the voice recognition technology.",
    "speaker_id": "B",
    "start_time": 742.384
  },
  {
    "end_time": 760.128,
    "segment": "With a simple command like locate. And then it could start to beep and",
    "speaker_id": "B",
    "start_time": 754.413
  },
  {
    "end_time": 762.352,
    "segment": "therefore be found.",
    "speaker_id": "B",
    "start_time": 761.168
  },
  {
    "end_time": 766.8,
    "segment": "Oh yeah I think that's very doable.",
    "speaker_id": "B",
    "start_time": 764.56
  },
  {
    "end_time": 778.864,
    "segment": "Mm.",
    "speaker_id": "B",
    "start_time": 778.144
  },
  {
    "end_time": 781.504,
    "segment": "It's a good point.",
    "speaker_id": "B",
    "start_time": 780.288
  },
  {
    "end_time": 795.12,
    "segment": "Yeah.",
    "speaker_id": "B",
    "start_time": 794.322
  },
  {
    "end_time": 824.688,
    "segment": "Mm.",
    "speaker_id": "B",
    "start_time": 823.888
  },
  {
    "end_time": 832.528,
    "segment": "I was thinking uh",
    "speaker_id": "B",
    "start_time": 831.12
  },
  {
    "end_time": 834.528,
    "segment": "Oh go ahead.",
    "speaker_id": "B",
    "start_time": 833.792
  },
  {
    "end_time": 859.296,
    "segment": "Yeah.",
    "speaker_id": "B",
    "start_time": 858.672
  },
  {
    "end_time": 898.112,
    "segment": "Gotta wonder though, if we're adding so much technology to this one remote, are we still gonna be able to meet out twelve pou our twelve fifty Euro you know goal for selling these things. It seems like, we're not gonna be able to handle all these functions with just one microchip. The microchip is probably the most expensive part of the the whole mechanism. So it's just something to consider.",
    "speaker_id": "B",
    "start_time": 873.808
  },
  {
    "end_time": 1012.496,
    "segment": "Back to the uh the cost the material. We have to ask whether we're going to include a certain number of face plates with the package? That's something I w for say we're including three or four face plates, it's gonna drive the cost up. And the other question is, if we do include them are we really in a position to evaluate that market? We haven't done any tests on face plates and whether",
    "speaker_id": "B",
    "start_time": 989.936
  },
  {
    "end_time": 1021.104,
    "segment": "See if there if there's even interest out there. Off the top of my head it sounds kind of like a gimmick that wouldn't really go anywhere.",
    "speaker_id": "B",
    "start_time": 1013.632
  },
  {
    "end_time": 1029.92,
    "segment": "Yeah.",
    "speaker_id": "B",
    "start_time": 1029.472
  },
  {
    "end_time": 1159.696,
    "segment": "Can we afford to include one of those?",
    "speaker_id": "B",
    "start_time": 1157.68
  },
  {
    "end_time": 1227.616,
    "segment": "Right.",
    "speaker_id": "B",
    "start_time": 1226.896
  },
  {
    "end_time": 1244.656,
    "segment": "Okay.",
    "speaker_id": "B",
    "start_time": 1243.52
  },
  {
    "end_time": 1270.848,
    "segment": "Since we're doing uh touch screen, do we wanna look into the possibility of people being able to input different types of skins for the you know the actual interface part of it and things like that? Or is it just gonna be one touch screen for everybody.",
    "speaker_id": "B",
    "start_time": 1255.344
  },
  {
    "end_time": 1278.48,
    "segment": "What what would be on that touch screen? 'Cause you said earlier that we have to think about company colours and um",
    "speaker_id": "B",
    "start_time": 1272.512
  },
  {
    "end_time": 1283.072,
    "segment": "logo or something or motto, I can't remember exactly what you said.",
    "speaker_id": "B",
    "start_time": 1279.648
  },
  {
    "end_time": 1301.552,
    "segment": "'S too much.",
    "speaker_id": "B",
    "start_time": 1300.624
  },
  {
    "end_time": 1329.088,
    "segment": "Think we just need to come up with a nice black and red interface on the touch screen. That'd be okay.",
    "speaker_id": "B",
    "start_time": 1322.876
  },
  {
    "end_time": 1352.05,
    "segment": "Mm. True.",
    "speaker_id": "B",
    "start_time": 1350.0
  },
  {
    "end_time": 1374.384,
    "segment": "People aren't gonna want their remote to boot up and to see flashing things come on. They just want it to be on and ready to go.",
    "speaker_id": "B",
    "start_time": 1365.76
  },
  {
    "end_time": 343.408,
    "segment": "Th",
    "speaker_id": "C",
    "start_time": 342.474
  },
  {
    "end_time": 391.44,
    "segment": "Well so. Here we have a uh my technical functions design presentation. Um so a few of the requirements we need here. Uh we n basically need to operate an electronic device, it needs to be universal um and possibly uh operate several different types of devices although we now uh find that uh that that's no problem. Um so some of my findings. Um basically wanna send messages uh to a television set. Um that would be any number of different things uh such as switch on the television, uh switch to the next channel, that sort of thing, I think we're all quite uh",
    "speaker_id": "C",
    "start_time": 349.436
  },
  {
    "end_time": 422.288,
    "segment": "quite uh intelligent and know know what a normal remote control does. Um now some of the other things I found is a a complicated remote control sorry that we can't quite see my red there very well but uh this remote control has many functions um so it can do a lot of things but it uh it is quite complicated and most users will find it uh find that they won't use most of the functions because they don't know how to use them and don't wanna take the time to learn how to do it.",
    "speaker_id": "C",
    "start_time": 391.44
  },
  {
    "end_time": 445.984,
    "segment": "As you also notice it's quite a boring design. Um. Another remote control, slightly different, it's a simpler remote control uh many less buttons but uh has many fewer functions, um m much easier for the user to manipulate and use. Um it also has a bit of a cheap look and it's also quite boring.",
    "speaker_id": "C",
    "start_time": 423.28
  },
  {
    "end_time": 474.144,
    "segment": "So my personal preferences. Revolutionise the idea of uh a remote control. Um so attain the functionality of a complicated device but use a simple formatted display uh for the user to to work with. And I was gonna add another uh slide here but I didn't quite have time there. Um. Just incorporating some of the ideas that we had previously like uh having multiple face but it's uh.",
    "speaker_id": "C",
    "start_time": 447.44
  },
  {
    "end_time": 483.184,
    "segment": "I can plug you in.",
    "speaker_id": "C",
    "start_time": 482.368
  },
  {
    "end_time": 763.482,
    "segment": "Sounds good.",
    "speaker_id": "C",
    "start_time": 762.163
  },
  {
    "end_time": 794.048,
    "segment": "A little sticky pad to stick on top of your uh television. And you just say something to into that and it",
    "speaker_id": "C",
    "start_time": 789.136
  },
  {
    "end_time": 796.192,
    "segment": "finds your",
    "speaker_id": "C",
    "start_time": 795.446
  },
  {
    "end_time": 830.624,
    "segment": "The other thing is we might be able to handle the simplicity of a remote control and kind of put the more complicated things into a voice control. So it could be sold to both the younger market and the older market. And the younger market could use kind of the voi voice control method and the older market might might k exactly and might consider the older market could use the simpler design with the traditional buttons and what not.",
    "speaker_id": "C",
    "start_time": 805.072
  },
  {
    "end_time": 851.12,
    "segment": "'S definitely an option technically. I've looked into uh costs of uh touch screen methods and what not, they seem to be uh you know almost as cheap as a button method at this point.",
    "speaker_id": "C",
    "start_time": 840.016
  },
  {
    "end_time": 989.385,
    "segment": "Um I'm not sure that's sincerely correct, I think if you kind of take the example of a mobile phone that uh trying to pass a portion of the device is not interchangeable whereas the surrounding portions are interchangeable. We could have the casing, the the face plates.",
    "speaker_id": "C",
    "start_time": 971.885
  },
  {
    "end_time": 1050.736,
    "segment": "Well hopefully some people have people coming t over to w to hang out at your house and most people have their televisions in the living room. Uh.",
    "speaker_id": "C",
    "start_time": 1040.928
  },
  {
    "end_time": 1055.408,
    "segment": "Sure.",
    "speaker_id": "C",
    "start_time": 1055.136
  },
  {
    "end_time": 1080.08,
    "segment": "Well have we confirmed that we're gonna go ahead with a uh touch screen um",
    "speaker_id": "C",
    "start_time": 1075.745
  },
  {
    "end_time": 1081.792,
    "segment": "Interface?",
    "speaker_id": "C",
    "start_time": 1081.083
  },
  {
    "end_time": 1155.152,
    "segment": "So these new lithium batteries they last twenty years even with the touch screen?",
    "speaker_id": "C",
    "start_time": 1151.44
  },
  {
    "end_time": 1157.248,
    "segment": "Those new ones.",
    "speaker_id": "C",
    "start_time": 1156.352
  },
  {
    "end_time": 1271.616,
    "segment": "Be interesting.",
    "speaker_id": "C",
    "start_time": 1270.876
  },
  {
    "end_time": 1285.264,
    "segment": "We put fashion into electronics.",
    "speaker_id": "C",
    "start_time": 1282.864
  },
  {
    "end_time": 1336.168,
    "segment": "Yeah. Uh I I'm I'm in agreement with that, I'm wondering how we're gonna get uh we put fashion into electronics onto this device.",
    "speaker_id": "C",
    "start_time": 1328.256
  },
  {
    "end_time": 1358.441,
    "segment": "I'm hoping for a subliminal maybe half a millisecond as it turns on.",
    "speaker_id": "C",
    "start_time": 1351.872
  },
  {
    "end_time": 1362.742,
    "segment": "Mm-hmm.",
    "speaker_id": "C",
    "start_time": 1362.003
  },
  {
    "end_time": 1390.976,
    "segment": "Well all you have to do is touch the screen and it automatically goes on. Yep. Goes into a sleep mode.",
    "speaker_id": "C",
    "start_time": 1385.92
  },
  {
    "end_time": 1422.704,
    "segment": "I've put my files in the shared folder as well.",
    "speaker_id": "C",
    "start_time": 1420.528
  },
  {
    "end_time": 29.872,
    "segment": "Okay.",
    "speaker_id": "D",
    "start_time": 29.158
  },
  {
    "end_time": 89.418,
    "segment": "Gotta plug you in.",
    "speaker_id": "D",
    "start_time": 88.181
  },
  {
    "end_time": 116.816,
    "segment": "Very nice. For your first PowerPoint it's lovely.",
    "speaker_id": "D",
    "start_time": 114.486
  },
  {
    "end_time": 251.802,
    "segment": "Fine.",
    "speaker_id": "D",
    "start_time": 251.18
  },
  {
    "end_time": 274.398,
    "segment": "It needs, yeah.",
    "speaker_id": "D",
    "start_time": 272.137
  },
  {
    "end_time": 290.144,
    "segment": "Cool.",
    "speaker_id": "D",
    "start_time": 289.808
  },
  {
    "end_time": 336.352,
    "segment": "Looks like you're in okay.",
    "speaker_id": "D",
    "start_time": 335.173
  },
  {
    "end_time": 344.135,
    "segment": "There you go.",
    "speaker_id": "D",
    "start_time": 343.065
  },
  {
    "end_time": 475.792,
    "segment": "Right.",
    "speaker_id": "D",
    "start_time": 475.488
  },
  {
    "end_time": 485.548,
    "segment": "Does that mean I'm up? I think so. Okay. Oh that would be perfect. Thank you.",
    "speaker_id": "D",
    "start_time": 478.944
  },
  {
    "end_time": 489.056,
    "segment": "Slide show up and running.",
    "speaker_id": "D",
    "start_time": 487.9
  },
  {
    "end_time": 492.466,
    "segment": "Or not. Uh.",
    "speaker_id": "D",
    "start_time": 491.248
  },
  {
    "end_time": 504.736,
    "segment": "Oh there we go. Perfect.",
    "speaker_id": "D",
    "start_time": 502.317
  },
  {
    "end_time": 560.205,
    "segment": "Okay. So this is me. Um basically I was looking through some marketing reports that we've got and we had a usability test where we were actually sort like watching a hundred people use T_V_ remotes and see what it is that they're using and then they filled out a questionnaire about what they like and what they don't about their general T_V_ remote control practices. Um pretty much through testing we were finding out that most of the time, everybody's used to using changing the channel, turning it on, using the volume, m the majority of the time that's all that's going on, the other functions happen, for some people they're important, but the primary uses are really really basic. Um and so big complicated remotes like one we saw in the last presentation are really not the general public's use, they're not using a lot of it, they don't need it, they even find it frustrating when there are all those buttons that they don't know what to do with.",
    "speaker_id": "D",
    "start_time": 504.736
  },
  {
    "end_time": 605.84,
    "segment": "And um we also found out that uh fifty percent of our people, their the worst thing about a remote is how often they lose it. And then they can't find it in the room. So I think what we were talking about with a pager or something, will really come into play with a lot of these people. Um there's also a survey about what they liked about remotes, and pretty much they all think they're hideous and not very useful, and the younger demographics are all really interested in voice recognition options. I don't know if that's something we're ready to look into technically, that's up to the design people, but it is s something worth thinking about, especially since the younger demographic's obviously the one that's gonna keep growing, so if that's the direction we're headed in it's something to think about. Um but basically it really is the primary functions and getting it to look nice, which are",
    "speaker_id": "D",
    "start_time": 560.205
  },
  {
    "end_time": 611.17,
    "segment": "the standards. So it's a good start for us.",
    "speaker_id": "D",
    "start_time": 606.976
  },
  {
    "end_time": 616.471,
    "segment": "Need to unplug this?",
    "speaker_id": "D",
    "start_time": 615.218
  },
  {
    "end_time": 618.304,
    "segment": "Need it back.",
    "speaker_id": "D",
    "start_time": 617.599
  },
  {
    "end_time": 621.702,
    "segment": "There you go.",
    "speaker_id": "D",
    "start_time": 620.539
  },
  {
    "end_time": 666.736,
    "segment": "Oh right.",
    "speaker_id": "D",
    "start_time": 666.288
  },
  {
    "end_time": 689.696,
    "segment": "We're not catering to the pensioners of the world I don't think so.",
    "speaker_id": "D",
    "start_time": 683.35
  },
  {
    "end_time": 693.696,
    "segment": "Right.",
    "speaker_id": "D",
    "start_time": 692.984
  },
  {
    "end_time": 712.809,
    "segment": "Right.",
    "speaker_id": "D",
    "start_time": 712.036
  },
  {
    "end_time": 716.549,
    "segment": "Uh.",
    "speaker_id": "D",
    "start_time": 715.951
  },
  {
    "end_time": 732.221,
    "segment": "Right.",
    "speaker_id": "D",
    "start_time": 731.266
  },
  {
    "end_time": 741.952,
    "segment": "Yeah.",
    "speaker_id": "D",
    "start_time": 741.616
  },
  {
    "end_time": 754.208,
    "segment": "Oh. That could work. I like that.",
    "speaker_id": "D",
    "start_time": 751.488
  },
  {
    "end_time": 758.272,
    "segment": "Yeah. Something very basic.",
    "speaker_id": "D",
    "start_time": 756.672
  },
  {
    "end_time": 759.969,
    "segment": "Right.",
    "speaker_id": "D",
    "start_time": 759.379
  },
  {
    "end_time": 764.496,
    "segment": "Is that only gonna be within our two hundred foot range then?",
    "speaker_id": "D",
    "start_time": 762.304
  },
  {
    "end_time": 766.063,
    "segment": "Okay.",
    "speaker_id": "D",
    "start_time": 765.345
  },
  {
    "end_time": 779.46,
    "segment": "Yeah.",
    "speaker_id": "D",
    "start_time": 778.51
  },
  {
    "end_time": 789.872,
    "segment": "Mm.",
    "speaker_id": "D",
    "start_time": 789.511
  },
  {
    "end_time": 792.848,
    "segment": "Yeah.",
    "speaker_id": "D",
    "start_time": 792.413
  },
  {
    "end_time": 796.247,
    "segment": "K",
    "speaker_id": "D",
    "start_time": 795.621
  },
  {
    "end_time": 801.12,
    "segment": "Yeah.",
    "speaker_id": "D",
    "start_time": 800.8
  },
  {
    "end_time": 817.661,
    "segment": "True.",
    "speaker_id": "D",
    "start_time": 817.039
  },
  {
    "end_time": 824.983,
    "segment": "Making it just an option? Yeah.",
    "speaker_id": "D",
    "start_time": 822.624
  },
  {
    "end_time": 828.587,
    "segment": "Right.",
    "speaker_id": "D",
    "start_time": 828.116
  },
  {
    "end_time": 834.335,
    "segment": "Are we still thinking about this screen sorry. Go ahead.",
    "speaker_id": "D",
    "start_time": 831.724
  },
  {
    "end_time": 842.295,
    "segment": "The uh if we're gonna do this touch pad screen thing, it would be still, do we know if that's an option technically right now to that? Okay.",
    "speaker_id": "D",
    "start_time": 834.704
  },
  {
    "end_time": 845.872,
    "segment": "Okay.",
    "speaker_id": "D",
    "start_time": 845.31
  },
  {
    "end_time": 849.506,
    "segment": "We're doing okay.",
    "speaker_id": "D",
    "start_time": 848.416
  },
  {
    "end_time": 858.08,
    "segment": "'Cause it seems like an interesting option especially because then you could have like your primary screen just be these you know four or five basic functions, you can have",
    "speaker_id": "D",
    "start_time": 851.28
  },
  {
    "end_time": 873.328,
    "segment": "menu options or something to have all these other complicated voice recognition, settings, things that you're not gonna use every day and that a lot of people aren't gonna use but it is an option there for this hi-tech market that sort of re is the sleek thing we're going for.",
    "speaker_id": "D",
    "start_time": 858.29
  },
  {
    "end_time": 881.698,
    "segment": "True.",
    "speaker_id": "D",
    "start_time": 880.448
  },
  {
    "end_time": 883.18,
    "segment": "Worth looking into.",
    "speaker_id": "D",
    "start_time": 882.146
  },
  {
    "end_time": 885.452,
    "segment": "Yeah.",
    "speaker_id": "D",
    "start_time": 884.478
  },
  {
    "end_time": 892.403,
    "segment": "True.",
    "speaker_id": "D",
    "start_time": 891.521
  },
  {
    "end_time": 895.088,
    "segment": "Yeah.",
    "speaker_id": "D",
    "start_time": 894.8
  },
  {
    "end_time": 924.864,
    "segment": "Mm-hmm.",
    "speaker_id": "D",
    "start_time": 924.448
  },
  {
    "end_time": 934.652,
    "segment": "Mm.",
    "speaker_id": "D",
    "start_time": 934.144
  },
  {
    "end_time": 939.666,
    "segment": "Yeah.",
    "speaker_id": "D",
    "start_time": 939.2
  },
  {
    "end_time": 986.208,
    "segment": "Mm. Just the casing.",
    "speaker_id": "D",
    "start_time": 984.3
  },
  {
    "end_time": 1000.978,
    "segment": "Mm.",
    "speaker_id": "D",
    "start_time": 1000.444
  },
  {
    "end_time": 1004.88,
    "segment": "Yeah.",
    "speaker_id": "D",
    "start_time": 1004.576
  },
  {
    "end_time": 1012.72,
    "segment": "Right.",
    "speaker_id": "D",
    "start_time": 1012.416
  },
  {
    "end_time": 1022.539,
    "segment": "Mm.",
    "speaker_id": "D",
    "start_time": 1021.986
  },
  {
    "end_time": 1029.727,
    "segment": "Right.",
    "speaker_id": "D",
    "start_time": 1029.36
  },
  {
    "end_time": 1039.984,
    "segment": "Well in the publicity of a face plate on a phone is you have it out and around, it is sort of emblematic whereas you're just sit at home, so unless somebody comes over to watch T_V_",
    "speaker_id": "D",
    "start_time": 1032.8
  },
  {
    "end_time": 1045.578,
    "segment": "True. True. True.",
    "speaker_id": "D",
    "start_time": 1043.344
  },
  {
    "end_time": 1049.701,
    "segment": "Yeah.",
    "speaker_id": "D",
    "start_time": 1048.787
  },
  {
    "end_time": 1052.119,
    "segment": "Oh yeah.",
    "speaker_id": "D",
    "start_time": 1051.233
  },
  {
    "end_time": 1139.135,
    "segment": "True.",
    "speaker_id": "D",
    "start_time": 1138.496
  },
  {
    "end_time": 1145.696,
    "segment": "'Cause it would have a docking base?",
    "speaker_id": "D",
    "start_time": 1144.432
  },
  {
    "end_time": 1149.616,
    "segment": "Yeah.",
    "speaker_id": "D",
    "start_time": 1148.928
  },
  {
    "end_time": 1158.318,
    "segment": "Can we afford that?",
    "speaker_id": "D",
    "start_time": 1157.168
  },
  {
    "end_time": 1165.833,
    "segment": "And will somebody buy it if we don't?",
    "speaker_id": "D",
    "start_time": 1160.32
  },
  {
    "end_time": 1169.352,
    "segment": "Right.",
    "speaker_id": "D",
    "start_time": 1168.768
  },
  {
    "end_time": 1185.521,
    "segment": "For twelve Euros?",
    "speaker_id": "D",
    "start_time": 1182.08
  },
  {
    "end_time": 1187.152,
    "segment": "It is.",
    "speaker_id": "D",
    "start_time": 1186.575
  },
  {
    "end_time": 1188.751,
    "segment": "Fair enough.",
    "speaker_id": "D",
    "start_time": 1188.159
  },
  {
    "end_time": 1191.917,
    "segment": "The basics.",
    "speaker_id": "D",
    "start_time": 1190.977
  },
  {
    "end_time": 1203.921,
    "segment": "Mm.",
    "speaker_id": "D",
    "start_time": 1203.387
  },
  {
    "end_time": 1209.472,
    "segment": "'Kay.",
    "speaker_id": "D",
    "start_time": 1209.047
  },
  {
    "end_time": 1272.592,
    "segment": "Mm.",
    "speaker_id": "D",
    "start_time": 1271.968
  },
  {
    "end_time": 1285.152,
    "segment": "And oh. Yeah the the fashion do. Yeah.",
    "speaker_id": "D",
    "start_time": 1278.749
  },
  {
    "end_time": 1299.056,
    "segment": "Right, and then you're dealing with ports and cords and",
    "speaker_id": "D",
    "start_time": 1295.838
  },
  {
    "end_time": 1302.382,
    "segment": "Yeah.",
    "speaker_id": "D",
    "start_time": 1301.52
  },
  {
    "end_time": 1309.732,
    "segment": "For now.",
    "speaker_id": "D",
    "start_time": 1309.024
  },
  {
    "end_time": 1326.195,
    "segment": "Yeah. Nice.",
    "speaker_id": "D",
    "start_time": 1324.874
  },
  {
    "end_time": 1331.278,
    "segment": "Um.",
    "speaker_id": "D",
    "start_time": 1330.557
  },
  {
    "end_time": 1344.816,
    "segment": "Well but if we're gonna use a touch screen where it's gonna come on like on your cell phone it'll have your your carrier provider name come up first like while it's loading and then it goes away, perhaps it could be like a temporary",
    "speaker_id": "D",
    "start_time": 1334.528
  },
  {
    "end_time": 1352.235,
    "segment": "Comes on every time you turn it on and then that's it 'cause it is a bit much to have it like engraved on the back or something I think.",
    "speaker_id": "D",
    "start_time": 1346.432
  },
  {
    "end_time": 1354.912,
    "segment": "Yeah.",
    "speaker_id": "D",
    "start_time": 1354.508
  },
  {
    "end_time": 1358.64,
    "segment": "Y",
    "speaker_id": "D",
    "start_time": 1356.124
  },
  {
    "end_time": 1364.64,
    "segment": "Yeah you would think. But.",
    "speaker_id": "D",
    "start_time": 1363.392
  },
  {
    "end_time": 1367.214,
    "segment": "If it comes from above.",
    "speaker_id": "D",
    "start_time": 1365.839
  },
  {
    "end_time": 1373.508,
    "segment": "Yeah.",
    "speaker_id": "D",
    "start_time": 1373.216
  },
  {
    "end_time": 1388.052,
    "segment": "Mm.",
    "speaker_id": "D",
    "start_time": 1387.541
  },
  {
    "end_time": 1411.123,
    "segment": "We're good?",
    "speaker_id": "D",
    "start_time": 1410.373
  },
  {
    "end_time": 1424.122,
    "segment": "Yeah.",
    "speaker_id": "D",
    "start_time": 1423.214
  }
]