{
  "abstract": [
    {
      "extract_summ": [
        {
          "act": "we said we were gonna have a snowman shaped remote control with no L_C_D_ display, no need for talk-back,",
          "end_time": 42.53,
          "id": 10,
          "speaker_id": "B",
          "start_time": 36.3,
          "type": {
            "main_type": "Task",
            "sub_type": "Inform"
          },
          "word_range": "ES2002d.B.words91-ES2002d.B.words111"
        },
        {
          "act": "it was hopefully gonna be kinetic power and battery uh with rubber buttons,",
          "end_time": 47.55,
          "id": 11,
          "speaker_id": "B",
          "start_time": 42.53,
          "type": {
            "main_type": "Task",
            "sub_type": "Inform"
          },
          "word_range": "ES2002d.B.words112-ES2002d.B.words125"
        },
        {
          "act": "maybe backlighting the buttons with some internal L_E_D_s to shine through the casing,",
          "end_time": 53.09,
          "id": 12,
          "speaker_id": "B",
          "start_time": 47.55,
          "type": {
            "main_type": "Task",
            "sub_type": "Inform"
          },
          "word_range": "ES2002d.B.words126-ES2002d.B.words139"
        },
        {
          "act": "um hopefully a jog-dial,",
          "end_time": 54.98,
          "id": 13,
          "speaker_id": "B",
          "start_time": 53.09,
          "type": {
            "main_type": "Task",
            "sub_type": "Inform"
          },
          "word_range": "ES2002d.B.words140-ES2002d.B.words144"
        },
        {
          "act": "and incorporating the slogan somewhere as well.",
          "end_time": 58.27,
          "id": 14,
          "speaker_id": "B",
          "start_time": 54.98,
          "type": {
            "main_type": "Task",
            "sub_type": "Inform"
          },
          "word_range": "ES2002d.B.words145-ES2002d.B.words152"
        },
        {
          "act": "Um, there are a few changes we've made.",
          "end_time": 76.8,
          "id": 3,
          "speaker_id": "D",
          "start_time": 74.7,
          "type": {
            "main_type": "Task",
            "sub_type": "Inform"
          },
          "word_range": "ES2002d.D.words7-ES2002d.D.words16"
        },
        {
          "act": "Um, well look at the expense sheet, and uh it turned to be quite a lot expensive to have open up and have lots of buttons and stuff inside,",
          "end_time": 85.19,
          "id": 4,
          "speaker_id": "D",
          "start_time": 76.8,
          "type": {
            "main_type": "Task",
            "sub_type": "Inform"
          },
          "word_range": "ES2002d.D.words17-ES2002d.D.words48"
        },
        {
          "act": "this is gonna be an L_C_D_ screen, um just a a very very basic one,",
          "end_time": 90.37,
          "id": 6,
          "speaker_id": "D",
          "start_time": 86.57,
          "type": {
            "main_type": "Task",
            "sub_type": "Inform"
          },
          "word_range": "ES2002d.D.words54-ES2002d.D.words70"
        },
        {
          "act": "very small um with access to the menu through the the scroll wheel and uh confirm",
          "end_time": 95.42,
          "id": 7,
          "speaker_id": "D",
          "start_time": 90.37,
          "type": {
            "main_type": "Task",
            "sub_type": "Inform"
          },
          "word_range": "ES2002d.D.words71-ES2002d.D.words86"
        },
        {
          "act": "Uh, apart from that, it's just pretty much the same as we discussed last time.",
          "end_time": 101.71,
          "id": 9,
          "speaker_id": "D",
          "start_time": 98.63,
          "type": {
            "main_type": "Task",
            "sub_type": "Inform"
          },
          "word_range": "ES2002d.D.words90-ES2002d.D.words107"
        },
        {
          "act": "the advanced functions are still hidden from you, but they're hidden in the sense that um they're not in use.",
          "end_time": 111.34,
          "id": 4,
          "speaker_id": "A",
          "start_time": 106.39,
          "type": {
            "main_type": "Task",
            "sub_type": "Inform"
          },
          "word_range": "ES2002d.A.words25-ES2002d.A.words46"
        },
        {
          "act": "Um they're in the L_C_D_ panel and the jog-dial?",
          "end_time": 115.76,
          "id": 5,
          "speaker_id": "A",
          "start_time": 112.76,
          "type": {
            "main_type": "Task",
            "sub_type": "Inform"
          },
          "word_range": "ES2002d.A.words47-ES2002d.A.words56"
        },
        {
          "act": "The L_C_D_ panel just displays um functionally what you're doing.",
          "end_time": 121.31,
          "id": 7,
          "speaker_id": "A",
          "start_time": 118.1,
          "type": {
            "main_type": "Task",
            "sub_type": "Inform"
          },
          "word_range": "ES2002d.A.words60-ES2002d.A.words70"
        },
        {
          "act": "If you're using an advanced function right, like um c brightness, contrast, whatever, it will just say",
          "end_time": 128.26,
          "id": 8,
          "speaker_id": "A",
          "start_time": 121.31,
          "type": {
            "main_type": "Task",
            "sub_type": "Inform"
          },
          "word_range": "ES2002d.A.words71-ES2002d.A.words92"
        },
        {
          "act": "It might even be one, a bit more complex L_C_D_ panel with pictures like maybe the sun or the, you know, the the symbols of the various functions.",
          "end_time": 146.65,
          "id": 13,
          "speaker_id": "A",
          "start_time": 137.92,
          "type": {
            "main_type": "Task",
            "sub_type": "Inform"
          },
          "word_range": "ES2002d.A.words133-ES2002d.A.words164"
        },
        {
          "act": "That's a number pad.",
          "end_time": 149.72,
          "id": 14,
          "speaker_id": "A",
          "start_time": 148.82,
          "type": {
            "main_type": "Task",
            "sub_type": "Inform"
          },
          "word_range": "ES2002d.A.words165-ES2002d.A.words169"
        },
        {
          "act": "Where are we gonna have the slogan?",
          "end_time": 153.45,
          "id": 27,
          "speaker_id": "B",
          "start_time": 151.6,
          "type": {
            "main_type": "Elicit",
            "sub_type": "Elicit-Inform"
          },
          "word_range": "ES2002d.B.words199-ES2002d.B.words206"
        },
        {
          "act": "just like right inside there.",
          "end_time": 156.65,
          "id": 12,
          "speaker_id": "D",
          "start_time": 155.02,
          "type": {
            "main_type": "Task",
            "sub_type": "Inform"
          },
          "word_range": "ES2002d.D.words112-ES2002d.D.words117"
        },
        {
          "act": "Well we want the other buttons to be big enough to push easily with a finger",
          "end_time": 186.05,
          "id": 13,
          "speaker_id": "D",
          "start_time": 182.85,
          "type": {
            "main_type": "Task",
            "sub_type": "Inform"
          },
          "word_range": "ES2002d.D.words118-ES2002d.D.words135"
        },
        {
          "act": "so we reckon maybe that'll be about the same size as the palm of your hand.",
          "end_time": 190.84,
          "id": 14,
          "speaker_id": "D",
          "start_time": 186.05,
          "type": {
            "main_type": "Task",
            "sub_type": "Inform"
          },
          "word_range": "ES2002d.D.words136-ES2002d.D.words153"
        },
        {
          "act": "So we're talking about ten centimetres.",
          "end_time": 208.38,
          "id": 35,
          "speaker_id": "B",
          "start_time": 205.42,
          "type": {
            "main_type": "Task",
            "sub_type": "Inform"
          },
          "word_range": "ES2002d.B.words244-ES2002d.B.words250"
        },
        {
          "act": "We're gonna have again the the sort of the foggy um yellow from last time that lit up when you pushed the button.",
          "end_time": 240.07,
          "id": 16,
          "speaker_id": "D",
          "start_time": 234.44,
          "type": {
            "main_type": "Task",
            "sub_type": "Inform"
          },
          "word_range": "ES2002d.D.words157-ES2002d.D.words180"
        },
        {
          "act": "this button um, because it's red it's sort of very prominent, we're gonna use it as uh it can be the power button",
          "end_time": 254.23,
          "id": 19,
          "speaker_id": "D",
          "start_time": 249.16,
          "type": {
            "main_type": "Task",
            "sub_type": "Inform"
          },
          "word_range": "ES2002d.D.words186-ES2002d.D.words211"
        },
        {
          "act": "if you hold it for maybe two seconds it'll send a stand-by signal.",
          "end_time": 258.68,
          "id": 20,
          "speaker_id": "D",
          "start_time": 254.23,
          "type": {
            "main_type": "Task",
            "sub_type": "Inform"
          },
          "word_range": "ES2002d.D.words212-ES2002d.D.words225"
        },
        {
          "act": "Um apart from that it's gonna be used as a confirm button for the L_C_D_ screen",
          "end_time": 262.53,
          "id": 21,
          "speaker_id": "D",
          "start_time": 258.68,
          "type": {
            "main_type": "Task",
            "sub_type": "Inform"
          },
          "word_range": "ES2002d.D.words226-ES2002d.D.words241"
        },
        {
          "act": "Oh we've discussed how h high it is, but how wide is it?",
          "end_time": 270.92,
          "id": 37,
          "speaker_id": "A",
          "start_time": 268.09,
          "type": {
            "main_type": "Elicit",
            "sub_type": "Elicit-Inform"
          },
          "word_range": "ES2002d.A.words292-ES2002d.A.words307"
        },
        {
          "act": "be about th three and a half.",
          "end_time": 282.33,
          "id": 42,
          "speaker_id": "A",
          "start_time": 281.15,
          "type": {
            "main_type": "Task",
            "sub_type": "Inform"
          },
          "word_range": "ES2002d.A.words331-ES2002d.A.words338"
        },
        {
          "act": "what else can you do?",
          "end_time": 291.49,
          "id": 53,
          "speaker_id": "B",
          "start_time": 290.79,
          "type": {
            "main_type": "Elicit",
            "sub_type": "Elicit-Inform"
          },
          "word_range": "ES2002d.B.words356-ES2002d.B.words361"
        },
        {
          "act": "Um you can skip straight to a channel using these buttons.",
          "end_time": 294.51,
          "id": 28,
          "speaker_id": "D",
          "start_time": 291.94,
          "type": {
            "main_type": "Task",
            "sub_type": "Inform"
          },
          "word_range": "ES2002d.D.words266-ES2002d.D.words277"
        },
        {
          "act": "but um because we've got the the L_C_D_ and the jog-dial we just thought we'd um use that as the volume.",
          "end_time": 307.61,
          "id": 30,
          "speaker_id": "D",
          "start_time": 303.33,
          "type": {
            "main_type": "Task",
            "sub_type": "Inform"
          },
          "word_range": "ES2002d.D.words288-ES2002d.D.words309"
        },
        {
          "act": "Um you can use it for um more advanced functions like contrast, colour and",
          "end_time": 318.23,
          "id": 31,
          "speaker_id": "D",
          "start_time": 314.2,
          "type": {
            "main_type": "Task",
            "sub_type": "Inform"
          },
          "word_range": "ES2002d.D.words310-ES2002d.D.words325"
        },
        {
          "act": "And what else do you do with the jog-dial?",
          "end_time": 313.57,
          "id": 57,
          "speaker_id": "B",
          "start_time": 312.01,
          "type": {
            "main_type": "Elicit",
            "sub_type": "Elicit-Inform"
          },
          "word_range": "ES2002d.B.words369-ES2002d.B.words378"
        },
        {
          "act": "Um a lot of these things will have to be um free and open for users to define them.",
          "end_time": 359.87,
          "id": 53,
          "speaker_id": "A",
          "start_time": 354.99,
          "type": {
            "main_type": "Task",
            "sub_type": "Inform"
          },
          "word_range": "ES2002d.A.words393-ES2002d.A.words412"
        },
        {
          "act": "Audio, we have like your basic y your base, your mid-range, your high range.",
          "end_time": 370.05,
          "id": 54,
          "speaker_id": "A",
          "start_time": 365.19,
          "type": {
            "main_type": "Task",
            "sub_type": "Inform"
          },
          "word_range": "ES2002d.A.words413-ES2002d.A.words430"
        },
        {
          "act": "left-right balance,",
          "end_time": 375.63,
          "id": 57,
          "speaker_id": "A",
          "start_time": 374.32,
          "type": {
            "main_type": "Task",
            "sub_type": "Inform"
          },
          "word_range": "ES2002d.A.words435-ES2002d.A.words437"
        },
        {
          "act": "um maybe even pre-programmed sound modes,",
          "end_time": 378.4,
          "id": 58,
          "speaker_id": "A",
          "start_time": 375.63,
          "type": {
            "main_type": "Task",
            "sub_type": "Inform"
          },
          "word_range": "ES2002d.A.words438-ES2002d.A.words444"
        }
      ],
      "summary": "The project manager recapped the decisions made in the previous meeting and two team members presented their prototype and discussed the features the prototype contained."
    },
    {
      "extract_summ": [
        {
          "act": "We can now have a little look at the the Excel sheet and price listing,",
          "end_time": 411.13,
          "id": 81,
          "speaker_id": "B",
          "start_time": 405.74,
          "type": {
            "main_type": "Task",
            "sub_type": "Suggest"
          },
          "word_range": "ES2002d.B.words481-ES2002d.B.words496"
        },
        {
          "act": "and see if we need to",
          "end_time": 412.35,
          "id": 82,
          "speaker_id": "B",
          "start_time": 411.13,
          "type": {
            "main_type": "Task",
            "sub_type": "Suggest"
          },
          "word_range": "ES2002d.B.words497-ES2002d.B.words502"
        },
        {
          "act": "um if we need to rethink anything at all.",
          "end_time": 417.56,
          "id": 83,
          "speaker_id": "B",
          "start_time": 413.89,
          "type": {
            "main_type": "Task",
            "sub_type": "Suggest"
          },
          "word_range": "ES2002d.B.words503-ES2002d.B.words512"
        },
        {
          "act": "for this first part here power-wise, have we got battery?",
          "end_time": 423.2,
          "id": 85,
          "speaker_id": "B",
          "start_time": 419.04,
          "type": {
            "main_type": "Elicit",
            "sub_type": "Elicit-Inform"
          },
          "word_range": "ES2002d.B.words515-ES2002d.B.words526"
        },
        {
          "act": "We need an advanced chip I think, yep.",
          "end_time": 437.87,
          "id": 68,
          "speaker_id": "A",
          "start_time": 435.94,
          "type": {
            "main_type": "Task",
            "sub_type": "Inform"
          },
          "word_range": "ES2002d.A.words498-ES2002d.A.words507"
        },
        {
          "act": "We've got push buttons as well.",
          "end_time": 499.9,
          "id": 82,
          "speaker_id": "A",
          "start_time": 498.69,
          "type": {
            "main_type": "Task",
            "sub_type": "Inform"
          },
          "word_range": "ES2002d.A.words582-ES2002d.A.words588"
        },
        {
          "act": "Okay let's just be safe and put like say four buttons for that one.",
          "end_time": 516.02,
          "id": 84,
          "speaker_id": "A",
          "start_time": 513.03,
          "type": {
            "main_type": "Task",
            "sub_type": "Suggest"
          },
          "word_range": "ES2002d.A.words589-ES2002d.A.words603"
        },
        {
          "act": "The other thing could be that um you could take away the L_C_D_ panel and the advanced chip together,",
          "end_time": 588.29,
          "id": 95,
          "speaker_id": "A",
          "start_time": 582.78,
          "type": {
            "main_type": "Task",
            "sub_type": "Suggest"
          },
          "word_range": "ES2002d.A.words664-ES2002d.A.words683"
        },
        {
          "act": "It It needs to be more than one big button because if you open up your phone, underneath there's actually one button underneath, it's just that the panel itself is a single panel.",
          "end_time": 663.49,
          "id": 114,
          "speaker_id": "A",
          "start_time": 653.07,
          "type": {
            "main_type": "Task",
            "sub_type": "Inform"
          },
          "word_range": "ES2002d.A.words821-ES2002d.A.words857"
        },
        {
          "act": "or the colours, you could take away s colours for th for the buttons.",
          "end_time": 674.57,
          "id": 116,
          "speaker_id": "A",
          "start_time": 671.32,
          "type": {
            "main_type": "Task",
            "sub_type": "Suggest"
          },
          "word_range": "ES2002d.A.words870-ES2002d.A.words885"
        },
        {
          "act": "No can do.",
          "end_time": 673.13,
          "id": 163,
          "speaker_id": "B",
          "start_time": 672.26,
          "type": {
            "main_type": "Task",
            "sub_type": "Assess"
          },
          "word_range": "ES2002d.B.words925-ES2002d.B.words928"
        }
      ],
      "summary": "The team then looked at the production costs of the remote and had to decide which features to retain or lose in order to maintain the target cost."
    },
    {
      "extract_summ": [
        {
          "act": "No.",
          "end_time": 424.78,
          "id": 63,
          "speaker_id": "A",
          "start_time": 424.42,
          "type": {
            "main_type": "Task",
            "sub_type": "Inform"
          },
          "word_range": "ES2002d.A.words484-ES2002d.A.words485"
        },
        {
          "act": "Do we have kinetic as well?",
          "end_time": 424.94,
          "id": 86,
          "speaker_id": "B",
          "start_time": 423.2,
          "type": {
            "main_type": "Elicit",
            "sub_type": "Elicit-Inform"
          },
          "word_range": "ES2002d.B.words527-ES2002d.B.words533"
        },
        {
          "act": "And that's because of cost restraints is it?",
          "end_time": 433.02,
          "id": 90,
          "speaker_id": "B",
          "start_time": 431.02,
          "type": {
            "main_type": "Elicit",
            "sub_type": "Elicit-Inform"
          },
          "word_range": "ES2002d.B.words541-ES2002d.B.words549"
        },
        {
          "act": "Yep.",
          "end_time": 432.75,
          "id": 66,
          "speaker_id": "A",
          "start_time": 432.42,
          "type": {
            "main_type": "Task",
            "sub_type": "Inform"
          },
          "word_range": "ES2002d.A.words492-ES2002d.A.words493"
        },
        {
          "act": "I think we're gonna have to skip the rubber.",
          "end_time": 467.65,
          "id": 75,
          "speaker_id": "A",
          "start_time": 466.19,
          "type": {
            "main_type": "Task",
            "sub_type": "Inform"
          },
          "word_range": "ES2002d.A.words527-ES2002d.A.words536"
        },
        {
          "act": "Um so then these just become normal coloured buttons,",
          "end_time": 697.81,
          "id": 123,
          "speaker_id": "A",
          "start_time": 694.55,
          "type": {
            "main_type": "Task",
            "sub_type": "Inform"
          },
          "word_range": "ES2002d.A.words924-ES2002d.A.words933"
        },
        {
          "act": "And now we're under budget.",
          "end_time": 711.91,
          "id": 178,
          "speaker_id": "B",
          "start_time": 710.26,
          "type": {
            "main_type": "Task",
            "sub_type": "Inform"
          },
          "word_range": "ES2002d.B.words971-ES2002d.B.words976"
        }
      ],
      "summary": "In maintaining the target cost, the team had to lose a number of features which they originally wanted, such as a kinetic battery, an LCD display, and various color options."
    },
    {
      "extract_summ": [
        {
          "act": "I've reviewed all of the um the points of discussion from the beginning,",
          "end_time": 985.04,
          "id": 129,
          "speaker_id": "C",
          "start_time": 980.65,
          "type": {
            "main_type": "Task",
            "sub_type": "Inform"
          },
          "word_range": "ES2002d.C.words611-ES2002d.C.words624"
        },
        {
          "act": "and used that as a criteria of evaluation for the um uh for the current design uh th or the plan,",
          "end_time": 994.01,
          "id": 130,
          "speaker_id": "C",
          "start_time": 985.04,
          "type": {
            "main_type": "Task",
            "sub_type": "Inform"
          },
          "word_range": "ES2002d.C.words625-ES2002d.C.words646"
        },
        {
          "act": "So to sort of b bring together two things, sort of design goals and also the market research that we had,",
          "end_time": 1027.49,
          "id": 140,
          "speaker_id": "C",
          "start_time": 1021.99,
          "type": {
            "main_type": "Task",
            "sub_type": "Inform"
          },
          "word_range": "ES2002d.C.words739-ES2002d.C.words761"
        },
        {
          "act": "uh when we rate this, one is v high in in succeeding or fitting to our original aim and seven is low,",
          "end_time": 1033.93,
          "id": 141,
          "speaker_id": "C",
          "start_time": 1027.49,
          "type": {
            "main_type": "Task",
            "sub_type": "Inform"
          },
          "word_range": "ES2002d.C.words762-ES2002d.C.words785"
        },
        {
          "act": "and um we've been asked to uh to collectively rate this,",
          "end_time": 1040.48,
          "id": 146,
          "speaker_id": "C",
          "start_time": 1036.51,
          "type": {
            "main_type": "Task",
            "sub_type": "Inform"
          },
          "word_range": "ES2002d.C.words797-ES2002d.C.words808"
        },
        {
          "act": "So the first one uh, stylish look and feel.",
          "end_time": 1051.93,
          "id": 149,
          "speaker_id": "C",
          "start_time": 1047.88,
          "type": {
            "main_type": "Task",
            "sub_type": "Inform"
          },
          "word_range": "ES2002d.C.words834-ES2002d.C.words844"
        },
        {
          "act": "I rate that pretty highly.",
          "end_time": 1053.72,
          "id": 159,
          "speaker_id": "A",
          "start_time": 1052.71,
          "type": {
            "main_type": "Task",
            "sub_type": "Assess"
          },
          "word_range": "ES2002d.A.words1178-ES2002d.A.words1183"
        },
        {
          "act": "Okay let's go with five then.",
          "end_time": 1079.22,
          "id": 158,
          "speaker_id": "C",
          "start_time": 1078.11,
          "type": {
            "main_type": "Task",
            "sub_type": "Suggest"
          },
          "word_range": "ES2002d.C.words894-ES2002d.C.words900"
        },
        {
          "act": "Let's go with two point five then.",
          "end_time": 1098.37,
          "id": 166,
          "speaker_id": "C",
          "start_time": 1096.14,
          "type": {
            "main_type": "Task",
            "sub_type": "Suggest"
          },
          "word_range": "ES2002d.C.words926-ES2002d.C.words933"
        },
        {
          "act": "high tech innovation.",
          "end_time": 1102.17,
          "id": 169,
          "speaker_id": "C",
          "start_time": 1101.13,
          "type": {
            "main_type": "Elicit",
            "sub_type": "Elicit-Assessment"
          },
          "word_range": "ES2002d.C.words940-ES2002d.C.words943"
        },
        {
          "act": "so we've had to remove a few of our features we wanted,",
          "end_time": 1108.69,
          "id": 172,
          "speaker_id": "C",
          "start_time": 1106.0,
          "type": {
            "main_type": "Task",
            "sub_type": "Inform"
          },
          "word_range": "ES2002d.C.words951-ES2002d.C.words963"
        },
        {
          "act": "but jog-dial",
          "end_time": 1109.85,
          "id": 173,
          "speaker_id": "C",
          "start_time": 1108.69,
          "type": {
            "main_type": "Task",
            "sub_type": "Assess"
          },
          "word_range": "ES2002d.C.words964-ES2002d.C.words965"
        },
        {
          "act": "Yeah about three, okay.",
          "end_time": 1118.11,
          "id": 256,
          "speaker_id": "B",
          "start_time": 1116.9,
          "type": {
            "main_type": "Task",
            "sub_type": "Assess"
          },
          "word_range": "ES2002d.B.words1410-ES2002d.B.words1415"
        },
        {
          "act": "Style reflects a fruit inspired colour, design.",
          "end_time": 1125.88,
          "id": 178,
          "speaker_id": "C",
          "start_time": 1122.31,
          "type": {
            "main_type": "Elicit",
            "sub_type": "Elicit-Assessment"
          },
          "word_range": "ES2002d.C.words977-ES2002d.C.words985"
        },
        {
          "act": "Okay, the blue the blue colours and don't re don't actually represent the colour,",
          "end_time": 1131.5,
          "id": 173,
          "speaker_id": "A",
          "start_time": 1127.75,
          "type": {
            "main_type": "Task",
            "sub_type": "Inform"
          },
          "word_range": "ES2002d.A.words1238-ES2002d.A.words1254"
        },
        {
          "act": "the the yellow is more representative of the colour,",
          "end_time": 1139.8,
          "id": 177,
          "speaker_id": "A",
          "start_time": 1137.69,
          "type": {
            "main_type": "Task",
            "sub_type": "Inform"
          },
          "word_range": "ES2002d.A.words1274-ES2002d.A.words1283"
        },
        {
          "act": "so we'll go two.",
          "end_time": 1143.53,
          "id": 186,
          "speaker_id": "C",
          "start_time": 1142.41,
          "type": {
            "main_type": "Task",
            "sub_type": "Suggest"
          },
          "word_range": "ES2002d.C.words1013-ES2002d.C.words1017"
        },
        {
          "act": "and um design is simple to use, simple in features.",
          "end_time": 1151.5,
          "id": 189,
          "speaker_id": "C",
          "start_time": 1147.2,
          "type": {
            "main_type": "Elicit",
            "sub_type": "Elicit-Assessment"
          },
          "word_range": "ES2002d.C.words1022-ES2002d.C.words1033"
        },
        {
          "act": "I mean I'd give that nearly a one.",
          "end_time": 1155.61,
          "id": 266,
          "speaker_id": "B",
          "start_time": 1154.13,
          "type": {
            "main_type": "Task",
            "sub_type": "Assess"
          },
          "word_range": "ES2002d.B.words1454-ES2002d.B.words1462"
        },
        {
          "act": "Um, soft and spongy, have we achieved that?",
          "end_time": 1165.95,
          "id": 194,
          "speaker_id": "C",
          "start_time": 1161.86,
          "type": {
            "main_type": "Elicit",
            "sub_type": "Elicit-Assessment"
          },
          "word_range": "ES2002d.C.words1052-ES2002d.C.words1063"
        },
        {
          "act": "We've used mostly plastic in the end so it's going to be quite a bit of a compromise for price.",
          "end_time": 1172.09,
          "id": 197,
          "speaker_id": "C",
          "start_time": 1165.95,
          "type": {
            "main_type": "Task",
            "sub_type": "Inform"
          },
          "word_range": "ES2002d.C.words1064-ES2002d.C.words1084"
        },
        {
          "act": "Yeah I think it's about five.",
          "end_time": 1170.74,
          "id": 82,
          "speaker_id": "D",
          "start_time": 1169.41,
          "type": {
            "main_type": "Task",
            "sub_type": "Assess"
          },
          "word_range": "ES2002d.D.words608-ES2002d.D.words614"
        },
        {
          "act": "logo, we've got it in there, haven't we?",
          "end_time": 1192.28,
          "id": 207,
          "speaker_id": "C",
          "start_time": 1190.89,
          "type": {
            "main_type": "Elicit",
            "sub_type": "Elicit-Inform"
          },
          "word_range": "ES2002d.C.words1115-ES2002d.C.words1125"
        },
        {
          "act": "And um it's within budget, yep.",
          "end_time": 1201.45,
          "id": 209,
          "speaker_id": "C",
          "start_time": 1198.47,
          "type": {
            "main_type": "Task",
            "sub_type": "Inform"
          },
          "word_range": "ES2002d.C.words1128-ES2002d.C.words1135"
        }
      ],
      "summary": "The team then evaluated the prototype on the basis of its appearance, technological innovation, and spongy quality."
    },
    {
      "extract_summ": [
        {
          "act": "out of forty nine with with zero being the highest.",
          "end_time": 1215.23,
          "id": 212,
          "speaker_id": "C",
          "start_time": 1212.38,
          "type": {
            "main_type": "Task",
            "sub_type": "Inform"
          },
          "word_range": "ES2002d.C.words1166-ES2002d.C.words1176"
        },
        {
          "act": "We are at uh two, seven, eight, ten, fifteen point five.",
          "end_time": 1223.32,
          "id": 216,
          "speaker_id": "C",
          "start_time": 1217.75,
          "type": {
            "main_type": "Task",
            "sub_type": "Inform"
          },
          "word_range": "ES2002d.C.words1177-ES2002d.C.words1192"
        },
        {
          "act": "So it's pretty good.",
          "end_time": 1228.29,
          "id": 217,
          "speaker_id": "C",
          "start_time": 1227.03,
          "type": {
            "main_type": "Task",
            "sub_type": "Assess"
          },
          "word_range": "ES2002d.C.words1193-ES2002d.C.words1197"
        }
      ],
      "summary": "The prototype did fairly well in the evaluation."
    },
    {
      "extract_summ": [
        {
          "act": "uh well next up then, because we've done finance, is the project evaluation.",
          "end_time": 1359.09,
          "id": 301,
          "speaker_id": "B",
          "start_time": 1353.81,
          "type": {
            "main_type": "Task",
            "sub_type": "Inform"
          },
          "word_range": "ES2002d.B.words1617-ES2002d.B.words1632"
        },
        {
          "act": "Um well do you wanna um just individually say what you think about about these four points and",
          "end_time": 1410.78,
          "id": 305,
          "speaker_id": "B",
          "start_time": 1402.27,
          "type": {
            "main_type": "Task",
            "sub_type": "Suggest"
          },
          "word_range": "ES2002d.B.words1642-ES2002d.B.words1660"
        },
        {
          "act": "Well d do you feel though that that you were able to have quite a lot of creative input into the thing?",
          "end_time": 1502.86,
          "id": 320,
          "speaker_id": "B",
          "start_time": 1497.14,
          "type": {
            "main_type": "Elicit",
            "sub_type": "Elicit-Assessment"
          },
          "word_range": "ES2002d.B.words1746-ES2002d.B.words1768"
        },
        {
          "act": "Yeah, yeah",
          "end_time": 1502.83,
          "id": 272,
          "speaker_id": "C",
          "start_time": 1502.37,
          "type": {
            "main_type": "Task",
            "sub_type": "Assess"
          },
          "word_range": "ES2002d.C.words1677-ES2002d.C.words1679"
        },
        {
          "act": "it feels as though the creativity goes on when we leave, and then we come here and then we kind of put out our ideas and then, you know.",
          "end_time": 1513.12,
          "id": 275,
          "speaker_id": "C",
          "start_time": 1506.86,
          "type": {
            "main_type": "Task",
            "sub_type": "Inform"
          },
          "word_range": "ES2002d.C.words1700-ES2002d.C.words1731"
        },
        {
          "act": "But I don't I don't think it means the room as in this room.",
          "end_time": 1515.52,
          "id": 321,
          "speaker_id": "B",
          "start_time": 1512.88,
          "type": {
            "main_type": "Task",
            "sub_type": "Inform"
          },
          "word_range": "ES2002d.B.words1769-ES2002d.B.words1783"
        },
        {
          "act": "so actually the creativity was more more of like a um a f sort of a f formality then an actual",
          "end_time": 1568.9,
          "id": 290,
          "speaker_id": "C",
          "start_time": 1561.15,
          "type": {
            "main_type": "Task",
            "sub_type": "Inform"
          },
          "word_range": "ES2002d.C.words1877-ES2002d.C.words1898"
        },
        {
          "act": "We're told okay um think in terms of style and look and feel and technology, but build something for twelve and a half pounds,",
          "end_time": 1561.15,
          "id": 289,
          "speaker_id": "C",
          "start_time": 1554.05,
          "type": {
            "main_type": "Task",
            "sub_type": "Inform"
          },
          "word_range": "ES2002d.C.words1851-ES2002d.C.words1876"
        },
        {
          "act": "answering the question uh in those terms I'd say that actually there's sort of a tease of creativity",
          "end_time": 1538.77,
          "id": 285,
          "speaker_id": "C",
          "start_time": 1531.74,
          "type": {
            "main_type": "Task",
            "sub_type": "Inform"
          },
          "word_range": "ES2002d.C.words1783-ES2002d.C.words1800"
        },
        {
          "act": "I think another point is that the meetings um are more brainstorming sessions than meetings,",
          "end_time": 1601.17,
          "id": 198,
          "speaker_id": "A",
          "start_time": 1596.28,
          "type": {
            "main_type": "Task",
            "sub_type": "Inform"
          },
          "word_range": "ES2002d.A.words1420-ES2002d.A.words1435"
        },
        {
          "act": "The constraints do come in very fast.",
          "end_time": 1576.25,
          "id": 196,
          "speaker_id": "A",
          "start_time": 1574.8,
          "type": {
            "main_type": "Task",
            "sub_type": "Inform"
          },
          "word_range": "ES2002d.A.words1410-ES2002d.A.words1417"
        },
        {
          "act": "it's um it is quite a lot of fun t to go and then you have sort of hit the end then go right, gotta cut everything out 'cause we don't have enough money.",
          "end_time": 1592.87,
          "id": 95,
          "speaker_id": "D",
          "start_time": 1586.29,
          "type": {
            "main_type": "Task",
            "sub_type": "Inform"
          },
          "word_range": "ES2002d.D.words667-ES2002d.D.words702"
        },
        {
          "act": "and I think the fact that we're wearing these things restricts",
          "end_time": 1625.33,
          "id": 202,
          "speaker_id": "A",
          "start_time": 1622.06,
          "type": {
            "main_type": "Task",
            "sub_type": "Assess"
          },
          "word_range": "ES2002d.A.words1512-ES2002d.A.words1523"
        },
        {
          "act": "it it it does actually you know affect how, w whether you feel comfortable to communicate.",
          "end_time": 1635.12,
          "id": 204,
          "speaker_id": "A",
          "start_time": 1629.65,
          "type": {
            "main_type": "Task",
            "sub_type": "Inform"
          },
          "word_range": "ES2002d.A.words1543-ES2002d.A.words1560"
        },
        {
          "act": "and and the time the time given also restricts",
          "end_time": 1653.23,
          "id": 213,
          "speaker_id": "A",
          "start_time": 1649.77,
          "type": {
            "main_type": "Task",
            "sub_type": "Inform"
          },
          "word_range": "ES2002d.A.words1608-ES2002d.A.words1617"
        },
        {
          "act": "In in reality I think here the the different elements of leadership such as the the original b briefing and then the personal coach and the and then you know having having you with your the meeting agenda is actually quite a quite a quite a con confining framework to work within.",
          "end_time": 1710.93,
          "id": 321,
          "speaker_id": "C",
          "start_time": 1694.67,
          "type": {
            "main_type": "Task",
            "sub_type": "Assess"
          },
          "word_range": "ES2002d.C.words2050-ES2002d.C.words2104"
        },
        {
          "act": "And so it is leadership almost to the point of sort of disempowering the the the team member, so",
          "end_time": 1718.19,
          "id": 322,
          "speaker_id": "C",
          "start_time": 1710.93,
          "type": {
            "main_type": "Task",
            "sub_type": "Assess"
          },
          "word_range": "ES2002d.C.words2105-ES2002d.C.words2125"
        },
        {
          "act": "But it's not bad leadership, it's just sort of s fairly strong, you know.",
          "end_time": 1723.79,
          "id": 323,
          "speaker_id": "C",
          "start_time": 1719.44,
          "type": {
            "main_type": "Task",
            "sub_type": "Assess"
          },
          "word_range": "ES2002d.C.words2126-ES2002d.C.words2142"
        },
        {
          "act": "I think the interactions are very structured.",
          "end_time": 1738.7,
          "id": 218,
          "speaker_id": "A",
          "start_time": 1736.6,
          "type": {
            "main_type": "Task",
            "sub_type": "Assess"
          },
          "word_range": "ES2002d.A.words1635-ES2002d.A.words1642"
        },
        {
          "act": "So you think maybe a little too controlling or",
          "end_time": 1733.3,
          "id": 357,
          "speaker_id": "B",
          "start_time": 1730.32,
          "type": {
            "main_type": "Elicit",
            "sub_type": "Elicit-Assessment"
          },
          "word_range": "ES2002d.B.words1964-ES2002d.B.words1973"
        },
        {
          "act": "Yeah, oh yeah, without without a doubt.",
          "end_time": 1735.48,
          "id": 325,
          "speaker_id": "C",
          "start_time": 1733.44,
          "type": {
            "main_type": "Task",
            "sub_type": "Assess"
          },
          "word_range": "ES2002d.C.words2170-ES2002d.C.words2179"
        },
        {
          "act": "I don't think there's a sense of control 'cause all the decisions have been made in terms of a, like a consensus right, we go around and we think about it,",
          "end_time": 1752.21,
          "id": 220,
          "speaker_id": "A",
          "start_time": 1745.9,
          "type": {
            "main_type": "Task",
            "sub_type": "Inform"
          },
          "word_range": "ES2002d.A.words1669-ES2002d.A.words1702"
        },
        {
          "act": "uh what about teamwork?",
          "end_time": 1766.98,
          "id": 362,
          "speaker_id": "B",
          "start_time": 1765.16,
          "type": {
            "main_type": "Elicit",
            "sub_type": "Elicit-Assessment"
          },
          "word_range": "ES2002d.B.words1982-ES2002d.B.words1986"
        },
        {
          "act": "Uh, reckon that was a bit hard because we could only discuss things in the meeting.",
          "end_time": 1774.53,
          "id": 96,
          "speaker_id": "D",
          "start_time": 1770.93,
          "type": {
            "main_type": "Task",
            "sub_type": "Assess"
          },
          "word_range": "ES2002d.D.words703-ES2002d.D.words720"
        },
        {
          "act": "I think the whiteboard, for me, is the kind of thing I would use all the time,",
          "end_time": 1906.33,
          "id": 368,
          "speaker_id": "C",
          "start_time": 1902.41,
          "type": {
            "main_type": "Task",
            "sub_type": "Inform"
          },
          "word_range": "ES2002d.C.words2462-ES2002d.C.words2481"
        },
        {
          "act": "maybe just in the way that we we use it, in the sense that once we have an idea out there or while work was going on in between meetings, that could have been up on a board uh you know as opposed to in like in text.",
          "end_time": 1924.09,
          "id": 370,
          "speaker_id": "C",
          "start_time": 1911.15,
          "type": {
            "main_type": "Task",
            "sub_type": "Suggest"
          },
          "word_range": "ES2002d.C.words2498-ES2002d.C.words2548"
        },
        {
          "act": "I know that people who design cars and you know in aviation they quite often just have a simple like fibreglass prototype",
          "end_time": 1934.57,
          "id": 372,
          "speaker_id": "C",
          "start_time": 1928.54,
          "type": {
            "main_type": "Task",
            "sub_type": "Inform"
          },
          "word_range": "ES2002d.C.words2565-ES2002d.C.words2586"
        },
        {
          "act": "and it's completely you know um abs abstract from the final product, but they use it as a kind of a context to sort of walk around and puzzle and and point and discuss",
          "end_time": 1944.23,
          "id": 374,
          "speaker_id": "C",
          "start_time": 1934.57,
          "type": {
            "main_type": "Task",
            "sub_type": "Inform"
          },
          "word_range": "ES2002d.C.words2587-ES2002d.C.words2621"
        },
        {
          "act": "and in a way everybody's as we discuss things in the in theoretically and out of our notebooks,",
          "end_time": 1949.11,
          "id": 376,
          "speaker_id": "C",
          "start_time": 1944.94,
          "type": {
            "main_type": "Task",
            "sub_type": "Inform"
          },
          "word_range": "ES2002d.C.words2624-ES2002d.C.words2644"
        },
        {
          "act": "we're actually just each of us discussing something that's in each of our own minds.",
          "end_time": 1953.6,
          "id": 381,
          "speaker_id": "C",
          "start_time": 1950.15,
          "type": {
            "main_type": "Task",
            "sub_type": "Inform"
          },
          "word_range": "ES2002d.C.words2648-ES2002d.C.words2663"
        },
        {
          "act": "I think um the the focus of it a lot was the PowerPoint as opposed to the to the whiteboard,",
          "end_time": 1977.25,
          "id": 234,
          "speaker_id": "A",
          "start_time": 1972.11,
          "type": {
            "main_type": "Task",
            "sub_type": "Inform"
          },
          "word_range": "ES2002d.A.words1858-ES2002d.A.words1878"
        },
        {
          "act": "and I think that m um is also does you know hinder us and things I think.",
          "end_time": 1982.76,
          "id": 235,
          "speaker_id": "A",
          "start_time": 1977.25,
          "type": {
            "main_type": "Task",
            "sub_type": "Assess"
          },
          "word_range": "ES2002d.A.words1879-ES2002d.A.words1896"
        },
        {
          "act": "And a lot of the information on the PowerPoints, I don't think, you know, we needed to actually it could have, we could have gone through it verbally,",
          "end_time": 2023.83,
          "id": 241,
          "speaker_id": "A",
          "start_time": 2016.98,
          "type": {
            "main_type": "Task",
            "sub_type": "Assess"
          },
          "word_range": "ES2002d.A.words1961-ES2002d.A.words1995"
        },
        {
          "act": "What about the digital pens, did you find them easy enough to use?",
          "end_time": 2031.96,
          "id": 399,
          "speaker_id": "B",
          "start_time": 2028.23,
          "type": {
            "main_type": "Elicit",
            "sub_type": "Elicit-Assessment"
          },
          "word_range": "ES2002d.B.words2179-ES2002d.B.words2193"
        },
        {
          "act": "Oh they're a bit clunky.",
          "end_time": 2033.63,
          "id": 100,
          "speaker_id": "D",
          "start_time": 2032.68,
          "type": {
            "main_type": "Task",
            "sub_type": "Assess"
          },
          "word_range": "ES2002d.D.words753-ES2002d.D.words758"
        },
        {
          "act": "Having to tick it before you go off was a bit hindering as well,",
          "end_time": 2046.51,
          "id": 248,
          "speaker_id": "A",
          "start_time": 2043.48,
          "type": {
            "main_type": "Task",
            "sub_type": "Assess"
          },
          "word_range": "ES2002d.A.words2023-ES2002d.A.words2037"
        },
        {
          "act": "But I think the pen is v is very intuitive,",
          "end_time": 2068.72,
          "id": 250,
          "speaker_id": "A",
          "start_time": 2066.76,
          "type": {
            "main_type": "Task",
            "sub_type": "Inform"
          },
          "word_range": "ES2002d.A.words2060-ES2002d.A.words2070"
        },
        {
          "act": "So I think the pen's good.",
          "end_time": 2073.11,
          "id": 253,
          "speaker_id": "A",
          "start_time": 2071.05,
          "type": {
            "main_type": "Task",
            "sub_type": "Assess"
          },
          "word_range": "ES2002d.A.words2085-ES2002d.A.words2091"
        },
        {
          "act": "And o on the topic of the technology, it just occurred to me that we actually didn't need to move our computers because each computer has all of the files.",
          "end_time": 2081.55,
          "id": 417,
          "speaker_id": "C",
          "start_time": 2074.39,
          "type": {
            "main_type": "Task",
            "sub_type": "Inform"
          },
          "word_range": "ES2002d.C.words2859-ES2002d.C.words2890"
        },
        {
          "act": "We only actually needed one computer.",
          "end_time": 2086.29,
          "id": 419,
          "speaker_id": "C",
          "start_time": 2084.9,
          "type": {
            "main_type": "Task",
            "sub_type": "Inform"
          },
          "word_range": "ES2002d.C.words2900-ES2002d.C.words2906"
        },
        {
          "act": "And the computer may not um be conducive to a meeting because um you tend to look at your computer and wanna have the urge to check something, you know,",
          "end_time": 2100.44,
          "id": 257,
          "speaker_id": "A",
          "start_time": 2090.04,
          "type": {
            "main_type": "Task",
            "sub_type": "Inform"
          },
          "word_range": "ES2002d.A.words2107-ES2002d.A.words2138"
        },
        {
          "act": "well you know it's kind of s hard to keep f working forward on a team a team based project when when you're told you must now work away from your team.",
          "end_time": 2175.15,
          "id": 434,
          "speaker_id": "C",
          "start_time": 2163.58,
          "type": {
            "main_type": "Task",
            "sub_type": "Assess"
          },
          "word_range": "ES2002d.C.words2996-ES2002d.C.words3028"
        },
        {
          "act": ", the w main one for me is that uh the process na in a natural f context would not have been interrupted by this necessity to discommunicate ourselves from each other.",
          "end_time": 2159.9,
          "id": 430,
          "speaker_id": "C",
          "start_time": 2145.42,
          "type": {
            "main_type": "Task",
            "sub_type": "Assess"
          },
          "word_range": "ES2002d.C.words2945-ES2002d.C.words2977"
        },
        {
          "act": "I think it was quite good that we had time limits on the meetings because they really could have run on",
          "end_time": 2181.5,
          "id": 436,
          "speaker_id": "B",
          "start_time": 2177.03,
          "type": {
            "main_type": "Task",
            "sub_type": "Assess"
          },
          "word_range": "ES2002d.B.words2436-ES2002d.B.words2456"
        },
        {
          "act": "I really thi i I think maybe if we'd like all been working in the one room,",
          "end_time": 2200.72,
          "id": 441,
          "speaker_id": "B",
          "start_time": 2197.64,
          "type": {
            "main_type": "Task",
            "sub_type": "Assess"
          },
          "word_range": "ES2002d.B.words2514-ES2002d.B.words2531"
        },
        {
          "act": "and they just said you know like every hour or something everybody make sure yo you know just have a have a short meeting and then just c",
          "end_time": 2209.34,
          "id": 442,
          "speaker_id": "B",
          "start_time": 2200.72,
          "type": {
            "main_type": "Task",
            "sub_type": "Assess"
          },
          "word_range": "ES2002d.B.words2532-ES2002d.B.words2559"
        },
        {
          "act": "Oh, I did learn something new, Play-Doh is useful.",
          "end_time": 2293.9,
          "id": 275,
          "speaker_id": "A",
          "start_time": 2290.32,
          "type": {
            "main_type": "Task",
            "sub_type": "Inform"
          },
          "word_range": "ES2002d.A.words2231-ES2002d.A.words2242"
        },
        {
          "act": "It is useful and in in in in in in in um conceptualizing, in being creative.",
          "end_time": 2300.28,
          "id": 277,
          "speaker_id": "A",
          "start_time": 2294.6,
          "type": {
            "main_type": "Task",
            "sub_type": "Inform"
          },
          "word_range": "ES2002d.A.words2249-ES2002d.A.words2266"
        },
        {
          "act": "Like we were playing with the Play-Doh and the ideas came with the Play-Doh rather than with everything else.",
          "end_time": 2309.24,
          "id": 279,
          "speaker_id": "A",
          "start_time": 2304.31,
          "type": {
            "main_type": "Task",
            "sub_type": "Inform"
          },
          "word_range": "ES2002d.A.words2290-ES2002d.A.words2309"
        },
        {
          "act": "It becomes tangible.",
          "end_time": 2357.15,
          "id": 293,
          "speaker_id": "A",
          "start_time": 2355.94,
          "type": {
            "main_type": "Task",
            "sub_type": "Inform"
          },
          "word_range": "ES2002d.A.words2453-ES2002d.A.words2456"
        }
      ],
      "summary": "The team then conducted an evaluation of the project process."
    },
    {
      "extract_summ": [
        {
          "act": "answering the question uh in those terms I'd say that actually there's sort of a tease of creativity",
          "end_time": 1538.77,
          "id": 285,
          "speaker_id": "C",
          "start_time": 1531.74,
          "type": {
            "main_type": "Task",
            "sub_type": "Inform"
          },
          "word_range": "ES2002d.C.words1783-ES2002d.C.words1800"
        },
        {
          "act": "We're told okay um think in terms of style and look and feel and technology, but build something for twelve and a half pounds,",
          "end_time": 1561.15,
          "id": 289,
          "speaker_id": "C",
          "start_time": 1554.05,
          "type": {
            "main_type": "Task",
            "sub_type": "Inform"
          },
          "word_range": "ES2002d.C.words1851-ES2002d.C.words1876"
        },
        {
          "act": "so actually the creativity was more more of like a um a f sort of a f formality then an actual",
          "end_time": 1568.9,
          "id": 290,
          "speaker_id": "C",
          "start_time": 1561.15,
          "type": {
            "main_type": "Task",
            "sub_type": "Inform"
          },
          "word_range": "ES2002d.C.words1877-ES2002d.C.words1898"
        },
        {
          "act": "The constraints do come in very fast.",
          "end_time": 1576.25,
          "id": 196,
          "speaker_id": "A",
          "start_time": 1574.8,
          "type": {
            "main_type": "Task",
            "sub_type": "Inform"
          },
          "word_range": "ES2002d.A.words1410-ES2002d.A.words1417"
        },
        {
          "act": "it's um it is quite a lot of fun t to go and then you have sort of hit the end then go right, gotta cut everything out 'cause we don't have enough money.",
          "end_time": 1592.87,
          "id": 95,
          "speaker_id": "D",
          "start_time": 1586.29,
          "type": {
            "main_type": "Task",
            "sub_type": "Inform"
          },
          "word_range": "ES2002d.D.words667-ES2002d.D.words702"
        },
        {
          "act": "Uh, reckon that was a bit hard because we could only discuss things in the meeting.",
          "end_time": 1774.53,
          "id": 96,
          "speaker_id": "D",
          "start_time": 1770.93,
          "type": {
            "main_type": "Task",
            "sub_type": "Assess"
          },
          "word_range": "ES2002d.D.words703-ES2002d.D.words720"
        },
        {
          "act": "If we could just go up to somebody outside the meeting and have a quick talk with them, that would've been a lot easier.",
          "end_time": 1779.1,
          "id": 97,
          "speaker_id": "D",
          "start_time": 1775.97,
          "type": {
            "main_type": "Task",
            "sub_type": "Assess"
          },
          "word_range": "ES2002d.D.words721-ES2002d.D.words746"
        },
        {
          "act": "I think the tools that they were given, the tool set that were given to us are fancy but they don't support collaboration, I think that's the word.",
          "end_time": 1820.36,
          "id": 228,
          "speaker_id": "A",
          "start_time": 1813.99,
          "type": {
            "main_type": "Task",
            "sub_type": "Inform"
          },
          "word_range": "ES2002d.A.words1799-ES2002d.A.words1829"
        },
        {
          "act": "I mean sort of taking upon that idea, w the way I see this i is that it's uh the the s the structure in which we've we've approached this whole task is quite contrary to the p principle of teamwork",
          "end_time": 1838.43,
          "id": 356,
          "speaker_id": "C",
          "start_time": 1825.89,
          "type": {
            "main_type": "Task",
            "sub_type": "Assess"
          },
          "word_range": "ES2002d.C.words2269-ES2002d.C.words2310"
        },
        {
          "act": "because the the tasks were d d sort of um divided, and then the work went on in isolation",
          "end_time": 1846.89,
          "id": 357,
          "speaker_id": "C",
          "start_time": 1838.43,
          "type": {
            "main_type": "Task",
            "sub_type": "Inform"
          },
          "word_range": "ES2002d.C.words2311-ES2002d.C.words2330"
        },
        {
          "act": ", the w main one for me is that uh the process na in a natural f context would not have been interrupted by this necessity to discommunicate ourselves from each other.",
          "end_time": 2159.9,
          "id": 430,
          "speaker_id": "C",
          "start_time": 2145.42,
          "type": {
            "main_type": "Task",
            "sub_type": "Assess"
          },
          "word_range": "ES2002d.C.words2945-ES2002d.C.words2977"
        },
        {
          "act": "well you know it's kind of s hard to keep f working forward on a team a team based project when when you're told you must now work away from your team.",
          "end_time": 2175.15,
          "id": 434,
          "speaker_id": "C",
          "start_time": 2163.58,
          "type": {
            "main_type": "Task",
            "sub_type": "Assess"
          },
          "word_range": "ES2002d.C.words2996-ES2002d.C.words3028"
        },
        {
          "act": "I really thi i I think maybe if we'd like all been working in the one room,",
          "end_time": 2200.72,
          "id": 441,
          "speaker_id": "B",
          "start_time": 2197.64,
          "type": {
            "main_type": "Task",
            "sub_type": "Assess"
          },
          "word_range": "ES2002d.B.words2514-ES2002d.B.words2531"
        },
        {
          "act": "and they just said you know like every hour or something everybody make sure yo you know just have a have a short meeting and then just c",
          "end_time": 2209.34,
          "id": 442,
          "speaker_id": "B",
          "start_time": 2200.72,
          "type": {
            "main_type": "Task",
            "sub_type": "Assess"
          },
          "word_range": "ES2002d.B.words2532-ES2002d.B.words2559"
        }
      ],
      "summary": "The team felt that their creativity was hindered by the project budget and their inability to discuss the project outside of their meetings and that the structure of the task did not foster teamwork."
    }
  ],
  "actions": [
    {
      "extract_summ": [],
      "summary": "*NA*"
    }
  ],
  "decisions": [
    {
      "extract_summ": [
        {
          "act": "No.",
          "end_time": 424.78,
          "id": 63,
          "speaker_id": "A",
          "start_time": 424.42,
          "type": {
            "main_type": "Task",
            "sub_type": "Inform"
          },
          "word_range": "ES2002d.A.words484-ES2002d.A.words485"
        },
        {
          "act": "Do we have kinetic as well?",
          "end_time": 424.94,
          "id": 86,
          "speaker_id": "B",
          "start_time": 423.2,
          "type": {
            "main_type": "Elicit",
            "sub_type": "Elicit-Inform"
          },
          "word_range": "ES2002d.B.words527-ES2002d.B.words533"
        },
        {
          "act": "And that's because of cost restraints is it?",
          "end_time": 433.02,
          "id": 90,
          "speaker_id": "B",
          "start_time": 431.02,
          "type": {
            "main_type": "Elicit",
            "sub_type": "Elicit-Inform"
          },
          "word_range": "ES2002d.B.words541-ES2002d.B.words549"
        },
        {
          "act": "Yep.",
          "end_time": 432.75,
          "id": 66,
          "speaker_id": "A",
          "start_time": 432.42,
          "type": {
            "main_type": "Task",
            "sub_type": "Inform"
          },
          "word_range": "ES2002d.A.words492-ES2002d.A.words493"
        }
      ],
      "summary": "The remote will not contain a kinetic battery."
    },
    {
      "extract_summ": [
        {
          "act": "The other thing could be that um you could take away the L_C_D_ panel and the advanced chip together,",
          "end_time": 588.29,
          "id": 95,
          "speaker_id": "A",
          "start_time": 582.78,
          "type": {
            "main_type": "Task",
            "sub_type": "Suggest"
          },
          "word_range": "ES2002d.A.words664-ES2002d.A.words683"
        }
      ],
      "summary": "The remote will have a regular chip."
    },
    {
      "extract_summ": [
        {
          "act": "So we want double-curved?",
          "end_time": 458.53,
          "id": 96,
          "speaker_id": "B",
          "start_time": 456.85,
          "type": {
            "main_type": "Elicit",
            "sub_type": "Elicit-Inform"
          },
          "word_range": "ES2002d.B.words579-ES2002d.B.words583"
        }
      ],
      "summary": "The case will be double-curved."
    },
    {
      "extract_summ": [
        {
          "act": "We've got push buttons as well.",
          "end_time": 499.9,
          "id": 82,
          "speaker_id": "A",
          "start_time": 498.69,
          "type": {
            "main_type": "Task",
            "sub_type": "Inform"
          },
          "word_range": "ES2002d.A.words582-ES2002d.A.words588"
        }
      ],
      "summary": "The remote will have push buttons."
    },
    {
      "extract_summ": [
        {
          "act": "The other thing could be that um you could take away the L_C_D_ panel and the advanced chip together,",
          "end_time": 588.29,
          "id": 95,
          "speaker_id": "A",
          "start_time": 582.78,
          "type": {
            "main_type": "Task",
            "sub_type": "Suggest"
          },
          "word_range": "ES2002d.A.words664-ES2002d.A.words683"
        }
      ],
      "summary": "The remote will not feature an LCD display."
    },
    {
      "extract_summ": [
        {
          "act": "so when we scroll we need just some way to get the T_V_ to respond,",
          "end_time": 603.3,
          "id": 100,
          "speaker_id": "A",
          "start_time": 599.53,
          "type": {
            "main_type": "Task",
            "sub_type": "Inform"
          },
          "word_range": "ES2002d.A.words722-ES2002d.A.words737"
        }
      ],
      "summary": "The display will be on the television instead of on the remote."
    },
    {
      "extract_summ": [
        {
          "act": "Um so then these just become normal coloured buttons,",
          "end_time": 697.81,
          "id": 123,
          "speaker_id": "A",
          "start_time": 694.55,
          "type": {
            "main_type": "Task",
            "sub_type": "Inform"
          },
          "word_range": "ES2002d.A.words924-ES2002d.A.words933"
        }
      ],
      "summary": "The buttons will be normal colored."
    },
    {
      "extract_summ": [
        {
          "act": "Square buttons?",
          "end_time": 883.29,
          "id": 102,
          "speaker_id": "C",
          "start_time": 882.37,
          "type": {
            "main_type": "Elicit",
            "sub_type": "Elicit-Assessment"
          },
          "word_range": "ES2002d.C.words468-ES2002d.C.words470"
        },
        {
          "act": "Yeah",
          "end_time": 883.48,
          "id": 146,
          "speaker_id": "A",
          "start_time": 883.33,
          "type": {
            "main_type": "Task",
            "sub_type": "Assess"
          },
          "word_range": "ES2002d.A.words1085-ES2002d.A.words1085"
        }
      ],
      "summary": "The remote will have square buttons."
    }
  ],
  "problems": [
    {
      "extract_summ": [
        {
          "act": "So we're w w quite far over.",
          "end_time": 549.08,
          "id": 128,
          "speaker_id": "B",
          "start_time": 545.54,
          "type": {
            "main_type": "Task",
            "sub_type": "Inform"
          },
          "word_range": "ES2002d.B.words742-ES2002d.B.words749"
        },
        {
          "act": "something's gonna have to go.",
          "end_time": 551.27,
          "id": 130,
          "speaker_id": "B",
          "start_time": 549.55,
          "type": {
            "main_type": "Task",
            "sub_type": "Inform"
          },
          "word_range": "ES2002d.B.words754-ES2002d.B.words759"
        },
        {
          "act": "Um we're at sixteen point eight and",
          "end_time": 555.06,
          "id": 131,
          "speaker_id": "B",
          "start_time": 551.27,
          "type": {
            "main_type": "Task",
            "sub_type": "Inform"
          },
          "word_range": "ES2002d.B.words760-ES2002d.B.words767"
        }
      ],
      "summary": "Meeting the target cost."
    }
  ]
}