[
  {
    "acts": [
      {
        "act": "Okay we all all set? Right. Well this is the uh final detailed design meeting. Um we're gonna discuss the look and feel design, the user interface design, and we're gonna evaluate the product. And the end result of this meeting has to be a decision on the details of this remote control, like absolute final decision, um and then I'm gonna have to specify the final design in the final report. So um just from from last time to recap, we said we were gonna have a snowman shaped remote control with no L_C_D_ display, no need for talk-back, it was hopefully gonna be kinetic power and battery uh with rubber buttons, maybe backlighting the buttons with some internal L_E_D_s to shine through the casing, um hopefully a jog-dial, and incorporating the slogan somewhere as well. Anything I've missed? Okay um so uh if you want to present your prototype go ahead.",
        "end_time": 68.34,
        "start_time": 2.41
      }
    ],
    "other_description": null,
    "topic": "opening"
  },
  {
    "acts": [
      {
        "act": "No.",
        "end_time": 59.39,
        "start_time": 59.26
      },
      {
        "act": "Uh-oh. This is it? Um, there are a few changes we've made. Um, well look at the expense sheet, and uh it turned to be quite a lot expensive to have open up and have lots of buttons and stuff inside, so instead we've um this is gonna be an L_C_D_ screen, um just a a very very basic one, very small um with access to the menu through the the scroll wheel and uh confirm",
        "end_time": 95.42,
        "start_time": 70.11
      },
      {
        "act": "Ninja Homer, made in Japan.",
        "end_time": 73.91,
        "start_time": 71.75
      },
      {
        "act": "Okay. Mm. Mm-hmm.",
        "end_time": 85.28,
        "start_time": 76.93
      },
      {
        "act": "um button. Uh, apart from that, it's just pretty much the same as we discussed last time.",
        "end_time": 101.71,
        "start_time": 96.64
      },
      {
        "act": "Mm 'kay.",
        "end_time": 98.75,
        "start_time": 98.46
      },
      {
        "act": "And there isn't uh d it doesn't open up to the advanced functions? So the advanced functions are still hidden from you, but they're hidden in the sense that um they're not in use.",
        "end_time": 111.34,
        "start_time": 101.92
      },
      {
        "act": "Where are they?",
        "end_time": 112.25,
        "start_time": 111.8
      },
      {
        "act": "Um they're in the L_C_D_ panel and the jog-dial? Okay 'cause",
        "end_time": 116.39,
        "start_time": 112.76
      },
      {
        "act": "Ah, right. Great.",
        "end_time": 116.18,
        "start_time": 114.85
      },
      {
        "act": "So w what kind of thing uh is gonna be",
        "end_time": 118.13,
        "start_time": 116.08
      },
      {
        "act": "The L_C_D_ panel just displays um functionally what you're doing. If you're using an advanced function right, like um c brightness, contrast, whatever, it will just say You know it's like it only has four columns, it's a very simple L_C_D_ like, whereas many the minimum amount we need that the user will automatically know like this is brightness or this is contrast.",
        "end_time": 136.6,
        "start_time": 118.1
      },
      {
        "act": "Right. Okay. Right.",
        "end_time": 131.67,
        "start_time": 121.54
      },
      {
        "act": "Mm-hmm. Okay cool.",
        "end_time": 138.22,
        "start_time": 136.58
      },
      {
        "act": "Right, 'kay.",
        "end_time": 138.6,
        "start_time": 136.76
      },
      {
        "act": "It might even be one, a bit more complex L_C_D_ panel with pictures like maybe the sun or the, you know, the the symbols of the various functions.",
        "end_time": 146.65,
        "start_time": 137.92
      },
      {
        "act": "Okay. Mm-hmm, and what is this here?",
        "end_time": 148.12,
        "start_time": 140.72
      },
      {
        "act": "Oh right okay. Cool.",
        "end_time": 147.82,
        "start_time": 146.11
      },
      {
        "act": "That's a number pad.",
        "end_time": 149.72,
        "start_time": 148.82
      },
      {
        "act": "Okay so the number pad is 'Kay, great.",
        "end_time": 152.42,
        "start_time": 149.7
      },
      {
        "act": "Where are we gonna have the slogan?",
        "end_time": 153.45,
        "start_time": 151.6
      },
      {
        "act": "Um they're al along this Yeah.",
        "end_time": 156.79,
        "start_time": 154.18
      },
      {
        "act": "You know, just like right inside there.",
        "end_time": 156.65,
        "start_time": 154.79
      },
      {
        "act": "Okay cool.",
        "end_time": 158.43,
        "start_time": 157.49
      },
      {
        "act": "You have this space here, and then you have this thing on the side as well, or at the bottom.",
        "end_time": 162.78,
        "start_time": 158.4
      },
      {
        "act": "Okay.",
        "end_time": 164.75,
        "start_time": 164.1
      },
      {
        "act": "'Cause slogans are usually quite small, right, they're not like huge so they're s",
        "end_time": 169.25,
        "start_time": 164.2
      },
      {
        "act": "Mm. Yep.",
        "end_time": 168.97,
        "start_time": 166.39
      },
      {
        "act": "Say a button's about say a button's about this size, right, so you would still have plenty of space for a slogan, say even for that.",
        "end_time": 176.85,
        "start_time": 170.71
      },
      {
        "act": "Okay.",
        "end_time": 171.71,
        "start_time": 170.93
      },
      {
        "act": "Looks good. Yep. Mm-hmm.",
        "end_time": 176.54,
        "start_time": 171.02
      },
      {
        "act": "So if this isn't to scale, what kind of dimensions are you thinking about here?",
        "end_time": 181.76,
        "start_time": 176.44
      },
      {
        "act": "Well we want the other buttons to be big enough to push easily with a finger so we reckon maybe that'll be about the same size as the palm of your hand.",
        "end_time": 190.84,
        "start_time": 182.85
      },
      {
        "act": "Mm-hmm.",
        "end_time": 186.12,
        "start_time": 185.42
      },
      {
        "act": "Okay.",
        "end_time": 189.77,
        "start_time": 189.4
      },
      {
        "act": "Yep so that would be about a centimetre for a button, so one two three four centimetres. Plus maybe half o five",
        "end_time": 201.96,
        "start_time": 190.39
      },
      {
        "act": "Mm-hmm. About nine in total.",
        "end_time": 203.52,
        "start_time": 200.85
      },
      {
        "act": "six seven eight, about yeah nine total.",
        "end_time": 206.43,
        "start_time": 202.92
      },
      {
        "act": "Six, seven, eight, nine, ten. So we're talking about ten centimetres. That would be good. So ten centimetres in height. Okay um.",
        "end_time": 215.01,
        "start_time": 203.12
      },
      {
        "act": "That sounds good. Yeah. Yep.",
        "end_time": 208.89,
        "start_time": 205.99
      },
      {
        "act": "Nine, ten. Yep.",
        "end_time": 211.71,
        "start_time": 209.73
      },
      {
        "act": "That'd be good, in fact a pen is about ten centimetres usually, so that would be that sounds like a really good size, if you see it there.",
        "end_time": 222.09,
        "start_time": 215.19
      },
      {
        "act": "Yeah. That's great and it's very bright as well. So um okay.",
        "end_time": 226.35,
        "start_time": 220.61
      },
      {
        "act": "Mm. Is it possible uh I'm just gonna bring up the idea of colours. Is these are these the colours that of production, or is this just what we had available?",
        "end_time": 234.3,
        "start_time": 224.24
      },
      {
        "act": "Well I'm We're gonna have again the the sort of the foggy um yellow from last time that lit up when you pushed the button.",
        "end_time": 240.07,
        "start_time": 232.43
      },
      {
        "act": "Right.",
        "end_time": 240.47,
        "start_time": 240.24
      },
      {
        "act": "Um",
        "end_time": 242.6,
        "start_time": 240.86
      },
      {
        "act": "Okay so just could you just list all the things that it does s so I can write them in the report.",
        "end_time": 246.4,
        "start_time": 240.91
      },
      {
        "act": "But um this button um, because it's red it's sort of very prominent, we're gonna use it as uh it can be the power button if you hold it for maybe two seconds it'll send a stand-by signal. Um apart from that it's gonna be used as a confirm button for the L_C_D_ screen and you use this as a jog-dial.",
        "end_time": 264.13,
        "start_time": 245.88
      },
      {
        "act": "Excuse me.",
        "end_time": 259.83,
        "start_time": 259.32
      },
      {
        "act": "Mm-hmm.",
        "end_time": 256.62,
        "start_time": 256.26
      },
      {
        "act": "Sure.",
        "end_time": 260.12,
        "start_time": 259.89
      },
      {
        "act": "Okay. Okay so that's like an okay button, right.",
        "end_time": 267.02,
        "start_time": 262.0
      },
      {
        "act": "Mm-hmm.",
        "end_time": 267.75,
        "start_time": 267.49
      },
      {
        "act": "Oh we've discussed how h high it is, but how wide is it?",
        "end_time": 270.92,
        "start_time": 268.09
      },
      {
        "act": "I don't know.",
        "end_time": 269.26,
        "start_time": 268.67
      },
      {
        "act": "Okay.",
        "end_time": 273.96,
        "start_time": 272.68
      },
      {
        "act": "How high is it?",
        "end_time": 273.83,
        "start_time": 273.12
      },
      {
        "act": "No as in the height, but what about the width?",
        "end_time": 276.91,
        "start_time": 274.02
      },
      {
        "act": "Yeah.",
        "end_time": 275.54,
        "start_time": 275.28
      },
      {
        "act": "Didn't put five centimetres.",
        "end_time": 278.72,
        "start_time": 277.25
      },
      {
        "act": "Oh oh like depth of the actual thing.",
        "end_time": 279.61,
        "start_time": 277.35
      },
      {
        "act": "Do we need five? I don't think five is be about th three and a half.",
        "end_time": 282.33,
        "start_time": 279.14
      },
      {
        "act": "Um.",
        "end_time": 280.87,
        "start_time": 280.24
      },
      {
        "act": "Okay.",
        "end_time": 283.45,
        "start_time": 283.11
      },
      {
        "act": "Something by there.",
        "end_time": 284.83,
        "start_time": 284.26
      },
      {
        "act": "Oh is this k to get an idea of scale from your from your thing there okay. So you can power on and off, what else can you do?",
        "end_time": 291.49,
        "start_time": 284.28
      },
      {
        "act": "Yeah, yeah.",
        "end_time": 287.92,
        "start_time": 285.93
      },
      {
        "act": "Sure. Three and a half.",
        "end_time": 291.09,
        "start_time": 286.77
      },
      {
        "act": "Um you can skip straight to a channel using these buttons.",
        "end_time": 294.51,
        "start_time": 291.94
      },
      {
        "act": "Okay.",
        "end_time": 295.19,
        "start_time": 294.34
      },
      {
        "act": "Um, were gonna have the volume control here, but um because we've got the the L_C_D_ and the jog-dial we just thought we'd um use that as the volume.",
        "end_time": 307.61,
        "start_time": 300.99
      },
      {
        "act": "Okay jog-dial for volume. And what else do you do with the jog-dial?",
        "end_time": 313.57,
        "start_time": 308.08
      },
      {
        "act": "Mm-hmm.",
        "end_time": 312.69,
        "start_time": 312.12
      },
      {
        "act": "Um you can use it for um more advanced functions like contrast, colour and",
        "end_time": 318.23,
        "start_time": 314.2
      },
      {
        "act": "Contrast, brightness, yeah, and anything else?",
        "end_time": 324.19,
        "start_time": 318.84
      },
      {
        "act": "Um yeah. Um just whatever else we wanted to include as the advanced functions, um we didn't actually go through and specify the",
        "end_time": 329.95,
        "start_time": 320.89
      },
      {
        "act": "Well of the designers what are they?",
        "end_time": 332.89,
        "start_time": 330.57
      },
      {
        "act": "Uh what can a T_V_ do?",
        "end_time": 334.97,
        "start_time": 332.96
      },
      {
        "act": "Okay things like um brightness, contrast, um maybe tuning the channels.",
        "end_time": 341.61,
        "start_time": 335.83
      },
      {
        "act": "Uh-huh. Okay channel tuning. That's a good one.",
        "end_time": 344.4,
        "start_time": 338.31
      },
      {
        "act": "Um. What else? Um the various inputs. Are you having a V_C_R_, are you having you know which input do you have?",
        "end_time": 349.36,
        "start_time": 342.9
      },
      {
        "act": "Mm-hmm, mm-hmm.",
        "end_time": 348.29,
        "start_time": 347.41
      },
      {
        "act": "Okay auxiliary inputs.",
        "end_time": 351.43,
        "start_time": 349.43
      },
      {
        "act": "Mm-hmm, probably colour or sharpness.",
        "end_time": 352.13,
        "start_time": 350.26
      },
      {
        "act": "Um. Yep, colour, sharpness. Um a lot of these things will have to be um free and open for users to define them.",
        "end_time": 359.87,
        "start_time": 350.88
      },
      {
        "act": "Sharpness.",
        "end_time": 355.66,
        "start_time": 354.57
      },
      {
        "act": "Mm-hmm.",
        "end_time": 360.3,
        "start_time": 360.06
      },
      {
        "act": "Okay what about uh sound settings? Uh d can you change any of those at all?",
        "end_time": 364.65,
        "start_time": 360.15
      },
      {
        "act": "Audio.",
        "end_time": 365.02,
        "start_time": 364.63
      },
      {
        "act": "Audio, we have like your basic y your base, your mid-range, your high range.",
        "end_time": 370.05,
        "start_time": 365.19
      },
      {
        "act": "Um. the the balance hmm.",
        "end_time": 373.22,
        "start_time": 366.83
      },
      {
        "act": "Um. Yep, left-right balance, um maybe even pre-programmed sound modes, like um the user could determine like a series of sound modes, and then what could happen would be um when you click on that then it would go to that setting.",
        "end_time": 388.33,
        "start_time": 371.3
      },
      {
        "act": "Okay.",
        "end_time": 379.08,
        "start_time": 378.48
      },
      {
        "act": "Mm-hmm.",
        "end_time": 384.11,
        "start_time": 383.86
      },
      {
        "act": "Okay, is there anything else at all it can do?",
        "end_time": 391.75,
        "start_time": 388.79
      },
      {
        "act": "Mm 'kay.",
        "end_time": 389.27,
        "start_time": 388.95
      },
      {
        "act": "Yeah.",
        "end_time": 389.96,
        "start_time": 389.74
      },
      {
        "act": "That 'cause that's that's fine. Just need to know so I can write it down. Okay um right I g I guess that's it,",
        "end_time": 402.02,
        "start_time": 393.44
      }
    ],
    "other_description": "presentation of prototype",
    "topic": "other"
  },
  {
    "acts": [],
    "other_description": "evaluation of prototype",
    "topic": "other"
  },
  {
    "acts": [
      {
        "act": "Um right, uh well next up then, because we've done finance, is the project evaluation.",
        "end_time": 1359.09,
        "start_time": 1352.28
      },
      {
        "act": "'Kay I'm I'm listening I'm just trying to incorporate the logo into the the thing, so I'm playing with the Play-Doh as well.",
        "end_time": 1366.16,
        "start_time": 1360.78
      },
      {
        "act": "Oh right, okay.",
        "end_time": 1364.64,
        "start_time": 1363.83
      },
      {
        "act": "Just in case you're wondering, why is he still playing with the Play-Doh?",
        "end_time": 1370.3,
        "start_time": 1367.38
      },
      {
        "act": "Huh.",
        "end_time": 1368.92,
        "start_time": 1368.76
      },
      {
        "act": "Just about right L_E_G_O_ Lego.",
        "end_time": 1394.51,
        "start_time": 1387.48
      },
      {
        "act": "My leg.",
        "end_time": 1392.2,
        "start_time": 1390.63
      },
      {
        "act": "Right, okay. Um well do you wanna um just individually say what you think about about these four points and or not those four points, my four points, sorry, forgotten that. You got a different uh",
        "end_time": 1417.99,
        "start_time": 1400.52
      },
      {
        "act": "Yep. I like those printer cables that just have the two little butterfly clips like that. It's really quick.",
        "end_time": 1438.96,
        "start_time": 1430.12
      },
      {
        "act": "Oh yeah, they're good aren't they, yeah.",
        "end_time": 1440.02,
        "start_time": 1437.48
      }
    ],
    "other_description": "evaluation of project",
    "topic": "other"
  },
  {
    "acts": [
      {
        "act": "Um so in closing, I haven't got my five minutes to go. Thin Oh there it i Five minutes to go. Wonderful. Okay um are the costs within the budget, yes they are. And is the project evaluated, yes it is. So now celebrate.",
        "end_time": 2234.28,
        "start_time": 2219.12
      },
      {
        "act": "Great. So it",
        "end_time": 2236.09,
        "start_time": 2234.59
      },
      {
        "act": "And we have Ninja Homer.",
        "end_time": 2236.81,
        "start_time": 2235.62
      },
      {
        "act": "So now we",
        "end_time": 2237.91,
        "start_time": 2237.21
      },
      {
        "act": "Oh yeah.",
        "end_time": 2237.95,
        "start_time": 2237.59
      },
      {
        "act": "Well apparently now I write the final report. What are you guys doing now?",
        "end_time": 2241.73,
        "start_time": 2238.85
      },
      {
        "act": "Do we know what the other ones are?",
        "end_time": 2241.45,
        "start_time": 2240.59
      },
      {
        "act": "I I don't know.",
        "end_time": 2242.88,
        "start_time": 2242.0
      },
      {
        "act": "You dunno?",
        "end_time": 2243.56,
        "start_time": 2243.01
      },
      {
        "act": "Oh wow.",
        "end_time": 2245.22,
        "start_time": 2243.24
      },
      {
        "act": "Hmm.",
        "end_time": 2244.84,
        "start_time": 2244.67
      },
      {
        "act": "That is lovely.",
        "end_time": 2247.73,
        "start_time": 2245.72
      },
      {
        "act": "Hey yeah, I said Ninja Homer.",
        "end_time": 2250.11,
        "start_time": 2247.22
      },
      {
        "act": "What did you call it?",
        "end_time": 2250.62,
        "start_time": 2249.94
      },
      {
        "act": "Ninja Homer. See it looks like Homer Simpson",
        "end_time": 2253.9,
        "start_time": 2251.02
      },
      {
        "act": "Huh, huh. Logo.",
        "end_time": 2256.87,
        "start_time": 2254.26
      },
      {
        "act": "but it's electronic so it's made in Japan. Yeah it's just a logo.",
        "end_time": 2259.89,
        "start_time": 2255.03
      },
      {
        "act": "So is that j is that just is that just a logo or does it do anything? Just a logo and then like Ninja Homer, right okay.",
        "end_time": 2265.44,
        "start_time": 2255.13
      },
      {
        "act": "Huh.",
        "end_time": 2260.9,
        "start_time": 2260.67
      },
      {
        "act": "Ninja Homer.",
        "end_time": 2263.73,
        "start_time": 2261.58
      },
      {
        "act": "Mm.",
        "end_time": 2264.32,
        "start_time": 2264.16
      },
      {
        "act": "The the red is supposed to represent the whatever else you wanna print on the side of it.",
        "end_time": 2269.68,
        "start_time": 2265.6
      },
      {
        "act": "Mm-hmm.",
        "end_time": 2270.45,
        "start_time": 2270.09
      },
      {
        "act": "I think it's quite nice.",
        "end_time": 2272.22,
        "start_time": 2271.19
      },
      {
        "act": "Fashion technology or something.",
        "end_time": 2273.23,
        "start_time": 2271.4
      },
      {
        "act": "You can wear Homer, you can throw Homer when you're frustrated, doh.",
        "end_time": 2278.7,
        "start_time": 2274.04
      },
      {
        "act": "Hmm, hmm, hmm.",
        "end_time": 2278.65,
        "start_time": 2276.86
      },
      {
        "act": "Oh no, that's cool, it's got I'm kind of I'm slightly gutted that we couldn't get plastic and rubber, I think that would have been nice.",
        "end_time": 2285.19,
        "start_time": 2279.57
      },
      {
        "act": "Hmm.",
        "end_time": 2281.35,
        "start_time": 2280.87
      },
      {
        "act": "It's clunky.",
        "end_time": 2282.05,
        "start_time": 2281.32
      },
      {
        "act": "Yeah, yeah.",
        "end_time": 2285.74,
        "start_time": 2284.92
      },
      {
        "act": "Ah well, maybe from now on real reaction should give us more money.",
        "end_time": 2290.24,
        "start_time": 2286.35
      },
      {
        "act": "Mm-hmm.",
        "end_time": 2289.45,
        "start_time": 2289.04
      },
      {
        "act": "Oh, I did learn something new, Play-Doh is useful. No it is it is. It is useful and in in in in in in in um conceptualizing, in being creative. 'Cause like you say, it's something you can put your hands on and feel and touch and get a sense for. Like we were playing with the Play-Doh and the ideas came with the Play-Doh rather than with everything else. You might wanna write that down. It's just, I'm just fiddling with the Play-Doh, and I'm going yeah yeah it's kinda cool.",
        "end_time": 2313.37,
        "start_time": 2290.32
      },
      {
        "act": "Hmm.",
        "end_time": 2290.66,
        "start_time": 2290.55
      },
      {
        "act": "Play-Doh s",
        "end_time": 2294.15,
        "start_time": 2293.64
      },
      {
        "act": "Huh. Huh.",
        "end_time": 2298.37,
        "start_time": 2295.48
      },
      {
        "act": "Really?",
        "end_time": 2300.7,
        "start_time": 2300.1
      },
      {
        "act": "Yeah.",
        "end_time": 2303.49,
        "start_time": 2303.12
      },
      {
        "act": "Yeah. Did they?",
        "end_time": 2308.07,
        "start_time": 2303.46
      },
      {
        "act": "Yeah.",
        "end_time": 2310.38,
        "start_time": 2309.96
      },
      {
        "act": "Okay. Play-Doh.",
        "end_time": 2314.43,
        "start_time": 2310.69
      },
      {
        "act": "No, it's true, yeah.",
        "end_time": 2314.03,
        "start_time": 2313.08
      },
      {
        "act": "Guess I'd forgot how good s Play-Doh smells.",
        "end_time": 2316.24,
        "start_time": 2314.66
      },
      {
        "act": "Hmm.",
        "end_time": 2316.96,
        "start_time": 2316.82
      },
      {
        "act": "Yeah, it smells funny doesn't it. Um",
        "end_time": 2319.74,
        "start_time": 2316.91
      },
      {
        "act": "And some Play-Dohs are actually I think edible aren't they?",
        "end_time": 2320.5,
        "start_time": 2318.56
      },
      {
        "act": "No, all Play-Doh is edible.",
        "end_time": 2321.99,
        "start_time": 2320.96
      },
      {
        "act": "Yeah like the stuff for I think it has to be, yeah.",
        "end_time": 2323.68,
        "start_time": 2320.97
      },
      {
        "act": "I think they're all non-toxic 'cause it's aimed for like two-year-olds.",
        "end_time": 2323.83,
        "start_time": 2321.71
      },
      {
        "act": "It's just wheat, it's the stuff that your mom could make with preservatives and uh",
        "end_time": 2326.39,
        "start_time": 2323.34
      },
      {
        "act": "Wow, hmm.",
        "end_time": 2327.1,
        "start_time": 2326.47
      },
      {
        "act": "Yeah um so to wha what are your summarising words about Play-Doh?",
        "end_time": 2330.07,
        "start_time": 2326.58
      },
      {
        "act": "It's helpful to the creative process. Um it engages all your senses not just your sight, but your sense of feel your sense of touch. And it helps you to understand",
        "end_time": 2340.69,
        "start_time": 2331.35
      },
      {
        "act": "Huh.",
        "end_time": 2332.29,
        "start_time": 2332.17
      },
      {
        "act": "Okay.",
        "end_time": 2334.11,
        "start_time": 2333.49
      },
      {
        "act": "Yep. Taste.",
        "end_time": 2341.65,
        "start_time": 2337.32
      },
      {
        "act": "dimension as well. I think that that's very helpful because it it starts to pop up, whereas on a piece of paper, on a computer, on a board, um even with a three D_ graphic thing it still, it requires a lot of yeah tangible, that's a nice word. It becomes tangible.",
        "end_time": 2357.15,
        "start_time": 2342.02
      },
      {
        "act": "Yeah.",
        "end_time": 2344.37,
        "start_time": 2344.15
      },
      {
        "act": "Yeah. Yeah.",
        "end_time": 2348.3,
        "start_time": 2343.25
      },
      {
        "act": "Mm-hmm, yep. Yeah.",
        "end_time": 2349.74,
        "start_time": 2347.77
      },
      {
        "act": "Yeah it's not very tangible.",
        "end_time": 2353.26,
        "start_time": 2352.26
      },
      {
        "act": "Yeah.",
        "end_time": 2353.15,
        "start_time": 2352.76
      },
      {
        "act": "Mm-hmm.",
        "end_time": 2354.8,
        "start_time": 2354.05
      },
      {
        "act": "Mm-hmm, mm-hmm, mm-hmm. Mm-hmm.",
        "end_time": 2357.94,
        "start_time": 2354.49
      },
      {
        "act": "Tangible. Okay uh",
        "end_time": 2365.02,
        "start_time": 2358.76
      },
      {
        "act": "Mm. I don't know if there's anything else we needed to discuss.",
        "end_time": 2375.7,
        "start_time": 2370.26
      },
      {
        "act": "Nope.",
        "end_time": 2373.71,
        "start_time": 2373.56
      },
      {
        "act": "That that's about it really. Just sit still I guess for a little while.",
        "end_time": 2383.44,
        "start_time": 2377.06
      },
      {
        "act": "Do we retreat to our, to continue our",
        "end_time": 2386.67,
        "start_time": 2383.59
      },
      {
        "act": "I think we could probably do it here as long as we don't collaborate.",
        "end_time": 2390.64,
        "start_time": 2387.12
      },
      {
        "act": "Um",
        "end_time": 2387.8,
        "start_time": 2387.52
      },
      {
        "act": "r reporting or what i",
        "end_time": 2389.7,
        "start_time": 2388.37
      },
      {
        "act": "Well I dunno. Um I'm sure the little uh the little thing'll pop up any minute now.",
        "end_time": 2395.28,
        "start_time": 2389.81
      },
      {
        "act": "Can we turn off the microphones?",
        "end_time": 2397.04,
        "start_time": 2395.86
      },
      {
        "act": "Yeah, yeah if the meeting's over then yeah I guess so.",
        "end_time": 2400.86,
        "start_time": 2398.3
      }
    ],
    "other_description": null,
    "topic": "chitchat"
  }
]