[
  {
    "act": "Uh sorry, uh can you go back for a second? Um uh are you sure wha what this means, a spinning wheel with the L_C_ display? Uh oh yeah are th",
    "ae_type": "Statement",
    "end_time": 900.65,
    "speaker_id": "A",
    "start_time": 888.74
  },
  {
    "act": "Oh okay, the iPod thing, yeah.",
    "ae_type": "Statement",
    "end_time": 917.32,
    "speaker_id": "A",
    "start_time": 915.4
  },
  {
    "act": "Uh it's the iPod uh kind of uh",
    "ae_type": "Statement",
    "end_time": 923.26,
    "speaker_id": "A",
    "start_time": 921.33
  },
  {
    "act": "Alright, right. Okay, okay.",
    "ae_type": "Statement",
    "end_time": 930.52,
    "speaker_id": "A",
    "start_time": 927.58
  },
  {
    "act": "So instead of going down you just spin yeah, yeah.",
    "ae_type": "Statement",
    "end_time": 936.42,
    "speaker_id": "A",
    "start_time": 931.88
  },
  {
    "act": "Right.",
    "ae_type": "Statement",
    "end_time": 946.01,
    "speaker_id": "A",
    "start_time": 945.72
  },
  {
    "act": "Right. So maybe I should include that here as well, L_C_D_s um plus spinning.",
    "ae_type": "Weak statement",
    "end_time": 960.89,
    "speaker_id": "A",
    "start_time": 954.58
  },
  {
    "act": "I I have a point about L_C_D_, I dunno if it is the right point to take it up. W uh L_C_D_s are basically for feedback, right, to the user who's pressing buttons, and the feedback can come through television itself, so do we need an L_C_D_ on the remote?",
    "ae_type": "Yes/No issue",
    "end_time": 1151.79,
    "speaker_id": "A",
    "start_time": 1138.82
  },
  {
    "act": "Right.",
    "ae_type": "Statement",
    "end_time": 1176.9,
    "speaker_id": "A",
    "start_time": 1176.47
  },
  {
    "act": "That's true, yeah, that's also",
    "ae_type": "Statement",
    "end_time": 1184.95,
    "speaker_id": "A",
    "start_time": 1182.8
  },
  {
    "act": "Wood, do you think wood will be a good idea?",
    "ae_type": "Yes/No issue",
    "end_time": 1511.18,
    "speaker_id": "A",
    "start_time": 1508.98
  },
  {
    "act": "Right.",
    "ae_type": "Statement",
    "end_time": 1519.19,
    "speaker_id": "A",
    "start_time": 1518.71
  },
  {
    "act": "Yeah if if it is really thin if it is really thin it it's likely to break, it's it's much more uh",
    "ae_type": "Statement",
    "end_time": 1533.75,
    "speaker_id": "A",
    "start_time": 1526.12
  },
  {
    "act": "Right.",
    "ae_type": "Statement",
    "end_time": 1541.4,
    "speaker_id": "A",
    "start_time": 1541.16
  },
  {
    "act": "That's true.",
    "ae_type": "Statement",
    "end_time": 1544.31,
    "speaker_id": "A",
    "start_time": 1543.86
  },
  {
    "act": "Yeah.",
    "ae_type": "Statement",
    "end_time": 1551.01,
    "speaker_id": "A",
    "start_time": 1550.35
  },
  {
    "act": "Yeah, okay wood is out.",
    "ae_type": "Statement",
    "end_time": 1555.46,
    "speaker_id": "A",
    "start_time": 1552.69
  },
  {
    "act": "Right.",
    "ae_type": "Statement",
    "end_time": 1557.01,
    "speaker_id": "A",
    "start_time": 1556.79
  },
  {
    "act": "Oh, if if we have L_C_D_ displays, that opens up a whole world, you know, if you have an L_C_D_ display, then mm you can select almost everything on the L_C_D_ display.",
    "ae_type": "Statement",
    "end_time": 1592.12,
    "speaker_id": "A",
    "start_time": 1583.52
  },
  {
    "act": "Right.",
    "ae_type": "Statement",
    "end_time": 1601.58,
    "speaker_id": "A",
    "start_time": 1601.12
  },
  {
    "act": "Mm right.",
    "ae_type": "Statement",
    "end_time": 1616.03,
    "speaker_id": "A",
    "start_time": 1615.62
  },
  {
    "act": "So uh in in the buttons we have for the channels also we have options. Do you do we enumerate everything from zero to nine? Or do we have just uh channel plus, channel minus, just to just to scroll?",
    "ae_type": "A/B issue",
    "end_time": 1630.32,
    "speaker_id": "A",
    "start_time": 1618.78
  },
  {
    "act": "The numbers.",
    "ae_type": "Statement",
    "end_time": 1633.37,
    "speaker_id": "A",
    "start_time": 1632.75
  },
  {
    "act": "Okay.",
    "ae_type": "Statement",
    "end_time": 1646.86,
    "speaker_id": "A",
    "start_time": 1645.73
  },
  {
    "act": "Alright.",
    "ae_type": "Statement",
    "end_time": 1660.7,
    "speaker_id": "A",
    "start_time": 1660.33
  },
  {
    "act": "Okay, so buttons definitely in but oh shall we uh try to draw a prec um",
    "ae_type": "Statement",
    "end_time": 1681.09,
    "speaker_id": "A",
    "start_time": 1674.04
  },
  {
    "act": "Mm.",
    "ae_type": "Other (unlabeled)",
    "end_time": 882.91,
    "speaker_id": "A",
    "start_time": 882.64
  },
  {
    "act": "Uh-huh.",
    "ae_type": "Other (unlabeled)",
    "end_time": 939.02,
    "speaker_id": "A",
    "start_time": 938.83
  },
  {
    "act": "Mm-hmm.",
    "ae_type": "Other (unlabeled)",
    "end_time": 951.24,
    "speaker_id": "A",
    "start_time": 950.86
  },
  {
    "act": "So um",
    "ae_type": "Other (unlabeled)",
    "end_time": 1121.13,
    "speaker_id": "A",
    "start_time": 1119.48
  },
  {
    "act": "Mm. Right.",
    "ae_type": "Other (unlabeled)",
    "end_time": 1167.75,
    "speaker_id": "A",
    "start_time": 1159.03
  },
  {
    "act": "Um",
    "ae_type": "Other (unlabeled)",
    "end_time": 1506.72,
    "speaker_id": "A",
    "start_time": 1504.39
  },
  {
    "act": "Mm.",
    "ae_type": "Other (unlabeled)",
    "end_time": 1516.34,
    "speaker_id": "A",
    "start_time": 1515.91
  },
  {
    "act": "Mm right.",
    "ae_type": "Other (unlabeled)",
    "end_time": 1582.89,
    "speaker_id": "A",
    "start_time": 1581.2
  },
  {
    "act": "Okay.",
    "ae_type": "Other (unlabeled)",
    "end_time": 1604.26,
    "speaker_id": "A",
    "start_time": 1603.95
  },
  {
    "act": "Right. Or",
    "ae_type": "Other (unlabeled)",
    "end_time": 1640.12,
    "speaker_id": "A",
    "start_time": 1637.07
  },
  {
    "act": "So mm",
    "ae_type": "Other (unlabeled)",
    "end_time": 1648.01,
    "speaker_id": "A",
    "start_time": 1646.86
  },
  {
    "act": "Right.",
    "ae_type": "Other (unlabeled)",
    "end_time": 1671.8,
    "speaker_id": "A",
    "start_time": 1670.97
  },
  {
    "act": "Oh, it's like the iPod.",
    "ae_type": "Statement",
    "end_time": 917.43,
    "speaker_id": "B",
    "start_time": 916.07
  },
  {
    "act": "G yeah, no, you can. It's like it's like where you you know how you have your your mouse, and y you go round and i it's kind of like that and you spin round and it yeah. It is",
    "ae_type": "Statement",
    "end_time": 932.33,
    "speaker_id": "B",
    "start_time": 920.23
  },
  {
    "act": "You just go round and it is a bit weird at first, but it's actually very like fast.",
    "ae_type": "Statement",
    "end_time": 938.41,
    "speaker_id": "B",
    "start_time": 934.21
  },
  {
    "act": "I like the the wheels that click on the side you you get 'em much slower, so it's quite good if you like searching quite a lot of stuff. Do you know, if you're lookin if you're th scrolling through the A_ to Z_ of your music and you're looking for something at T_, then it's a lot faster than the wheel, but you've got a lot less control over it.",
    "ae_type": "Statement",
    "end_time": 954.25,
    "speaker_id": "B",
    "start_time": 939.42
  },
  {
    "act": "Depends how fast your television runs, really, don't don't you think? I mean we've got one of those um Telewest boxes and you put the number in the remote and then you wait and then it goes to the T_V_ and then you wait, and then it comes, so i it actually takes quite a long time. And if you get the number in wrong, then it's a bit of a pain, so I think, you know, a screen on the remote would probably cut down your time on that.",
    "ae_type": "Statement",
    "end_time": 1173.7,
    "speaker_id": "B",
    "start_time": 1152.49
  },
  {
    "act": "But like remotes do tend to get f thrown about a bit.",
    "ae_type": "Statement",
    "end_time": 1176.06,
    "speaker_id": "B",
    "start_time": 1173.7
  },
  {
    "act": "Yeah.",
    "ae_type": "Statement",
    "end_time": 1182.53,
    "speaker_id": "B",
    "start_time": 1181.89
  },
  {
    "act": "And i it would be like I mean if you could make it integrate with the T_V_ then it could come up with new information about what's on, and you could just see that on the remote rather than",
    "ae_type": "Statement",
    "end_time": 1190.93,
    "speaker_id": "B",
    "start_time": 1183.49
  },
  {
    "act": "Yeah.",
    "ae_type": "Statement",
    "end_time": 1193.05,
    "speaker_id": "B",
    "start_time": 1192.7
  },
  {
    "act": "I can't imagine a m wooden remote control.",
    "ae_type": "Statement",
    "end_time": 1522.04,
    "speaker_id": "B",
    "start_time": 1519.76
  },
  {
    "act": "Well it's not very cleanable either, do you know. It's it's not a practical I mean it's it's alright for a table, but for a remote control, you know.",
    "ae_type": "Statement",
    "end_time": 1549.69,
    "speaker_id": "B",
    "start_time": 1541.6
  },
  {
    "act": "And splinters and stuff and",
    "ae_type": "Statement",
    "end_time": 1553.04,
    "speaker_id": "B",
    "start_time": 1551.0
  },
  {
    "act": "It just m doesn't make any sense, I think is the thing with wood.",
    "ae_type": "Statement",
    "end_time": 1558.35,
    "speaker_id": "B",
    "start_time": 1555.11
  },
  {
    "act": "You have to have some push-buttons, don't you?",
    "ae_type": "Yes/No issue",
    "end_time": 1577.13,
    "speaker_id": "B",
    "start_time": 1574.88
  },
  {
    "act": "G yeah, yeah.",
    "ae_type": "Statement",
    "end_time": 1581.98,
    "speaker_id": "B",
    "start_time": 1580.84
  },
  {
    "act": "Yeah.",
    "ae_type": "Statement",
    "end_time": 1608.79,
    "speaker_id": "B",
    "start_time": 1607.52
  },
  {
    "act": "I think this is going back to the the graph at the beginning that I made, where, you know, the buttons that people use all the time, you want buttons for them and everything else menu-driven.",
    "ae_type": "Statement",
    "end_time": 1618.29,
    "speaker_id": "B",
    "start_time": 1608.79
  },
  {
    "act": "Yeah.",
    "ae_type": "Statement",
    "end_time": 1634.11,
    "speaker_id": "B",
    "start_time": 1633.73
  },
  {
    "act": "G yeah, I would think buttons, yeah.",
    "ae_type": "Statement",
    "end_time": 1644.4,
    "speaker_id": "B",
    "start_time": 1641.57
  },
  {
    "act": "It's it's the I think the thing is, so if someone just wants to turn on their T_V_ and put on a channel, then it should be easier to use than any other remote, and then if someone wants to, you know, change the contrast on their T_V_ and they should be able to do that and it should be accessible, but, you know, I mean most of the time I mean there's a limit to how much the biggest techno geek can spend fiddling with the T_V_, I think is the the the issue there.",
    "ae_type": "Statement",
    "end_time": 1673.12,
    "speaker_id": "B",
    "start_time": 1645.68
  },
  {
    "act": "Yeah, you can't",
    "ae_type": "Other (unlabeled)",
    "end_time": 900.66,
    "speaker_id": "B",
    "start_time": 899.87
  },
  {
    "act": "Yeah, yeah. Mm.",
    "ae_type": "Other (unlabeled)",
    "end_time": 1147.09,
    "speaker_id": "B",
    "start_time": 1124.7
  },
  {
    "act": "You know?",
    "ae_type": "Other (unlabeled)",
    "end_time": 1177.71,
    "speaker_id": "B",
    "start_time": 1177.32
  },
  {
    "act": "Yeah.",
    "ae_type": "Other (unlabeled)",
    "end_time": 1637.07,
    "speaker_id": "B",
    "start_time": 1636.77
  },
  {
    "act": "Yeah.",
    "ae_type": "Statement",
    "end_time": 858.27,
    "speaker_id": "C",
    "start_time": 858.02
  },
  {
    "act": "It's like the like you said, no? The scroll scroll wheel.",
    "ae_type": "Yes/No issue",
    "end_time": 900.72,
    "speaker_id": "C",
    "start_time": 896.38
  },
  {
    "act": "That's over on the interface, if if you could put",
    "ae_type": "Statement",
    "end_time": 1130.41,
    "speaker_id": "C",
    "start_time": 1127.73
  },
  {
    "act": "Yeah.",
    "ae_type": "Statement",
    "end_time": 1134.11,
    "speaker_id": "C",
    "start_time": 1133.68
  },
  {
    "act": "And maybe the L_C_D_ and spinning so that means we need an advanced thing.",
    "ae_type": "Statement",
    "end_time": 1140.28,
    "speaker_id": "C",
    "start_time": 1135.74
  },
  {
    "act": "It it is also quite nice though to to have something here so you don't interrupt the picture on the screen, so if you're watching something",
    "ae_type": "Statement",
    "end_time": 1182.8,
    "speaker_id": "C",
    "start_time": 1176.57
  },
  {
    "act": "Yeah. Rather than having to interrupt your viewing pleasure.",
    "ae_type": "Statement",
    "end_time": 1194.28,
    "speaker_id": "C",
    "start_time": 1190.43
  },
  {
    "act": "Yeah,",
    "ae_type": "Statement",
    "end_time": 1533.35,
    "speaker_id": "C",
    "start_time": 1533.12
  },
  {
    "act": "and given that we're we're looking at more spongy material preferences, I ha would think maybe rubber or plastic is more",
    "ae_type": "Weak statement",
    "end_time": 1541.5,
    "speaker_id": "C",
    "start_time": 1533.35
  },
  {
    "act": "Yeah.",
    "ae_type": "Statement",
    "end_time": 1543.82,
    "speaker_id": "C",
    "start_time": 1543.25
  },
  {
    "act": "Yeah.",
    "ae_type": "Statement",
    "end_time": 1554.09,
    "speaker_id": "C",
    "start_time": 1553.24
  },
  {
    "act": "Yeah.",
    "ae_type": "Statement",
    "end_time": 1560.15,
    "speaker_id": "C",
    "start_time": 1559.75
  },
  {
    "act": "Yeah.",
    "ae_type": "Statement",
    "end_time": 1601.82,
    "speaker_id": "C",
    "start_time": 1601.54
  },
  {
    "act": "Yeah.",
    "ae_type": "Statement",
    "end_time": 1608.36,
    "speaker_id": "C",
    "start_time": 1608.06
  },
  {
    "act": "Do we need them on as buttons or do we need them as L_C_D_?",
    "ae_type": "A/B issue",
    "end_time": 1640.24,
    "speaker_id": "C",
    "start_time": 1636.91
  },
  {
    "act": "Buttons.",
    "ae_type": "Statement",
    "end_time": 1645.05,
    "speaker_id": "C",
    "start_time": 1644.38
  },
  {
    "act": "Yeah.",
    "ae_type": "Statement",
    "end_time": 1652.5,
    "speaker_id": "C",
    "start_time": 1652.13
  },
  {
    "act": "Uh-huh, hi",
    "ae_type": "Other (unlabeled)",
    "end_time": 881.77,
    "speaker_id": "C",
    "start_time": 879.93
  },
  {
    "act": "Uh-huh. Mm-hmm. Mm-hmm. Mm-hmm. Mm-hmm.",
    "ae_type": "Other (unlabeled)",
    "end_time": 954.85,
    "speaker_id": "C",
    "start_time": 926.13
  },
  {
    "act": "Yeah, yeah, sure. Yeah.",
    "ae_type": "Other (unlabeled)",
    "end_time": 1126.1,
    "speaker_id": "C",
    "start_time": 1123.96
  },
  {
    "act": "Mm-hmm. Mm.",
    "ae_type": "Other (unlabeled)",
    "end_time": 1166.3,
    "speaker_id": "C",
    "start_time": 1146.01
  },
  {
    "act": "Mm. Mm.",
    "ae_type": "Other (unlabeled)",
    "end_time": 1529.58,
    "speaker_id": "C",
    "start_time": 1519.65
  },
  {
    "act": "Mm-hmm. Just for fast",
    "ae_type": "Other (unlabeled)",
    "end_time": 1593.99,
    "speaker_id": "C",
    "start_time": 1580.22
  },
  {
    "act": "Yeah.",
    "ae_type": "Other (unlabeled)",
    "end_time": 1604.38,
    "speaker_id": "C",
    "start_time": 1604.05
  },
  {
    "act": "And it",
    "ae_type": "Other (unlabeled)",
    "end_time": 1617.1,
    "speaker_id": "C",
    "start_time": 1616.22
  },
  {
    "act": "Mm.",
    "ae_type": "Other (unlabeled)",
    "end_time": 1650.35,
    "speaker_id": "C",
    "start_time": 1650.03
  },
  {
    "act": "Yeah.",
    "ae_type": "Other (unlabeled)",
    "end_time": 1671.15,
    "speaker_id": "C",
    "start_time": 1670.8
  },
  {
    "act": "mm sorry uh speaker unit I guess it's it should be. Um and this means that um once uh uh it it it comes together with a voice recognition, but it's once once the mm um gadget uh recognises uh the voice of the speaker, there can be a um pre-programmed answer, for example, you can pick up the remote control and say something to it like hello and it says some hello and your name or whatever. So I mean this is also one of the n dev new developments which we might consider if we wanted to include.",
    "ae_type": "Statement",
    "end_time": 889.29,
    "speaker_id": "D",
    "start_time": 855.0
  },
  {
    "act": "No no, the scroll button is a different thing. I I have a picture if you just a moment, I'll I'll show you. I wasn't completely sure myself, but I think it's just like um it's it's a wheel, it's like not separate buttons. Look, this one here. But I'm I'm not really sure whether whether you can really turn it round, it's like you press this or this or",
    "ae_type": "Statement",
    "end_time": 921.97,
    "speaker_id": "D",
    "start_time": 900.14
  },
  {
    "act": "N wood is I can't n how do you uh I mean you can't keep it really small uh you can't make it like thin and",
    "ae_type": "Statement",
    "end_time": 1518.1,
    "speaker_id": "D",
    "start_time": 1510.4
  },
  {
    "act": "The wood thing. Because you need to you n you need to put all the technology in, so I mean if the case you add the case and it it becomes a bit bulky wi mm-mm yeah.",
    "ae_type": "Statement",
    "end_time": 1529.32,
    "speaker_id": "D",
    "start_time": 1519.56
  },
  {
    "act": "Yeah, yeah.",
    "ae_type": "Statement",
    "end_time": 1532.37,
    "speaker_id": "D",
    "start_time": 1531.6
  },
  {
    "act": "Yeah.",
    "ae_type": "Statement",
    "end_time": 1533.64,
    "speaker_id": "D",
    "start_time": 1533.2
  },
  {
    "act": "U yeah wood is not really yeah.",
    "ae_type": "Statement",
    "end_time": 1541.68,
    "speaker_id": "D",
    "start_time": 1539.47
  },
  {
    "act": "Yeah.",
    "ae_type": "Statement",
    "end_time": 1544.31,
    "speaker_id": "D",
    "start_time": 1543.99
  },
  {
    "act": "Yeah, yeah, in the case of remote control not really.",
    "ae_type": "Statement",
    "end_time": 1559.62,
    "speaker_id": "D",
    "start_time": 1556.79
  },
  {
    "act": "Yeah, but you um I think for for the channel numb uh channel numbers you still need them, wouldn't you?",
    "ae_type": "Yes/No issue",
    "end_time": 1580.62,
    "speaker_id": "D",
    "start_time": 1575.12
  },
  {
    "act": "But I th yeah but I think the L_C_D_ display is kind of yeah, it's faster with a m yeah and w if we dis and when we s um discussed that we might like this flipping open thing, then I mean y you can use it as a normal remote control, but if you do want to use L_C_D_, then you flip it open, but it's it it's more time-consuming.",
    "ae_type": "Statement",
    "end_time": 1608.8,
    "speaker_id": "D",
    "start_time": 1590.07
  },
  {
    "act": "Yeah.",
    "ae_type": "Statement",
    "end_time": 1616.09,
    "speaker_id": "D",
    "start_time": 1615.86
  },
  {
    "act": "No, no, I mean mm we we definitely need the the numbers, because it's uh otherwise people don't want to flip through all the channels. Um",
    "ae_type": "Statement",
    "end_time": 1637.57,
    "speaker_id": "D",
    "start_time": 1629.17
  },
  {
    "act": "Yeah, I would say buttons, because it's yeah.",
    "ae_type": "Statement",
    "end_time": 1645.13,
    "speaker_id": "D",
    "start_time": 1641.87
  },
  {
    "act": "Yeah.",
    "ae_type": "Statement",
    "end_time": 1653.49,
    "speaker_id": "D",
    "start_time": 1653.08
  },
  {
    "act": "Um s another new development is a scroll button, which was also th also already mentioned. And uh our own manufacturing division ha has uh designed",
    "ae_type": "Other (unlabeled)",
    "end_time": 847.75,
    "speaker_id": "D",
    "start_time": 836.29
  },
  {
    "act": "Uh-huh.",
    "ae_type": "Other (unlabeled)",
    "end_time": 946.61,
    "speaker_id": "D",
    "start_time": 946.0
  },
  {
    "act": "Yeah, so for channel numbers but",
    "ae_type": "Other (unlabeled)",
    "end_time": 1584.4,
    "speaker_id": "D",
    "start_time": 1581.99
  },
  {
    "act": "I",
    "ae_type": "Other (unlabeled)",
    "end_time": 1646.76,
    "speaker_id": "D",
    "start_time": 1646.57
  },
  {
    "act": "Mm-hmm.",
    "ae_type": "Other (unlabeled)",
    "end_time": 1664.25,
    "speaker_id": "D",
    "start_time": 1663.85
  }
]