[
  {
    "end_time": 1.792,
    "segment": "Hmm hmm hmm.",
    "speaker_id": "A",
    "start_time": 0.0
  },
  {
    "end_time": 18.391,
    "segment": "Yeah.",
    "speaker_id": "A",
    "start_time": 17.619
  },
  {
    "end_time": 66.416,
    "segment": "Okay. Yep, yep.",
    "speaker_id": "A",
    "start_time": 63.063
  },
  {
    "end_time": 72.624,
    "segment": "Okay.",
    "speaker_id": "A",
    "start_time": 71.087
  },
  {
    "end_time": 81.985,
    "segment": "Tu tu tu tu",
    "speaker_id": "A",
    "start_time": 80.443
  },
  {
    "end_time": 84.332,
    "segment": "Hi, good morning.",
    "speaker_id": "A",
    "start_time": 83.2
  },
  {
    "end_time": 169.04,
    "segment": "'Kay.",
    "speaker_id": "A",
    "start_time": 168.768
  },
  {
    "end_time": 188.461,
    "segment": "Oops.",
    "speaker_id": "A",
    "start_time": 187.957
  },
  {
    "end_time": 252.833,
    "segment": "Mm.",
    "speaker_id": "A",
    "start_time": 252.157
  },
  {
    "end_time": 256.426,
    "segment": "Oh sorry.",
    "speaker_id": "A",
    "start_time": 255.725
  },
  {
    "end_time": 258.688,
    "segment": "Mm-hmm.",
    "speaker_id": "A",
    "start_time": 257.875
  },
  {
    "end_time": 275.6,
    "segment": "Yeah, me.",
    "speaker_id": "A",
    "start_time": 274.992
  },
  {
    "end_time": 279.795,
    "segment": "Cat.",
    "speaker_id": "A",
    "start_time": 277.312
  },
  {
    "end_time": 287.36,
    "segment": "Where did this come from?",
    "speaker_id": "A",
    "start_time": 284.816
  },
  {
    "end_time": 296.176,
    "segment": "Uh, yep. Thank you. Uh, maybe you can guess what I'm trying to make?",
    "speaker_id": "A",
    "start_time": 289.072
  },
  {
    "end_time": 310.262,
    "segment": "Yep.",
    "speaker_id": "A",
    "start_time": 308.144
  },
  {
    "end_time": 322.112,
    "segment": "It's actually sitting, so it's sitting, it's not standing. Okay, I see it as one thing it's very supportive.",
    "speaker_id": "A",
    "start_time": 312.984
  },
  {
    "end_time": 352.368,
    "segment": "It's your best friend and your you can talk to a dog, it can be your best friend, it doesn't discriminate between you, based on what you are. Second it's loyal and third thing it's got intuition. dogs can som sometimes can make out between a thief and a person so basically these are the three unique features I think belong to a dog. Thank you.",
    "speaker_id": "A",
    "start_time": 323.904
  },
  {
    "end_time": 354.929,
    "segment": "Okay.",
    "speaker_id": "A",
    "start_time": 353.873
  },
  {
    "end_time": 357.213,
    "segment": "Sorry.",
    "speaker_id": "A",
    "start_time": 356.083
  },
  {
    "end_time": 368.077,
    "segment": "Does it look like a dog actually?",
    "speaker_id": "A",
    "start_time": 364.336
  },
  {
    "end_time": 375.843,
    "segment": "Mm.",
    "speaker_id": "A",
    "start_time": 374.885
  },
  {
    "end_time": 502.854,
    "segment": "Eagle, okay.",
    "speaker_id": "A",
    "start_time": 501.616
  },
  {
    "end_time": 581.547,
    "segment": "One point four or something like that. One point four Euro would make a Pound or something like that.",
    "speaker_id": "A",
    "start_time": 576.454
  },
  {
    "end_time": 583.04,
    "segment": "Yeah.",
    "speaker_id": "A",
    "start_time": 582.538
  },
  {
    "end_time": 619.75,
    "segment": "Okay, pretty huge margin.",
    "speaker_id": "A",
    "start_time": 617.335
  },
  {
    "end_time": 637.104,
    "segment": "So then",
    "speaker_id": "A",
    "start_time": 636.16
  },
  {
    "end_time": 687.873,
    "segment": "Mm-hmm.",
    "speaker_id": "A",
    "start_time": 687.149
  },
  {
    "end_time": 692.467,
    "segment": "Yeah, that c",
    "speaker_id": "A",
    "start_time": 690.982
  },
  {
    "end_time": 711.04,
    "segment": "Okay, you wanna integrate everything into one like",
    "speaker_id": "A",
    "start_time": 708.486
  },
  {
    "end_time": 712.768,
    "segment": "Okay.",
    "speaker_id": "A",
    "start_time": 712.272
  },
  {
    "end_time": 758.268,
    "segment": "So simplification of symbols you could think of.",
    "speaker_id": "A",
    "start_time": 754.938
  },
  {
    "end_time": 785.387,
    "segment": "Mm-hmm.",
    "speaker_id": "A",
    "start_time": 784.96
  },
  {
    "end_time": 787.87,
    "segment": "Menu, alright.",
    "speaker_id": "A",
    "start_time": 787.056
  },
  {
    "end_time": 793.601,
    "segment": "Uh uh",
    "speaker_id": "A",
    "start_time": 792.661
  },
  {
    "end_time": 812.064,
    "segment": "Right, I was thinking on the same lines you, instead of having too many b buttons and make it complicated for the user, may h maybe have an L_C_D_ di display or something like that, like a mobile, yeah and with menus. And if it's s somewhat similar to what you have on mobile phone, people might find it easier to browse and navigate also maybe.",
    "speaker_id": "A",
    "start_time": 794.432
  },
  {
    "end_time": 819.161,
    "segment": "You mean to save it lesser number.",
    "speaker_id": "A",
    "start_time": 815.216
  },
  {
    "end_time": 826.456,
    "segment": "Right.",
    "speaker_id": "A",
    "start_time": 825.949
  },
  {
    "end_time": 863.584,
    "segment": "Mm-hmm.",
    "speaker_id": "A",
    "start_time": 863.168
  },
  {
    "end_time": 905.764,
    "segment": "Okay.",
    "speaker_id": "A",
    "start_time": 905.221
  },
  {
    "end_time": 946.744,
    "segment": "Mm, okay.",
    "speaker_id": "A",
    "start_time": 946.0
  },
  {
    "end_time": 949.177,
    "segment": "S",
    "speaker_id": "A",
    "start_time": 948.278
  },
  {
    "end_time": 959.392,
    "segment": "It might it might save a b bit of space, it's i instead of looking bulky, it might look small. But it might have its cost implications.",
    "speaker_id": "A",
    "start_time": 950.694
  },
  {
    "end_time": 966.731,
    "segment": "Right.",
    "speaker_id": "A",
    "start_time": 966.192
  },
  {
    "end_time": 1006.426,
    "segment": "Okay.",
    "speaker_id": "A",
    "start_time": 1005.519
  },
  {
    "end_time": 1048.672,
    "segment": "Mm, yeah.",
    "speaker_id": "A",
    "start_time": 1048.016
  },
  {
    "end_time": 14.737,
    "segment": "Are we we're not allowed to dim the lights so people can see that a bit better?",
    "speaker_id": "B",
    "start_time": 10.944
  },
  {
    "end_time": 20.32,
    "segment": "Okay, that's fine.",
    "speaker_id": "B",
    "start_time": 18.722
  },
  {
    "end_time": 23.872,
    "segment": "Am I supposed to be standing up there?",
    "speaker_id": "B",
    "start_time": 22.352
  },
  {
    "end_time": 25.98,
    "segment": "Okay.",
    "speaker_id": "B",
    "start_time": 25.163
  },
  {
    "end_time": 32.297,
    "segment": "Yeah, I've got",
    "speaker_id": "B",
    "start_time": 29.098
  },
  {
    "end_time": 34.764,
    "segment": "Yes.",
    "speaker_id": "B",
    "start_time": 34.112
  },
  {
    "end_time": 94.743,
    "segment": "Okay. Hello everybody. Um I'm Sarah, the Project Manager and this is our first meeting, surprisingly enough. Okay, this is our agenda, um",
    "speaker_id": "B",
    "start_time": 80.272
  },
  {
    "end_time": 115.952,
    "segment": "we will do some stuff, get to know each other a bit better to feel more comfortable with each other. Um then we'll go do tool training, talk about the project plan, discuss our own ideas and everything um and we've got twenty five minutes to do that, as far as I can understand.",
    "speaker_id": "B",
    "start_time": 95.664
  },
  {
    "end_time": 161.04,
    "segment": "Now, we're developing a remote control which you probably already know. Um, we want it to be original, something that's uh people haven't thought of, that's not out in the shops, um, trendy, appealing to a wide market, but you know, not a hunk of metal, and user-friendly, grannies to kids, maybe even pooches should be able to use it. Okay, um, first is the functional design, um this is where we all go off and do our individual work, um what needs need to be fulfilled by the product, um what effects the product has to have and how it's actually going to do that. Um, conceptual design,",
    "speaker_id": "B",
    "start_time": 117.6
  },
  {
    "end_time": 167.904,
    "segment": "what we're thinking, how it's gonna go and then the detailed design, how we're actually gonna put it into practice and make it work.",
    "speaker_id": "B",
    "start_time": 162.288
  },
  {
    "end_time": 186.128,
    "segment": "Okay, right. We're gonna practice with the pens and draw our favourite animal on the white board, I'll go first, and um sum up the characteristics of that animal. So",
    "speaker_id": "B",
    "start_time": 170.288
  },
  {
    "end_time": 192.976,
    "segment": "Okay, I'll leave space for everyone else. Um",
    "speaker_id": "B",
    "start_time": 188.577
  },
  {
    "end_time": 212.016,
    "segment": "What's missing?",
    "speaker_id": "B",
    "start_time": 211.44
  },
  {
    "end_time": 244.432,
    "segment": "We're running out of blue.",
    "speaker_id": "B",
    "start_time": 243.2
  },
  {
    "end_time": 250.64,
    "segment": "Okay. I'm not gonna ask you to guess, I'm going to tell you that's supposed to be a tiger.",
    "speaker_id": "B",
    "start_time": 246.912
  },
  {
    "end_time": 257.44,
    "segment": "And I see them as majestic,",
    "speaker_id": "B",
    "start_time": 254.512
  },
  {
    "end_time": 262.388,
    "segment": "and independent,",
    "speaker_id": "B",
    "start_time": 259.872
  },
  {
    "end_time": 267.072,
    "segment": "and",
    "speaker_id": "B",
    "start_time": 266.16
  },
  {
    "end_time": 269.216,
    "segment": "proud.",
    "speaker_id": "B",
    "start_time": 268.688
  },
  {
    "end_time": 275.84,
    "segment": "Now, who would like to go next? 'Kay.",
    "speaker_id": "B",
    "start_time": 272.208
  },
  {
    "end_time": 290.368,
    "segment": "Is that your lapel then? There you go.",
    "speaker_id": "B",
    "start_time": 287.482
  },
  {
    "end_time": 351.33,
    "segment": "Okay, thank you.",
    "speaker_id": "B",
    "start_time": 349.968
  },
  {
    "end_time": 366.423,
    "segment": "Okay.",
    "speaker_id": "B",
    "start_time": 364.608
  },
  {
    "end_time": 376.864,
    "segment": "Well, as you can see, the quality of the work today is um",
    "speaker_id": "B",
    "start_time": 373.576
  },
  {
    "end_time": 395.001,
    "segment": "Gonna be a bird.",
    "speaker_id": "B",
    "start_time": 393.968
  },
  {
    "end_time": 400.142,
    "segment": "Is it gonna be it's gonna be a bird.",
    "speaker_id": "B",
    "start_time": 396.063
  },
  {
    "end_time": 420.992,
    "segment": "That's lovely.",
    "speaker_id": "B",
    "start_time": 420.08
  },
  {
    "end_time": 441.808,
    "segment": "Okay it's fine.",
    "speaker_id": "B",
    "start_time": 439.803
  },
  {
    "end_time": 462.192,
    "segment": "Technical help.",
    "speaker_id": "B",
    "start_time": 461.072
  },
  {
    "end_time": 481.719,
    "segment": "Hmm.",
    "speaker_id": "B",
    "start_time": 481.248
  },
  {
    "end_time": 491.405,
    "segment": "Okay, yeah.",
    "speaker_id": "B",
    "start_time": 489.66
  },
  {
    "end_time": 505.375,
    "segment": "A seagu right, not a seagull.",
    "speaker_id": "B",
    "start_time": 500.94
  },
  {
    "end_time": 526.0,
    "segment": "Eagle.",
    "speaker_id": "B",
    "start_time": 524.131
  },
  {
    "end_time": 545.68,
    "segment": "Mm-hmm.",
    "speaker_id": "B",
    "start_time": 545.078
  },
  {
    "end_time": 555.402,
    "segment": "That's lovely.",
    "speaker_id": "B",
    "start_time": 554.412
  },
  {
    "end_time": 561.632,
    "segment": "Okay.",
    "speaker_id": "B",
    "start_time": 561.055
  },
  {
    "end_time": 575.536,
    "segment": "That was fun, right. Um finance-wise, we've got a selling price at twenty five Euros, which I don't actually know what that is in Pounds, at all. Any ideas?",
    "speaker_id": "B",
    "start_time": 563.104
  },
  {
    "end_time": 588.016,
    "segment": "D fifteen? Seventeen. Okay, that's expensive.",
    "speaker_id": "B",
    "start_time": 583.728
  },
  {
    "end_time": 595.995,
    "segment": "I think so, I think so, I'll be able to um pull it up, or I could put it in the shared folder or something.",
    "speaker_id": "B",
    "start_time": 590.755
  },
  {
    "end_time": 604.256,
    "segment": "Really?",
    "speaker_id": "B",
    "start_time": 603.61
  },
  {
    "end_time": 607.072,
    "segment": "Mm.",
    "speaker_id": "B",
    "start_time": 606.492
  },
  {
    "end_time": 609.291,
    "segment": "I think",
    "speaker_id": "B",
    "start_time": 608.062
  },
  {
    "end_time": 617.856,
    "segment": "Yeah, um production cost's at twelve fifty, so",
    "speaker_id": "B",
    "start_time": 613.489
  },
  {
    "end_time": 629.44,
    "segment": "half of the selling price is taken up by building it. Um, and profit aim is fifty million Euros, which is uh",
    "speaker_id": "B",
    "start_time": 619.072
  },
  {
    "end_time": 637.195,
    "segment": "Yi yes, um yeah, I presume so. Um",
    "speaker_id": "B",
    "start_time": 630.896
  },
  {
    "end_time": 645.632,
    "segment": "Mm-hmm.",
    "speaker_id": "B",
    "start_time": 645.152
  },
  {
    "end_time": 650.357,
    "segment": "No, yeah.",
    "speaker_id": "B",
    "start_time": 648.883
  },
  {
    "end_time": 670.376,
    "segment": "So yes, yes, I don't think we have to I don't think it's a case of worrying about different languages and things like that, um making that a key point, just that it's going to be in the international market like Australia, America, things like that. Okay.",
    "speaker_id": "B",
    "start_time": 653.549
  },
  {
    "end_time": 704.832,
    "segment": "What are your experiences with remote controls? I mean I've got we got um we had three videos, a T_V_ and a sort of amp thing all set up so we got one of the universal remote controls, um that you programme each of your things into, but that kept losing the signals so we'd have to re-programme it every now and again. I think it was quite a cheapie as well, so that might have had something to do with it, but that was quite good, the fact that you could",
    "speaker_id": "B",
    "start_time": 675.184
  },
  {
    "end_time": 708.976,
    "segment": "You didn't have six remote controls sitting in front of you.",
    "speaker_id": "B",
    "start_time": 705.781
  },
  {
    "end_time": 728.209,
    "segment": "Mm.",
    "speaker_id": "B",
    "start_time": 727.648
  },
  {
    "end_time": 751.93,
    "segment": "Yeah, the main that's the main stuff anyway, I mean and you don't want to I hate I hate looking at a control and seeing a million tiny little buttons with tiny little words saying what they all do and just sitting there searching for the teletext button or something like that.",
    "speaker_id": "B",
    "start_time": 734.731
  },
  {
    "end_time": 752.986,
    "segment": "Yeah.",
    "speaker_id": "B",
    "start_time": 752.4
  },
  {
    "end_time": 755.952,
    "segment": "Um.",
    "speaker_id": "B",
    "start_time": 754.864
  },
  {
    "end_time": 779.84,
    "segment": "When they're when you've got the main things on the front of it and a section opens up or something to the other functions where you can do sound or options kind of recording, things like that inside it. 'Cause it doesn't make when you pick it up it doesn't make it really complicated to look at, it's obvious what you're doing, um.",
    "speaker_id": "B",
    "start_time": 757.408
  },
  {
    "end_time": 815.12,
    "segment": "What about the older generation? What about granny and grandads?",
    "speaker_id": "B",
    "start_time": 811.44
  },
  {
    "end_time": 823.872,
    "segment": "Um, my grandad can answer his mobile phone, but he couldn't even dream of texting or something like that.",
    "speaker_id": "B",
    "start_time": 816.128
  },
  {
    "end_time": 831.516,
    "segment": "I don't think they tape things, I don't think they use",
    "speaker_id": "B",
    "start_time": 828.096
  },
  {
    "end_time": 843.364,
    "segment": "Mm, yeah, the age gap.",
    "speaker_id": "B",
    "start_time": 840.952
  },
  {
    "end_time": 862.8,
    "segment": "Mm.",
    "speaker_id": "B",
    "start_time": 862.288
  },
  {
    "end_time": 871.84,
    "segment": "I don't know, I d I don't like the, you know the new phones that have kind of got a Windows-based running system.",
    "speaker_id": "B",
    "start_time": 864.208
  },
  {
    "end_time": 883.28,
    "segment": "I find it really confusing, I kept getting lost in the phone, I di I've not got a new one but uh my friend got a new one and I was trying to do things with it and I just kept getting lost, but",
    "speaker_id": "B",
    "start_time": 872.928
  },
  {
    "end_time": 885.2,
    "segment": "that's just me.",
    "speaker_id": "B",
    "start_time": 884.288
  },
  {
    "end_time": 894.581,
    "segment": "Yeah.",
    "speaker_id": "B",
    "start_time": 893.28
  },
  {
    "end_time": 907.78,
    "segment": "Teletext has got that option as well.",
    "speaker_id": "B",
    "start_time": 905.487
  },
  {
    "end_time": 912.384,
    "segment": "Yeah.",
    "speaker_id": "B",
    "start_time": 911.84
  },
  {
    "end_time": 935.076,
    "segment": "Or what about kind of a dual function? In that you've got the basic buttons just for your play, volume, programme things and also and then a menu to go into with obvious pictures, obvious symbols and that's where you control recording and things like that.",
    "speaker_id": "B",
    "start_time": 913.516
  },
  {
    "end_time": 946.031,
    "segment": "Mm-hmm.",
    "speaker_id": "B",
    "start_time": 945.413
  },
  {
    "end_time": 953.165,
    "segment": "I think that's a cost thing, I don't I don't know how much we're gonna know about",
    "speaker_id": "B",
    "start_time": 948.464
  },
  {
    "end_time": 958.152,
    "segment": "Yes, no that's important.",
    "speaker_id": "B",
    "start_time": 956.0
  },
  {
    "end_time": 960.373,
    "segment": "Okay.",
    "speaker_id": "B",
    "start_time": 959.456
  },
  {
    "end_time": 965.6,
    "segment": "Mm.",
    "speaker_id": "B",
    "start_time": 965.056
  },
  {
    "end_time": 969.264,
    "segment": "Yeah.",
    "speaker_id": "B",
    "start_time": 968.816
  },
  {
    "end_time": 980.032,
    "segment": "Um, right, okay we've got half an hour before the next meeting, so we're all gonna go off and do our individual things. Um",
    "speaker_id": "B",
    "start_time": 970.976
  },
  {
    "end_time": 989.552,
    "segment": "I think that's probably about it and then we'll come back and liaise again and I get to do another fantastic PowerPoint presentation.",
    "speaker_id": "B",
    "start_time": 981.049
  },
  {
    "end_time": 991.663,
    "segment": "Sure.",
    "speaker_id": "B",
    "start_time": 990.987
  },
  {
    "end_time": 1006.496,
    "segment": "Okay.",
    "speaker_id": "B",
    "start_time": 1005.624
  },
  {
    "end_time": 1020.627,
    "segment": "Mm.",
    "speaker_id": "B",
    "start_time": 1019.961
  },
  {
    "end_time": 1024.032,
    "segment": "I would it would probably.",
    "speaker_id": "B",
    "start_time": 1022.304
  },
  {
    "end_time": 1041.616,
    "segment": "I mean there's Sky remote controls and everything. They're kind of moulded and look a bit different, and the Telewest remote controls are silver plastic, which looks a bit smarter, so yeah I guess that's stuff we can think about. Okay, so let's break it up there.",
    "speaker_id": "B",
    "start_time": 1025.024
  },
  {
    "end_time": 1044.208,
    "segment": "Okay? So, see you in half an hour.",
    "speaker_id": "B",
    "start_time": 1042.327
  },
  {
    "end_time": 1049.206,
    "segment": "I think so, yeah.",
    "speaker_id": "B",
    "start_time": 1047.488
  },
  {
    "end_time": 317.696,
    "segment": "It's sitting down.",
    "speaker_id": "C",
    "start_time": 315.696
  },
  {
    "end_time": 355.754,
    "segment": "Yeah I'll have a go.",
    "speaker_id": "C",
    "start_time": 353.461
  },
  {
    "end_time": 357.433,
    "segment": "Thanks.",
    "speaker_id": "C",
    "start_time": 356.773
  },
  {
    "end_time": 367.697,
    "segment": "Alright, okay. Well since you guys have chosen the ones I wanted to do, I'll have to have to go for something a bit random.",
    "speaker_id": "C",
    "start_time": 359.088
  },
  {
    "end_time": 375.525,
    "segment": "And also, my drawing skill isn't that great so, yeah.",
    "speaker_id": "C",
    "start_time": 371.376
  },
  {
    "end_time": 384.768,
    "segment": "Okay, now I'm gonna have to change what is was originally gonna be because that looks like a beak now, so.",
    "speaker_id": "C",
    "start_time": 378.48
  },
  {
    "end_time": 406.304,
    "segment": "Yeah, it can be a crocodile, it can be a crocodile. Well it was it was an at first firstly it was an attempt at a T_ Rex and then it sort of changed into a pelican but it can be a crocodile now actually.",
    "speaker_id": "C",
    "start_time": 390.412
  },
  {
    "end_time": 426.592,
    "segment": "Yeah and uh I'll have to think on the spot of uh things that it is. Um",
    "speaker_id": "C",
    "start_time": 421.184
  },
  {
    "end_time": 430.32,
    "segment": "uh scary,",
    "speaker_id": "C",
    "start_time": 428.096
  },
  {
    "end_time": 434.447,
    "segment": "uh strong,",
    "speaker_id": "C",
    "start_time": 432.464
  },
  {
    "end_time": 442.4,
    "segment": "yeah that's about it I think.",
    "speaker_id": "C",
    "start_time": 438.344
  },
  {
    "end_time": 446.682,
    "segment": "Uh uh",
    "speaker_id": "C",
    "start_time": 445.082
  },
  {
    "end_time": 451.744,
    "segment": "Wo",
    "speaker_id": "C",
    "start_time": 450.144
  },
  {
    "end_time": 466.028,
    "segment": "Hmm.",
    "speaker_id": "C",
    "start_time": 465.28
  },
  {
    "end_time": 468.768,
    "segment": "Okay.",
    "speaker_id": "C",
    "start_time": 467.92
  },
  {
    "end_time": 477.792,
    "segment": "Uh",
    "speaker_id": "C",
    "start_time": 476.672
  },
  {
    "end_time": 484.884,
    "segment": "S",
    "speaker_id": "C",
    "start_time": 484.274
  },
  {
    "end_time": 487.92,
    "segment": "Uh",
    "speaker_id": "C",
    "start_time": 487.408
  },
  {
    "end_time": 500.592,
    "segment": "Okay, some sort of bird.",
    "speaker_id": "C",
    "start_time": 497.126
  },
  {
    "end_time": 503.474,
    "segment": "Ah eagle, right okay.",
    "speaker_id": "C",
    "start_time": 501.744
  },
  {
    "end_time": 521.013,
    "segment": "They're good at golf.",
    "speaker_id": "C",
    "start_time": 519.744
  },
  {
    "end_time": 529.024,
    "segment": "Yeah, no yeah, an eagle.",
    "speaker_id": "C",
    "start_time": 524.288
  },
  {
    "end_time": 577.751,
    "segment": "It's about mm, mm yeah.",
    "speaker_id": "C",
    "start_time": 574.6
  },
  {
    "end_time": 587.648,
    "segment": "Yeah, yeah, something like that, so that yeah about seventeen, seventeen Pounds, something like that.",
    "speaker_id": "C",
    "start_time": 580.784
  },
  {
    "end_time": 591.37,
    "segment": "But",
    "speaker_id": "C",
    "start_time": 590.677
  },
  {
    "end_time": 608.506,
    "segment": "Havi having said that though, if you wanna get one of those the the ones on the market at the moment they're s they're about twenty pounds anyway. So, it'd still be yeah, we had to buy one.",
    "speaker_id": "C",
    "start_time": 594.038
  },
  {
    "end_time": 615.056,
    "segment": "Hmm.",
    "speaker_id": "C",
    "start_time": 614.016
  },
  {
    "end_time": 622.416,
    "segment": "Yeah.",
    "speaker_id": "C",
    "start_time": 621.2
  },
  {
    "end_time": 688.544,
    "segment": "Yeah.",
    "speaker_id": "C",
    "start_time": 687.803
  },
  {
    "end_time": 692.231,
    "segment": "Yeah.",
    "speaker_id": "C",
    "start_time": 690.978
  },
  {
    "end_time": 701.952,
    "segment": "Yeah uh.",
    "speaker_id": "C",
    "start_time": 700.641
  },
  {
    "end_time": 707.28,
    "segment": "Use all the ones at the same time.",
    "speaker_id": "C",
    "start_time": 704.937
  },
  {
    "end_time": 713.328,
    "segment": "Yeah, 'cause you",
    "speaker_id": "C",
    "start_time": 711.067
  },
  {
    "end_time": 748.36,
    "segment": "Yeah.",
    "speaker_id": "C",
    "start_time": 747.488
  },
  {
    "end_time": 778.721,
    "segment": "Mm.",
    "speaker_id": "C",
    "start_time": 777.776
  },
  {
    "end_time": 793.054,
    "segment": "Yeah.",
    "speaker_id": "C",
    "start_time": 791.899
  },
  {
    "end_time": 821.056,
    "segment": "Yeah.",
    "speaker_id": "C",
    "start_time": 819.832
  },
  {
    "end_time": 834.544,
    "segment": "Yeah, my grandad's actually better than me at using teletext, so.",
    "speaker_id": "C",
    "start_time": 829.265
  },
  {
    "end_time": 839.344,
    "segment": "Yeah.",
    "speaker_id": "C",
    "start_time": 838.557
  },
  {
    "end_time": 849.648,
    "segment": "Yeah, what it just needs to be as long as it's sort of self-intuitive and you can can work out",
    "speaker_id": "C",
    "start_time": 843.392
  },
  {
    "end_time": 862.224,
    "segment": "what everything's doing, 'cause I mean, menus on sort of new phones now they've sort of got all these pictures and stuff which makes it fairly obvious what you're trying to do.",
    "speaker_id": "C",
    "start_time": 850.96
  },
  {
    "end_time": 865.885,
    "segment": "But I don't know how",
    "speaker_id": "C",
    "start_time": 864.07
  },
  {
    "end_time": 870.864,
    "segment": "Oh yeah.",
    "speaker_id": "C",
    "start_time": 870.16
  },
  {
    "end_time": 899.344,
    "segment": "Yeah, I don't I don't know how for twenty fi, or twelve Euros fifty how much of a excellent screen you could get, you'd you'd have to sort of keep it down to a black and white L_C_D_ thing anyway, I'd assume.",
    "speaker_id": "C",
    "start_time": 884.976
  },
  {
    "end_time": 950.52,
    "segment": "Y",
    "speaker_id": "C",
    "start_time": 949.62
  },
  {
    "end_time": 957.856,
    "segment": "Yeah.",
    "speaker_id": "C",
    "start_time": 957.152
  },
  {
    "end_time": 971.79,
    "segment": "No uh uh",
    "speaker_id": "C",
    "start_time": 970.384
  },
  {
    "end_time": 1014.848,
    "segment": "Yeah. Just just a quick thing about the um about what you're saying about the uh does does it need to be fashionable? The sort of I I had a quick look at the company website and it's like the the uh we put the fashion into electronics, so I think think the whole design thing might be qui I mean you don't you you can still have plastic and it'd look quite good but",
    "speaker_id": "C",
    "start_time": 984.944
  },
  {
    "end_time": 1019.568,
    "segment": "Yeah.",
    "speaker_id": "C",
    "start_time": 1018.34
  },
  {
    "end_time": 1023.536,
    "segment": "Yeah. Yeah.",
    "speaker_id": "C",
    "start_time": 1021.92
  },
  {
    "end_time": 1043.632,
    "segment": "Okay.",
    "speaker_id": "C",
    "start_time": 1042.331
  },
  {
    "end_time": 27.024,
    "segment": "So we've got both of these clipped on?",
    "speaker_id": "D",
    "start_time": 24.992
  },
  {
    "end_time": 30.59,
    "segment": "She gonna answer me or not?",
    "speaker_id": "D",
    "start_time": 28.56
  },
  {
    "end_time": 33.48,
    "segment": "Right, both of them, okay.",
    "speaker_id": "D",
    "start_time": 31.28
  },
  {
    "end_time": 43.386,
    "segment": "God.",
    "speaker_id": "D",
    "start_time": 42.017
  },
  {
    "end_time": 53.228,
    "segment": "Jesus, it's gonna fall off.",
    "speaker_id": "D",
    "start_time": 49.613
  },
  {
    "end_time": 307.248,
    "segment": "A kind of dog?",
    "speaker_id": "D",
    "start_time": 306.208
  },
  {
    "end_time": 316.535,
    "segment": "Sorry?",
    "speaker_id": "D",
    "start_time": 315.593
  },
  {
    "end_time": 318.896,
    "segment": "Uh.",
    "speaker_id": "D",
    "start_time": 317.872
  },
  {
    "end_time": 345.49,
    "segment": "Mm-hmm.",
    "speaker_id": "D",
    "start_time": 344.616
  },
  {
    "end_time": 362.224,
    "segment": "Please, please leave me a space at the bottom, I'm little, you can get to the top, with standing on a chair.",
    "speaker_id": "D",
    "start_time": 356.257
  },
  {
    "end_time": 379.584,
    "segment": "I think it's outstandingly good.",
    "speaker_id": "D",
    "start_time": 376.784
  },
  {
    "end_time": 391.776,
    "segment": "Crocodile?",
    "speaker_id": "D",
    "start_time": 390.818
  },
  {
    "end_time": 403.707,
    "segment": "O",
    "speaker_id": "D",
    "start_time": 403.097
  },
  {
    "end_time": 422.34,
    "segment": "Beauti that's",
    "speaker_id": "D",
    "start_time": 421.182
  },
  {
    "end_time": 442.369,
    "segment": "Okay.",
    "speaker_id": "D",
    "start_time": 440.149
  },
  {
    "end_time": 450.928,
    "segment": "Um, I'm very impressed with your artistic skills, mine's are dreadful. Oops this is now coming apart, let me just put the top in.",
    "speaker_id": "D",
    "start_time": 443.136
  },
  {
    "end_time": 457.059,
    "segment": "I hope that clicks in, I'll just I'll hold it on, okay.",
    "speaker_id": "D",
    "start_time": 453.968
  },
  {
    "end_time": 460.64,
    "segment": "Oops, oh dear, what happened there?",
    "speaker_id": "D",
    "start_time": 457.872
  },
  {
    "end_time": 470.88,
    "segment": "Hopefully that'll stay on, two-handed version. Okay, uh",
    "speaker_id": "D",
    "start_time": 465.36
  },
  {
    "end_time": 479.472,
    "segment": "Again this is off the top of my head, I was gonna do a big cat too, um.",
    "speaker_id": "D",
    "start_time": 474.384
  },
  {
    "end_time": 484.848,
    "segment": "Oh dear, it doesn't look what like what I want it to be.",
    "speaker_id": "D",
    "start_time": 481.018
  },
  {
    "end_time": 487.747,
    "segment": "Uh.",
    "speaker_id": "D",
    "start_time": 486.928
  },
  {
    "end_time": 491.648,
    "segment": "It's not a vampire bat honestly.",
    "speaker_id": "D",
    "start_time": 488.752
  },
  {
    "end_time": 518.752,
    "segment": "Uh and somewhere there's a body behind. That's my dreadful that's the worst yet, that's it's meant to be an eagle you can tell it's a flying animal could have been a seagull, I never thought of a seagull. An eagle, um again I'm thinking on my feet goodness. I suppose they're all so independent, I'd put that one down again. Da dum um.",
    "speaker_id": "D",
    "start_time": 492.88
  },
  {
    "end_time": 536.8,
    "segment": "Indepen independent, right, did you say they're good at golf? Are they? Oh. Oh right, okay, I'm not good at golf. I'd say they're quite free-spirited, flying around everywhere, doing their own thing.",
    "speaker_id": "D",
    "start_time": 520.256
  },
  {
    "end_time": 549.664,
    "segment": "And uh, birds of prey aren't they, oh dear, intrepid. I'll put that, intrepid.",
    "speaker_id": "D",
    "start_time": 541.12
  },
  {
    "end_time": 556.832,
    "segment": "There we go, hope that pen's gonna be okay.",
    "speaker_id": "D",
    "start_time": 553.476
  },
  {
    "end_time": 559.51,
    "segment": "Whoops.",
    "speaker_id": "D",
    "start_time": 558.528
  },
  {
    "end_time": 577.554,
    "segment": "Seventeen.",
    "speaker_id": "D",
    "start_time": 576.323
  },
  {
    "end_time": 586.17,
    "segment": "Seventeen Pounds.",
    "speaker_id": "D",
    "start_time": 584.698
  },
  {
    "end_time": 592.368,
    "segment": "Should we be making notes of this? We can just refer to this later can't we? Yeah, okay.",
    "speaker_id": "D",
    "start_time": 588.24
  },
  {
    "end_time": 594.517,
    "segment": "Okay.",
    "speaker_id": "D",
    "start_time": 593.792
  },
  {
    "end_time": 604.316,
    "segment": "Right.",
    "speaker_id": "D",
    "start_time": 603.488
  },
  {
    "end_time": 606.223,
    "segment": "So",
    "speaker_id": "D",
    "start_time": 605.824
  },
  {
    "end_time": 614.106,
    "segment": "so I suppose later it depends if we want to undercut the price, we d or or is it going to make our product look a cheapie-cheapie option?",
    "speaker_id": "D",
    "start_time": 608.016
  },
  {
    "end_time": 622.416,
    "segment": "Mm.",
    "speaker_id": "D",
    "start_time": 622.0
  },
  {
    "end_time": 624.288,
    "segment": "Mm-hmm.",
    "speaker_id": "D",
    "start_time": 623.824
  },
  {
    "end_time": 631.248,
    "segment": "In our first year?",
    "speaker_id": "D",
    "start_time": 630.352
  },
  {
    "end_time": 635.936,
    "segment": "Mm-hmm.",
    "speaker_id": "D",
    "start_time": 635.408
  },
  {
    "end_time": 651.52,
    "segment": "You've got market range international and you did say earlier it's got to be a um accessible and usable by sort of all age groups just t we're not focusing on business market, any particular thing, it's everyone user-friendly to everyone. Okay.",
    "speaker_id": "D",
    "start_time": 638.0
  },
  {
    "end_time": 655.552,
    "segment": "Big target group.",
    "speaker_id": "D",
    "start_time": 653.072
  },
  {
    "end_time": 662.272,
    "segment": "No.",
    "speaker_id": "D",
    "start_time": 661.776
  },
  {
    "end_time": 666.976,
    "segment": "Mm.",
    "speaker_id": "D",
    "start_time": 666.576
  },
  {
    "end_time": 692.011,
    "segment": "Alright.",
    "speaker_id": "D",
    "start_time": 691.104
  },
  {
    "end_time": 701.878,
    "segment": "Mm-hmm.",
    "speaker_id": "D",
    "start_time": 700.979
  },
  {
    "end_time": 708.672,
    "segment": "Right.",
    "speaker_id": "D",
    "start_time": 707.968
  },
  {
    "end_time": 736.096,
    "segment": "Mm-hmm. My experience has only been being given the remote control with the object I buy, not doing any tampering with it and programming, using it to programme T_V_ and uh uh videos and things. But basically on, off, volume up and down, channel one, two, th that basic functions, I don't think I could go any further with it than that, so, I suppose it's got to be something usable by someone like me as well.",
    "speaker_id": "D",
    "start_time": 711.856
  },
  {
    "end_time": 737.888,
    "segment": "Mm-hmm.",
    "speaker_id": "D",
    "start_time": 737.248
  },
  {
    "end_time": 746.876,
    "segment": "Mm.",
    "speaker_id": "D",
    "start_time": 746.352
  },
  {
    "end_time": 755.328,
    "segment": "Mm. And symbols that you don't necessarily understand, symbols you're meant to understand that you don't.",
    "speaker_id": "D",
    "start_time": 749.639
  },
  {
    "end_time": 769.024,
    "segment": "Oh yeah.",
    "speaker_id": "D",
    "start_time": 768.48
  },
  {
    "end_time": 772.72,
    "segment": "Mm-hmm.",
    "speaker_id": "D",
    "start_time": 772.304
  },
  {
    "end_time": 775.872,
    "segment": "Mm.",
    "speaker_id": "D",
    "start_time": 775.552
  },
  {
    "end_time": 777.736,
    "segment": "Mm-hmm.",
    "speaker_id": "D",
    "start_time": 777.296
  },
  {
    "end_time": 794.512,
    "segment": "Actually that just raises a point, I wonder what our design people think, but you know on a mobile phone, you can press a key and it gives you a menu, it's got a menu display, I wonder if incorporating that into the design of a remote control might be useful, so you've got a little L_C_D_ display.",
    "speaker_id": "D",
    "start_time": 778.928
  },
  {
    "end_time": 805.952,
    "segment": "With menus, yeah, yeah.",
    "speaker_id": "D",
    "start_time": 803.776
  },
  {
    "end_time": 811.856,
    "segment": "Yeah.",
    "speaker_id": "D",
    "start_time": 811.072
  },
  {
    "end_time": 828.176,
    "segment": "Mm-hmm. Mm-hmm. Can he programme his remote control or is it basic with that too?",
    "speaker_id": "D",
    "start_time": 821.333
  },
  {
    "end_time": 830.747,
    "segment": "Right.",
    "speaker_id": "D",
    "start_time": 830.032
  },
  {
    "end_time": 834.052,
    "segment": "Right.",
    "speaker_id": "D",
    "start_time": 833.2
  },
  {
    "end_time": 844.688,
    "segment": "So that's a problem regardless of of any design modifications you you come up with, that's gonna be a problem anyway with the older generation perhaps, and that's another issue how we tackle that.",
    "speaker_id": "D",
    "start_time": 834.608
  },
  {
    "end_time": 872.64,
    "segment": "Mm-hmm.",
    "speaker_id": "D",
    "start_time": 872.176
  },
  {
    "end_time": 878.922,
    "segment": "Right.",
    "speaker_id": "D",
    "start_time": 878.336
  },
  {
    "end_time": 895.979,
    "segment": "Mm-hmm.",
    "speaker_id": "D",
    "start_time": 895.376
  },
  {
    "end_time": 912.407,
    "segment": "Is it possible that that for the older generation you could have like an extra button that you press for large print like you do in large print books? Obviously it displays less on the screen, it displays less on the screen but as long as they can read it that's the main thing.",
    "speaker_id": "D",
    "start_time": 898.688
  },
  {
    "end_time": 924.08,
    "segment": "Mm-hmm.",
    "speaker_id": "D",
    "start_time": 923.632
  },
  {
    "end_time": 931.532,
    "segment": "Yeah.",
    "speaker_id": "D",
    "start_time": 930.704
  },
  {
    "end_time": 933.408,
    "segment": "Mm-hmm.",
    "speaker_id": "D",
    "start_time": 932.96
  },
  {
    "end_time": 947.76,
    "segment": "Mm. The other thing is, just ch chucking into mobile phone f design features again, it could have a flip top remote control so that when you flip over the top, your screen is you can have a bigger screen in the the flip over.",
    "speaker_id": "D",
    "start_time": 934.332
  },
  {
    "end_time": 951.44,
    "segment": "Yeah?",
    "speaker_id": "D",
    "start_time": 951.04
  },
  {
    "end_time": 955.41,
    "segment": "Mm-hmm.",
    "speaker_id": "D",
    "start_time": 954.896
  },
  {
    "end_time": 958.64,
    "segment": "Yeah, like smaller.",
    "speaker_id": "D",
    "start_time": 956.752
  },
  {
    "end_time": 972.975,
    "segment": "And there's no reason we need to make it look as fashionable and stylish as a mobile phone, it can still be lightweight plastic, you know? Something that's easily moulded and produced. Sorry I'm treading on your territory guys.",
    "speaker_id": "D",
    "start_time": 959.461
  },
  {
    "end_time": 1006.018,
    "segment": "Ah right.",
    "speaker_id": "D",
    "start_time": 1004.976
  },
  {
    "end_time": 1007.575,
    "segment": "Okay.",
    "speaker_id": "D",
    "start_time": 1006.656
  },
  {
    "end_time": 1011.344,
    "segment": "Sure b y yeah.",
    "speaker_id": "D",
    "start_time": 1008.784
  },
  {
    "end_time": 1024.512,
    "segment": "But yeah, I mean it doesn't have to be that, you know th that was my main point, we don't have to use metal, I don't know if using plastic does make it cheaper, I presume it would. Yeah, yeah, yeah.",
    "speaker_id": "D",
    "start_time": 1013.68
  },
  {
    "end_time": 1033.504,
    "segment": "Right.",
    "speaker_id": "D",
    "start_time": 1032.896
  },
  {
    "end_time": 1038.078,
    "segment": "Okay.",
    "speaker_id": "D",
    "start_time": 1037.07
  },
  {
    "end_time": 1042.82,
    "segment": "'Kay.",
    "speaker_id": "D",
    "start_time": 1042.004
  },
  {
    "end_time": 1048.582,
    "segment": "Do we go back to our room? Yep?",
    "speaker_id": "D",
    "start_time": 1046.4
  }
]