[
  {
    "dialog_act": "I think to sum up the last meeting, would be to say um the requirements that we've um set out. Those are we were going to go for what seemed to be a fairly minimal design based on uh a small joystick, L_C_D_ and a couple of other buttons for navigation um with power being I suppose one of the main single purpose buttons. Um we were also going to use novelty of being able to locate the remote control again via a small transmitter with any luck,",
    "dialog_act_end_id": 7,
    "dialog_act_start_id": 5,
    "speaker_id": "B",
    "type": {
      "main_type": "Other",
      "sub_type": "Offer"
    }
  },
  {
    "dialog_act": "and also because of the minimal design um looks like we'll be able to be fairly adventurous in the actual physical shape of our remote control with any luck.",
    "dialog_act_end_id": 9,
    "dialog_act_start_id": 9,
    "speaker_id": "B",
    "type": {
      "main_type": "Task",
      "sub_type": "Inform"
    }
  },
  {
    "dialog_act": "This uh meeting is the conceptual design phase",
    "dialog_act_end_id": 15,
    "dialog_act_start_id": 15,
    "speaker_id": "B",
    "type": {
      "main_type": "Task",
      "sub_type": "Inform"
    }
  },
  {
    "dialog_act": "And is to cover things like um what the parts might be made of, um,",
    "dialog_act_end_id": 18,
    "dialog_act_start_id": 18,
    "speaker_id": "B",
    "type": {
      "main_type": "Elicit",
      "sub_type": "Elicit-Offer-Or-Suggestion"
    }
  },
  {
    "dialog_act": "The case uh le that's what I wrote first of all, could be plastic our plastic. Uh but later on we found out that um it can be rubber as well, or titanium or even wood.",
    "dialog_act_end_id": 12,
    "dialog_act_start_id": 11,
    "speaker_id": "D",
    "type": {
      "main_type": "Task",
      "sub_type": "Inform"
    }
  },
  {
    "dialog_act": "we decide what it's gonna be. Probably plastic. Uh we need the infra-red transmitter.",
    "dialog_act_end_id": 16,
    "dialog_act_start_id": 14,
    "speaker_id": "D",
    "type": {
      "main_type": "Task",
      "sub_type": "Suggest"
    }
  },
  {
    "dialog_act": "Uh joystick we'll probably if we're gonna use it, um could be plastic w or rubber even as well. Um",
    "dialog_act_end_id": 18,
    "dialog_act_start_id": 18,
    "speaker_id": "D",
    "type": {
      "main_type": "Task",
      "sub_type": "Inform"
    }
  },
  {
    "dialog_act": "three different types of batteries. Um can either use a hand dynamo, or the kinetic type ones, you know that they use in watches, or else uh a solar powered one.",
    "dialog_act_end_id": 24,
    "dialog_act_start_id": 24,
    "speaker_id": "D",
    "type": {
      "main_type": "Task",
      "sub_type": "Inform"
    }
  },
  {
    "dialog_act": "Um the bat uh the battery for a a watch wouldn't require a lot of power, would be my one query. Is a kinetic one going to be able to supply enough power?",
    "dialog_act_end_id": 37,
    "dialog_act_start_id": 36,
    "speaker_id": "B",
    "type": {
      "main_type": "Task",
      "sub_type": "Inform"
    }
  },
  {
    "dialog_act": "And solar cells, I dunno about that. Uh. We should probably just use conventional batteries. Um, just like in usual remote controls.",
    "dialog_act_end_id": 31,
    "dialog_act_start_id": 30,
    "speaker_id": "D",
    "type": {
      "main_type": "Task",
      "sub_type": "Assess"
    }
  },
  {
    "dialog_act": "Um. And these are three different types of or two different types three different types of shapes you can have. Uh one is a flat one, and then more original ones are single curved one or one with a double curved.",
    "dialog_act_end_id": 35,
    "dialog_act_start_id": 33,
    "speaker_id": "D",
    "type": {
      "main_type": "Task",
      "sub_type": "Inform"
    }
  },
  {
    "dialog_act": "but uh you can't have a titanium one for a double curved,",
    "dialog_act_end_id": 37,
    "dialog_act_start_id": 37,
    "speaker_id": "D",
    "type": {
      "main_type": "Task",
      "sub_type": "Inform"
    }
  },
  {
    "dialog_act": "the single curved and double curved, would you be able to give an example?",
    "dialog_act_end_id": 45,
    "dialog_act_start_id": 45,
    "speaker_id": "B",
    "type": {
      "main_type": "Elicit",
      "sub_type": "Elicit-Inform"
    }
  },
  {
    "dialog_act": "Double curved. It probably means this is probably double curved. Uh whereas a single curved would be like that.",
    "dialog_act_end_id": 52,
    "dialog_act_start_id": 51,
    "speaker_id": "D",
    "type": {
      "main_type": "Task",
      "sub_type": "Inform"
    }
  },
  {
    "dialog_act": "it looks better than the single curve, but uh you can't have it in titanium,",
    "dialog_act_end_id": 60,
    "dialog_act_start_id": 59,
    "speaker_id": "D",
    "type": {
      "main_type": "Task",
      "sub_type": "Assess"
    }
  },
  {
    "dialog_act": "and for the buttons, um it can have the scroll wheel",
    "dialog_act_end_id": 63,
    "dialog_act_start_id": 63,
    "speaker_id": "D",
    "type": {
      "main_type": "Task",
      "sub_type": "Inform"
    }
  },
  {
    "dialog_act": "Uh but um it requires a more expensive chip to use, and if you wanna use L_C_D_ it's even more expensive.",
    "dialog_act_end_id": 66,
    "dialog_act_start_id": 65,
    "speaker_id": "D",
    "type": {
      "main_type": "Task",
      "sub_type": "Inform"
    }
  },
  {
    "dialog_act": "there's trade-offs there. Um",
    "dialog_act_end_id": 69,
    "dialog_act_start_id": 69,
    "speaker_id": "D",
    "type": {
      "main_type": "Task",
      "sub_type": "Inform"
    }
  },
  {
    "dialog_act": "you have to decide,",
    "dialog_act_end_id": 68,
    "dialog_act_start_id": 68,
    "speaker_id": "D",
    "type": {
      "main_type": "Task",
      "sub_type": "Suggest"
    }
  },
  {
    "dialog_act": "if you have a double curve uh control and it's rubber, then you have these rubber buttons as well.",
    "dialog_act_end_id": 72,
    "dialog_act_start_id": 72,
    "speaker_id": "D",
    "type": {
      "main_type": "Task",
      "sub_type": "Inform"
    }
  },
  {
    "dialog_act": "I reckon you're gonna have to have uh key a number keypad anyway for the amount of channels these days.",
    "dialog_act_end_id": 74,
    "dialog_act_start_id": 74,
    "speaker_id": "D",
    "type": {
      "main_type": "Task",
      "sub_type": "Suggest"
    }
  },
  {
    "dialog_act": "like when we're saying that we'd need an advanced chip for an L_C_D_, does that in shoot the cost up by a drastic amount? Or?",
    "dialog_act_end_id": 60,
    "dialog_act_start_id": 59,
    "speaker_id": "B",
    "type": {
      "main_type": "Task",
      "sub_type": "Inform"
    }
  },
  {
    "dialog_act": "We have to look into the costs of those.",
    "dialog_act_end_id": 73,
    "dialog_act_start_id": 73,
    "speaker_id": "B",
    "type": {
      "main_type": "Task",
      "sub_type": "Suggest"
    }
  },
  {
    "dialog_act": "Uh the previous slides just explain what's in the internal components of the uh remote control.",
    "dialog_act_end_id": 88,
    "dialog_act_start_id": 88,
    "speaker_id": "D",
    "type": {
      "main_type": "Task",
      "sub_type": "Inform"
    }
  },
  {
    "dialog_act": "And uh then the next slide just shows how the uh copper wires uh interact with the buttons, the rubber buttons, uh to uh get sent to the chip.",
    "dialog_act_end_id": 96,
    "dialog_act_start_id": 96,
    "speaker_id": "D",
    "type": {
      "main_type": "Task",
      "sub_type": "Inform"
    }
  },
  {
    "dialog_act": "translate the key press into an infra-red signal and this is received by the T_V_.",
    "dialog_act_end_id": 93,
    "dialog_act_start_id": 92,
    "speaker_id": "D",
    "type": {
      "main_type": "Task",
      "sub_type": "Inform"
    }
  },
  {
    "dialog_act": "in the information that you've been supplied, how feasible would you say that the idea of using an L_C_D_ looks?",
    "dialog_act_end_id": 81,
    "dialog_act_start_id": 81,
    "speaker_id": "B",
    "type": {
      "main_type": "Elicit",
      "sub_type": "Elicit-Inform"
    }
  },
  {
    "dialog_act": "Um I think we can do it if uh we use conventional batteries and not have solar cells or kinetic. Um and then maybe use single curved uh case.",
    "dialog_act_end_id": 102,
    "dialog_act_start_id": 101,
    "speaker_id": "D",
    "type": {
      "main_type": "Task",
      "sub_type": "Inform"
    }
  },
  {
    "dialog_act": "Um I'm actually gonna be bold and go oo go straight for rubber um for reasons I'll go into uh in more detail.",
    "dialog_act_end_id": 7,
    "dialog_act_start_id": 7,
    "speaker_id": "A",
    "type": {
      "main_type": "Task",
      "sub_type": "Assess"
    }
  },
  {
    "dialog_act": "I also have a preference for rubber.",
    "dialog_act_end_id": 18,
    "dialog_act_start_id": 18,
    "speaker_id": "C",
    "type": {
      "main_type": "Task",
      "sub_type": "Assess"
    }
  },
  {
    "dialog_act": "Uh um I was given a an H_T_M_L_ file giving um various ideas from uh from other previous remote control designs, and pretty much decided to just dump them all. I wasn't very impressed by them",
    "dialog_act_end_id": 16,
    "dialog_act_start_id": 14,
    "speaker_id": "A",
    "type": {
      "main_type": "Task",
      "sub_type": "Inform"
    }
  },
  {
    "dialog_act": "uh nothing I saw seemed to meet the sorts of design specifications that we're going for today.",
    "dialog_act_end_id": 18,
    "dialog_act_start_id": 18,
    "speaker_id": "A",
    "type": {
      "main_type": "Task",
      "sub_type": "Inform"
    }
  },
  {
    "dialog_act": "rather than looking at other remotes, uh ra oomp be better to simply look at the human hand.",
    "dialog_act_end_id": 21,
    "dialog_act_start_id": 21,
    "speaker_id": "A",
    "type": {
      "main_type": "Task",
      "sub_type": "Suggest"
    }
  },
  {
    "dialog_act": "um so that if r a if so that the finger is e each finger or thumb is wherever it needs to be already.",
    "dialog_act_end_id": 23,
    "dialog_act_start_id": 23,
    "speaker_id": "A",
    "type": {
      "main_type": "Task",
      "sub_type": "Inform"
    }
  },
  {
    "dialog_act": "Um and what we've basically decided on was the the um the joy uh the joystick, two function buttons and the L_C_D_,",
    "dialog_act_end_id": 26,
    "dialog_act_start_id": 26,
    "speaker_id": "A",
    "type": {
      "main_type": "Task",
      "sub_type": "Inform"
    }
  },
  {
    "dialog_act": "I don't actually think we need the um the numeric keypad",
    "dialog_act_end_id": 28,
    "dialog_act_start_id": 28,
    "speaker_id": "A",
    "type": {
      "main_type": "Task",
      "sub_type": "Suggest"
    }
  },
  {
    "dialog_act": "because one of the menus that we could have available um v via via the L_C_D_ is one where you scroll through channels,",
    "dialog_act_end_id": 30,
    "dialog_act_start_id": 30,
    "speaker_id": "A",
    "type": {
      "main_type": "Task",
      "sub_type": "Suggest"
    }
  },
  {
    "dialog_act": "You must have two two modes, basic mode, where um the joystick's uh left right left right for channels, up down for volume, um and the uh uh and the menu mode for uh further functions. Um now the reason I was particularly interested in using rubber for this is that if we're going to have a highly ergonomic design, um it needs to be ergonomic for left or right handed people.",
    "dialog_act_end_id": 40,
    "dialog_act_start_id": 37,
    "speaker_id": "A",
    "type": {
      "main_type": "Task",
      "sub_type": "Suggest"
    }
  },
  {
    "dialog_act": "That would suggest the double curved design's probably going to be most appropriate, then.",
    "dialog_act_end_id": 101,
    "dialog_act_start_id": 101,
    "speaker_id": "B",
    "type": {
      "main_type": "Elicit",
      "sub_type": "Elicit-Assessment"
    }
  },
  {
    "dialog_act": "And also this is a rather nicer de uh design gimmick that the the um you know the whole thing you know it should have sort of organic feel to it that it should be, you know, soft to touch",
    "dialog_act_end_id": 49,
    "dialog_act_start_id": 48,
    "speaker_id": "A",
    "type": {
      "main_type": "Task",
      "sub_type": "Suggest"
    }
  },
  {
    "dialog_act": "the um the joystick unit should rest over the uh the joint of the f of the uh four finger",
    "dialog_act_end_id": 62,
    "dialog_act_start_id": 62,
    "speaker_id": "A",
    "type": {
      "main_type": "Task",
      "sub_type": "Suggest"
    }
  },
  {
    "dialog_act": "Um and it would need t there would need to be a it would need to be articulated just below that so that it could be switched around for uh left or right handed users.",
    "dialog_act_end_id": 65,
    "dialog_act_start_id": 64,
    "speaker_id": "A",
    "type": {
      "main_type": "Task",
      "sub_type": "Suggest"
    }
  },
  {
    "dialog_act": "And you then have, at the uh at the bottom, the L_C_D_, and this would need to be articulated as well.",
    "dialog_act_end_id": 77,
    "dialog_act_start_id": 76,
    "speaker_id": "A",
    "type": {
      "main_type": "Task",
      "sub_type": "Suggest"
    }
  },
  {
    "dialog_act": "the t uh the top function button in basic mode would be the on off switch and menu mode would be the enter button. And then the bottom function buttons switches between between modes.",
    "dialog_act_end_id": 86,
    "dialog_act_start_id": 84,
    "speaker_id": "A",
    "type": {
      "main_type": "Task",
      "sub_type": "Suggest"
    }
  },
  {
    "dialog_act": "Programming them can be a right pain. So I thought th the simplest way around that would be to have um a cable to connect it to the computer some some fair iv fairly fairly simple software on the computer just so that you on your computer",
    "dialog_act_end_id": 92,
    "dialog_act_start_id": 90,
    "speaker_id": "A",
    "type": {
      "main_type": "Task",
      "sub_type": "Assess"
    }
  },
  {
    "dialog_act": "And you could download programs for it from uh for uh T_V_s from all sort of main manufacturers.",
    "dialog_act_end_id": 94,
    "dialog_act_start_id": 94,
    "speaker_id": "A",
    "type": {
      "main_type": "Task",
      "sub_type": "Suggest"
    }
  },
  {
    "dialog_act": "We compared uh whether people want the remote control to do a lot of stuff or they want it to look cool. And then we we research uh fashion trends in Europe,",
    "dialog_act_end_id": 30,
    "dialog_act_start_id": 29,
    "speaker_id": "C",
    "type": {
      "main_type": "Task",
      "sub_type": "Inform"
    }
  },
  {
    "dialog_act": "Uh we found, in order of importance, people want the remote control to look cool more than they want it to to be cool. As in they want it to do a lot of good s",
    "dialog_act_end_id": 36,
    "dialog_act_start_id": 35,
    "speaker_id": "C",
    "type": {
      "main_type": "Task",
      "sub_type": "Inform"
    }
  },
  {
    "dialog_act": "and if it does do a lot that's a bonus, but they don't care so much,",
    "dialog_act_end_id": 39,
    "dialog_act_start_id": 38,
    "speaker_id": "C",
    "type": {
      "main_type": "Task",
      "sub_type": "Inform"
    }
  },
  {
    "dialog_act": "Technology technical technologically innovative. People want it to be that, but s still they care more about the way it looks than what it does.",
    "dialog_act_end_id": 44,
    "dialog_act_start_id": 43,
    "speaker_id": "C",
    "type": {
      "main_type": "Task",
      "sub_type": "Inform"
    }
  },
  {
    "dialog_act": "like the interface is really important. And easy to use, it it just so happens that uh from the second point to the third point is twice as important I mean the second point is twice as important as the third point.",
    "dialog_act_end_id": 48,
    "dialog_act_start_id": 46,
    "speaker_id": "C",
    "type": {
      "main_type": "Task",
      "sub_type": "Inform"
    }
  },
  {
    "dialog_act": "The fashion, now this is seems a bit odd to me, but fruit and veg is the new is the new black for furniture, for clothes, for shoes. How that relates to a remote control I don't know.",
    "dialog_act_end_id": 56,
    "dialog_act_start_id": 54,
    "speaker_id": "C",
    "type": {
      "main_type": "Task",
      "sub_type": "Assess"
    }
  },
  {
    "dialog_act": "Spongy.",
    "dialog_act_end_id": 59,
    "dialog_act_start_id": 59,
    "speaker_id": "C",
    "type": {
      "main_type": "Task",
      "sub_type": "Inform"
    }
  },
  {
    "dialog_act": "If it's the type of rubber that you can squeeze, you know, it's spongy, then can I skip the rest?",
    "dialog_act_end_id": 65,
    "dialog_act_start_id": 65,
    "speaker_id": "C",
    "type": {
      "main_type": "Elicit",
      "sub_type": "Elicit-Assessment"
    }
  },
  {
    "dialog_act": "The uh rubber material is the type of stress ball material, not just normal rubber.",
    "dialog_act_end_id": 109,
    "dialog_act_start_id": 109,
    "speaker_id": "D",
    "type": {
      "main_type": "Task",
      "sub_type": "Inform"
    }
  },
  {
    "dialog_act": "kinda spongy material.",
    "dialog_act_end_id": 68,
    "dialog_act_start_id": 68,
    "speaker_id": "C",
    "type": {
      "main_type": "Task",
      "sub_type": "Inform"
    }
  },
  {
    "dialog_act": "Um we want something fancy and techni technologically innovative, obviously. But what we what we need is something that looks like it's from the future",
    "dialog_act_end_id": 72,
    "dialog_act_start_id": 71,
    "speaker_id": "C",
    "type": {
      "main_type": "Task",
      "sub_type": "Suggest"
    }
  },
  {
    "dialog_act": "Um now the fruit and veg options, either we we go in that direction or we stay totally away from it.",
    "dialog_act_end_id": 83,
    "dialog_act_start_id": 82,
    "speaker_id": "C",
    "type": {
      "main_type": "Task",
      "sub_type": "Suggest"
    }
  },
  {
    "dialog_act": "but if we're gonna go along with it then it doesn't necessarily have to be like an apple or something like that, or a kiwi fruit.",
    "dialog_act_end_id": 90,
    "dialog_act_start_id": 90,
    "speaker_id": "C",
    "type": {
      "main_type": "Task",
      "sub_type": "Suggest"
    }
  },
  {
    "dialog_act": "Few questions about a spongy remote control. I've never seen one before.",
    "dialog_act_end_id": 96,
    "dialog_act_start_id": 95,
    "speaker_id": "C",
    "type": {
      "main_type": "Task",
      "sub_type": "Assess"
    }
  },
  {
    "dialog_act": "if we want something strong and sturdy, I say stay with plastic or titanium, but if we go with spongy, we can stress that you can drop this as many times as you want,",
    "dialog_act_end_id": 104,
    "dialog_act_start_id": 103,
    "speaker_id": "C",
    "type": {
      "main_type": "Task",
      "sub_type": "Suggest"
    }
  },
  {
    "dialog_act": "I just don't know how the L_E_D_ and the lights are gonna fit into a spongy material",
    "dialog_act_end_id": 109,
    "dialog_act_start_id": 109,
    "speaker_id": "C",
    "type": {
      "main_type": "Task",
      "sub_type": "Inform"
    }
  },
  {
    "dialog_act": "If we're gonna use spongy material we have to think of how practical it is,",
    "dialog_act_end_id": 126,
    "dialog_act_start_id": 126,
    "speaker_id": "C",
    "type": {
      "main_type": "Task",
      "sub_type": "Suggest"
    }
  },
  {
    "dialog_act": "And also, this was this year.",
    "dialog_act_end_id": 128,
    "dialog_act_start_id": 128,
    "speaker_id": "C",
    "type": {
      "main_type": "Task",
      "sub_type": "Inform"
    }
  },
  {
    "dialog_act": "things change all the time, every year",
    "dialog_act_end_id": 130,
    "dialog_act_start_id": 130,
    "speaker_id": "C",
    "type": {
      "main_type": "Task",
      "sub_type": "Inform"
    }
  },
  {
    "dialog_act": "Seems like a a lot of the components could be off the shelf,",
    "dialog_act_end_id": 124,
    "dialog_act_start_id": 124,
    "speaker_id": "B",
    "type": {
      "main_type": "Task",
      "sub_type": "Suggest"
    }
  },
  {
    "dialog_act": "um having the use of the L_C_D_ and the joystick would probably allow you to manipulate enough channel numbers",
    "dialog_act_end_id": 131,
    "dialog_act_start_id": 131,
    "speaker_id": "B",
    "type": {
      "main_type": "Task",
      "sub_type": "Inform"
    }
  },
  {
    "dialog_act": "if you've got a lot of channels, the number keypad can be quite annoying as well,",
    "dialog_act_end_id": 102,
    "dialog_act_start_id": 102,
    "speaker_id": "A",
    "type": {
      "main_type": "Task",
      "sub_type": "Assess"
    }
  },
  {
    "dialog_act": "what it looks like to me is we'll use a large number of standard components, um, say something like um lithium ion battery,",
    "dialog_act_end_id": 137,
    "dialog_act_start_id": 136,
    "speaker_id": "B",
    "type": {
      "main_type": "Task",
      "sub_type": "Inform"
    }
  },
  {
    "dialog_act": "Looks like we going for a double curved design. Um I don't know what cost implications there are in that. Um, looks like we're pretty much decided on some kind of flexible rubber. Though I'd have to say depending on how flexible it is, we might need to have some kind of inner frame.",
    "dialog_act_end_id": 142,
    "dialog_act_start_id": 139,
    "speaker_id": "B",
    "type": {
      "main_type": "Task",
      "sub_type": "Inform"
    }
  },
  {
    "dialog_act": "there would be basically two points of articulation. W um one below and one above the m the uh the main sort of grip.",
    "dialog_act_end_id": 113,
    "dialog_act_start_id": 113,
    "speaker_id": "A",
    "type": {
      "main_type": "Task",
      "sub_type": "Suggest"
    }
  },
  {
    "dialog_act": "Do you think there's any way we could maybe remove the articulation?",
    "dialog_act_end_id": 143,
    "dialog_act_start_id": 143,
    "speaker_id": "B",
    "type": {
      "main_type": "Task",
      "sub_type": "Assess"
    }
  },
  {
    "dialog_act": "but it could be a weak point in um the structure, do you think?",
    "dialog_act_end_id": 145,
    "dialog_act_start_id": 145,
    "speaker_id": "B",
    "type": {
      "main_type": "Elicit",
      "sub_type": "Elicit-Assessment"
    }
  },
  {
    "dialog_act": "If you then have a sort of outer skin of mm flexible, spongy rubber then you have something that is you know very much you know organic,",
    "dialog_act_end_id": 119,
    "dialog_act_start_id": 118,
    "speaker_id": "A",
    "type": {
      "main_type": "Task",
      "sub_type": "Suggest"
    }
  },
  {
    "dialog_act": "if we take some of the ideas why don't we make the damn thing yellow to incorporate the des the colour of the logo?",
    "dialog_act_end_id": 154,
    "dialog_act_start_id": 154,
    "speaker_id": "B",
    "type": {
      "main_type": "Task",
      "sub_type": "Suggest"
    }
  },
  {
    "dialog_act": "Sure, yeah.",
    "dialog_act_end_id": 146,
    "dialog_act_start_id": 146,
    "speaker_id": "C",
    "type": {
      "main_type": "Task",
      "sub_type": "Assess"
    }
  },
  {
    "dialog_act": "Make it harder to lose, as well.",
    "dialog_act_end_id": 126,
    "dialog_act_start_id": 126,
    "speaker_id": "A",
    "type": {
      "main_type": "Task",
      "sub_type": "Inform"
    }
  },
  {
    "dialog_act": "The noise for when you lose the banana, um f yeah, for when you lose the remote control, it could be like a a monkey noise or something like that, rather than a standard beep beep.",
    "dialog_act_end_id": 148,
    "dialog_act_start_id": 148,
    "speaker_id": "C",
    "type": {
      "main_type": "Task",
      "sub_type": "Suggest"
    }
  },
  {
    "dialog_act": "y you lose the banana, you press a button, and you hear like monkey screams or something like that to direct you towards the banana.",
    "dialog_act_end_id": 153,
    "dialog_act_start_id": 151,
    "speaker_id": "C",
    "type": {
      "main_type": "Task",
      "sub_type": "Inform"
    }
  },
  {
    "dialog_act": "I was gonna talk about the programmable remote control. Now I think it'd be cool if you had one remote control that could work with all T_V_s,",
    "dialog_act_end_id": 157,
    "dialog_act_start_id": 156,
    "speaker_id": "C",
    "type": {
      "main_type": "Task",
      "sub_type": "Inform"
    }
  },
  {
    "dialog_act": "you s you click a button and it finds the frequency that works with your particular television.",
    "dialog_act_end_id": 161,
    "dialog_act_start_id": 159,
    "speaker_id": "C",
    "type": {
      "main_type": "Task",
      "sub_type": "Inform"
    }
  },
  {
    "dialog_act": "e each manufacturer will have a partic will have a particular command set that uh the T_V_ responds to.",
    "dialog_act_end_id": 134,
    "dialog_act_start_id": 134,
    "speaker_id": "A",
    "type": {
      "main_type": "Task",
      "sub_type": "Inform"
    }
  },
  {
    "dialog_act": "But if we had um some sort of hook-up to your computer as an option, then if you've got a computer you can avoid that rather irritating thing.",
    "dialog_act_end_id": 149,
    "dialog_act_start_id": 149,
    "speaker_id": "A",
    "type": {
      "main_type": "Task",
      "sub_type": "Suggest"
    }
  },
  {
    "dialog_act": "An interesting point is that if the person doesn't have the computer, we can still make the process easier",
    "dialog_act_end_id": 164,
    "dialog_act_start_id": 164,
    "speaker_id": "B",
    "type": {
      "main_type": "Task",
      "sub_type": "Assess"
    }
  },
  {
    "dialog_act": "because instead of having to look up codes, maybe we can have it that one of the options they have is that they look up the name of the company on the L_C_D_",
    "dialog_act_end_id": 162,
    "dialog_act_start_id": 162,
    "speaker_id": "B",
    "type": {
      "main_type": "Task",
      "sub_type": "Suggest"
    }
  },
  {
    "dialog_act": "you've got yourself and the Industrial Designer gonna be working quite closely at this stage",
    "dialog_act_end_id": 181,
    "dialog_act_start_id": 181,
    "speaker_id": "B",
    "type": {
      "main_type": "Task",
      "sub_type": "Inform"
    }
  },
  {
    "dialog_act": "looking from prototyping of some des description using clay.",
    "dialog_act_end_id": 183,
    "dialog_act_start_id": 183,
    "speaker_id": "B",
    "type": {
      "main_type": "Task",
      "sub_type": "Inform"
    }
  },
  {
    "dialog_act": "um mo most of the sort of layout design decisions are are made, I would say. Um but then again, the um the menu structure to to a considerable extent that's gonna vary according to the model of television, and also any customisations that the user might wish to incorporate.",
    "dialog_act_end_id": 164,
    "dialog_act_start_id": 163,
    "speaker_id": "A",
    "type": {
      "main_type": "Task",
      "sub_type": "Inform"
    }
  },
  {
    "dialog_act": "product evaluation, doesn't that come after actually seen a product prototype.",
    "dialog_act_end_id": 183,
    "dialog_act_start_id": 183,
    "speaker_id": "C",
    "type": {
      "main_type": "Elicit",
      "sub_type": "Elicit-Inform"
    }
  },
  {
    "dialog_act": "At this stage we still have no no target audience",
    "dialog_act_end_id": 187,
    "dialog_act_start_id": 187,
    "speaker_id": "C",
    "type": {
      "main_type": "Task",
      "sub_type": "Inform"
    }
  },
  {
    "dialog_act": "I think the target audience is pretty much anybody under the age of say maybe sixty or something ludicrous.",
    "dialog_act_end_id": 200,
    "dialog_act_start_id": 200,
    "speaker_id": "B",
    "type": {
      "main_type": "Task",
      "sub_type": "Suggest"
    }
  },
  {
    "dialog_act": "Um your idea of the U_S_B_ would I think would largely depend on the cost. U_S_B_'s definitely one of the cheapest interfaces out there,",
    "dialog_act_end_id": 210,
    "dialog_act_start_id": 209,
    "speaker_id": "B",
    "type": {
      "main_type": "Task",
      "sub_type": "Assess"
    }
  },
  {
    "dialog_act": "programming it to use your T_V_, you might hook it up to the P_C_.",
    "dialog_act_end_id": 218,
    "dialog_act_start_id": 218,
    "speaker_id": "B",
    "type": {
      "main_type": "Task",
      "sub_type": "Inform"
    }
  },
  {
    "dialog_act": "The the idea was that maybe it could connect up for um allowing a software interface on the P_C_ for a larger programming",
    "dialog_act_end_id": 214,
    "dialog_act_start_id": 214,
    "speaker_id": "B",
    "type": {
      "main_type": "Task",
      "sub_type": "Inform"
    }
  },
  {
    "dialog_act": "I'm not sure, but I'm thinking maybe that the additional cost of the U_S_B_ might be prohibitive.",
    "dialog_act_end_id": 220,
    "dialog_act_start_id": 220,
    "speaker_id": "B",
    "type": {
      "main_type": "Task",
      "sub_type": "Assess"
    }
  },
  {
    "dialog_act": "Um you're gonna look at product evaluation.",
    "dialog_act_end_id": 229,
    "dialog_act_start_id": 229,
    "speaker_id": "B",
    "type": {
      "main_type": "Task",
      "sub_type": "Inform"
    }
  },
  {
    "dialog_act": "Um looks like we're gonna need a maybe a kind of prototype in clay.",
    "dialog_act_end_id": 233,
    "dialog_act_start_id": 233,
    "speaker_id": "B",
    "type": {
      "main_type": "Task",
      "sub_type": "Inform"
    }
  },
  {
    "dialog_act": "they're going with the fashion thing, like the design, spongy rubber.",
    "dialog_act_end_id": 126,
    "dialog_act_start_id": 126,
    "speaker_id": "D",
    "type": {
      "main_type": "Elicit",
      "sub_type": "Elicit-Assessment"
    }
  },
  {
    "dialog_act": "I think we've got an idea of where we need to go for the next meeting,",
    "dialog_act_end_id": 237,
    "dialog_act_start_id": 237,
    "speaker_id": "B",
    "type": {
      "main_type": "Task",
      "sub_type": "Inform"
    }
  },
  {
    "dialog_act": "though maybe we could have options for colours as well.",
    "dialog_act_end_id": 189,
    "dialog_act_start_id": 189,
    "speaker_id": "A",
    "type": {
      "main_type": "Task",
      "sub_type": "Suggest"
    }
  },
  {
    "dialog_act": "like I said before I I think we should have the R_R_ on the uh on the top function button.",
    "dialog_act_end_id": 195,
    "dialog_act_start_id": 195,
    "speaker_id": "A",
    "type": {
      "main_type": "Task",
      "sub_type": "Suggest"
    }
  },
  {
    "dialog_act": "So we always need to remember that somewhere we're meant to be getting the slogan on. Possibly I'm think I'm not sure but I'm seeing a little bit of space around maybe the joystick area which could be used. Um.",
    "dialog_act_end_id": 244,
    "dialog_act_start_id": 243,
    "speaker_id": "B",
    "type": {
      "main_type": "Elicit",
      "sub_type": "Elicit-Offer-Or-Suggestion"
    }
  }
]