[
  {
    "dialog_act": "Uh, making a profit of fifty million Euros.",
    "dialog_act_end_id": 2,
    "dialog_act_start_id": 2,
    "speaker_id": "C",
    "type": {
      "main_type": "Task",
      "sub_type": "Inform"
    }
  },
  {
    "dialog_act": "so twenty five.",
    "dialog_act_end_id": 2,
    "dialog_act_start_id": 2,
    "speaker_id": "A",
    "type": {
      "main_type": "Task",
      "sub_type": "Inform"
    }
  },
  {
    "dialog_act": "So, it's go gonna have to be be pretty damn trendy.",
    "dialog_act_end_id": 3,
    "dialog_act_start_id": 3,
    "speaker_id": "C",
    "type": {
      "main_type": "Task",
      "sub_type": "Suggest"
    }
  },
  {
    "dialog_act": "I think the the only ones that I've seen that you buy are the sort of one for all type things",
    "dialog_act_end_id": 6,
    "dialog_act_start_id": 6,
    "speaker_id": "C",
    "type": {
      "main_type": "Task",
      "sub_type": "Inform"
    }
  },
  {
    "dialog_act": "Yeah the universal ones. Yeah.",
    "dialog_act_end_id": 4,
    "dialog_act_start_id": 4,
    "speaker_id": "D",
    "type": {
      "main_type": "Task",
      "sub_type": "Assess"
    }
  },
  {
    "dialog_act": "So presumably that might be an idea to put into.",
    "dialog_act_end_id": 9,
    "dialog_act_start_id": 9,
    "speaker_id": "C",
    "type": {
      "main_type": "Task",
      "sub_type": "Suggest"
    }
  },
  {
    "dialog_act": "But but to sell it for twenty five you need a lot of neat features. For sure.",
    "dialog_act_end_id": 9,
    "dialog_act_start_id": 9,
    "speaker_id": "A",
    "type": {
      "main_type": "Task",
      "sub_type": "Inform"
    }
  },
  {
    "dialog_act": "my first thoughts would be most remote controls are grey or black.",
    "dialog_act_end_id": 9,
    "dialog_act_start_id": 9,
    "speaker_id": "D",
    "type": {
      "main_type": "Task",
      "sub_type": "Inform"
    }
  },
  {
    "dialog_act": "so maybe we could think about colour?",
    "dialog_act_end_id": 12,
    "dialog_act_start_id": 12,
    "speaker_id": "D",
    "type": {
      "main_type": "Elicit",
      "sub_type": "Elicit-Assessment"
    }
  },
  {
    "dialog_act": "Um, and as you say, we need to have some kind of gimmick, so um I thought maybe something like if you lose it and you can whistle,",
    "dialog_act_end_id": 16,
    "dialog_act_start_id": 15,
    "speaker_id": "D",
    "type": {
      "main_type": "Task",
      "sub_type": "Assess"
    }
  },
  {
    "dialog_act": "being as a Marketing Exper Expert I will like to say like before deciding the cost of this remote control or any other things we must see the market potential for this product like what is the competition in the market?",
    "dialog_act_end_id": 5,
    "dialog_act_start_id": 4,
    "speaker_id": "B",
    "type": {
      "main_type": "Task",
      "sub_type": "Suggest"
    }
  },
  {
    "dialog_act": "What speciality other remote controls are having",
    "dialog_act_end_id": 7,
    "dialog_act_start_id": 7,
    "speaker_id": "B",
    "type": {
      "main_type": "Task",
      "sub_type": "Suggest"
    }
  },
  {
    "dialog_act": "They really want to have something good, having a good design in their hands,",
    "dialog_act_end_id": 13,
    "dialog_act_start_id": 13,
    "speaker_id": "B",
    "type": {
      "main_type": "Task",
      "sub_type": "Inform"
    }
  },
  {
    "dialog_act": "What do we think a good size would be for this?",
    "dialog_act_end_id": 13,
    "dialog_act_start_id": 13,
    "speaker_id": "A",
    "type": {
      "main_type": "Elicit",
      "sub_type": "Elicit-Offer-Or-Suggestion"
    }
  },
  {
    "dialog_act": "Kind of um, maybe more like a P_D_A_ kind of, just hand held,",
    "dialog_act_end_id": 29,
    "dialog_act_start_id": 29,
    "speaker_id": "D",
    "type": {
      "main_type": "Task",
      "sub_type": "Suggest"
    }
  },
  {
    "dialog_act": "So you do the looking around at other remote controls.",
    "dialog_act_end_id": 42,
    "dialog_act_start_id": 42,
    "speaker_id": "C",
    "type": {
      "main_type": "Task",
      "sub_type": "Inform"
    }
  },
  {
    "dialog_act": "and you could look into um basically how how it's made I_E_ like how you make it all in one, how what sort of materials are available to you whatever.",
    "dialog_act_end_id": 44,
    "dialog_act_start_id": 44,
    "speaker_id": "C",
    "type": {
      "main_type": "Task",
      "sub_type": "Inform"
    }
  },
  {
    "dialog_act": "So you want me to look at shapes and everything you said?",
    "dialog_act_end_id": 38,
    "dialog_act_start_id": 38,
    "speaker_id": "D",
    "type": {
      "main_type": "Elicit",
      "sub_type": "Elicit-Inform"
    }
  },
  {
    "dialog_act": "Shapes and colours and um basically how to make it attractive.",
    "dialog_act_end_id": 48,
    "dialog_act_start_id": 48,
    "speaker_id": "C",
    "type": {
      "main_type": "Task",
      "sub_type": "Inform"
    }
  }
]