[
  {
    "dialog_act": "We're gonna just do a quick opening and we can hopefully all get acquainted with one another um then we're gonna start talk a little bit about tool training.",
    "dialog_act_end_id": 19,
    "dialog_act_start_id": 17,
    "speaker_id": "A",
    "type": {
      "main_type": "Task",
      "sub_type": "Inform"
    }
  },
  {
    "dialog_act": "Um we've got a general plan for the project how we're gonna go about accomplishing this",
    "dialog_act_end_id": 21,
    "dialog_act_start_id": 21,
    "speaker_id": "A",
    "type": {
      "main_type": "Task",
      "sub_type": "Inform"
    }
  },
  {
    "dialog_act": "we're making a remote control",
    "dialog_act_end_id": 67,
    "dialog_act_start_id": 67,
    "speaker_id": "A",
    "type": {
      "main_type": "Task",
      "sub_type": "Inform"
    }
  },
  {
    "dialog_act": "Um we've got to make something as fashionable as possible,",
    "dialog_act_end_id": 72,
    "dialog_act_start_id": 72,
    "speaker_id": "A",
    "type": {
      "main_type": "Task",
      "sub_type": "Inform"
    }
  },
  {
    "dialog_act": "and then finally we'll incorporate as kind of the last stage you know where you guys build or tell me tell us what's possible and then you tell us what we can um hope for and what way to go",
    "dialog_act_end_id": 103,
    "dialog_act_start_id": 102,
    "speaker_id": "A",
    "type": {
      "main_type": "Task",
      "sub_type": "Suggest"
    }
  },
  {
    "dialog_act": "So it's a three stage kind of thing.",
    "dialog_act_end_id": 109,
    "dialog_act_start_id": 109,
    "speaker_id": "A",
    "type": {
      "main_type": "Task",
      "sub_type": "Inform"
    }
  },
  {
    "dialog_act": "for now just for th the white board um basically uh just to get used to it,",
    "dialog_act_end_id": 111,
    "dialog_act_start_id": 111,
    "speaker_id": "A",
    "type": {
      "main_type": "Task",
      "sub_type": "Suggest"
    }
  },
  {
    "dialog_act": "I'm Marty,",
    "dialog_act_end_id": 124,
    "dialog_act_start_id": 124,
    "speaker_id": "A",
    "type": {
      "main_type": "Task",
      "sub_type": "Inform"
    }
  },
  {
    "dialog_act": "I'm a excellent Project Manager. Um.",
    "dialog_act_end_id": 123,
    "dialog_act_start_id": 123,
    "speaker_id": "A",
    "type": {
      "main_type": "Other",
      "sub_type": "Be-Negative"
    }
  },
  {
    "dialog_act": "I'm Sarah,",
    "dialog_act_end_id": 21,
    "dialog_act_start_id": 21,
    "speaker_id": "D",
    "type": {
      "main_type": "Task",
      "sub_type": "Inform"
    }
  },
  {
    "dialog_act": "and I'm the Marketing Manager or something.",
    "dialog_act_end_id": 24,
    "dialog_act_start_id": 24,
    "speaker_id": "D",
    "type": {
      "main_type": "Task",
      "sub_type": "Inform"
    }
  },
  {
    "dialog_act": "I'm Ron.",
    "dialog_act_end_id": 15,
    "dialog_act_start_id": 15,
    "speaker_id": "C",
    "type": {
      "main_type": "Task",
      "sub_type": "Inform"
    }
  },
  {
    "dialog_act": "and I am the User Interface Designer.",
    "dialog_act_end_id": 17,
    "dialog_act_start_id": 17,
    "speaker_id": "C",
    "type": {
      "main_type": "Task",
      "sub_type": "Inform"
    }
  },
  {
    "dialog_act": "I'm Nathan,",
    "dialog_act_end_id": 14,
    "dialog_act_start_id": 14,
    "speaker_id": "B",
    "type": {
      "main_type": "Task",
      "sub_type": "Inform"
    }
  },
  {
    "dialog_act": "um and just write down I'm just gonna write down one of the names of my um desert discs",
    "dialog_act_end_id": 115,
    "dialog_act_start_id": 115,
    "speaker_id": "A",
    "type": {
      "main_type": "Other",
      "sub_type": "Offer"
    }
  },
  {
    "dialog_act": "uh project finance.",
    "dialog_act_end_id": 275,
    "dialog_act_start_id": 275,
    "speaker_id": "A",
    "type": {
      "main_type": "Task",
      "sub_type": "Suggest"
    }
  },
  {
    "dialog_act": "what we're trying to do is sell this remote for twenty five Euros. Um.",
    "dialog_act_end_id": 277,
    "dialog_act_start_id": 277,
    "speaker_id": "A",
    "type": {
      "main_type": "Task",
      "sub_type": "Inform"
    }
  },
  {
    "dialog_act": "it's pretty dear,",
    "dialog_act_end_id": 281,
    "dialog_act_start_id": 281,
    "speaker_id": "A",
    "type": {
      "main_type": "Task",
      "sub_type": "Assess"
    }
  },
  {
    "dialog_act": "the profit aims to make fifty million Euros on it. Eur internationally.",
    "dialog_act_end_id": 291,
    "dialog_act_start_id": 290,
    "speaker_id": "A",
    "type": {
      "main_type": "Task",
      "sub_type": "Inform"
    }
  },
  {
    "dialog_act": "one of the things I I was gonna mention to you um you guys the designers is that um it m we probably need a rever it needs to be a universal remote control probably.",
    "dialog_act_end_id": 293,
    "dialog_act_start_id": 293,
    "speaker_id": "A",
    "type": {
      "main_type": "Task",
      "sub_type": "Suggest"
    }
  },
  {
    "dialog_act": "Um but we wanna try to make it for twelve fifty.",
    "dialog_act_end_id": 300,
    "dialog_act_start_id": 300,
    "speaker_id": "A",
    "type": {
      "main_type": "Task",
      "sub_type": "Inform"
    }
  },
  {
    "dialog_act": "um and I'd like the um Industrial Designer to get ge think about what needs to be done, like what the basic function of it. Um U_I_D_ well yeah you right g your assignments are up there",
    "dialog_act_end_id": 310,
    "dialog_act_start_id": 309,
    "speaker_id": "A",
    "type": {
      "main_type": "Task",
      "sub_type": "Inform"
    }
  },
  {
    "dialog_act": "I need you to tell us what um we what the user's gonna want.",
    "dialog_act_end_id": 313,
    "dialog_act_start_id": 313,
    "speaker_id": "A",
    "type": {
      "main_type": "Task",
      "sub_type": "Inform"
    }
  },
  {
    "dialog_act": "and we'll discuss the trade-offs in between",
    "dialog_act_end_id": 318,
    "dialog_act_start_id": 318,
    "speaker_id": "A",
    "type": {
      "main_type": "Task",
      "sub_type": "Suggest"
    }
  },
  {
    "dialog_act": "we can't kind of build it into other uh products. For instance like a mobile phone or something like that.",
    "dialog_act_end_id": 62,
    "dialog_act_start_id": 61,
    "speaker_id": "C",
    "type": {
      "main_type": "Elicit",
      "sub_type": "Elicit-Assessment"
    }
  },
  {
    "dialog_act": "I don't think there's any rules about it yet. So",
    "dialog_act_end_id": 125,
    "dialog_act_start_id": 125,
    "speaker_id": "D",
    "type": {
      "main_type": "Task",
      "sub_type": "Inform"
    }
  },
  {
    "dialog_act": "can we sell a remote control phone for twenty five pounds or less?",
    "dialog_act_end_id": 64,
    "dialog_act_start_id": 64,
    "speaker_id": "C",
    "type": {
      "main_type": "Elicit",
      "sub_type": "Elicit-Inform"
    }
  },
  {
    "dialog_act": "Maybe a remote with changeable faces, like the faces that you can buy for phones.",
    "dialog_act_end_id": 68,
    "dialog_act_start_id": 68,
    "speaker_id": "B",
    "type": {
      "main_type": "Task",
      "sub_type": "Suggest"
    }
  },
  {
    "dialog_act": "does anybody have any initial ideas?",
    "dialog_act_end_id": 72,
    "dialog_act_start_id": 72,
    "speaker_id": "C",
    "type": {
      "main_type": "Elicit",
      "sub_type": "Elicit-Offer-Or-Suggestion"
    }
  },
  {
    "dialog_act": "as soon as you said that I was thinking like all the other things you could get a remote to do, like your microwave or your front door",
    "dialog_act_end_id": 139,
    "dialog_act_start_id": 139,
    "speaker_id": "D",
    "type": {
      "main_type": "Task",
      "sub_type": "Inform"
    }
  },
  {
    "dialog_act": "but then, I've never been a fan of those huge remotes that have like a million buttons,",
    "dialog_act_end_id": 141,
    "dialog_act_start_id": 141,
    "speaker_id": "D",
    "type": {
      "main_type": "Task",
      "sub_type": "Assess"
    }
  },
  {
    "dialog_act": "But I'm thinking I'm thinking kind of P_D_A_ uh design so touch screen design rather than button so that you can kind of flip around all sorts of different things.",
    "dialog_act_end_id": 75,
    "dialog_act_start_id": 73,
    "speaker_id": "C",
    "type": {
      "main_type": "Task",
      "sub_type": "Suggest"
    }
  },
  {
    "dialog_act": "we've got this kind of an idea of a trade-off between um uh size and functionality.",
    "dialog_act_end_id": 377,
    "dialog_act_start_id": 377,
    "speaker_id": "A",
    "type": {
      "main_type": "Task",
      "sub_type": "Inform"
    }
  },
  {
    "dialog_act": "but at the same time if you get it to do too much you're not gonna be able to tell them apart,",
    "dialog_act_end_id": 152,
    "dialog_act_start_id": 152,
    "speaker_id": "D",
    "type": {
      "main_type": "Task",
      "sub_type": "Assess"
    }
  },
  {
    "dialog_act": "maybe like an L_ like a touch screen type of remote?",
    "dialog_act_end_id": 382,
    "dialog_act_start_id": 382,
    "speaker_id": "A",
    "type": {
      "main_type": "Elicit",
      "sub_type": "Elicit-Assessment"
    }
  },
  {
    "dialog_act": "An interesting option.",
    "dialog_act_end_id": 156,
    "dialog_act_start_id": 156,
    "speaker_id": "D",
    "type": {
      "main_type": "Task",
      "sub_type": "Assess"
    }
  },
  {
    "dialog_act": "Needs it needs one outstanding feature to set it apart from all the other remotes.",
    "dialog_act_end_id": 79,
    "dialog_act_start_id": 79,
    "speaker_id": "B",
    "type": {
      "main_type": "Task",
      "sub_type": "Suggest"
    }
  },
  {
    "dialog_act": "I think, making it out of a nice material would be very important, because so many of those remotes that you see, these universal remotes look so cheap and low quality.",
    "dialog_act_end_id": 82,
    "dialog_act_start_id": 81,
    "speaker_id": "B",
    "type": {
      "main_type": "Task",
      "sub_type": "Suggest"
    }
  },
  {
    "dialog_act": "there's such a problem with losing them, that adding this whole like P_D_A_ pen business is only one more thing to lose,",
    "dialog_act_end_id": 172,
    "dialog_act_start_id": 171,
    "speaker_id": "D",
    "type": {
      "main_type": "Task",
      "sub_type": "Inform"
    }
  },
  {
    "dialog_act": "I like the idea of the uh multi plate.",
    "dialog_act_end_id": 89,
    "dialog_act_start_id": 89,
    "speaker_id": "C",
    "type": {
      "main_type": "Task",
      "sub_type": "Assess"
    }
  },
  {
    "dialog_act": "I think, it wouldn't be such a bad idea to have a like a locator device, maybe a simple button that you have on your television to help you find your remote.",
    "dialog_act_end_id": 92,
    "dialog_act_start_id": 91,
    "speaker_id": "B",
    "type": {
      "main_type": "Task",
      "sub_type": "Assess"
    }
  },
  {
    "dialog_act": "there used to be those whistling devices",
    "dialog_act_end_id": 98,
    "dialog_act_start_id": 98,
    "speaker_id": "C",
    "type": {
      "main_type": "Task",
      "sub_type": "Inform"
    }
  },
  {
    "dialog_act": "Cou could we not do something where like just a little lit like literally just a very small kind of thing",
    "dialog_act_end_id": 408,
    "dialog_act_start_id": 408,
    "speaker_id": "A",
    "type": {
      "main_type": "Task",
      "sub_type": "Suggest"
    }
  },
  {
    "dialog_act": "that you could place something else",
    "dialog_act_end_id": 410,
    "dialog_act_start_id": 410,
    "speaker_id": "A",
    "type": {
      "main_type": "Task",
      "sub_type": "Suggest"
    }
  },
  {
    "dialog_act": "and it makes the remote page.",
    "dialog_act_end_id": 412,
    "dialog_act_start_id": 412,
    "speaker_id": "A",
    "type": {
      "main_type": "Task",
      "sub_type": "Suggest"
    }
  },
  {
    "dialog_act": "so maybe we might wanna trade off some of the features for a lower price. Without without getting into that whole like you know go down to bargain store remote you know bargain store universal remote",
    "dialog_act_end_id": 427,
    "dialog_act_start_id": 426,
    "speaker_id": "A",
    "type": {
      "main_type": "Task",
      "sub_type": "Suggest"
    }
  },
  {
    "dialog_act": "Or if you our users in mind,",
    "dialog_act_end_id": 204,
    "dialog_act_start_id": 204,
    "speaker_id": "D",
    "type": {
      "main_type": "Minor",
      "sub_type": "Fragment"
    }
  },
  {
    "dialog_act": "these grandmas are not gonna be into this whole new let's design,",
    "dialog_act_end_id": 206,
    "dialog_act_start_id": 206,
    "speaker_id": "D",
    "type": {
      "main_type": "Task",
      "sub_type": "Inform"
    }
  },
  {
    "dialog_act": "they're used to the buttons so we'll have to be careful of exactly who we're marketing this to,",
    "dialog_act_end_id": 209,
    "dialog_act_start_id": 208,
    "speaker_id": "D",
    "type": {
      "main_type": "Task",
      "sub_type": "Inform"
    }
  },
  {
    "dialog_act": "I'm gonna put these initial ideas that we've got in the um project documents,",
    "dialog_act_end_id": 449,
    "dialog_act_start_id": 449,
    "speaker_id": "A",
    "type": {
      "main_type": "Other",
      "sub_type": "Offer"
    }
  },
  {
    "dialog_act": "and then ov obviously uh the U_I_D_ and the I_D_ you know you you can keep on the you know sort of at the cutting edge of how to get about maximising what is possible",
    "dialog_act_end_id": 106,
    "dialog_act_start_id": 106,
    "speaker_id": "A",
    "type": {
      "main_type": "Task",
      "sub_type": "Suggest"
    }
  }
]