short_term_energy,speech_rate,articulation_rate,phonation_time_ratio,MPD,confidence
32476788.64243477,1.084344227201371,1.3416229734861618,0.8082331986189378,0.0006194536736338467,1
760562.5386311706,0.6463852449253906,0.6721424619151909,0.9616789319984217,0.0014455705691635804,1
8530601.741039343,0.6991166728008936,0.47371464279139713,1.4758181606574354,0.0025955415206431825,0
0.0,0.20674267366874255,0.3297904986082585,0.626890933914751,0.001747334095466526,-1
0.0,0.4391146044038693,0.9797610365095181,0.4481854126065804,0.0001259581326486666,-1
0.0,3.320804195804276,0.2095126913100018,15.850133827409557,0.007956802039018718,-1
0.0,0.8389400073610724,0.5267764121529925,1.5925922042185476,0.0024012444011319643,1
0.0,0.5366956276047151,0.7471394102973117,0.7183339818617599,0.0009647856968833435,1
9517800.484895622,0.7228961514675686,1.848926760648888,0.39098149632160956,5.895912592065927e-05,0
0.0,1.3623812085351061,3.3184633548270384,0.4105458047482688,6.699900672788994e-06,-1
0.0,2.4712961457147182,1.6549331497517543,1.493290617862976,0.0007463689349500803,0
370255.71827578486,1.0806684840583218,0.5847177993631086,1.848188109264703,0.0022690330278553428,1
6940545.967986521,2.6772374911909447,1.6347351467430191,1.6377194168272244,0.0007813114938435838,0
22241083.188375432,1.7002517482517532,2.0225990368470645,0.8406271916860972,0.00042767699294714165,1
0.0,4.132556332556448,2.3350545016341457,1.7697900968325806,0.0005608773991802166,-1
0.0,1.512679491327181,3.4883505572925264,0.4336374646076979,2.0099702018405808e-05,-1
0.0,1.4897065551270505,3.6642688095843012,0.40654947345308234,1.0719841076503629e-05,-1
0.0,2.613091826206651,0.8053845713017843,3.2445268003867733,0.0018531925260968107,-1
4074916.627757108,1.5719783175404543,1.5396582207862053,1.0209917346057136,0.0006590022301767267,1
8766348.431933852,1.449078194532764,2.6144782911495255,0.5542513775838767,0.00016347757641635224,0
0.0,2.1253146853146916,0.824263478457028,2.5784409243669923,0.001741974174928311,0
33036219.499229815,0.8929893635776031,0.6302952104629415,1.4167795483035912,0.001918851552690288,1
0.0,1.9678839678832774,3.327105186479989,0.5914703195678822,0.0001527577353397708,0
710990.2304820673,0.16761156824248571,0.36989241216224944,0.4531360004458936,0.00038055435821510836,-1
1115748.5721767666,0.10025069270352188,0.14783712006577016,0.6781158389646803,0.004478213609700305,-1
2430225.0613689553,0.43551530436775493,0.7105719641870895,0.6129080885790285,0.0007745085177757954,0
0.0,2.4151303242221887,1.2355980576483496,1.954624571698326,0.0010907438295321504,0
0.0,3.320804195804866,0.8953107159134007,3.709108063580993,0.0016977548304878212,-1
11615662.005546257,1.180730380730414,0.8580311562178721,1.3760926653700694,0.0013922393598080755,1
0.0,0.49656885170904325,1.233212733212797,0.402662767205922,4.555932457510732e-05,-1
0.0,1.046953046953064,3.697853521297928,0.283124531819094,0.00021707678179876363,-1
0.0,0.23303889093363123,0.3301313673406693,0.7058974517048955,0.002130568413950832,-1
0.0,0.3450186177458741,0.8035272903197244,0.42938008690232643,6.699900672796313e-05,-1
0.0,0.8050434414071189,0.19194837614308932,4.194062266028201,0.00803452088682317,-1
0.0,3.795204795205176,1.0629021560801888,3.57060598051779,0.001423058902903,-1
0.0,3.3208041958072254,2.7067974398483563,1.226838826917639,0.0004180738019829744,-1
0.0,0.6250925545042765,1.497197333915981,0.41750846087156795,4.466600448534029e-06,0
0.0,1.816508278046632,4.443855275159247,0.4087685501822596,6.6999006727920435e-06,-1
0.0,0.4312732721823586,0.4693638470273183,0.9188463809341013,0.001996570400494829,-1
14051229.247943763,0.22138694638693862,0.5227530243896935,0.42350199053444915,5.8959125920486856e-05,-1
0.0,2.4151303242209408,5.06987456987535,0.47636885112925387,4.287936430583986e-05,-1
32476788.64243477,2.207040816326534,1.0155933093309328,2.1731541514196464,0.004043963734293129,1
760562.5386311706,1.3156326034063264,0.508804187710438,2.585734620869623,0.0094370817478022,0
8530601.741039343,1.4229605263158112,0.35859658880237416,3.968137374279424,0.016944407995451365,-1
6940545.967986521,5.449166666666599,1.2374758858267683,4.4034528099316965,0.005100616044061835,-1
22241083.188375432,3.460640000000012,1.5310844327176802,2.260254187195518,0.0027919928851565367,0
14065923.17351567,0.2063835877862599,96.71350000000005,0.0021339687611994164,0.045750776363557406,-1
0.0,1.7075526315789737,0.3987637438152823,4.282116060104893,0.015675983029349017,-1
8755762.833511675,0.7536236933797924,0.6716215277777772,1.1220957968297103,4.37387919345663e-05,1
0.0,6.759062500000168,0.1585987208920954,42.61738343147659,0.05194418930149222,-1
0.0,1.5231690140844951,96.71350000000005,0.015749290575612446,0.006123430870839481,-1
0.0,1.092373737373731,0.5655760233918169,1.9314357260455537,0.006298386038577502,1
9517800.484895622,1.4713605442176647,1.3996164978292196,1.0512597890205773,0.00038490136902424925,1
0.0,2.7729487179488244,2.512038961038992,1.1038637381650795,4.373879193448763e-05,-1
0.0,5.029999999999938,1.2527655440414118,4.015116814095314,0.004872501421510972,-1
370255.71827578486,2.1995593220339145,0.44262471395880953,4.96935496972409,0.014812870868506817,-1
0.0,8.411277777778018,1.7676096605744167,4.7585606513627114,0.003661561724808076,-1
0.0,3.078861209964421,2.6406416382252433,1.1659519282721382,0.00013121637580371638,-1
0.0,5.318606557377196,0.6096669468375725,8.72379023492343,0.01209814984910131,-1
4074916.627757108,3.199556213017767,1.1655037358399607,2.7452131766114807,0.004302147574684046,-1
8766348.431933852,2.9494090909091417,1.9791302864938725,1.4902551444120267,0.001067226523203462,0
0.0,4.325800000000015,0.6239580645161287,6.932837711384684,0.011372085902987494,-1
0.0,3.0321028037381863,2.7738097514340323,1.0931185176527045,6.998206709544942e-05,-1
0.0,0.7562587412587403,6.4475666666660345,0.11729366757362948,0.01119713073524914,-1
0.0,0.9570353982300956,0.8483640350877232,1.1280952028230846,8.747758386913453e-05,1
4302970.457198889,0.6109887005649702,96.71350000000005,0.006317512038805027,0.015396054760967753,-1
33036219.499229815,1.8175630252100936,0.4771262950172625,3.8093960533957443,0.012526790010060237,-1
710990.2304820673,0.3411514195583652,0.2800043427909704,1.2183790299746973,0.0024843633818834245,-1
1115748.5721767666,0.20404716981131882,0.11191101596852507,1.8232983415029222,0.029235008529064677,-1
0.0,0.9164830508474554,96.71350000000005,0.00947626805820754,0.010234877312688791,-1
2430225.0613689553,0.8864344262294914,0.5378948832035565,1.6479696199192813,0.005056204347635829,1
0.0,4.005370370368968,2.518580729166513,1.5903283639013968,0.0009972444561075044,-1
0.0,4.915681818183765,0.9353336557059958,5.255538265084001,0.007120675326948309,-1
0.0,6.7590625000013675,0.6777400140154323,9.972942957810165,0.011083409876219339,-1
0.0,1.010700934579449,0.9335279922780388,1.0826680538128153,0.0002974237851554439,1
0.0,2.130935960591169,2.799232995658554,0.7612570886011009,0.001417136858680012,0
0.0,0.4743201754386038,0.2499056847545212,1.897996741868924,0.013908935835192735,-1
0.0,1.6385606060606908,0.145302734375001,11.27687385312276,0.05245155928793293,-1
0.0,7.724642857143636,0.8046048252911768,9.60054254502908,0.009290119406902261,-1
2731800.9481069287,0.4191666666666707,96.71350000000005,0.004334107096389547,0.02248173905436742,-1
0.0,6.759062500006171,2.049014830508523,3.2986889110649877,0.0027293006167181727,-1
0.0,0.92431623931623,96.71350000000005,0.009557261802294709,0.010147399728819737,-1
0.0,1.2722941176469724,1.13336132812492,1.1225847274601368,2.91591946230442e-05,1
0.0,0.877800324675316,0.35530308596619203,2.4705676909286423,0.013034159996501527,-1
14051229.247943763,0.4506041666666511,0.39571808510638823,1.138699957434361,0.0003849013690231237,-1
0.0,4.915681818181225,3.8378373015878853,1.2808468499035608,0.00027992826838065747,-1
0.0,0.7356802721088608,96.71350000000005,0.0076068002099899225,0.012771727244893371,-1
12645360.52346505,0.35112012987013286,96.71350000000005,0.0036305182820405906,0.02685561824782414,-1
0.0,1.7442741935485402,96.71350000000005,0.018035477917235327,0.005336132616016744,-1
0.0,0.8937603305785307,96.71350000000005,0.009241319263376159,0.010497310064295955,-1
3530887.5738276993,0.3918297101449302,96.71350000000005,0.004051447937929348,0.024056335564011898,-1
0.0,2.3509782608693874,96.71350000000005,0.024308687627574082,0.003936491274111369,-1
0.0,0.4111977186311808,0.366339015151516,1.1224513404915701,8.74775838691326e-05,-1
1040050.531120645,0.8100749063670564,0.7217425373134443,1.1223876444672545,4.37387919345663e-05,1
3529358.0699087223,0.2690174129353217,96.71350000000005,0.0027815911215633964,0.03507851113152326,-1
0.0,1.5673188405797207,96.71350000000005,0.01620579175171739,0.005948475703101123,-1
0.0,0.6675617283950622,96.71350000000005,0.00690246685721292,0.014083891002930688,-1
0.0,0.7615845070422476,96.71350000000005,0.007874645287806223,0.012334339325548099,-1
0.0,2.514999999999969,96.71350000000005,0.026004642578336706,0.003674058522503707,-1
0.0,2.002685185185116,13.816214285713846,0.14495180400147092,0.004111446441849478,-1
2731741.5279246937,1.1884065934065648,6.810809859154693,0.17448829404761285,0.006718278441149701,-1
0.0,1.3518124999999854,96.71350000000005,0.013977495385856003,0.0069107291256617215,-1
11897017.409499774,0.28162760416666943,96.71350000000005,0.002911978205386728,0.03350391462187828,-1
12709781.654078221,0.2392588495575209,96.71350000000005,0.0024738929886470944,0.03945239032497998,-1
0.0,0.43606854838710507,0.38840763052209465,1.1227085003478043,8.74775838691326e-05,-1
1638873.8324414964,0.30987106017192,96.71350000000005,0.003204010403634651,0.030442199186458872,-1
0.0,0.5662041884816699,96.71350000000005,0.005854448329154354,0.016620740935135766,-1
638710.3234953604,0.40656015037594606,96.71350000000005,0.0042037580107838705,0.023181559725320353,-1
0.0,9.012083333333022,96.71350000000005,0.09318330257237115,0.0009622534225605188,-1
9097302.997228013,0.17003930817610086,0.15182653061224466,1.1199578063887294,8.74775838691326e-05,-1
0.0,1.461418918918906,1.2895133333333182,1.1333104366910431,8.747758386913453e-05,1
9385296.537403604,0.22912076271186663,96.71350000000005,0.002369067014551914,0.041201942002362074,-1
0.0,2.4578409090908244,8.385563583814724,0.2931038426367419,0.002840105556284674,-1
3243384.034889674,1.287440476190432,96.71350000000005,0.013311900367481592,0.007260639461138439,-1
0.0,0.9967281105991006,3.763171206225959,0.2648638756987906,0.007243143944364319,-1
965989.4274611896,0.42576771653543105,0.35181338668606427,1.21020897057382,0.0018282815028649768,-1
0.0,2.514999999999969,96.71350000000005,0.026004642578336706,0.003674058522503707,-1
0.0,6.104959677419331,5.689029411764676,1.0731109360754099,6.248398847795601e-05,-1
0.0,6.759062499998967,21.980340909083086,0.30750489848889795,0.0010147399728820412,-1
2687449.6103201867,7.091475409836592,3.1502768729642714,2.251064174928798,0.0013515286707781364,-1
0.0,0.6361470588235358,96.71350000000005,0.006577644887461786,0.014783711673883624,-1
33434653.344534814,0.6759062499999927,96.71350000000005,0.0069887476929280015,0.013908935835192577,-1
0.0,0.8255343511450396,96.71350000000005,0.008535875044797666,0.0113720859029875,-1
0.0,0.865160000000003,96.71350000000005,0.00894559704694797,0.010847220399772673,-1
3115224.693308975,0.26702469135802487,96.71350000000005,0.002760986742885168,0.03534094388313042,-1
155118.89687529433,0.24032222222222302,96.71350000000005,0.002484888068596658,0.03927743515724137,-1
4760204.620546022,0.16586656441717892,96.71350000000005,0.0017150301086940173,0.05694790709880638,-1
1449488.1093070274,0.17330929487179522,96.71350000000005,0.0017919865879302797,0.054498534750470846,-1
812200.2989076064,0.2435698198198208,96.71350000000005,0.0025184676370912087,0.03875256965402654,-1
5725465.644890772,0.13882541720154054,0.1239916666666664,1.119635060433154,8.74775838691326e-05,-1
0.0,2.300957446808663,96.71350000000005,0.02379148150784184,0.004023968857979926,-1
0.0,2.8838666666666763,11.939938271601726,0.24153112026766027,0.002571840965752362,-1
30645882.12501304,0.6675617283950622,96.71350000000005,0.00690246685721292,0.014083891002930688,-1
0.0,0.9087815126050035,96.71350000000005,0.009396635553516343,0.010322354896558344,-1
0.0,4.601914893617326,6.44756666666755,0.7137444452351578,0.0007435594628876926,-1
22502787.685373887,1.1324083769633062,0.8658325872873154,1.3078837567331372,0.0014171368586803194,1
1134839.9303878103,0.12545823665893308,0.03738442211055277,3.3558961079545235,0.150898832174257,-1
0.0,1.7165873015873199,96.71350000000005,0.017749200489976257,0.0054236101998862965,-1
1516407.4853363729,0.18873472949389183,96.71350000000005,0.0019514827763848037,0.05003717797314507,-1
0.0,0.5814247311827935,0.4835674999999706,1.2023651944823188,0.0012246861741688354,0
0.0,1.1035204081632488,96.71350000000005,0.011410200314984442,0.008485325635306202,-1
0.0,1.7165873015873199,96.71350000000005,0.017749200489976257,0.0054236101998862965,-1
0.0,1.59036764705868,5.31392857142783,0.29928284237952313,0.00435638367668323,-1
0.0,1.0013425925926107,0.7422371450499167,1.3490871472422317,0.0019507501202813552,1
0.0,1.1504787234043314,6.624212328768611,0.17367781500720647,0.006945720159209046,-1
0.0,2.1629000000000076,2.7320197740109076,0.7916853386550092,0.0012771727244889175,0
0.0,1.3518125000000816,10.074322916665336,0.13418395570424496,0.006158421904386557,-1
8048442.03165121,0.4563080168776378,0.40635924369747844,1.1229177727708948,8.74775838691326e-05,-1
0.0,0.3990590405904019,0.35556433823528955,1.1223258287683797,8.74775838691326e-05,-1
3055221.1511334255,0.8255343511450396,0.3684323809523805,2.240667199259391,0.0115033022787912,0
0.0,3.772499999999953,7.439500000000091,0.5070905302775599,0.0013704821472831593,-1
98818614.84416245,4.096401515151551,3.64956603773587,1.1224352355308767,8.747758386913259e-06,-1
0.0,1.4419333333333382,1.0818064876957751,1.3328939599952165,0.0012596772077153545,1
0.0,0.7022402597402787,0.6239580645161441,1.1254606674325773,8.747758386913453e-05,1
907029.4784581283,1.0299523809524291,0.9123915094340018,1.1288491511624823,8.747758386913453e-05,1
0.0,1.0499514563105952,96.71350000000005,0.01085630709580973,0.00892271355465247,-1
17361111.111115187,2.703625000000163,96.71350000000005,0.02795499077171399,0.0034116257708960446,-1
5210367.959214018,0.3199556213017767,96.71350000000005,0.0033082829315636024,0.029479945763898275,-1
19132784.092439063,6.239134615384855,5.474349056603964,1.1397034699236601,2.9159194623044843e-05,-1
54884785.10571048,2.2530208333332555,5.199650537633166,0.43330235696162966,0.0025718409657523224,-1
0.0,2.1204901960784763,1.9657215447155643,1.0787337615436812,0.00015745965096461697,1
7434584.342302298,0.3768118466898962,80.594583333651,0.004675399153438693,0.025001093469799084,-1
1647106.6311428084,0.19916206261509964,96.71350000000005,0.002059299504361847,0.047412850457071436,-1
0.0,1.5020138888890744,10.512336956522473,0.1428810639443151,0.005493592266980944,-1
0.0,4.701956521738775,3.899737903224922,1.2057109063279485,0.00015745965096477626,-1
5131710.221625997,0.651475903614428,53.72972222210822,0.012125056238358226,0.014363819271312259,-1
0.0,1.1504787234042622,0.840256298870537,1.3691997607762327,0.0018457770196388874,1
8882429.178086871,0.6215229885057459,96.71350000000005,0.006426434660163738,0.015133622009360342,-1
0.0,0.7893795620437957,96.71350000000005,0.008162041101229872,0.011896951406202326,-1
2455225.9747317526,0.44321721311475604,0.13203208191126298,3.356890285291694,0.04273279972007214,-1
983677.1245270553,0.3616889632107025,0.31939729194187294,1.132410863635394,0.0003324148187028841,-1
113367.11673411801,0.364124579124577,96.71350000000005,0.003764981922116114,0.02589336482526404,-1
1065543.1510576594,0.4543907563025234,96.71350000000005,0.004698317776758397,0.020732187376984828,-1
0.0,0.940391304347755,96.71350000000005,0.009723475051029632,0.009972444561082124,-1
62490317.47340474,0.16689043209876556,96.71350000000005,0.00172561671430323,0.05659799676333016,-1
0.0,11.383684210523086,0.8513512323943452,13.37131348069767,0.009106416480776907,-1
0.0,1.6141044776117706,96.71350000000005,0.016689546729378727,0.00577352053536351,-1
0.0,2.871106194690287,2.545092105263169,1.1280952028230846,2.9159194623044843e-05,-1
61571448.79108939,3.0040277777786226,96.71350000000005,0.03106110085746686,0.0030617154354188308,-1
0.0,0.35341503267973295,0.31502768729641106,1.1218538780281968,8.74775838691326e-05,-1
0.0,1.8329661016948227,96.71350000000005,0.01895253611641417,0.0050736998644100775,-1
0.0,5.7934821428577274,5.994638429751495,0.9664439666793869,0.00022160987913484622,-1
0.0,8.318846153846474,0.6499563172042728,12.799085005634259,0.011879455889429073,-1
0.0,2.3681386861313873,4.156740687678478,0.5697104688659282,0.0019594978786683283,-1
0.0,0.9322844827585581,96.71350000000005,0.009639651990244977,0.010059922144951178,-1
793458.7643249261,1.9782621951219743,1.7584272727272883,1.125017921300621,2.9159194623044843e-05,1
0.0,2.0797115384616185,15.598951612926575,0.1333238021418182,0.0040064733412070105,-1
22308534.349773787,0.2670246913580286,0.23821059113300774,1.1209606176113813,8.74775838691326e-05,-1
8770288.271759072,0.6156261859582451,0.13757254623043855,4.474920344405422,0.04612984589365774,-1
0.0,2.4578409090906126,0.7271691729323039,3.38001252057948,0.007785504964352927,-1
0.0,4.915681818181225,0.737145579268284,6.668535980451377,0.009552552158509387,-1
0.0,0.29792011019283887,9.671349999996927,0.030804397544596514,0.03087958710580415,-1
5804194.854163428,0.7981180811808039,0.3562191528545074,2.2405254596368755,0.011896951406202444,0
0.0,1.772868852459148,1.5725772357724692,1.1273652016133204,4.373879193456727e-05,1
0.0,1.461418918918906,8.059458333332726,0.18132966987057847,0.005423610199886336,-1
0.0,3.3275384615385892,6.669896551724769,0.49888906607976113,0.00157459650964444,-1
0.0,1.8645689655171163,1.0674779249448623,1.746704940632309,0.00285176923413306,1
0.0,0.41434865900383067,96.71350000000005,0.004284289773442492,0.022744171805975082,-1
0.0,1.1265104166666278,96.71350000000005,0.011647912821546393,0.008310370467568091,-1
0.0,0.33173312883435785,96.71350000000005,0.0034300602173880346,0.02843021475746862,-1
0.0,0.5199278846153761,96.71350000000005,0.005375959763790741,0.018107859860911193,-1
0.0,1.7442741935483803,96.71350000000005,0.018035477917233676,0.005336132616017242,-1
0.0,0.1900615114235527,96.71350000000005,0.0019652014602258485,0.049687267637667856,-1
0.0,0.24860919540229842,96.71350000000005,0.0025705738640654945,0.03796527139920455,-1
0.0,1.1035204081632488,0.9769040404040229,1.1296098311834806,8.747758386913453e-05,1
0.0,2.1629000000000076,96.71350000000005,0.022363992617369922,0.004286401609587588,-1
0.0,1.4044805194804537,1.2479161290321965,1.1254606674325769,4.373879193456727e-05,1
0.0,0.6086960600375338,0.18133781250000255,3.356696828123065,0.0311128606627884,-1
66297346.711620234,2.3509782608693874,96.71350000000005,0.024308687627574082,0.003936491274111369,-1
511129.020076783,0.5327339901477922,96.71350000000005,0.005508372565854735,0.017670471941564923,-1
0.0,0.8515354330708812,0.7555742187500112,1.127004352371398,8.747758386913453e-05,1
0.0,1.4229605263158112,8.483640350882544,0.16772994463017069,0.005651051917946635,-1
0.0,1.7442741935483803,4.063592436975616,0.42924437443007457,0.0033416437038013974,-1
0.0,4.860449438202338,4.735055079559627,1.026482133055646,0.000159646590561239,-1
0.0,0.7893795620437957,0.700822463768114,1.1263616719697258,8.747758386913453e-05,1
0.0,6.554242424243892,0.8513512323943878,7.698635034344606,0.008494073393693027,-1
0.0,1.0202358490566596,96.71350000000005,0.010549053121401449,0.009185146306258642,-1
0.0,5.752393617021311,5.355121816168522,1.0741853900789557,6.4733412063212e-05,-1
0.0,3.8281415929203826,4.7177317073167355,0.8114369002763155,0.0006779512749856527,-1
0.0,4.60191489361677,9.970463917527367,0.46155474125200235,0.0012071906573943101,-1
0.0,2.002685185185327,96.71350000000005,0.02070740057164021,0.004636311945063807,-1
0.0,2.7729487179488244,13.432430555553356,0.20643685492960961,0.002781787167038253,-1
0.0,0.7458275862068757,96.71350000000005,0.007711721592196284,0.01259677207715576,-1
0.0,0.9742792792792706,96.71350000000005,0.010073870548364706,0.009622534225604908,-1
0.0,0.5574484536082663,96.71350000000005,0.005763915623033661,0.016883173686742435,-1
0.0,0.28310209424083493,96.71350000000005,0.002927224164577177,0.03332895945414067,-1
47589.92627408316,0.11603540772532309,96.71350000000005,0.0011997850116614848,0.08144163058216362,-1
13357220.609773196,0.5752393617020962,96.71350000000005,0.00594787037695974,0.016358308183529097,-1
4595073.431071109,0.25150000000000355,96.71350000000005,0.0026004642578337394,0.03752788347985829,-1
0.0,0.4983640552995503,96.71350000000005,0.005152993690638328,0.01889515811573269,-1
0.0,1.1754891304346937,96.71350000000005,0.012154343813787041,0.007960460132091871,-1
0.0,0.23157387580300068,96.71350000000005,0.002394431757748407,0.0407645540830163,-1
34575239.99771153,0.16740712074303368,96.71350000000005,0.001730959180910975,0.05642304159559205,-1
0.0,0.38213780918729023,96.71350000000005,0.003951235444765106,0.024668678651095285,-1
0.0,1.070742574257439,96.71350000000005,0.011071283473945604,0.008747758386913367,-1
0.0,0.29957063711910403,96.71350000000005,0.0030975059026827055,0.03149193019288952,-1
0.0,1.3518125000000816,96.71350000000005,0.013977495385856995,0.0069107291256612245,-1
0.0,0.8864344262294914,96.71350000000005,0.009165570744823534,0.010584787648165507,-1
0.0,0.6269275362318779,0.2799232995658431,2.2396404200873357,0.01513362200936046,0
0.0,2.1629000000000076,6.447566666662369,0.3354598892607726,0.0030617154354188308,-1
0.0,1.5673188405795917,1.0878908886387637,1.440694886727765,0.0017408039189964202,1
0.0,27.036250000024683,1.0399301075268008,25.998141417718212,0.007785504964353922,-1
0.0,2.637682926828751,4.396068181817457,0.6000095580269773,0.0016620740935139524,-1
0.0,0.9403913043479408,1.5700243506493654,0.5989660631435384,0.004671302978610634,1
0.0,1.4229605263155984,26.13878378375617,0.05443866623970051,0.006324629313738994,-1
15562305.547583044,0.43961382113824704,0.369982785003852,1.1882007459716537,0.0013471547915847165,-1
38102586.4080876,0.3287082066869121,0.2930712121211953,1.1215984139410446,8.74775838691326e-05,-1
0.0,0.44873443983405353,96.71350000000005,0.0046398324932305545,0.020994620128590998,-1
0.0,1.7728688524586524,1.5598951612900032,1.13653077235814,8.747758386913453e-05,1
0.0,1.8329661016944696,1.6118916666662766,1.1371521669849065,8.747758386913453e-05,1
0.0,2.8459210526307714,96.71350000000005,0.02942630607547829,0.0032366706031589296,-1
0.0,1.1754891304346937,1.0399301075268008,1.1303539746822833,8.747758386913453e-05,1
0.0,0.28685676392573184,0.2558558201058215,1.1211656776347254,8.74775838691326e-05,-1
0.0,4.325800000000015,4.004699792961064,1.0801808434188596,7.43559462889751e-05,-1
4436203.764878114,0.7697153024910585,0.6859113475176889,1.1221789889854654,4.37387919345663e-05,1
32476788.64243477,0.8875625721986906,1.189273644345566,0.7463064336947438,0.0006626587022540936,1
760562.5386311706,0.5290823118945959,0.5958166571374122,0.8879951668967431,0.001546394763888134,1
0.0,0.1692239923647298,0.29234081101878984,0.5788585992321583,0.001869205387569619,-1
8755762.833511675,0.30307014660443105,0.7864779874213829,0.38535108604641816,7.167198571969342e-06,-1
0.0,2.7181603773585534,0.18572126957802387,14.635697804212022,0.008511765024071001,-1
0.0,1.2381655811455057,3.0922274454246743,0.4004121957385515,2.150159571591089e-05,-1
0.0,1.2193616646093615,3.248169125870339,0.3753996843629983,1.1467517715174435e-05,-1
22241083.188375432,1.3916981132075497,1.792920794543737,0.7762184015282778,0.00045750617551071853,1
0.0,3.3825995807128795,2.0698950687226016,1.6341889170258226,0.000599996909024878,0
0.0,2.138880296937884,0.7139283264678263,2.9959314088572926,0.0019824471250067645,0
32476788.64243477,2.131313775510204,1.1007857035703557,1.9361750144441106,0.1179676463886604,1
760562.5386311706,1.27049118004866,0.551484901094276,2.3037642146280093,0.2752918660286174,0
8530601.741039343,1.3741365131579135,0.38867723396366416,3.5354180617802173,0.4942902711322153,-1
0.0,0.4063594357976627,0.2705891843056269,1.5017578653058252,0.33275917065379423,-1
0.0,0.863094008264479,0.8038822852760839,1.0736572058781708,0.023987240829339066,1
14065923.17351567,0.19930224236641225,104.82624999999996,0.0019012627311042064,1.33460925039829,-1
8755762.833511675,0.7277656794425089,0.727960069444443,0.9997329661198554,0.001275917065390305,1
0.0,6.527148437500151,0.1719026730075429,37.970022939746535,1.5152791068575642,-1
0.0,1.6489638157894964,0.43221378504672764,3.81515785205977,0.4572886762358987,-1
0.0,1.054892676767669,0.613019005847957,1.7208156137157467,0.18373205741620266,1
0.0,4.857412790697607,1.357852979274568,3.577274465526213,0.14213716108448834,-1
370255.71827578486,2.12408898305086,0.47975400457665796,4.427454409526372,0.43211057947886067,-1
6940545.967986521,5.262197189922407,1.3412807578740107,3.9232630148688794,0.1487915593178263,-1
22241083.188375432,3.3419000000000065,1.659518469656993,2.01377692451398,0.08144603934074941,0
0.0,8.122673611111331,1.9158844647519608,4.239646889230833,0.10681248575981982,-1
0.0,2.9280665887849153,3.0064890057361326,0.9739156149243873,0.00204146730462867,-1
8766348.431933852,2.8482102272727716,2.1451483628922343,1.3277450998459717,0.031132376395524738,0
0.0,4.177375000000008,0.6762983870967731,6.1768223608113635,0.33173843700148686,-1
0.0,0.7303103146853125,6.988416666665975,0.10450297249287056,0.3266347687399231,-1
4302970.457198889,0.5900247175141219,104.82624999999996,0.005628597011856498,0.44912280701739965,-1
0.0,0.8850370762711829,104.82624999999996,0.008442895517784748,0.29856459330133955,-1
33036219.499229815,1.7551995798319393,0.5171497286630437,3.393987239188063,0.3654226475277965,0
0.0,3.867939814813454,2.729850260416497,1.4169054877842702,0.029090909090881245,-1
710990.2304820673,0.32944597791798597,0.30349232773596174,1.0855166599288923,0.07247208931417105,-1
1115748.5721767666,0.19704599056603556,0.12129859986114234,1.6244704455913401,0.8528229665068965,-1
0.0,4.747017045456418,1.0137935203094763,4.682429854165291,0.2077192982455684,-1
0.0,6.52714843750131,0.7345918009810951,8.885408779112264,0.3233173843699103,-1
11615662.005546257,2.3207638888889517,0.7040043653458786,3.2965191739240933,0.26513556618810896,-1
0.0,2.0578201970443666,3.0340448625181824,0.6782431672208125,0.041339712918647756,0
0.0,0.6781452922077593,0.6592845911949512,1.028607829251133,0.012759170653894042,1
0.0,1.5823390151515944,0.15749136117788554,10.047148004291817,1.530079744816084,-1
0.0,7.459598214286455,0.8720985856905101,8.553618061861773,0.2710047846889119,-1
0.0,6.527148437505948,2.2208951271186943,2.938971929743493,0.0796172248803911,-1
0.0,0.8476816152597305,0.38510745775164273,2.2011560622812025,0.38022328548633344,0
0.0,4.7470170454539655,4.159771825397454,1.141172459621725,0.008165869218481418,-1
0.0,0.7104379251700835,104.82624999999996,0.006777290279582489,0.37256778309396954,-1
0.0,1.6844254032259516,104.82624999999996,0.01606873663062403,0.15566188197760722,-1
0.0,2.2703124999998248,104.82624999999996,0.021657862415185372,0.1148325358851392,-1
3530887.5738276993,0.37838541666666864,104.82624999999996,0.0036096437358645265,0.7017543859646805,-1
0.0,0.863094008264479,104.82624999999996,0.008233567529740684,0.30622009569367453,-1
0.0,0.3970888783269976,0.3970691287878793,1.000049738289095,0.00255183413078061,-1
1040050.531120645,0.78227996254683,0.7822854477612057,0.9999929882188254,0.001275917065390305,1
3529358.0699087223,0.2597870024875602,104.82624999999996,0.0024782628634293443,1.0232854864430565,-1
0.0,0.6446566358024686,104.82624999999996,0.00614976340184323,0.4108452950556882,-1
0.0,1.5135416666666746,104.82624999999996,0.014438574943458106,0.1735247208930846,-1
0.0,0.7354533450704156,104.82624999999996,0.00701592726125771,0.35980861244007784,-1
0.0,2.4287063953488035,104.82624999999996,0.023168876072060234,0.10717703349278966,-1
0.0,1.9339699074073378,14.97517857142808,0.12914503143870748,0.11993620414669588,-1
2731741.5279246937,1.1476304945054652,7.382130281689878,0.15546061241319029,0.19598086124396016,-1
0.0,1.3054296874999838,104.82624999999996,0.012453270888732397,0.2015948963316754,-1
0.0,4.0167067307693785,104.82624999999996,0.038317756580716955,0.0637958532695143,-1
11897017.409499774,0.27196451822916895,104.82624999999996,0.0025944314351526365,0.9773524720889883,-1
12709781.654078221,0.23104950221238782,104.82624999999996,0.0022041187413685786,1.1508771929820898,-1
0.0,0.421106350806459,0.42098895582329954,1.0002788552562614,0.00255183413078061,-1
638710.3234953604,0.3926104323308325,104.82624999999996,0.0037453446281902926,0.6762360446568682,-1
1638873.8324414964,0.2992388968481373,104.82624999999996,0.002854617968763906,0.8880382775116737,-1
0.0,0.5467768324607268,104.82624999999996,0.00521602969161567,0.4848484848483327,-1
0.0,8.70286458333302,104.82624999999996,0.08302180592488068,0.028070175438588474,-1
9097302.997228013,0.16420499213836473,0.16456240188383003,0.9978281202669999,0.00255183413078061,-1
9385296.537403604,0.2212592690677984,104.82624999999996,0.002110723879446212,1.2019138755976855,-1
0.0,2.3735085227271875,9.088981213872493,0.2611413168182707,0.08284954811268208,-1
3243384.034889674,1.2432663690475743,104.82624999999996,0.011860257989268668,0.2118022328548033,-1
0.0,1.411275337837823,1.3976833333333156,1.0097246666539923,0.0025518341307806673,1
965989.4274611896,0.4111589566929108,0.38132502728264417,1.0782375330118399,0.05333333333331784,-1
0.0,2.4287063953488035,104.82624999999996,0.023168876072060234,0.10717703349278966,-1
0.0,5.89548891129029,6.1662499999999625,0.9560898295220477,0.0018227386648434144,-1
0.0,6.527148437498992,23.824147727264226,0.27397195955217146,0.02960127591705809,-1
33434653.344534814,0.6527148437499919,104.82624999999996,0.006226635444366199,0.4057416267941315,-1
0.0,0.797208969465649,104.82624999999996,0.0076050509244168256,0.331738437001487,-1
0.0,0.8354750000000016,104.82624999999996,0.007970093368788848,0.3164274322168024,-1
3115224.693308975,0.25786265432098743,104.82624999999996,0.0024599053607372917,1.0309409888353913,-1
155118.89687529433,0.2320763888888893,104.82624999999996,0.0022139148246635688,1.1457735247205185,-1
4760204.620546022,0.16017542177914185,104.82624999999996,0.0015280086980040011,1.661244019138208,-1
1449488.1093070274,0.16736278044871802,104.82624999999996,0.0015965731908631482,1.5897926634763564,-1
0.0,2.222007978723548,104.82624999999996,0.021197056831886565,0.11738437001590303,-1
5725465.644890772,0.13406209884467254,0.1343926282051278,0.9975405692643293,0.00255183413078061,-1
0.0,2.7849166666666716,12.941512345675518,0.2151925209573569,0.07502392344494598,-1
30645882.12501304,0.6446566358024686,104.82624999999996,0.00614976340184323,0.4108452950556882,-1
0.0,4.444015957447096,6.988416666667617,0.6359117049565102,0.0216905901116371,-1
22502787.685373887,1.093553664921421,0.9384623992837283,1.1652610331069893,0.04133971291865672,1
1134839.9303878103,0.12115356728538298,0.04052039041360646,2.9899407692947717,4.401913875596649,-1
0.0,0.8775997899159278,104.82624999999996,0.008371946815954287,0.30111642743213235,-1
1516407.4853363729,0.1822589441535774,104.82624999999996,0.001738676563871907,1.459649122806545,-1
0.0,1.0656568877550843,104.82624999999996,0.01016593541937334,0.24752791068572913,-1
2731800.9481069287,0.40478439922480947,104.82624999999996,0.0038614793453434575,0.6558213716106268,-1
0.0,0.8926014957264853,104.82624999999996,0.008515057017936688,0.2960127591705612,-1
0.0,1.657688492063507,104.82624999999996,0.015813677319025603,0.15821371610840007,-1
0.0,1.5357996323528,5.759684065933257,0.26664650608816864,0.12708133971288685,-1
0.0,0.9669849537037197,0.8044992325403253,1.2019712568902294,0.056905901116398816,1
0.0,0.5614751344085991,0.5241312499999676,1.0712491087082363,0.035725677830957106,1
0.0,2.088687500000004,2.961193502824431,0.7053532631379145,0.03725677830938471,0
0.0,1.3054296875000766,10.919401041665214,0.11955140053185535,0.17964912280694395,-1
8048442.03165121,0.44065137130801685,0.4404464285714276,1.000465306841638,0.00255183413078061,-1
0.0,0.3853666974169697,0.38539062499999466,0.999937913427383,0.00255183413078061,-1
3055221.1511334255,0.797208969465649,0.3993380952380944,1.99632586765942,0.335566188197658,0
0.0,1.3475403225806872,0.9573173515981951,1.4076213288425554,0.08165869218498066,1
0.0,3.6430595930232044,8.063557692307784,0.4517930834051693,0.039978734715565296,-1
98818614.84416245,3.9558475378788156,3.95570754716983,1.000035389549737,0.0002551834130780611,-1
0.0,1.3924583333333358,1.1725531319910782,1.1875439119495108,0.03674641148323628,1
0.0,0.6781452922078095,0.6762983870967898,1.0027309027291165,0.0025518341307806673,1
907029.4784581283,0.9946130952381401,0.9889268867924947,1.0057498774900215,0.0025518341307806673,1
17361111.111115187,2.610859375000153,104.82624999999996,0.024906541777466564,0.09952153110044011,-1
0.0,1.0139259708737032,104.82624999999996,0.009672443408723518,0.26028708133964984,-1
19132784.092439063,6.025060096154068,5.933561320754918,1.0154205493889643,0.0008506113769268889,-1
5210367.959214018,0.30897744082840334,104.82624999999996,0.002947519736978128,0.8599681020730829,-1
0.0,2.0477328431372954,2.130614837398499,0.9610994944715566,0.0045933014354103,1
54884785.10571048,2.175716145833255,5.6358198924717655,0.38605139755078766,0.07502392344494481,-1
7434584.342302298,0.36388283972125446,87.35520833367757,0.004165554025482974,0.7293141945771273,-1
1647106.6311428084,0.19232849907918778,104.82624999999996,0.0018347360425388475,1.3830940988831366,-1
0.0,1.4504774305557324,11.394157608696437,0.12730010241816167,0.16025518341300532,-1
0.0,4.5406249999996495,4.226864919353876,1.0742299757934386,0.0045933014354149464,-1
5131710.221625997,0.6291227409638256,58.236805555431935,0.010802837397477158,0.41901116427419627,-1
0.0,1.111003989361707,0.9107406602953831,1.219890620675014,0.053843700159476406,1
8818594.10431145,1.491919642857291,104.82624999999996,0.014232309587124329,0.17607655502384847,-1
8882429.178086871,0.6001975574712624,104.82624999999996,0.005725641787922993,0.4414673046250573,-1
0.0,0.762294708029196,104.82624999999996,0.007271983000719727,0.34704944178617153,-1
983677.1245270553,0.34927884615384575,0.3461897291941841,1.008923190664414,0.00969696969697158,-1
113367.11673411801,0.35163089225588967,104.82624999999996,0.0033544164010053763,0.7553429027110837,-1
1065543.1510576594,0.4387998949579848,104.82624999999996,0.004185973407977345,0.6047846889950164,-1
0.0,0.9081249999999299,104.82624999999996,0.00866314496607415,0.29090909090901895,-1
62490317.47340474,0.16116415895061714,104.82624999999996,0.0015374408504608074,1.6510366826150948,-1
2455225.9747317526,0.4280097336065586,0.14310750853242327,2.9908265331136423,1.2465709728863534,-1
0.0,10.993092105260022,0.9227662852112439,11.913192193344418,0.26564593301426753,-1
0.0,1.7700741525422807,104.82624999999996,0.016885791035568684,0.14800637958528667,-1
0.0,1.5587220149252068,104.82624999999996,0.014869577180574594,0.16842105263154244,-1
0.0,2.772594026548689,2.758585526315799,1.0050781460640803,0.0008506113769268889,-1
61571448.79108939,2.9009548611119222,104.82624999999996,0.0276739353083023,0.08931419457729774,-1
0.0,0.3412888071895365,0.34145358306188256,0.9995174281936992,0.00255183413078061,-1
0.0,5.594698660714841,6.4974948347101185,0.8610547300211043,0.006464646464635763,-1
0.0,8.033413461538757,0.7044774865591085,11.403364358421866,0.34653907496003217,-1
8770288.271759072,0.5945030834914514,0.14911273115220208,3.9869371239980254,1.3456671982983615,-1
0.0,2.3735085227269828,0.7881672932330528,3.011427324002344,0.227113237639478,-1
0.0,2.0083533653846892,16.907459677444646,0.11878504540004482,0.11687400318977348,-1
22308534.349773787,0.25786265432099104,0.2581927339901506,0.9987215764593432,0.00255183413078061,-1
793458.7643249261,1.9103849085366047,1.9059318181818332,1.0023364373857926,0.0008506113769268889,1
0.0,2.286884124087588,4.505426217764383,0.5075844134503111,0.057161084529478615,0
0.0,0.9002963362068347,104.82624999999996,0.00858846268188393,0.2934609250397973,-1
0.0,0.2876980027548218,10.48262499999666,0.02744522509914392,0.9007974481655655,-1
5804194.854163428,0.7707333948339394,0.38610036832411987,1.9961995845259888,0.34704944178617503,0
0.0,1.712038934426354,1.7044918699188183,1.0044277503699066,0.0012759170653903337,1
0.0,4.7470170454539655,0.79898056402438,5.941342329460114,0.2786602870812458,-1
0.0,1.411275337837823,8.735520833332668,0.16155594666464906,0.1582137161084012,-1
0.0,3.213365384615503,7.229396551724815,0.44448597633627485,0.045933014354052545,-1
0.0,0.3203508435582837,104.82624999999996,0.0030560173960080023,0.8293460925037137,-1
0.0,0.40013170498084155,104.82624999999996,0.003817094525281995,0.6634768740029764,-1
0.0,1.0878580729166274,104.82624999999996,0.010377725740610085,0.24242424242417243,-1
0.0,0.5020883413461449,104.82624999999996,0.0047897195725893574,0.5282296650716081,-1
0.0,1.6844254032257973,104.82624999999996,0.016068736630622558,0.1556618819776217,-1
0.0,0.18354020210896532,104.82624999999996,0.0017508992462190094,1.4494417862834026,-1
0.0,0.24007902298850495,104.82624999999996,0.002290256715169197,1.1074960127588145,-1
0.0,1.0656568877550843,1.0588510101009903,1.0064276065179794,0.0025518341307806673,1
0.0,2.088687500000004,104.82624999999996,0.019925233421972117,0.12503987240825257,-1
0.0,1.3562905844155186,1.3525967741934803,1.002730902729116,0.0012759170653903337,1
0.0,0.3729799107142622,0.3730471530248867,0.9998197484953865,0.00255183413078061,-1
0.0,1.6844254032257973,4.404464285715176,0.3824359318087394,0.09748006379583485,-1
0.0,0.5878107410881892,0.19654921875000259,2.9906541721534134,0.9076023391809774,-1
66297346.711620234,2.2703124999998248,104.82624999999996,0.021657862415185372,0.1148325358851392,-1
511129.020076783,0.5144550492610916,104.82624999999996,0.004907692961076942,0.5154704944176874,-1
0.0,0.82231791338584,0.8189550781250112,1.0041062511859966,0.0025518341307806673,1
0.0,1.3741365131579135,9.19528508772509,0.14943925066469846,0.16484848484844697,-1
0.0,4.693679775280979,5.132252141983145,0.9145458261657625,0.004657097288676715,-1
0.0,6.329356060607468,0.9227662852112902,6.859110656777198,0.2477830940988046,-1
0.0,0.9852299528302412,104.82624999999996,0.00939869501036469,0.2679425837319559,-1
0.0,0.762294708029196,0.7596105072463739,1.0035336540993256,0.0025518341307806673,1
0.0,5.555019946808534,5.804332779623682,0.9570471159595862,0.0018883572567792235,-1
0.0,3.0715992647066277,104.82624999999996,0.029301813855848406,0.08421052631574105,-1
0.0,3.6967920353982517,5.113475609755726,0.7229509471689548,0.01977671451354609,-1
0.0,4.444015957446559,10.806829896908933,0.4112229025384841,0.035215311004780606,-1
0.0,0.9408502252252153,104.82624999999996,0.0089753303702576,0.2807017543858766,-1
