{
  "abstract": [
    {
      "extract_summ": [
        {
          "act": "Um well this is the kick-off meeting for our our project.",
          "end_time": 60.35,
          "id": 3,
          "speaker_id": "B",
          "start_time": 55.98,
          "type": {
            "main_type": "Task",
            "sub_type": "Inform"
          },
          "word_range": "ES2002a.B.words4-ES2002a.B.words16"
        },
        {
          "act": "so we're designing a new remote control and um",
          "end_time": 96.34,
          "id": 12,
          "speaker_id": "B",
          "start_time": 92.79,
          "type": {
            "main_type": "Task",
            "sub_type": "Inform"
          },
          "word_range": "ES2002a.B.words80-ES2002a.B.words89"
        },
        {
          "act": "Um, as you can see it's supposed to be original, trendy and user friendly.",
          "end_time": 116.66,
          "id": 19,
          "speaker_id": "B",
          "start_time": 111.72,
          "type": {
            "main_type": "Task",
            "sub_type": "Inform"
          },
          "word_range": "ES2002a.B.words129-ES2002a.B.words145"
        },
        {
          "act": "Um and so there are three different stages to the design.",
          "end_time": 126.12,
          "id": 22,
          "speaker_id": "B",
          "start_time": 120.98,
          "type": {
            "main_type": "Task",
            "sub_type": "Inform"
          },
          "word_range": "ES2002a.B.words159-ES2002a.B.words170"
        },
        {
          "act": "So we're gonna have like individual work and then a meeting about it.",
          "end_time": 147.92,
          "id": 28,
          "speaker_id": "B",
          "start_time": 144.43,
          "type": {
            "main_type": "Task",
            "sub_type": "Inform"
          },
          "word_range": "ES2002a.B.words205-ES2002a.B.words218"
        },
        {
          "act": "And repeat that process three times.",
          "end_time": 151.79,
          "id": 31,
          "speaker_id": "B",
          "start_time": 147.92,
          "type": {
            "main_type": "Task",
            "sub_type": "Inform"
          },
          "word_range": "ES2002a.B.words219-ES2002a.B.words225"
        },
        {
          "act": "So uh you get to draw your favourite animal and sum up your favourite characteristics of it.",
          "end_time": 165.91,
          "id": 33,
          "speaker_id": "B",
          "start_time": 159.59,
          "type": {
            "main_type": "Task",
            "sub_type": "Inform"
          },
          "word_range": "ES2002a.B.words242-ES2002a.B.words260"
        },
        {
          "act": "My favourite animal is like",
          "end_time": 191.68,
          "id": 16,
          "speaker_id": "D",
          "start_time": 187.46,
          "type": {
            "main_type": "Task",
            "sub_type": "Inform"
          },
          "word_range": "ES2002a.D.words52-ES2002a.D.words57"
        },
        {
          "act": "A beagle.",
          "end_time": 204.24,
          "id": 17,
          "speaker_id": "D",
          "start_time": 203.45,
          "type": {
            "main_type": "Task",
            "sub_type": "Inform"
          },
          "word_range": "ES2002a.D.words60-ES2002a.D.words62"
        },
        {
          "act": "Uh, right, well basically um high priority for any animal for me is that they be willing to take a lot of physical affection from their family.",
          "end_time": 229.16,
          "id": 23,
          "speaker_id": "D",
          "start_time": 216.46,
          "type": {
            "main_type": "Task",
            "sub_type": "Inform"
          },
          "word_range": "ES2002a.D.words74-ES2002a.D.words103"
        },
        {
          "act": "And, yeah that they have lots of personality",
          "end_time": 232.72,
          "id": 24,
          "speaker_id": "D",
          "start_time": 229.16,
          "type": {
            "main_type": "Task",
            "sub_type": "Inform"
          },
          "word_range": "ES2002a.D.words104-ES2002a.D.words112"
        },
        {
          "act": "Well, my favourite animal would be a monkey.",
          "end_time": 257.26,
          "id": 4,
          "speaker_id": "C",
          "start_time": 255.07,
          "type": {
            "main_type": "Task",
            "sub_type": "Inform"
          },
          "word_range": "ES2002a.C.words11-ES2002a.C.words20"
        },
        {
          "act": "Then they're small cute and furry,",
          "end_time": 270.01,
          "id": 7,
          "speaker_id": "C",
          "start_time": 268.0,
          "type": {
            "main_type": "Task",
            "sub_type": "Inform"
          },
          "word_range": "ES2002a.C.words22-ES2002a.C.words28"
        },
        {
          "act": "and I kind of like whales.",
          "end_time": 334.32,
          "id": 21,
          "speaker_id": "A",
          "start_time": 333.1,
          "type": {
            "main_type": "Task",
            "sub_type": "Inform"
          },
          "word_range": "ES2002a.A.words125-ES2002a.A.words131"
        },
        {
          "act": "They come in and go eat everything in sight.",
          "end_time": 337.7,
          "id": 22,
          "speaker_id": "A",
          "start_time": 334.32,
          "type": {
            "main_type": "Task",
            "sub_type": "Inform"
          },
          "word_range": "ES2002a.A.words132-ES2002a.A.words143"
        },
        {
          "act": "M my favourite animal is my own dog at home.",
          "end_time": 364.23,
          "id": 57,
          "speaker_id": "B",
          "start_time": 360.21,
          "type": {
            "main_type": "Task",
            "sub_type": "Inform"
          },
          "word_range": "ES2002a.B.words402-ES2002a.B.words412"
        },
        {
          "act": "Um he's very friendly and cheery and always pleased to see you,",
          "end_time": 409.2,
          "id": 70,
          "speaker_id": "B",
          "start_time": 405.71,
          "type": {
            "main_type": "Task",
            "sub_type": "Inform"
          },
          "word_range": "ES2002a.B.words479-ES2002a.B.words491"
        }
      ],
      "summary": "The project manager introduced the upcoming project to the team members and then the team members participated in an exercise in which they drew their favorite animal and discussed what they liked about the animal."
    },
    {
      "extract_summ": [
        {
          "act": "Um so according to the brief um we're gonna be selling this remote control for twenty five Euro,",
          "end_time": 476.53,
          "id": 89,
          "speaker_id": "B",
          "start_time": 470.01,
          "type": {
            "main_type": "Task",
            "sub_type": "Inform"
          },
          "word_range": "ES2002a.B.words636-ES2002a.B.words654"
        },
        {
          "act": "And uh we don't want it to cost any more than uh twelve fifty Euros, so fifty percent of the selling price.",
          "end_time": 495.0,
          "id": 92,
          "speaker_id": "B",
          "start_time": 487.21,
          "type": {
            "main_type": "Task",
            "sub_type": "Inform"
          },
          "word_range": "ES2002a.B.words677-ES2002a.B.words700"
        },
        {
          "act": "but selling price is is that wholesale or retail?",
          "end_time": 513.06,
          "id": 56,
          "speaker_id": "D",
          "start_time": 509.26,
          "type": {
            "main_type": "Elicit",
            "sub_type": "Elicit-Inform"
          },
          "word_range": "ES2002a.D.words267-ES2002a.D.words277"
        },
        {
          "act": "I imagine it probably is our sale actually",
          "end_time": 521.58,
          "id": 97,
          "speaker_id": "B",
          "start_time": 519.67,
          "type": {
            "main_type": "Task",
            "sub_type": "Assess"
          },
          "word_range": "ES2002a.B.words718-ES2002a.B.words725"
        },
        {
          "act": "because it's probably up to the the um the retailer to uh sell it for whatever price they want. Um.",
          "end_time": 530.2,
          "id": 98,
          "speaker_id": "B",
          "start_time": 521.58,
          "type": {
            "main_type": "Task",
            "sub_type": "Assess"
          },
          "word_range": "ES2002a.B.words726-ES2002a.B.words747"
        },
        {
          "act": "I mean do you think the fact that it's going to be sold internationally will have a bearing on how we design it at all?",
          "end_time": 538.19,
          "id": 100,
          "speaker_id": "B",
          "start_time": 532.46,
          "type": {
            "main_type": "Elicit",
            "sub_type": "Elicit-Assessment"
          },
          "word_range": "ES2002a.B.words755-ES2002a.B.words780"
        },
        {
          "act": "Like how much does, you know, a remote control cost.",
          "end_time": 680.53,
          "id": 128,
          "speaker_id": "B",
          "start_time": 677.66,
          "type": {
            "main_type": "Elicit",
            "sub_type": "Elicit-Inform"
          },
          "word_range": "ES2002a.B.words899-ES2002a.B.words911"
        },
        {
          "act": "Well twenty five Euro, I mean that's um that's about like eighteen pounds or something,",
          "end_time": 687.09,
          "id": 129,
          "speaker_id": "B",
          "start_time": 681.66,
          "type": {
            "main_type": "Task",
            "sub_type": "Inform"
          },
          "word_range": "ES2002a.B.words912-ES2002a.B.words928"
        },
        {
          "act": "thi is this gonna to be like the premium product kinda thing or",
          "end_time": 677.53,
          "id": 92,
          "speaker_id": "D",
          "start_time": 674.38,
          "type": {
            "main_type": "Elicit",
            "sub_type": "Elicit-Inform"
          },
          "word_range": "ES2002a.D.words512-ES2002a.D.words525"
        },
        {
          "act": "so I don't know how how good a remote control that would get you. Um.",
          "end_time": 700.41,
          "id": 137,
          "speaker_id": "B",
          "start_time": 695.53,
          "type": {
            "main_type": "Task",
            "sub_type": "Inform"
          },
          "word_range": "ES2002a.B.words959-ES2002a.B.words975"
        }
      ],
      "summary": "The project manager talked about the project finances and selling prices."
    },
    {
      "extract_summ": [
        {
          "act": "um as well as uh characters,",
          "end_time": 561.17,
          "id": 68,
          "speaker_id": "D",
          "start_time": 557.41,
          "type": {
            "main_type": "Task",
            "sub_type": "Inform"
          },
          "word_range": "ES2002a.D.words334-ES2002a.D.words340"
        },
        {
          "act": "um different uh keypad styles and s symbols.",
          "end_time": 565.35,
          "id": 69,
          "speaker_id": "D",
          "start_time": 561.17,
          "type": {
            "main_type": "Task",
            "sub_type": "Inform"
          },
          "word_range": "ES2002a.D.words341-ES2002a.D.words349"
        },
        {
          "act": "Well right away I'm wondering if there's um th th uh, like with D_V_D_ players, if there are zones.",
          "end_time": 554.28,
          "id": 66,
          "speaker_id": "D",
          "start_time": 548.28,
          "type": {
            "main_type": "Task",
            "sub_type": "Inform"
          },
          "word_range": "ES2002a.D.words307-ES2002a.D.words328"
        },
        {
          "act": "'cause you have more complicated characters like European languages, then you need more buttons.",
          "end_time": 580.21,
          "id": 32,
          "speaker_id": "A",
          "start_time": 574.91,
          "type": {
            "main_type": "Task",
            "sub_type": "Inform"
          },
          "word_range": "ES2002a.A.words188-ES2002a.A.words203"
        },
        {
          "act": "I'm thinking the price might might appeal to a certain market in one region, whereas in another it'll be different, so",
          "end_time": 596.78,
          "id": 77,
          "speaker_id": "D",
          "start_time": 587.78,
          "type": {
            "main_type": "Task",
            "sub_type": "Inform"
          },
          "word_range": "ES2002a.D.words379-ES2002a.D.words402"
        },
        {
          "act": "thinking, 'kay trendy probably means something other than just basic,",
          "end_time": 665.64,
          "id": 88,
          "speaker_id": "D",
          "start_time": 660.71,
          "type": {
            "main_type": "Task",
            "sub_type": "Inform"
          },
          "word_range": "ES2002a.D.words475-ES2002a.D.words486"
        },
        {
          "act": "But yeah, I suppose it has to look kind of cool and gimmicky.",
          "end_time": 705.01,
          "id": 138,
          "speaker_id": "B",
          "start_time": 702.02,
          "type": {
            "main_type": "Task",
            "sub_type": "Inform"
          },
          "word_range": "ES2002a.B.words976-ES2002a.B.words990"
        },
        {
          "act": "So extra functionalities.",
          "end_time": 853.03,
          "id": 162,
          "speaker_id": "B",
          "start_time": 851.55,
          "type": {
            "main_type": "Task",
            "sub_type": "Inform"
          },
          "word_range": "ES2002a.B.words1156-ES2002a.B.words1159"
        },
        {
          "act": "So, like, I wonder if we might add something new to the to the remote control market,",
          "end_time": 840.68,
          "id": 132,
          "speaker_id": "D",
          "start_time": 836.31,
          "type": {
            "main_type": "Task",
            "sub_type": "Inform"
          },
          "word_range": "ES2002a.D.words783-ES2002a.D.words802"
        },
        {
          "act": "so in function one of the priorities might be to combine as many uses",
          "end_time": 810.39,
          "id": 125,
          "speaker_id": "D",
          "start_time": 804.72,
          "type": {
            "main_type": "Task",
            "sub_type": "Inform"
          },
          "word_range": "ES2002a.D.words707-ES2002a.D.words721"
        },
        {
          "act": "Right, so do you think that should be like a main design aim of our remote control d you know,",
          "end_time": 815.56,
          "id": 155,
          "speaker_id": "B",
          "start_time": 811.51,
          "type": {
            "main_type": "Elicit",
            "sub_type": "Elicit-Assessment"
          },
          "word_range": "ES2002a.B.words1077-ES2002a.B.words1098"
        },
        {
          "act": "do your your satellite and your regular telly and your V_C_R_ and everything?",
          "end_time": 820.83,
          "id": 156,
          "speaker_id": "B",
          "start_time": 815.56,
          "type": {
            "main_type": "Elicit",
            "sub_type": "Elicit-Assessment"
          },
          "word_range": "ES2002a.B.words1099-ES2002a.B.words1112"
        },
        {
          "act": "maybe what we could use is a sort of like a example of a successful other piece technology is palm palm pilots.",
          "end_time": 828.28,
          "id": 129,
          "speaker_id": "D",
          "start_time": 821.05,
          "type": {
            "main_type": "Task",
            "sub_type": "Inform"
          },
          "word_range": "ES2002a.D.words736-ES2002a.D.words758"
        },
        {
          "act": "W You get those ones where you can, if you like, whistle or make a really high pitched noise they beep.",
          "end_time": 920.04,
          "id": 178,
          "speaker_id": "B",
          "start_time": 914.71,
          "type": {
            "main_type": "Task",
            "sub_type": "Inform"
          },
          "word_range": "ES2002a.B.words1238-ES2002a.B.words1261"
        },
        {
          "act": "Maybe we could think about how, could be more, you know, streamlined. S",
          "end_time": 952.63,
          "id": 158,
          "speaker_id": "D",
          "start_time": 946.4,
          "type": {
            "main_type": "Task",
            "sub_type": "Suggest"
          },
          "word_range": "ES2002a.D.words1008-ES2002a.D.words1024"
        },
        {
          "act": "Maybe like a touch screen or something?",
          "end_time": 952.78,
          "id": 184,
          "speaker_id": "B",
          "start_time": 951.41,
          "type": {
            "main_type": "Task",
            "sub_type": "Suggest"
          },
          "word_range": "ES2002a.B.words1293-ES2002a.B.words1300"
        },
        {
          "act": "Or whatever would be technologically reasonable.",
          "end_time": 956.35,
          "id": 163,
          "speaker_id": "D",
          "start_time": 954.2,
          "type": {
            "main_type": "Task",
            "sub_type": "Inform"
          },
          "word_range": "ES2002a.D.words1031-ES2002a.D.words1037"
        },
        {
          "act": "I mean you probably want some kind of unique selling point of it,",
          "end_time": 1082.39,
          "id": 217,
          "speaker_id": "B",
          "start_time": 1079.1,
          "type": {
            "main_type": "Task",
            "sub_type": "Suggest"
          },
          "word_range": "ES2002a.B.words1533-ES2002a.B.words1546"
        },
        {
          "act": "I think one factor would be production cost.",
          "end_time": 1086.91,
          "id": 44,
          "speaker_id": "A",
          "start_time": 1084.36,
          "type": {
            "main_type": "Task",
            "sub_type": "Inform"
          },
          "word_range": "ES2002a.A.words261-ES2002a.A.words269"
        }
      ],
      "summary": "The team then discussed various features to consider in making the remote."
    }
  ],
  "actions": [
    {
      "extract_summ": [
        {
          "act": "Um so inbetween now and then, um as the industrial designer, you're gonna be working on you know the actual working design of it",
          "end_time": 994.81,
          "id": 196,
          "speaker_id": "B",
          "start_time": 985.49,
          "type": {
            "main_type": "Task",
            "sub_type": "Inform"
          },
          "word_range": "ES2002a.B.words1358-ES2002a.B.words1383"
        }
      ],
      "summary": "The industrial designer will work on the working design of the remote."
    },
    {
      "extract_summ": [
        {
          "act": "Um for user interface, technical functions,",
          "end_time": 1000.99,
          "id": 199,
          "speaker_id": "B",
          "start_time": 996.69,
          "type": {
            "main_type": "Task",
            "sub_type": "Inform"
          },
          "word_range": "ES2002a.B.words1393-ES2002a.B.words1400"
        }
      ],
      "summary": "The user interface designer will work on the technical functions of the remote."
    },
    {
      "extract_summ": [
        {
          "act": "Um and uh marketing executive,",
          "end_time": 1008.75,
          "id": 202,
          "speaker_id": "B",
          "start_time": 1004.08,
          "type": {
            "main_type": "Task",
            "sub_type": "Inform"
          },
          "word_range": "ES2002a.B.words1418-ES2002a.B.words1423"
        },
        {
          "act": "you'll be just thinking about what it actually what, you know, what requirements it has to has to fulfil",
          "end_time": 1016.48,
          "id": 203,
          "speaker_id": "B",
          "start_time": 1010.02,
          "type": {
            "main_type": "Task",
            "sub_type": "Inform"
          },
          "word_range": "ES2002a.B.words1424-ES2002a.B.words1445"
        }
      ],
      "summary": "The marketing executive will work on what requirements the remote has to fulfill"
    }
  ],
  "decisions": [
    {
      "extract_summ": [
        {
          "act": "Um so according to the brief um we're gonna be selling this remote control for twenty five Euro,",
          "end_time": 476.53,
          "id": 89,
          "speaker_id": "B",
          "start_time": 470.01,
          "type": {
            "main_type": "Task",
            "sub_type": "Inform"
          },
          "word_range": "ES2002a.B.words636-ES2002a.B.words654"
        },
        {
          "act": "Well twenty five Euro, I mean that's um that's about like eighteen pounds or something,",
          "end_time": 687.09,
          "id": 129,
          "speaker_id": "B",
          "start_time": 681.66,
          "type": {
            "main_type": "Task",
            "sub_type": "Inform"
          },
          "word_range": "ES2002a.B.words912-ES2002a.B.words928"
        }
      ],
      "summary": "The remote will sell for 25 Euro."
    },
    {
      "extract_summ": [
        {
          "act": "I mean do you think the fact that it's going to be sold internationally will have a bearing on how we design it at all?",
          "end_time": 538.19,
          "id": 100,
          "speaker_id": "B",
          "start_time": 532.46,
          "type": {
            "main_type": "Elicit",
            "sub_type": "Elicit-Assessment"
          },
          "word_range": "ES2002a.B.words755-ES2002a.B.words780"
        },
        {
          "act": "Well right away I'm wondering if there's um th th uh, like with D_V_D_ players, if there are zones.",
          "end_time": 554.28,
          "id": 66,
          "speaker_id": "D",
          "start_time": 548.28,
          "type": {
            "main_type": "Task",
            "sub_type": "Inform"
          },
          "word_range": "ES2002a.D.words307-ES2002a.D.words328"
        }
      ],
      "summary": "The remote will be sold on an international scale."
    },
    {
      "extract_summ": [
        {
          "act": "And uh we don't want it to cost any more than uh twelve fifty Euros, so fifty percent of the selling price.",
          "end_time": 495.0,
          "id": 92,
          "speaker_id": "B",
          "start_time": 487.21,
          "type": {
            "main_type": "Task",
            "sub_type": "Inform"
          },
          "word_range": "ES2002a.B.words677-ES2002a.B.words700"
        }
      ],
      "summary": "The production costs cannot exceed 12.50 Euro."
    }
  ],
  "problems": [
    {
      "extract_summ": [
        {
          "act": "are we at ma right now on the assumption that our television remote control may have features which go beyond the television?",
          "end_time": 1067.54,
          "id": 181,
          "speaker_id": "D",
          "start_time": 1060.99,
          "type": {
            "main_type": "Elicit",
            "sub_type": "Elicit-Inform"
          },
          "word_range": "ES2002a.D.words1155-ES2002a.D.words1177"
        },
        {
          "act": "Or are we keeping sort of like a a design commitment to television features?",
          "end_time": 1073.79,
          "id": 182,
          "speaker_id": "D",
          "start_time": 1067.54,
          "type": {
            "main_type": "Elicit",
            "sub_type": "Elicit-Inform"
          },
          "word_range": "ES2002a.D.words1178-ES2002a.D.words1192"
        },
        {
          "act": "So extra functionalities.",
          "end_time": 853.03,
          "id": 162,
          "speaker_id": "B",
          "start_time": 851.55,
          "type": {
            "main_type": "Task",
            "sub_type": "Inform"
          },
          "word_range": "ES2002a.B.words1156-ES2002a.B.words1159"
        },
        {
          "act": "so in function one of the priorities might be to combine as many uses",
          "end_time": 810.39,
          "id": 125,
          "speaker_id": "D",
          "start_time": 804.72,
          "type": {
            "main_type": "Task",
            "sub_type": "Inform"
          },
          "word_range": "ES2002a.D.words707-ES2002a.D.words721"
        }
      ],
      "summary": "Whether the remote will be used exclusively for televisions."
    }
  ]
}