[
  {
    "end_time": 80.955,
    "segment": "Hi, I'm David and I'm supposed to be an industrial designer.",
    "speaker_id": "A",
    "start_time": 77.408
  },
  {
    "end_time": 142.056,
    "segment": "Um, I just got the project announcement about what the project is. Designing a remote control. That's about it, didn't get anything else. Did you get the same thing?",
    "speaker_id": "A",
    "start_time": 132.38
  },
  {
    "end_time": 276.227,
    "segment": "Cool.",
    "speaker_id": "A",
    "start_time": 275.672
  },
  {
    "end_time": 282.696,
    "segment": "There's too much gear.",
    "speaker_id": "A",
    "start_time": 280.439
  },
  {
    "end_time": 294.656,
    "segment": "Okay.",
    "speaker_id": "A",
    "start_time": 293.138
  },
  {
    "end_time": 311.028,
    "segment": "Can't draw.",
    "speaker_id": "A",
    "start_time": 309.36
  },
  {
    "end_time": 312.95,
    "segment": "Um.",
    "speaker_id": "A",
    "start_time": 311.996
  },
  {
    "end_time": 313.579,
    "segment": "Yeah.",
    "speaker_id": "A",
    "start_time": 312.95
  },
  {
    "end_time": 331.677,
    "segment": "Um, well anyway, I don't know, it's just the first animal I can think off the top of my head. Um. Yes. Big reason is 'cause I'm allergic to most animals. Allergic to animal fur, so um fish was a natural choice.",
    "speaker_id": "A",
    "start_time": 318.564
  },
  {
    "end_time": 338.036,
    "segment": "Um, yeah, and I kind of like whales. They come in and go eat everything in sight.",
    "speaker_id": "A",
    "start_time": 331.677
  },
  {
    "end_time": 341.735,
    "segment": "And they're quite harmless and mild and interesting.",
    "speaker_id": "A",
    "start_time": 338.036
  },
  {
    "end_time": 355.385,
    "segment": "Tail's a bit big, I think.",
    "speaker_id": "A",
    "start_time": 351.686
  },
  {
    "end_time": 443.264,
    "segment": "It's an after dinner dog then.",
    "speaker_id": "A",
    "start_time": 440.382
  },
  {
    "end_time": 565.506,
    "segment": "Hmm.",
    "speaker_id": "A",
    "start_time": 564.988
  },
  {
    "end_time": 580.249,
    "segment": "It does make sense from maybe the design point of view 'cause you have more complicated characters like European languages, then you need more buttons.",
    "speaker_id": "A",
    "start_time": 571.68
  },
  {
    "end_time": 582.774,
    "segment": "So, possibly.",
    "speaker_id": "A",
    "start_time": 581.099
  },
  {
    "end_time": 732.773,
    "segment": "Hmm.",
    "speaker_id": "A",
    "start_time": 732.288
  },
  {
    "end_time": 778.268,
    "segment": "Yeah.",
    "speaker_id": "A",
    "start_time": 777.676
  },
  {
    "end_time": 904.016,
    "segment": "And you keep losing them.",
    "speaker_id": "A",
    "start_time": 903.056
  },
  {
    "end_time": 914.496,
    "segment": "Finding them is really a pain, you know. I mean it's usually quite small, or when you want it right, it slipped behind the couch or it's kicked under the table.",
    "speaker_id": "A",
    "start_time": 906.432
  },
  {
    "end_time": 916.194,
    "segment": "You know.",
    "speaker_id": "A",
    "start_time": 915.38
  },
  {
    "end_time": 994.128,
    "segment": "Yep.",
    "speaker_id": "A",
    "start_time": 993.856
  },
  {
    "end_time": 1057.184,
    "segment": "Mm-hmm.",
    "speaker_id": "A",
    "start_time": 1056.912
  },
  {
    "end_time": 1087.173,
    "segment": "I think one factor would be production cost.",
    "speaker_id": "A",
    "start_time": 1084.102
  },
  {
    "end_time": 1095.199,
    "segment": "Because there's a cap there, so um depends on how much you can cram into that price. Um.",
    "speaker_id": "A",
    "start_time": 1087.173
  },
  {
    "end_time": 1098.464,
    "segment": "I think that that's the main factor.",
    "speaker_id": "A",
    "start_time": 1095.643
  },
  {
    "end_time": 1109.487,
    "segment": "Cool.",
    "speaker_id": "A",
    "start_time": 1107.822
  },
  {
    "end_time": 51.198,
    "segment": "Okay.",
    "speaker_id": "B",
    "start_time": 50.163
  },
  {
    "end_time": 54.269,
    "segment": "Right.",
    "speaker_id": "B",
    "start_time": 53.487
  },
  {
    "end_time": 77.456,
    "segment": "Um well this is the kick-off meeting for our our project. Um and um this is just what we're gonna be doing over the next twenty five minutes. Um so first of all, just to kind of make sure that we all know each other, I'm Laura and I'm the project manager. Do you want to introduce yourself again?",
    "speaker_id": "B",
    "start_time": 55.415
  },
  {
    "end_time": 81.296,
    "segment": "Okay.",
    "speaker_id": "B",
    "start_time": 80.736
  },
  {
    "end_time": 102.283,
    "segment": "Great. Okay. Um so we're designing a new remote control and um Oh I have to record who's here actually. So that's David, Andrew and Craig, isn't it?",
    "speaker_id": "B",
    "start_time": 89.28
  },
  {
    "end_time": 106.64,
    "segment": "And you all arrived on time.",
    "speaker_id": "B",
    "start_time": 104.864
  },
  {
    "end_time": 132.57,
    "segment": "Um yeah so des uh design a new remote control. Um, as you can see it's supposed to be original, trendy and user friendly. Um so that's kind of our our brief, as it were. Um and so there are three different stages to the design. Um I'm not really sure what what you guys have already received um in your emails. What did you get?",
    "speaker_id": "B",
    "start_time": 108.672
  },
  {
    "end_time": 135.472,
    "segment": "Mm-hmm.",
    "speaker_id": "B",
    "start_time": 135.056
  },
  {
    "end_time": 167.393,
    "segment": "Is that what everybody got? Okay. Um. So we're gonna have like individual work and then a meeting about it. And repeat that process three times. Um and at this point we get try out the whiteboard over there. Um. So uh you get to draw your favourite animal and sum up your favourite characteristics of it. So who would like to go first?",
    "speaker_id": "B",
    "start_time": 139.896
  },
  {
    "end_time": 169.072,
    "segment": "Very good.",
    "speaker_id": "B",
    "start_time": 167.824
  },
  {
    "end_time": 184.513,
    "segment": "Mm-hmm.",
    "speaker_id": "B",
    "start_time": 182.994
  },
  {
    "end_time": 216.968,
    "segment": "Yeah. Yeah.",
    "speaker_id": "B",
    "start_time": 215.784
  },
  {
    "end_time": 245.744,
    "segment": "Right. Lovely.",
    "speaker_id": "B",
    "start_time": 243.376
  },
  {
    "end_time": 276.24,
    "segment": "Right.",
    "speaker_id": "B",
    "start_time": 275.648
  },
  {
    "end_time": 293.408,
    "segment": "You can take as long over this as you like, because we haven't got an awful lot to discuss. Ok oh we do we do. Don't feel like you're in a rush, anyway.",
    "speaker_id": "B",
    "start_time": 285.936
  },
  {
    "end_time": 300.658,
    "segment": "Ach why not We might have to get you up again then.",
    "speaker_id": "B",
    "start_time": 297.92
  },
  {
    "end_time": 303.875,
    "segment": "I don't know what mine is. I'm gonna have to think on the spot now.",
    "speaker_id": "B",
    "start_time": 300.658
  },
  {
    "end_time": 315.6,
    "segment": "Is that a whale?",
    "speaker_id": "B",
    "start_time": 311.952
  },
  {
    "end_time": 328.643,
    "segment": "Ah.",
    "speaker_id": "B",
    "start_time": 327.744
  },
  {
    "end_time": 346.88,
    "segment": "Okay. God, I still don't know what I'm gonna write about. Um.",
    "speaker_id": "B",
    "start_time": 342.4
  },
  {
    "end_time": 364.96,
    "segment": "I was gonna choose a dog as well. But I'll just draw a different kind of dog. M my favourite animal is my own dog at home. Um",
    "speaker_id": "B",
    "start_time": 354.256
  },
  {
    "end_time": 368.672,
    "segment": "That doesn't really look like him, actually.",
    "speaker_id": "B",
    "start_time": 366.992
  },
  {
    "end_time": 374.752,
    "segment": "He looks more like a pig, actually.",
    "speaker_id": "B",
    "start_time": 372.922
  },
  {
    "end_time": 376.512,
    "segment": "Ah well.",
    "speaker_id": "B",
    "start_time": 375.609
  },
  {
    "end_time": 381.008,
    "segment": "Do you? Oh that's very good of you.",
    "speaker_id": "B",
    "start_time": 379.504
  },
  {
    "end_time": 389.14,
    "segment": "Uh.",
    "speaker_id": "B",
    "start_time": 388.224
  },
  {
    "end_time": 413.936,
    "segment": "Um he's a mixture of uh various things. Um and what do I like about him, um That's just to suggest that his tail wags. Um he's very friendly and cheery and always pleased to see you, and very kind of affectionate and um",
    "speaker_id": "B",
    "start_time": 394.352
  },
  {
    "end_time": 422.256,
    "segment": "uh and he's quite quite wee as well so you know he can doesn't take up too much space. Um",
    "speaker_id": "B",
    "start_time": 413.936
  },
  {
    "end_time": 431.78,
    "segment": "and uh And he does a funny thing where he chases his tail as well, which is quite amusing, so",
    "speaker_id": "B",
    "start_time": 425.419
  },
  {
    "end_time": 442.012,
    "segment": "It is. I think it is. He only does it after he's had his dinner and um he'll just all of a sudden just get up and start chasing his tail 'round the living room.",
    "speaker_id": "B",
    "start_time": 433.808
  },
  {
    "end_time": 445.502,
    "segment": "Yeah, so uh",
    "speaker_id": "B",
    "start_time": 443.552
  },
  {
    "end_time": 448.165,
    "segment": "Yeah, maybe.",
    "speaker_id": "B",
    "start_time": 447.055
  },
  {
    "end_time": 453.696,
    "segment": "Maybe. Right, um where did you find this? Just down here? Yeah.",
    "speaker_id": "B",
    "start_time": 448.976
  },
  {
    "end_time": 456.875,
    "segment": "Okay.",
    "speaker_id": "B",
    "start_time": 455.424
  },
  {
    "end_time": 463.024,
    "segment": "Um what are we doing next? Uh um.",
    "speaker_id": "B",
    "start_time": 458.294
  },
  {
    "end_time": 470.72,
    "segment": "Okay, uh we now need to discuss the project finance. Um",
    "speaker_id": "B",
    "start_time": 465.488
  },
  {
    "end_time": 495.072,
    "segment": "so according to the brief um we're gonna be selling this remote control for twenty five Euro, um and we're aiming to make fifty million Euro. Um so we're gonna be selling this on an international scale. And uh we don't want it to cost any more than uh twelve fifty Euros, so fifty percent of the selling price.",
    "speaker_id": "B",
    "start_time": 472.0
  },
  {
    "end_time": 498.496,
    "segment": "Sure.",
    "speaker_id": "B",
    "start_time": 497.968
  },
  {
    "end_time": 509.632,
    "segment": "All together.",
    "speaker_id": "B",
    "start_time": 508.0
  },
  {
    "end_time": 519.003,
    "segment": "Um I dunno. I imagine That's a good question.",
    "speaker_id": "B",
    "start_time": 514.256
  },
  {
    "end_time": 522.96,
    "segment": "I imagine it probably is our sale actually because it's probably up to the",
    "speaker_id": "B",
    "start_time": 519.648
  },
  {
    "end_time": 530.24,
    "segment": "the um the retailer to uh sell it for whatever price they want. Um.",
    "speaker_id": "B",
    "start_time": 524.192
  },
  {
    "end_time": 538.304,
    "segment": "But I I don't know, I mean do you think the fact that it's going to be sold internationally will have a bearing on how we design it at all?",
    "speaker_id": "B",
    "start_time": 531.619
  },
  {
    "end_time": 542.208,
    "segment": "Think it will? Um.",
    "speaker_id": "B",
    "start_time": 539.175
  },
  {
    "end_time": 546.512,
    "segment": "Hmm.",
    "speaker_id": "B",
    "start_time": 544.544
  },
  {
    "end_time": 558.096,
    "segment": "Oh yeah, regions and stuff, yeah. Yeah. Okay.",
    "speaker_id": "B",
    "start_time": 553.712
  },
  {
    "end_time": 571.04,
    "segment": "Yeah. Well for a remote control, do you think that will be I suppose it's depends on how complicated our remote control is.",
    "speaker_id": "B",
    "start_time": 564.961
  },
  {
    "end_time": 584.224,
    "segment": "Yeah, yeah. Okay.",
    "speaker_id": "B",
    "start_time": 580.4
  },
  {
    "end_time": 603.794,
    "segment": "What, just like in terms of like the wealth of the country? Like how much money people have to spend on things like?",
    "speaker_id": "B",
    "start_time": 597.433
  },
  {
    "end_time": 617.312,
    "segment": "Aye, I see what you mean, yeah.",
    "speaker_id": "B",
    "start_time": 615.094
  },
  {
    "end_time": 625.024,
    "segment": "Marketing. Good marketing thoughts. Oh gosh, I should be writing all this down. Um.",
    "speaker_id": "B",
    "start_time": 618.48
  },
  {
    "end_time": 661.337,
    "segment": "Mm.",
    "speaker_id": "B",
    "start_time": 660.634
  },
  {
    "end_time": 665.875,
    "segment": "Yeah.",
    "speaker_id": "B",
    "start_time": 665.209
  },
  {
    "end_time": 680.576,
    "segment": "Yeah, yeah. Like how much does, you know, a remote control cost.",
    "speaker_id": "B",
    "start_time": 676.784
  },
  {
    "end_time": 683.856,
    "segment": "Well twenty five Euro, I mean that's um",
    "speaker_id": "B",
    "start_time": 681.439
  },
  {
    "end_time": 691.719,
    "segment": "that's about like eighteen pounds or something, isn't it? Or no, is it as much as that? Sixteen seventeen eighteen pounds.",
    "speaker_id": "B",
    "start_time": 684.88
  },
  {
    "end_time": 700.448,
    "segment": "Um, I dunno, I've never bought a remote control, so I don't know how how good a remote control that would get you. Um.",
    "speaker_id": "B",
    "start_time": 692.368
  },
  {
    "end_time": 705.04,
    "segment": "But yeah, I suppose it has to look kind of cool and gimmicky.",
    "speaker_id": "B",
    "start_time": 702.0
  },
  {
    "end_time": 710.24,
    "segment": "Um right, okay.",
    "speaker_id": "B",
    "start_time": 706.032
  },
  {
    "end_time": 721.472,
    "segment": "Let me just scoot on ahead here. Okay. Um well d Does anybody have anything to add to uh to the finance issue at all?",
    "speaker_id": "B",
    "start_time": 711.408
  },
  {
    "end_time": 723.149,
    "segment": "Thin",
    "speaker_id": "B",
    "start_time": 722.668
  },
  {
    "end_time": 733.12,
    "segment": "No, actually. That would be useful, though, wouldn't it, if you knew like what your money would get you now.",
    "speaker_id": "B",
    "start_time": 726.992
  },
  {
    "end_time": 735.776,
    "segment": "Mm-hmm.",
    "speaker_id": "B",
    "start_time": 735.072
  },
  {
    "end_time": 768.423,
    "segment": "Yeah, yeah.",
    "speaker_id": "B",
    "start_time": 767.535
  },
  {
    "end_time": 772.233,
    "segment": "Oh.",
    "speaker_id": "B",
    "start_time": 771.863
  },
  {
    "end_time": 777.088,
    "segment": "Five minutes to end of meeting. Oh, okay. We're a bit behind.",
    "speaker_id": "B",
    "start_time": 772.784
  },
  {
    "end_time": 807.178,
    "segment": "Yeah.",
    "speaker_id": "B",
    "start_time": 806.193
  },
  {
    "end_time": 821.12,
    "segment": "Right, so do you think that should be like a main design aim of our remote control d you know, do your your satellite and your regular telly and your V_C_R_ and everything?",
    "speaker_id": "B",
    "start_time": 811.456
  },
  {
    "end_time": 833.36,
    "segment": "Mm-hmm.",
    "speaker_id": "B",
    "start_time": 832.604
  },
  {
    "end_time": 841.047,
    "segment": "Yeah.",
    "speaker_id": "B",
    "start_time": 839.536
  },
  {
    "end_time": 853.222,
    "segment": "Or even like, you know, notes about um what you wanna watch. Like you might put in there oh I want to watch such and such and look a Oh that's a good idea. So extra functionalities.",
    "speaker_id": "B",
    "start_time": 843.7
  },
  {
    "end_time": 867.448,
    "segment": "Mm-hmm.",
    "speaker_id": "B",
    "start_time": 866.257
  },
  {
    "end_time": 877.747,
    "segment": "Hmm.",
    "speaker_id": "B",
    "start_time": 876.643
  },
  {
    "end_time": 903.096,
    "segment": "Um okay, uh I'd wel we're gonna have to wrap up pretty quickly in the next couple of minutes. Um I'll just check we've nothing else. Okay. Um so anything else anybody wants to add about what they don't like about remote controls they've used, what they would really like to be part of this new one at all?",
    "speaker_id": "B",
    "start_time": 881.872
  },
  {
    "end_time": 906.112,
    "segment": "You keep losing them. Okay.",
    "speaker_id": "B",
    "start_time": 904.384
  },
  {
    "end_time": 922.576,
    "segment": "Yeah. W You get those ones where you can, if you like, whistle or make a really high pitched noise they beep. There I mean is that something we'd want to include, do you think?",
    "speaker_id": "B",
    "start_time": 912.985
  },
  {
    "end_time": 927.869,
    "segment": "Dunno. Okay maybe.",
    "speaker_id": "B",
    "start_time": 925.314
  },
  {
    "end_time": 937.965,
    "segment": "My goodness.",
    "speaker_id": "B",
    "start_time": 936.976
  },
  {
    "end_time": 948.193,
    "segment": "Still feels quite primitive.",
    "speaker_id": "B",
    "start_time": 946.24
  },
  {
    "end_time": 952.816,
    "segment": "Maybe like a touch screen or something?",
    "speaker_id": "B",
    "start_time": 951.392
  },
  {
    "end_time": 954.787,
    "segment": "Okay.",
    "speaker_id": "B",
    "start_time": 953.925
  },
  {
    "end_time": 959.64,
    "segment": "Uh-huh, okay. Well I guess that's up to our industrial designer.",
    "speaker_id": "B",
    "start_time": 956.336
  },
  {
    "end_time": 963.497,
    "segment": "It looks better.",
    "speaker_id": "B",
    "start_time": 961.692
  },
  {
    "end_time": 969.632,
    "segment": "Yeah.",
    "speaker_id": "B",
    "start_time": 968.849
  },
  {
    "end_time": 972.544,
    "segment": "Okay.",
    "speaker_id": "B",
    "start_time": 971.68
  },
  {
    "end_time": 975.664,
    "segment": "Okay.",
    "speaker_id": "B",
    "start_time": 975.184
  },
  {
    "end_time": 1008.784,
    "segment": "Right, well um so just to wrap up, the next meeting's gonna be in thirty minutes. So that's about um about ten to twelve by my watch. Um so inbetween now and then, um as the industrial designer, you're gonna be working on you know the actual working design of it so y you know what you're doing there. Um for user interface, technical functions, I guess that's you know like what we've been talking about, what it'll actually do. Um and uh marketing executive,",
    "speaker_id": "B",
    "start_time": 977.152
  },
  {
    "end_time": 1019.344,
    "segment": "you'll be just thinking about what it actually what, you know, what requirements it has to has to fulfil and you'll all get instructions emailed to you, I guess.",
    "speaker_id": "B",
    "start_time": 1010.0
  },
  {
    "end_time": 1022.608,
    "segment": "Um.",
    "speaker_id": "B",
    "start_time": 1021.488
  },
  {
    "end_time": 1031.792,
    "segment": "Yeah, so it's th the functional design stage is next, I guess.",
    "speaker_id": "B",
    "start_time": 1028.032
  },
  {
    "end_time": 1035.312,
    "segment": "And uh",
    "speaker_id": "B",
    "start_time": 1034.448
  },
  {
    "end_time": 1037.792,
    "segment": "and that's the end of the meeting.",
    "speaker_id": "B",
    "start_time": 1036.448
  },
  {
    "end_time": 1042.624,
    "segment": "So I got that little message a lot sooner than I thought I would, so",
    "speaker_id": "B",
    "start_time": 1039.104
  },
  {
    "end_time": 1050.144,
    "segment": "Mm-hmm.",
    "speaker_id": "B",
    "start_time": 1049.44
  },
  {
    "end_time": 1057.728,
    "segment": "Uh-huh, yeah.",
    "speaker_id": "B",
    "start_time": 1056.272
  },
  {
    "end_time": 1068.974,
    "segment": "Th",
    "speaker_id": "B",
    "start_time": 1068.641
  },
  {
    "end_time": 1084.848,
    "segment": "Okay, well just very quickly 'cause this we're supposed to finish now. Um I guess that's up to us, I mean you probably want some kind of unique selling point of it, so um, you know",
    "speaker_id": "B",
    "start_time": 1073.52
  },
  {
    "end_time": 1088.266,
    "segment": "Yeah.",
    "speaker_id": "B",
    "start_time": 1087.563
  },
  {
    "end_time": 1094.496,
    "segment": "Mm-hmm.",
    "speaker_id": "B",
    "start_time": 1093.76
  },
  {
    "end_time": 1096.192,
    "segment": "Yeah.",
    "speaker_id": "B",
    "start_time": 1095.76
  },
  {
    "end_time": 1103.232,
    "segment": "Okay. Right, okay, we'll that's that's the end of the meeting, then. Um.",
    "speaker_id": "B",
    "start_time": 1098.39
  },
  {
    "end_time": 1105.74,
    "segment": "So, uh",
    "speaker_id": "B",
    "start_time": 1104.352
  },
  {
    "end_time": 1110.243,
    "segment": "thank you all for coming.",
    "speaker_id": "B",
    "start_time": 1106.544
  },
  {
    "end_time": 88.982,
    "segment": "Um I'm Craig and I'm User Interface.",
    "speaker_id": "C",
    "start_time": 85.509
  },
  {
    "end_time": 141.067,
    "segment": "Yeah.",
    "speaker_id": "C",
    "start_time": 140.216
  },
  {
    "end_time": 257.68,
    "segment": "Well, my favourite animal would be a monkey.",
    "speaker_id": "C",
    "start_time": 254.613
  },
  {
    "end_time": 274.048,
    "segment": "Then they're small cute and furry, and uh when planet of the apes becomes real, I'm gonna be up there with them.",
    "speaker_id": "C",
    "start_time": 267.717
  },
  {
    "end_time": 777.955,
    "segment": "Yeah.",
    "speaker_id": "C",
    "start_time": 776.735
  },
  {
    "end_time": 793.327,
    "segment": "I know um",
    "speaker_id": "C",
    "start_time": 792.33
  },
  {
    "end_time": 804.368,
    "segment": "My parents went out and bought um remote controls because um they got fed up of having four or five different remote controls for each things the house. So um for them it was just how many devices control.",
    "speaker_id": "C",
    "start_time": 794.496
  },
  {
    "end_time": 977.09,
    "segment": "Uh.",
    "speaker_id": "C",
    "start_time": 976.313
  },
  {
    "end_time": 67.755,
    "segment": "Mm-hmm.",
    "speaker_id": "D",
    "start_time": 66.942
  },
  {
    "end_time": 75.413,
    "segment": "Great.",
    "speaker_id": "D",
    "start_time": 74.71
  },
  {
    "end_time": 84.576,
    "segment": "And I'm Andrew and I'm uh our marketing",
    "speaker_id": "D",
    "start_time": 81.575
  },
  {
    "end_time": 86.912,
    "segment": "expert.",
    "speaker_id": "D",
    "start_time": 86.048
  },
  {
    "end_time": 137.648,
    "segment": "Mm-hmm.",
    "speaker_id": "D",
    "start_time": 136.827
  },
  {
    "end_time": 140.773,
    "segment": "Mm-hmm. Yeah, that's that's it.",
    "speaker_id": "D",
    "start_time": 138.631
  },
  {
    "end_time": 142.064,
    "segment": "Yeah.",
    "speaker_id": "D",
    "start_time": 141.776
  },
  {
    "end_time": 168.368,
    "segment": "I will go. That's fine.",
    "speaker_id": "D",
    "start_time": 166.485
  },
  {
    "end_time": 176.816,
    "segment": "Alright. So",
    "speaker_id": "D",
    "start_time": 173.936
  },
  {
    "end_time": 182.576,
    "segment": "This one here, right?",
    "speaker_id": "D",
    "start_time": 181.36
  },
  {
    "end_time": 188.384,
    "segment": "Okay. Very nice. Alright. My favourite animal",
    "speaker_id": "D",
    "start_time": 183.728
  },
  {
    "end_time": 192.021,
    "segment": "is like",
    "speaker_id": "D",
    "start_time": 189.968
  },
  {
    "end_time": 204.304,
    "segment": "A beagle.",
    "speaker_id": "D",
    "start_time": 203.23
  },
  {
    "end_time": 242.464,
    "segment": "Um charac favourite characteristics of it? Is that right? Uh, right, well basically um high priority for any animal for me is that they be willing to take a lot of physical affection from their family. And, yeah that they have lots of personality and uh be fit and in robust good health. So this is blue. Blue beagle. My family's beagle.",
    "speaker_id": "D",
    "start_time": 211.712
  },
  {
    "end_time": 301.248,
    "segment": "I coulda told you a whole lot more about beagles. Boy, let me tell you.",
    "speaker_id": "D",
    "start_time": 295.68
  },
  {
    "end_time": 307.936,
    "segment": "Impressionist.",
    "speaker_id": "D",
    "start_time": 306.976
  },
  {
    "end_time": 339.16,
    "segment": "Alright.",
    "speaker_id": "D",
    "start_time": 337.987
  },
  {
    "end_time": 342.256,
    "segment": "Mm.",
    "speaker_id": "D",
    "start_time": 341.808
  },
  {
    "end_time": 350.896,
    "segment": "Superb sketch, by the way.",
    "speaker_id": "D",
    "start_time": 349.632
  },
  {
    "end_time": 360.0,
    "segment": "Yep.",
    "speaker_id": "D",
    "start_time": 359.6
  },
  {
    "end_time": 380.176,
    "segment": "I see a dog in there. Yep.",
    "speaker_id": "D",
    "start_time": 378.432
  },
  {
    "end_time": 383.712,
    "segment": "Now I see a rooster.",
    "speaker_id": "D",
    "start_time": 382.8
  },
  {
    "end_time": 394.336,
    "segment": "What kind is it?",
    "speaker_id": "D",
    "start_time": 393.376
  },
  {
    "end_time": 433.472,
    "segment": "Is he aware that th it's his own cha tail he's chasing?",
    "speaker_id": "D",
    "start_time": 431.248
  },
  {
    "end_time": 440.675,
    "segment": "Hmm.",
    "speaker_id": "D",
    "start_time": 440.059
  },
  {
    "end_time": 448.784,
    "segment": "Probably when he was little he got lots of attention for doing it and has forever been conditioned.",
    "speaker_id": "D",
    "start_time": 444.032
  },
  {
    "end_time": 489.05,
    "segment": "'Kay.",
    "speaker_id": "D",
    "start_time": 488.347
  },
  {
    "end_time": 497.696,
    "segment": "Um, can we just go over that again?",
    "speaker_id": "D",
    "start_time": 496.0
  },
  {
    "end_time": 504.18,
    "segment": "Uh, so bas at twel Alright, yeah. Okay.",
    "speaker_id": "D",
    "start_time": 499.136
  },
  {
    "end_time": 514.032,
    "segment": "So cost like production cost is twelve fifty, but selling price is is that wholesale or retail? Like on the shelf.",
    "speaker_id": "D",
    "start_time": 505.264
  },
  {
    "end_time": 522.608,
    "segment": "Our sale our sale anyway. Yeah, okay okay.",
    "speaker_id": "D",
    "start_time": 518.288
  },
  {
    "end_time": 527.088,
    "segment": "Okay.",
    "speaker_id": "D",
    "start_time": 526.768
  },
  {
    "end_time": 529.184,
    "segment": "Mm-hmm.",
    "speaker_id": "D",
    "start_time": 528.864
  },
  {
    "end_time": 531.84,
    "segment": "Alright.",
    "speaker_id": "D",
    "start_time": 531.456
  },
  {
    "end_time": 539.424,
    "segment": "Yes.",
    "speaker_id": "D",
    "start_time": 538.752
  },
  {
    "end_time": 540.992,
    "segment": "Mm-hmm.",
    "speaker_id": "D",
    "start_time": 540.656
  },
  {
    "end_time": 544.16,
    "segment": "Mm-hmm.",
    "speaker_id": "D",
    "start_time": 543.808
  },
  {
    "end_time": 565.629,
    "segment": "Well right away I'm wondering if there's um th th uh, like with D_V_D_ players, if there are zones. Um f frequencies or something um as well as uh characters, um different uh keypad styles and s symbols.",
    "speaker_id": "D",
    "start_time": 548.256
  },
  {
    "end_time": 566.8,
    "segment": "Um.",
    "speaker_id": "D",
    "start_time": 565.629
  },
  {
    "end_time": 568.88,
    "segment": "I don't know.",
    "speaker_id": "D",
    "start_time": 568.416
  },
  {
    "end_time": 571.868,
    "segment": "Yeah.",
    "speaker_id": "D",
    "start_time": 571.128
  },
  {
    "end_time": 580.976,
    "segment": "Yeah.",
    "speaker_id": "D",
    "start_time": 580.64
  },
  {
    "end_time": 588.88,
    "segment": "Yeah. And then a and then al the other thing international is on top of the price. I'm thinking",
    "speaker_id": "D",
    "start_time": 582.109
  },
  {
    "end_time": 596.832,
    "segment": "the price might might appeal to a certain market in one region, whereas in another it'll be different, so",
    "speaker_id": "D",
    "start_time": 590.976
  },
  {
    "end_time": 600.064,
    "segment": "Just a chara just a characteristic of the",
    "speaker_id": "D",
    "start_time": 598.24
  },
  {
    "end_time": 601.845,
    "segment": "Just",
    "speaker_id": "D",
    "start_time": 600.901
  },
  {
    "end_time": 616.976,
    "segment": "Or just like, basic product podi positioning, the twenty five Euro remote control might be a big hit in London, might not be such a big hit in Greece, who knows, something like that, yeah.",
    "speaker_id": "D",
    "start_time": 602.848
  },
  {
    "end_time": 620.833,
    "segment": "Yep.",
    "speaker_id": "D",
    "start_time": 620.167
  },
  {
    "end_time": 669.2,
    "segment": "Right away I'm making some kind of assumptions about what what information we're given here, thinking, 'kay trendy probably means something other than just basic, something other than just standard. Um",
    "speaker_id": "D",
    "start_time": 655.045
  },
  {
    "end_time": 677.852,
    "segment": "so I'm wondering right away, is selling twenty five Euros, is that sort of the thi is this gonna to be like the premium product kinda thing or",
    "speaker_id": "D",
    "start_time": 670.288
  },
  {
    "end_time": 680.848,
    "segment": "Uh-huh.",
    "speaker_id": "D",
    "start_time": 680.496
  },
  {
    "end_time": 688.284,
    "segment": "Mm-hmm.",
    "speaker_id": "D",
    "start_time": 687.392
  },
  {
    "end_time": 690.064,
    "segment": "Yep.",
    "speaker_id": "D",
    "start_time": 689.468
  },
  {
    "end_time": 692.016,
    "segment": "Yeah, I'd say so, yeah.",
    "speaker_id": "D",
    "start_time": 691.136
  },
  {
    "end_time": 696.672,
    "segment": "No.",
    "speaker_id": "D",
    "start_time": 696.208
  },
  {
    "end_time": 702.08,
    "segment": "Yeah, yeah.",
    "speaker_id": "D",
    "start_time": 697.952
  },
  {
    "end_time": 704.464,
    "segment": "Mm-hmm.",
    "speaker_id": "D",
    "start_time": 704.0
  },
  {
    "end_time": 727.056,
    "segment": "Do we have any other background information on like how that compares to other",
    "speaker_id": "D",
    "start_time": 722.384
  },
  {
    "end_time": 729.232,
    "segment": "other",
    "speaker_id": "D",
    "start_time": 728.32
  },
  {
    "end_time": 731.104,
    "segment": "Yeah.",
    "speaker_id": "D",
    "start_time": 730.656
  },
  {
    "end_time": 735.12,
    "segment": "Mm-hmm.",
    "speaker_id": "D",
    "start_time": 734.688
  },
  {
    "end_time": 773.488,
    "segment": "Yeah, interesting thing about discussing um production of a remote control for me is that l as you point out, I just don't think of remote controls as somethin something people consciously assess in their purchasing habits. It's just like getting shoelaces with shoes or something. It just comes along.",
    "speaker_id": "D",
    "start_time": 753.648
  },
  {
    "end_time": 793.664,
    "segment": "Do you know what I mean? Like so sort of like how do you I I mean one one way of looking at it would be, well the people producing television sets, maybe they have to buy remote controls. Or another way is maybe people who have T_V_ sets are really fed up with their remote control and they really want a better one or something.",
    "speaker_id": "D",
    "start_time": 776.096
  },
  {
    "end_time": 795.162,
    "segment": "But",
    "speaker_id": "D",
    "start_time": 794.262
  },
  {
    "end_time": 802.454,
    "segment": "Right. Right. Okay so",
    "speaker_id": "D",
    "start_time": 799.856
  },
  {
    "end_time": 810.448,
    "segment": "Right, so in function one of the priorities might be to combine as many uses",
    "speaker_id": "D",
    "start_time": 804.448
  },
  {
    "end_time": 817.072,
    "segment": "I think so. Yeah, yeah.",
    "speaker_id": "D",
    "start_time": 814.779
  },
  {
    "end_time": 818.704,
    "segment": "Yeah.",
    "speaker_id": "D",
    "start_time": 818.432
  },
  {
    "end_time": 834.128,
    "segment": "Well like um, maybe what we could use is a sort of like a example of a successful other piece technology is palm palm pilots. They're gone from being just like little sort of scribble boards to cameras, M_P_ three players, telephones,",
    "speaker_id": "D",
    "start_time": 819.675
  },
  {
    "end_time": 844.096,
    "segment": "everything, agenda. So, like, I wonder if we might add something new to the to the remote control market, such as the lighting in your house, or um",
    "speaker_id": "D",
    "start_time": 835.2
  },
  {
    "end_time": 851.456,
    "segment": "Yeah, yeah. An",
    "speaker_id": "D",
    "start_time": 849.056
  },
  {
    "end_time": 870.336,
    "segment": "Yeah. Like, p personally for me, at home I've I've combined the um the audio video of my television set and my D_V_D_ player and my C_D_ player. So they w all work actually function together but I have different remote controls for each of them. So it's sort of ironic that that then they're in there",
    "speaker_id": "D",
    "start_time": 852.768
  },
  {
    "end_time": 872.592,
    "segment": "um",
    "speaker_id": "D",
    "start_time": 871.968
  },
  {
    "end_time": 877.808,
    "segment": "you know, the sound and everything it's just one system. But each one's got its own little",
    "speaker_id": "D",
    "start_time": 873.92
  },
  {
    "end_time": 879.328,
    "segment": "part.",
    "speaker_id": "D",
    "start_time": 878.928
  },
  {
    "end_time": 905.324,
    "segment": "Mm.",
    "speaker_id": "D",
    "start_time": 904.547
  },
  {
    "end_time": 909.296,
    "segment": "Mm. Mm.",
    "speaker_id": "D",
    "start_time": 907.44
  },
  {
    "end_time": 912.144,
    "segment": "Mm-hmm. Mm-hmm.",
    "speaker_id": "D",
    "start_time": 911.072
  },
  {
    "end_time": 913.616,
    "segment": "Yeah.",
    "speaker_id": "D",
    "start_time": 913.2
  },
  {
    "end_time": 915.168,
    "segment": "Yeah.",
    "speaker_id": "D",
    "start_time": 914.752
  },
  {
    "end_time": 917.386,
    "segment": "That's just really good id",
    "speaker_id": "D",
    "start_time": 915.825
  },
  {
    "end_time": 919.744,
    "segment": "Yep.",
    "speaker_id": "D",
    "start_time": 919.264
  },
  {
    "end_time": 953.04,
    "segment": "Uh, sure. I remember when the first remote control my my family had was on a cable. Actually had a cable between it and the T_V_ and big like buttons that sort of like, like on a blender or something. And um, you know, when I think about what they are now, it's better, but actually it's still kind of, I dunno, like a massive junky thing on the table. Maybe we could think about how, could be more, you know, streamlined. S",
    "speaker_id": "D",
    "start_time": 924.272
  },
  {
    "end_time": 956.384,
    "segment": "Something like that, yeah. Or whatever would be technologically reasonable.",
    "speaker_id": "D",
    "start_time": 953.04
  },
  {
    "end_time": 972.992,
    "segment": "'Cause it could b it could it could be that f it could be that functionally that doesn't make it any better, but that just the appeal of of not having You know, these days there's a r pe things in people's homes are becoming more and more like chic, you know. Um, nicer materials and might be",
    "speaker_id": "D",
    "start_time": 957.52
  },
  {
    "end_time": 976.864,
    "segment": "be worth exploring anyway.",
    "speaker_id": "D",
    "start_time": 975.552
  },
  {
    "end_time": 1020.064,
    "segment": "Okay.",
    "speaker_id": "D",
    "start_time": 1019.616
  },
  {
    "end_time": 1041.248,
    "segment": "Um.",
    "speaker_id": "D",
    "start_time": 1039.376
  },
  {
    "end_time": 1057.44,
    "segment": "Before we wrap up, just to make sure we're all on the same page here, um, do we We were given sort of an example of a coffee machine or something, right? Well,",
    "speaker_id": "D",
    "start_time": 1047.12
  },
  {
    "end_time": 1059.184,
    "segment": "um",
    "speaker_id": "D",
    "start_time": 1058.592
  },
  {
    "end_time": 1074.576,
    "segment": "are we at ma right now on the assumption that our television remote control may have features which go beyond the television? Or are we keeping sort of like a a design commitment to television features? I I don't know.",
    "speaker_id": "D",
    "start_time": 1060.88
  },
  {
    "end_time": 1078.096,
    "segment": "Yep. Yeah, sure.",
    "speaker_id": "D",
    "start_time": 1076.544
  },
  {
    "end_time": 1082.416,
    "segment": "Okay.",
    "speaker_id": "D",
    "start_time": 1081.968
  },
  {
    "end_time": 1087.792,
    "segment": "Okay, yeah.",
    "speaker_id": "D",
    "start_time": 1086.944
  },
  {
    "end_time": 1090.288,
    "segment": "Okay.",
    "speaker_id": "D",
    "start_time": 1089.856
  },
  {
    "end_time": 1094.16,
    "segment": "Okay.",
    "speaker_id": "D",
    "start_time": 1093.808
  },
  {
    "end_time": 1098.88,
    "segment": "Okay.",
    "speaker_id": "D",
    "start_time": 1098.48
  },
  {
    "end_time": 1102.998,
    "segment": "Alright.",
    "speaker_id": "D",
    "start_time": 1102.308
  }
]