[
  {
    "ar_type": "Positive",
    "source": {
      "act": "Yeah. So. Okay, let's see if I can I think still though, it shouldn't be that hard to take like just reduce the number of buttons you know, like 'cause if you just have like one menu button, that works like with a you know, or you can just kind of scroll through the options u that come up on the T_V_.",
      "ae_type": "Statement",
      "end_time": 1139.01,
      "speaker_id": "C",
      "start_time": 1117.7
    },
    "target": {
      "act": "Yeah.",
      "ae_type": "Statement",
      "end_time": 1128.03,
      "speaker_id": "A",
      "start_time": 1127.64
    }
  },
  {
    "ar_type": "Option",
    "source": {
      "act": "Yeah. So. Okay, let's see if I can I think still though, it shouldn't be that hard to take like just reduce the number of buttons you know, like 'cause if you just have like one menu button, that works like with a you know, or you can just kind of scroll through the options u that come up on the T_V_.",
      "ae_type": "Statement",
      "end_time": 1139.01,
      "speaker_id": "C",
      "start_time": 1117.7
    },
    "target": {
      "act": "Well for sure we need the um I think we can just design the channels? I mean power's just a button, and it's not used that much, s and it's usually that red and I think it's quite nice to keep it like red.",
      "ae_type": "Statement",
      "end_time": 1154.83,
      "speaker_id": "D",
      "start_time": 1137.78
    }
  },
  {
    "ar_type": "Positive",
    "source": {
      "act": "Well for sure we need the um I think we can just design the channels? I mean power's just a button, and it's not used that much, s and it's usually that red and I think it's quite nice to keep it like red.",
      "ae_type": "Statement",
      "end_time": 1154.83,
      "speaker_id": "D",
      "start_time": 1137.78
    },
    "target": {
      "act": "Yeah.",
      "ae_type": "Statement",
      "end_time": 1147.99,
      "speaker_id": "C",
      "start_time": 1147.54
    }
  },
  {
    "ar_type": "Negative",
    "source": {
      "act": "Well for sure we need the um I think we can just design the channels? I mean power's just a button, and it's not used that much, s and it's usually that red and I think it's quite nice to keep it like red.",
      "ae_type": "Statement",
      "end_time": 1154.83,
      "speaker_id": "D",
      "start_time": 1137.78
    },
    "target": {
      "act": "You know, I've seen some remotes that where you just hold one, like if you hold one down it's it's a different colour than the other buttons but that turns it on. So you don't actually have a separate power button, it's just",
      "ae_type": "Statement",
      "end_time": 1167.54,
      "speaker_id": "A",
      "start_time": 1154.98
    }
  },
  {
    "ar_type": "Positive",
    "source": {
      "act": "You know, I've seen some remotes that where you just hold one, like if you hold one down it's it's a different colour than the other buttons but that turns it on. So you don't actually have a separate power button, it's just",
      "ae_type": "Statement",
      "end_time": 1167.54,
      "speaker_id": "A",
      "start_time": 1154.98
    },
    "target": {
      "act": "Oh okay, yeah.",
      "ae_type": "Statement",
      "end_time": 1168.02,
      "speaker_id": "D",
      "start_time": 1166.52
    }
  },
  {
    "ar_type": "Uncertain",
    "source": {
      "act": "You know, I've seen some remotes that where you just hold one, like if you hold one down it's it's a different colour than the other buttons but that turns it on. So you don't actually have a separate power button, it's just",
      "ae_type": "Statement",
      "end_time": 1167.54,
      "speaker_id": "A",
      "start_time": 1154.98
    },
    "target": {
      "act": "It seems like that would be hard though. I mean, like because unless you know yeah. Just 'cause I wouldn't I would probably pick it up and just be like uh why is there no on button. Yeah. B Yeah.",
      "ae_type": "Statement",
      "end_time": 1182.52,
      "speaker_id": "C",
      "start_time": 1167.72
    }
  },
  {
    "ar_type": "Positive",
    "source": {
      "act": "It seems like that would be hard though. I mean, like because unless you know yeah. Just 'cause I wouldn't I would probably pick it up and just be like uh why is there no on button. Yeah. B Yeah.",
      "ae_type": "Statement",
      "end_time": 1182.52,
      "speaker_id": "C",
      "start_time": 1167.72
    },
    "target": {
      "act": "It might be confusing. Yeah.",
      "ae_type": "Statement",
      "end_time": 1173.35,
      "speaker_id": "A",
      "start_time": 1171.58
    }
  },
  {
    "ar_type": "Elaboration",
    "source": {
      "act": "It might be confusing. Yeah.",
      "ae_type": "Statement",
      "end_time": 1173.35,
      "speaker_id": "A",
      "start_time": 1171.58
    },
    "target": {
      "act": "Besides you like to be able to go power. I have the power I guess. So we definitely want a power button and numbers. Right.",
      "ae_type": "Statement",
      "end_time": 1186.49,
      "speaker_id": "A",
      "start_time": 1177.27
    }
  },
  {
    "ar_type": "Positive",
    "source": {
      "act": "It might be confusing. Yeah.",
      "ae_type": "Statement",
      "end_time": 1173.35,
      "speaker_id": "A",
      "start_time": 1171.58
    },
    "target": {
      "act": "Yeah, I never think to hold something down.",
      "ae_type": "Statement",
      "end_time": 1181.36,
      "speaker_id": "B",
      "start_time": 1178.12
    }
  },
  {
    "ar_type": "Positive",
    "source": {
      "act": "Yeah, I never think to hold something down.",
      "ae_type": "Statement",
      "end_time": 1181.36,
      "speaker_id": "B",
      "start_time": 1178.12
    },
    "target": {
      "act": "Yeah.",
      "ae_type": "Statement",
      "end_time": 1178.99,
      "speaker_id": "D",
      "start_time": 1178.41
    }
  },
  {
    "ar_type": "Positive",
    "source": {
      "act": "Yeah, I never think to hold something down.",
      "ae_type": "Statement",
      "end_time": 1181.36,
      "speaker_id": "B",
      "start_time": 1178.12
    },
    "target": {
      "act": "Yeah.",
      "ae_type": "Statement",
      "end_time": 1186.45,
      "speaker_id": "C",
      "start_time": 1185.97
    }
  },
  {
    "ar_type": "Option",
    "source": {
      "act": "Yeah. So. Okay, let's see if I can I think still though, it shouldn't be that hard to take like just reduce the number of buttons you know, like 'cause if you just have like one menu button, that works like with a you know, or you can just kind of scroll through the options u that come up on the T_V_.",
      "ae_type": "Statement",
      "end_time": 1139.01,
      "speaker_id": "C",
      "start_time": 1117.7
    },
    "target": {
      "act": "Well even um iPod thing, like um, I don't know if people like this but if you want to reduce the number, of buttons, instead of having like one to nine, have a sort of scrolling I don't know. Yeah. Because people li seem now the iPod's out people seem to like this thing that there's no",
      "ae_type": "Statement",
      "end_time": 1210.22,
      "speaker_id": "D",
      "start_time": 1186.48
    }
  },
  {
    "ar_type": "Positive",
    "source": {
      "act": "Well even um iPod thing, like um, I don't know if people like this but if you want to reduce the number, of buttons, instead of having like one to nine, have a sort of scrolling I don't know. Yeah. Because people li seem now the iPod's out people seem to like this thing that there's no",
      "ae_type": "Statement",
      "end_time": 1210.22,
      "speaker_id": "D",
      "start_time": 1186.48
    },
    "target": {
      "act": "That sort of like joystick flat touch thing, yeah.",
      "ae_type": "Statement",
      "end_time": 1205.63,
      "speaker_id": "C",
      "start_time": 1202.05
    }
  },
  {
    "ar_type": "Elaboration",
    "source": {
      "act": "Well even um iPod thing, like um, I don't know if people like this but if you want to reduce the number, of buttons, instead of having like one to nine, have a sort of scrolling I don't know. Yeah. Because people li seem now the iPod's out people seem to like this thing that there's no",
      "ae_type": "Statement",
      "end_time": 1210.22,
      "speaker_id": "D",
      "start_time": 1186.48
    },
    "target": {
      "act": "Know you don't have one two three four five",
      "ae_type": "Statement",
      "end_time": 1214.15,
      "speaker_id": "D",
      "start_time": 1211.98
    }
  },
  {
    "ar_type": "Positive",
    "source": {
      "act": "Well even um iPod thing, like um, I don't know if people like this but if you want to reduce the number, of buttons, instead of having like one to nine, have a sort of scrolling I don't know. Yeah. Because people li seem now the iPod's out people seem to like this thing that there's no",
      "ae_type": "Statement",
      "end_time": 1210.22,
      "speaker_id": "D",
      "start_time": 1186.48
    },
    "target": {
      "act": "Yeah, yeah. I think that's an interesting idea, 'cause it's cool, it's it's funny like you f like I just I don't have an iPod but like I, you know, I just like started messing around with one of my friend's the other day, and you just sort of and it's funny how you pick it up and you just figure out how to use it quite easily, like it's not that hard, you know.",
      "ae_type": "Statement",
      "end_time": 1227.98,
      "speaker_id": "C",
      "start_time": 1212.93
    }
  },
  {
    "ar_type": "Positive",
    "source": {
      "act": "Yeah, yeah. I think that's an interesting idea, 'cause it's cool, it's it's funny like you f like I just I don't have an iPod but like I, you know, I just like started messing around with one of my friend's the other day, and you just sort of and it's funny how you pick it up and you just figure out how to use it quite easily, like it's not that hard, you know.",
      "ae_type": "Statement",
      "end_time": 1227.98,
      "speaker_id": "C",
      "start_time": 1212.93
    },
    "target": {
      "act": "Yeah.",
      "ae_type": "Statement",
      "end_time": 1227.98,
      "speaker_id": "A",
      "start_time": 1227.65
    }
  },
  {
    "ar_type": "Positive",
    "source": {
      "act": "Yeah, yeah. I think that's an interesting idea, 'cause it's cool, it's it's funny like you f like I just I don't have an iPod but like I, you know, I just like started messing around with one of my friend's the other day, and you just sort of and it's funny how you pick it up and you just figure out how to use it quite easily, like it's not that hard, you know.",
      "ae_type": "Statement",
      "end_time": 1227.98,
      "speaker_id": "C",
      "start_time": 1212.93
    },
    "target": {
      "act": "Yeah yeah, it's just and it's one thing which has everything.",
      "ae_type": "Statement",
      "end_time": 1231.27,
      "speaker_id": "D",
      "start_time": 1227.99
    }
  }
]