[
  {
    "dialog_act": "we're going to consider um user needs, technical effects, and the working design of our remote control. Um I've been taking meetings on the minute minutes on the meetings, and I'll be putting them in the shared documents folder",
    "dialog_act_end_id": 7,
    "dialog_act_start_id": 5,
    "speaker_id": "A",
    "type": {
      "main_type": "Task",
      "sub_type": "Inform"
    }
  },
  {
    "dialog_act": "Um so can we have updates from everyone from what you've worked",
    "dialog_act_end_id": 12,
    "dialog_act_start_id": 12,
    "speaker_id": "A",
    "type": {
      "main_type": "Task",
      "sub_type": "Suggest"
    }
  },
  {
    "dialog_act": "In order to see what the functional requirements were to be found, um a hundred people were tested in a usability laboratory",
    "dialog_act_end_id": 29,
    "dialog_act_start_id": 28,
    "speaker_id": "D",
    "type": {
      "main_type": "Task",
      "sub_type": "Inform"
    }
  },
  {
    "dialog_act": "Um, how do I put this",
    "dialog_act_end_id": 11,
    "dialog_act_start_id": 11,
    "speaker_id": "D",
    "type": {
      "main_type": "Elicit",
      "sub_type": "Elicit-Inform"
    }
  },
  {
    "dialog_act": "So what happens it doesn't work?",
    "dialog_act_end_id": 16,
    "dialog_act_start_id": 16,
    "speaker_id": "D",
    "type": {
      "main_type": "Elicit",
      "sub_type": "Elicit-Inform"
    }
  },
  {
    "dialog_act": "Could you just plug it back into hers",
    "dialog_act_end_id": 3,
    "dialog_act_start_id": 3,
    "speaker_id": "C",
    "type": {
      "main_type": "Task",
      "sub_type": "Suggest"
    }
  },
  {
    "dialog_act": "The cable might be a little loose or something.",
    "dialog_act_end_id": 7,
    "dialog_act_start_id": 7,
    "speaker_id": "B",
    "type": {
      "main_type": "Task",
      "sub_type": "Inform"
    }
  },
  {
    "dialog_act": "Custome Customers and users don't like the way remote controls look, they don't like the way they feel, they don't think they match their operating behaviour, and an example is what we were talking about, the buttons, they only use ten per cent of the buttons,",
    "dialog_act_end_id": 37,
    "dialog_act_start_id": 33,
    "speaker_id": "D",
    "type": {
      "main_type": "Task",
      "sub_type": "Inform"
    }
  },
  {
    "dialog_act": "I don't know what R_S_I_ means.",
    "dialog_act_end_id": 41,
    "dialog_act_start_id": 41,
    "speaker_id": "D",
    "type": {
      "main_type": "Task",
      "sub_type": "Inform"
    }
  },
  {
    "dialog_act": "So the most important buttons are those to do with channel selection.",
    "dialog_act_end_id": 44,
    "dialog_act_start_id": 44,
    "speaker_id": "D",
    "type": {
      "main_type": "Task",
      "sub_type": "Inform"
    }
  },
  {
    "dialog_act": "yeah so and and people like to zap a lot apparently,",
    "dialog_act_end_id": 47,
    "dialog_act_start_id": 47,
    "speaker_id": "D",
    "type": {
      "main_type": "Task",
      "sub_type": "Inform"
    }
  },
  {
    "dialog_act": "Channel selection, teletext, volume, and power. The other ones are the settings, and they're used less than you know zero point eight to zero point five times per hour, and this means that I think we can we could have like a a button for all the settings,",
    "dialog_act_end_id": 51,
    "dialog_act_start_id": 49,
    "speaker_id": "D",
    "type": {
      "main_type": "Task",
      "sub_type": "Inform"
    }
  },
  {
    "dialog_act": "and I think we should design according to these buttons.",
    "dialog_act_end_id": 39,
    "dialog_act_start_id": 39,
    "speaker_id": "D",
    "type": {
      "main_type": "Task",
      "sub_type": "Suggest"
    }
  },
  {
    "dialog_act": "about the screen, and speech recognition, some people are more willing than others to actually pay for that. And if we look at the market, f people from well from fifteen to thirty five year old year olds,",
    "dialog_act_end_id": 56,
    "dialog_act_start_id": 55,
    "speaker_id": "D",
    "type": {
      "main_type": "Task",
      "sub_type": "Inform"
    }
  },
  {
    "dialog_act": "um ninety one to seventy six percent of people in that age range are willing to pay more for this sort of product, while people that are above thirty five years ol um years old go from thirty five percent to eight percent,",
    "dialog_act_end_id": 59,
    "dialog_act_start_id": 58,
    "speaker_id": "D",
    "type": {
      "main_type": "Task",
      "sub_type": "Inform"
    }
  },
  {
    "dialog_act": "but I think that the people that actually do buy remotes m more are those like teenagers and young professionals and um, most likely,",
    "dialog_act_end_id": 62,
    "dialog_act_start_id": 62,
    "speaker_id": "D",
    "type": {
      "main_type": "Task",
      "sub_type": "Inform"
    }
  },
  {
    "dialog_act": "Okay so now I need to press F_ eight, what is it?",
    "dialog_act_end_id": 8,
    "dialog_act_start_id": 8,
    "speaker_id": "C",
    "type": {
      "main_type": "Elicit",
      "sub_type": "Elicit-Inform"
    }
  },
  {
    "dialog_act": "What's function?",
    "dialog_act_end_id": 10,
    "dialog_act_start_id": 10,
    "speaker_id": "C",
    "type": {
      "main_type": "Elicit",
      "sub_type": "Elicit-Inform"
    }
  },
  {
    "dialog_act": "This my presentation about the uh technical functions design and I basically just tried to focus on um just what what functions we need and how to make that the best function for the user.",
    "dialog_act_end_id": 16,
    "dialog_act_start_id": 15,
    "speaker_id": "C",
    "type": {
      "main_type": "Task",
      "sub_type": "Inform"
    }
  },
  {
    "dialog_act": "And okay so basically um I think i uh like it is really important that we sort of get this done in a user friendly and fashionable way.",
    "dialog_act_end_id": 18,
    "dialog_act_start_id": 18,
    "speaker_id": "C",
    "type": {
      "main_type": "Task",
      "sub_type": "Inform"
    }
  },
  {
    "dialog_act": "you know keeping buttons together that like close together that um are used in the same way,",
    "dialog_act_end_id": 20,
    "dialog_act_start_id": 20,
    "speaker_id": "C",
    "type": {
      "main_type": "Task",
      "sub_type": "Suggest"
    }
  },
  {
    "dialog_act": "keeping the number of buttons the uh leas you know to a minimum,",
    "dialog_act_end_id": 23,
    "dialog_act_start_id": 23,
    "speaker_id": "C",
    "type": {
      "main_type": "Task",
      "sub_type": "Suggest"
    }
  },
  {
    "dialog_act": "um but basically we need to make sure that it turns on and off the T_V_.",
    "dialog_act_end_id": 27,
    "dialog_act_start_id": 27,
    "speaker_id": "C",
    "type": {
      "main_type": "Task",
      "sub_type": "Inform"
    }
  },
  {
    "dialog_act": "or do we need to have like functions for cable or V_C_R_?",
    "dialog_act_end_id": 30,
    "dialog_act_start_id": 30,
    "speaker_id": "C",
    "type": {
      "main_type": "Task",
      "sub_type": "Inform"
    }
  },
  {
    "dialog_act": "I just thought that these two remotes were pretty boring,",
    "dialog_act_end_id": 34,
    "dialog_act_start_id": 34,
    "speaker_id": "C",
    "type": {
      "main_type": "Task",
      "sub_type": "Assess"
    }
  },
  {
    "dialog_act": "And I think we can find something that's more fun to look at and use than either of those.",
    "dialog_act_end_id": 36,
    "dialog_act_start_id": 36,
    "speaker_id": "C",
    "type": {
      "main_type": "Task",
      "sub_type": "Assess"
    }
  },
  {
    "dialog_act": "uh but I mean I think we sh can sort of think about things like um like colour and you know size, shapes, that sort of thing, to best fit the user.",
    "dialog_act_end_id": 38,
    "dialog_act_start_id": 38,
    "speaker_id": "C",
    "type": {
      "main_type": "Task",
      "sub_type": "Suggest"
    }
  },
  {
    "dialog_act": "Okay so this is on the working design, which is sort of the uh mechanical functions of the remote,",
    "dialog_act_end_id": 11,
    "dialog_act_start_id": 11,
    "speaker_id": "B",
    "type": {
      "main_type": "Task",
      "sub_type": "Inform"
    }
  },
  {
    "dialog_act": "Um so I think we need two basic functions which is just the basic remote functions, the user can input a channel or volume setting and it will be output to the T_V_. And also we talked about um a location function where maybe you could press a button on the T_V_ and it would send sort of signal to the remote where it would beep or flash or vibrate or whatever to tell you where the remote is. So the components we need are an energy source to power the remote,",
    "dialog_act_end_id": 16,
    "dialog_act_start_id": 13,
    "speaker_id": "B",
    "type": {
      "main_type": "Task",
      "sub_type": "Inform"
    }
  },
  {
    "dialog_act": "processor to take the information,",
    "dialog_act_end_id": 19,
    "dialog_act_start_id": 19,
    "speaker_id": "B",
    "type": {
      "main_type": "Task",
      "sub_type": "Inform"
    }
  },
  {
    "dialog_act": "and we also need something on the remote that would receive the location signal and have an output, like possibly a beep or a vibration.",
    "dialog_act_end_id": 22,
    "dialog_act_start_id": 22,
    "speaker_id": "B",
    "type": {
      "main_type": "Task",
      "sub_type": "Inform"
    }
  },
  {
    "dialog_act": "Um so my personal preferences for how to build the remote would probably be uh, battery for the energy source,",
    "dialog_act_end_id": 35,
    "dialog_act_start_id": 35,
    "speaker_id": "B",
    "type": {
      "main_type": "Task",
      "sub_type": "Suggest"
    }
  },
  {
    "dialog_act": "um a button pad for input,",
    "dialog_act_end_id": 37,
    "dialog_act_start_id": 37,
    "speaker_id": "B",
    "type": {
      "main_type": "Task",
      "sub_type": "Suggest"
    }
  },
  {
    "dialog_act": "I_R_ transmitter to communicate to the T_V_,",
    "dialog_act_end_id": 39,
    "dialog_act_start_id": 39,
    "speaker_id": "B",
    "type": {
      "main_type": "Task",
      "sub_type": "Suggest"
    }
  },
  {
    "dialog_act": "and I'd probably say a buzzer for the location function on the remote itself.",
    "dialog_act_end_id": 42,
    "dialog_act_start_id": 42,
    "speaker_id": "B",
    "type": {
      "main_type": "Task",
      "sub_type": "Suggest"
    }
  },
  {
    "dialog_act": "and then I just wanna mention some new project requirements that came in. Um, teletext is apparently outdated, so due to internet popularity, so that's off the list. Um, also our remote should be used only for television, um,",
    "dialog_act_end_id": 44,
    "dialog_act_start_id": 42,
    "speaker_id": "A",
    "type": {
      "main_type": "Other",
      "sub_type": "Offer"
    }
  },
  {
    "dialog_act": "Um and also we need to incorporate our corporate image onto this,",
    "dialog_act_end_id": 46,
    "dialog_act_start_id": 46,
    "speaker_id": "A",
    "type": {
      "main_type": "Task",
      "sub_type": "Inform"
    }
  },
  {
    "dialog_act": "So we need to make some decisions on the remote control functions.",
    "dialog_act_end_id": 53,
    "dialog_act_start_id": 53,
    "speaker_id": "A",
    "type": {
      "main_type": "Task",
      "sub_type": "Suggest"
    }
  },
  {
    "dialog_act": "so do we wanna go ahead and design this thing with the finder button?",
    "dialog_act_end_id": 51,
    "dialog_act_start_id": 51,
    "speaker_id": "C",
    "type": {
      "main_type": "Elicit",
      "sub_type": "Elicit-Assessment"
    }
  },
  {
    "dialog_act": "It's easy to implement.",
    "dialog_act_end_id": 49,
    "dialog_act_start_id": 49,
    "speaker_id": "B",
    "type": {
      "main_type": "Task",
      "sub_type": "Assess"
    }
  },
  {
    "dialog_act": "but uh I mean speech recognition is really hard to programme,",
    "dialog_act_end_id": 53,
    "dialog_act_start_id": 53,
    "speaker_id": "B",
    "type": {
      "main_type": "Task",
      "sub_type": "Inform"
    }
  },
  {
    "dialog_act": "if you consider our budget, to h have speech recognition programmed in every single remote might be a little pricey.",
    "dialog_act_end_id": 68,
    "dialog_act_start_id": 68,
    "speaker_id": "A",
    "type": {
      "main_type": "Task",
      "sub_type": "Assess"
    }
  },
  {
    "dialog_act": "and I was thinking, I_R_ is line of sight, so unless the remote is like actually in front of the T_V_ it's not gonna work, um so probably like a radio signal like on a on a cell phone.",
    "dialog_act_end_id": 66,
    "dialog_act_start_id": 65,
    "speaker_id": "B",
    "type": {
      "main_type": "Task",
      "sub_type": "Inform"
    }
  },
  {
    "dialog_act": "Yeah, so it would be a two part package.",
    "dialog_act_end_id": 71,
    "dialog_act_start_id": 71,
    "speaker_id": "B",
    "type": {
      "main_type": "Task",
      "sub_type": "Inform"
    }
  },
  {
    "dialog_act": "Do you still want to build a little thing next to the telly or to p hang on the wall",
    "dialog_act_end_id": 94,
    "dialog_act_start_id": 94,
    "speaker_id": "D",
    "type": {
      "main_type": "Elicit",
      "sub_type": "Elicit-Assessment"
    }
  },
  {
    "dialog_act": "We probably leave that.",
    "dialog_act_end_id": 80,
    "dialog_act_start_id": 80,
    "speaker_id": "A",
    "type": {
      "main_type": "Task",
      "sub_type": "Assess"
    }
  },
  {
    "dialog_act": "So then our target age group would be the nineteen to thirty five range,",
    "dialog_act_end_id": 56,
    "dialog_act_start_id": 56,
    "speaker_id": "C",
    "type": {
      "main_type": "Task",
      "sub_type": "Inform"
    }
  },
  {
    "dialog_act": "You don't need a light.",
    "dialog_act_end_id": 104,
    "dialog_act_start_id": 104,
    "speaker_id": "D",
    "type": {
      "main_type": "Task",
      "sub_type": "Assess"
    }
  },
  {
    "dialog_act": "And like if the if the phone's under the couch, you might not see the light, so",
    "dialog_act_end_id": 86,
    "dialog_act_start_id": 86,
    "speaker_id": "A",
    "type": {
      "main_type": "Task",
      "sub_type": "Inform"
    }
  },
  {
    "dialog_act": "'Cause that that is something we have to decide, is whether we want to have V_C_R_ capabilities.",
    "dialog_act_end_id": 94,
    "dialog_act_start_id": 94,
    "speaker_id": "A",
    "type": {
      "main_type": "Task",
      "sub_type": "Suggest"
    }
  },
  {
    "dialog_act": "And and if we're if we're targeting young professionals and teenagers, I mean it's gonna be D_V_D_ type, that's the the technology these days.",
    "dialog_act_end_id": 99,
    "dialog_act_start_id": 99,
    "speaker_id": "A",
    "type": {
      "main_type": "Task",
      "sub_type": "Assess"
    }
  },
  {
    "dialog_act": "I think still though, it shouldn't be that hard to take like just reduce the number of buttons you know, like 'cause if you just have like one menu button, that works like with a you know, or you can just kind of scroll through the options u that come up on the T_V_.",
    "dialog_act_end_id": 91,
    "dialog_act_start_id": 89,
    "speaker_id": "C",
    "type": {
      "main_type": "Task",
      "sub_type": "Assess"
    }
  },
  {
    "dialog_act": "So we definitely want a power button and numbers.",
    "dialog_act_end_id": 114,
    "dialog_act_start_id": 114,
    "speaker_id": "A",
    "type": {
      "main_type": "Task",
      "sub_type": "Assess"
    }
  },
  {
    "dialog_act": "That sort of like joystick flat touch thing, yeah.",
    "dialog_act_end_id": 104,
    "dialog_act_start_id": 104,
    "speaker_id": "C",
    "type": {
      "main_type": "Task",
      "sub_type": "Suggest"
    }
  },
  {
    "dialog_act": "like um if you can yeah if you can call it then it's",
    "dialog_act_end_id": 82,
    "dialog_act_start_id": 82,
    "speaker_id": "A",
    "type": {
      "main_type": "Task",
      "sub_type": "Inform"
    }
  },
  {
    "dialog_act": "Then it can live anywhere.",
    "dialog_act_end_id": 76,
    "dialog_act_start_id": 76,
    "speaker_id": "C",
    "type": {
      "main_type": "Task",
      "sub_type": "Inform"
    }
  },
  {
    "dialog_act": "but do you need a screen then, do you have to have a screen then?",
    "dialog_act_end_id": 114,
    "dialog_act_start_id": 114,
    "speaker_id": "C",
    "type": {
      "main_type": "Elicit",
      "sub_type": "Elicit-Inform"
    }
  },
  {
    "dialog_act": "you can have the number on the telly going like one two three four five once you scroll and then",
    "dialog_act_end_id": 135,
    "dialog_act_start_id": 135,
    "speaker_id": "D",
    "type": {
      "main_type": "Task",
      "sub_type": "Suggest"
    }
  },
  {
    "dialog_act": "if you actually just want to zap, you can have like a thing like that, and that, and then it can just be plus and minus.",
    "dialog_act_end_id": 138,
    "dialog_act_start_id": 138,
    "speaker_id": "D",
    "type": {
      "main_type": "Task",
      "sub_type": "Suggest"
    }
  },
  {
    "dialog_act": "Well y you have to you have to like be able to change the function of it to like",
    "dialog_act_end_id": 133,
    "dialog_act_start_id": 133,
    "speaker_id": "C",
    "type": {
      "main_type": "Task",
      "sub_type": "Inform"
    }
  },
  {
    "dialog_act": "w right if you're on the channel let's say, then you press on the middle and then if you do that again the volume goes up, and if you do that it goes down.",
    "dialog_act_end_id": 155,
    "dialog_act_start_id": 155,
    "speaker_id": "D",
    "type": {
      "main_type": "Task",
      "sub_type": "Inform"
    }
  },
  {
    "dialog_act": "But the only thing is like, iPods are so expensive,",
    "dialog_act_end_id": 151,
    "dialog_act_start_id": 151,
    "speaker_id": "C",
    "type": {
      "main_type": "Task",
      "sub_type": "Inform"
    }
  },
  {
    "dialog_act": "I don't think it's the wheel dealy.",
    "dialog_act_end_id": 97,
    "dialog_act_start_id": 97,
    "speaker_id": "B",
    "type": {
      "main_type": "Task",
      "sub_type": "Inform"
    }
  },
  {
    "dialog_act": "like it could be a cool sort of you know, because it could be circular, you know, or something weird like that, just",
    "dialog_act_end_id": 166,
    "dialog_act_start_id": 166,
    "speaker_id": "C",
    "type": {
      "main_type": "Task",
      "sub_type": "Suggest"
    }
  },
  {
    "dialog_act": "You know actually our our new project requirements, I'm not sure if they meant o onl use only for television as in not for D_V_D_ or just not internet type things. So I'll I'll check that and update you on the next",
    "dialog_act_end_id": 159,
    "dialog_act_start_id": 158,
    "speaker_id": "A",
    "type": {
      "main_type": "Task",
      "sub_type": "Inform"
    }
  },
  {
    "dialog_act": "Um so everyone's gonna go finish their questionnaire, uh then when we come back after lunch we'll have thirty minutes of individual work, um yeah, so think about the things we've discussed and bring some new ideas to our next meeting.",
    "dialog_act_end_id": 174,
    "dialog_act_start_id": 172,
    "speaker_id": "A",
    "type": {
      "main_type": "Task",
      "sub_type": "Inform"
    }
  },
  {
    "dialog_act": "So but I'm saying like, does it make sense to have like some kind of a button,",
    "dialog_act_end_id": 186,
    "dialog_act_start_id": 186,
    "speaker_id": "C",
    "type": {
      "main_type": "Elicit",
      "sub_type": "Elicit-Assessment"
    }
  },
  {
    "dialog_act": "so like you're if you're on T_V_, like you can switch channels, but then if uh if you're on D_V_D_ then like the channel bu like the the region of the disc that was for channels is for like switching to different tracks",
    "dialog_act_end_id": 189,
    "dialog_act_start_id": 188,
    "speaker_id": "C",
    "type": {
      "main_type": "Task",
      "sub_type": "Inform"
    }
  }
]