{
  "abs_summ": {
    "abs_summs_count": 22,
    "ext_summs_count": 114
  },
  "ap": [
    [
      {
        "act": "Does everyone have presentations?",
        "end_time": 136.22,
        "is_in_ext_summ": false,
        "start_time": 134.77
      },
      {
        "act": "Yeah.",
        "end_time": 137.33,
        "is_in_ext_summ": false,
        "start_time": 136.72
      },
      {
        "act": "Yes.",
        "end_time": 137.94,
        "is_in_ext_summ": false,
        "start_time": 136.86
      },
      {
        "act": "Yes.",
        "end_time": 137.83,
        "is_in_ext_summ": false,
        "start_time": 137.3
      },
      {
        "act": "Okay.",
        "end_time": 138.32,
        "is_in_ext_summ": false,
        "start_time": 137.28
      },
      {
        "act": "Okay.",
        "end_time": 138.32,
        "is_in_ext_summ": false,
        "start_time": 137.28
      }
    ],
    [
      {
        "act": "Would anybody like to go first?",
        "end_time": 139.75,
        "is_in_ext_summ": false,
        "start_time": 138.32
      },
      {
        "act": "Sure.",
        "end_time": 141.56,
        "is_in_ext_summ": false,
        "start_time": 141.06
      }
    ],
    [
      {
        "act": "And why not wood?",
        "end_time": 245.09,
        "is_in_ext_summ": false,
        "start_time": 243.83
      },
      {
        "act": "hmm?",
        "end_time": 245.14,
        "is_in_ext_summ": false,
        "start_time": 244.8
      },
      {
        "act": "And why not wood?",
        "end_time": 250.68,
        "is_in_ext_summ": false,
        "start_time": 245.09
      },
      {
        "act": "Uh, well we can use wood.",
        "end_time": 248.87,
        "is_in_ext_summ": true,
        "start_time": 247.74
      },
      {
        "act": "I don't know why we'd want to.",
        "end_time": 251.22,
        "is_in_ext_summ": true,
        "start_time": 248.87
      }
    ],
    [
      {
        "act": "So that's what I've got on design.",
        "end_time": 268.43,
        "is_in_ext_summ": false,
        "start_time": 265.94
      },
      {
        "act": "'S good.",
        "end_time": 271.7,
        "is_in_ext_summ": false,
        "start_time": 271.33
      }
    ],
    [
      {
        "act": "Um, can I do next? 'Cause I have to say something about the material",
        "end_time": 282.56,
        "is_in_ext_summ": true,
        "start_time": 279.28
      },
      {
        "act": "Yeah.",
        "end_time": 282.79,
        "is_in_ext_summ": false,
        "start_time": 282.55
      }
    ],
    [
      {
        "act": "I actually wasn't aware of the new trends in electronics",
        "end_time": 499.48,
        "is_in_ext_summ": false,
        "start_time": 495.22
      },
      {
        "act": "Neither was I.",
        "end_time": 500.95,
        "is_in_ext_summ": false,
        "start_time": 500.28
      },
      {
        "act": "Well it's a trend in fashion, in clothing and um fabrics.",
        "end_time": 509.26,
        "is_in_ext_summ": false,
        "start_time": 500.95
      },
      {
        "act": "Yeah but you're not gonna wear your remote control.",
        "end_time": 509.16,
        "is_in_ext_summ": false,
        "start_time": 505.35
      }
    ],
    [
      {
        "act": "I mean I assume, are we still on the screen idea?",
        "end_time": 545.59,
        "is_in_ext_summ": true,
        "start_time": 543.29
      },
      {
        "act": "Oh we s hadn't discussed it last time.",
        "end_time": 549.62,
        "is_in_ext_summ": false,
        "start_time": 546.39
      }
    ],
    [
      {
        "act": "'Cause if we're gonna have to ha if we have this it just seems like in order to have someone going around and using the um the wheel",
        "end_time": 558.7,
        "is_in_ext_summ": false,
        "start_time": 548.98
      },
      {
        "act": "You need a screen for it?",
        "end_time": 560.56,
        "is_in_ext_summ": false,
        "start_time": 559.18
      },
      {
        "act": "it seems like you would need a screen.",
        "end_time": 561.79,
        "is_in_ext_summ": true,
        "start_time": 560.24
      },
      {
        "act": "You need a screen with music because you're looking for a specific song,",
        "end_time": 564.24,
        "is_in_ext_summ": false,
        "start_time": 561.43
      }
    ],
    [
      {
        "act": "With T_V_ channels it's, you know, one two three. So",
        "end_time": 568.8,
        "is_in_ext_summ": false,
        "start_time": 566.11
      },
      {
        "act": "So, b you you're gonna have to switch to like D_V_D_ and like other things like that, aren't you?",
        "end_time": 575.45,
        "is_in_ext_summ": false,
        "start_time": 570.21
      },
      {
        "act": "We're, um, we're actually not having D_V_D_,",
        "end_time": 576.68,
        "is_in_ext_summ": false,
        "start_time": 574.43
      }
    ],
    [
      {
        "act": "I I meant to update you on that. Um.",
        "end_time": 582.09,
        "is_in_ext_summ": false,
        "start_time": 579.54
      },
      {
        "act": "Alright. Okay.",
        "end_time": 581.67,
        "is_in_ext_summ": false,
        "start_time": 580.16
      }
    ],
    [
      {
        "act": "But the screen can come up on the telly, the she said.",
        "end_time": 584.9,
        "is_in_ext_summ": true,
        "start_time": 581.69
      },
      {
        "act": "Okay. Okay.",
        "end_time": 585.67,
        "is_in_ext_summ": false,
        "start_time": 584.05
      }
    ],
    [
      {
        "act": "I mean I think you're gonna have to have some kind of a",
        "end_time": 600.43,
        "is_in_ext_summ": false,
        "start_time": 597.37
      },
      {
        "act": "Graphical interface?",
        "end_time": 601.45,
        "is_in_ext_summ": false,
        "start_time": 600.2
      },
      {
        "act": "Yeah",
        "end_time": 601.55,
        "is_in_ext_summ": false,
        "start_time": 601.14
      },
      {
        "act": "you can have it on the telly though.",
        "end_time": 604.01,
        "is_in_ext_summ": false,
        "start_time": 602.16
      },
      {
        "act": "yeah",
        "end_time": 603.83,
        "is_in_ext_summ": false,
        "start_time": 603.44
      }
    ],
    [
      {
        "act": "Because people aren't gonna be able to have like, um, you know, channels one two three four five six seven eight nine.",
        "end_time": 617.39,
        "is_in_ext_summ": false,
        "start_time": 610.93
      },
      {
        "act": "Yeah, I know what you're saying,",
        "end_time": 620.99,
        "is_in_ext_summ": false,
        "start_time": 619.4
      }
    ],
    [
      {
        "act": "I can see like some kind of a thing where like you sort of have like the number come up on the T_V_ like what channel you're on.",
        "end_time": 643.52,
        "is_in_ext_summ": true,
        "start_time": 638.38
      },
      {
        "act": "My flatmates actually had one with a wheel, and it it did show up on the T_V_.",
        "end_time": 650.22,
        "is_in_ext_summ": false,
        "start_time": 647.14
      },
      {
        "act": "I oh yeah?",
        "end_time": 650.76,
        "is_in_ext_summ": false,
        "start_time": 649.61
      },
      {
        "act": "But i what if you have satellite and you have like two hundred channels.",
        "end_time": 654.28,
        "is_in_ext_summ": false,
        "start_time": 651.44
      },
      {
        "act": "They have to r wheel really fast.",
        "end_time": 658.93,
        "is_in_ext_summ": false,
        "start_time": 656.55
      }
    ],
    [
      {
        "act": "I mean with that many options, you'd uh I'd think that the screen would be better,",
        "end_time": 722.96,
        "is_in_ext_summ": false,
        "start_time": 718.68
      },
      {
        "act": "I would think so too, like",
        "end_time": 724.52,
        "is_in_ext_summ": false,
        "start_time": 723.22
      },
      {
        "act": "it does seem a little silly to have this screen if you hardly are ever using it, you know,",
        "end_time": 731.43,
        "is_in_ext_summ": false,
        "start_time": 727.69
      }
    ],
    [
      {
        "act": "It's more expensive according to the design people.",
        "end_time": 743.14,
        "is_in_ext_summ": false,
        "start_time": 739.79
      },
      {
        "act": "Yeah, that's the only thing though.",
        "end_time": 743.74,
        "is_in_ext_summ": false,
        "start_time": 742.47
      }
    ],
    [
      {
        "act": "and you can just scroll around, like, to do the timer, to do the",
        "end_time": 770.43,
        "is_in_ext_summ": false,
        "start_time": 767.06
      },
      {
        "act": "So the T_V_ is the screen, that",
        "end_time": 770.76,
        "is_in_ext_summ": false,
        "start_time": 768.17
      },
      {
        "act": "yeah, yeah.",
        "end_time": 771.59,
        "is_in_ext_summ": false,
        "start_time": 770.43
      }
    ],
    [
      {
        "act": "So it would have all these different options of changing",
        "end_time": 774.97,
        "is_in_ext_summ": false,
        "start_time": 771.8
      },
      {
        "act": "But the remote itself isn't really cluttered up.",
        "end_time": 777.81,
        "is_in_ext_summ": false,
        "start_time": 775.39
      }
    ],
    [
      {
        "act": "Look it even has settings.",
        "end_time": 778.35,
        "is_in_ext_summ": false,
        "start_time": 776.87
      },
      {
        "act": "Hmm?",
        "end_time": 781.45,
        "is_in_ext_summ": false,
        "start_time": 779.51
      },
      {
        "act": "you can just take theirs and just",
        "end_time": 784.31,
        "is_in_ext_summ": false,
        "start_time": 780.92
      }
    ],
    [
      {
        "act": "I mean are you you gonna have any buttons on that besides power and this thing?",
        "end_time": 824.19,
        "is_in_ext_summ": true,
        "start_time": 819.77
      },
      {
        "act": "It doesn't seem that you would need anything besides pow",
        "end_time": 827.91,
        "is_in_ext_summ": false,
        "start_time": 825.12
      }
    ],
    [
      {
        "act": "I mean and the power button could even be like hold down the menu button for like longer than one second and it turns on the T_V_.",
        "end_time": 834.56,
        "is_in_ext_summ": false,
        "start_time": 827.91
      },
      {
        "act": "So can we imagine that this would be smaller than the remote controls that you showed us before.",
        "end_time": 840.02,
        "is_in_ext_summ": true,
        "start_time": 834.74
      },
      {
        "act": "Yeah. Yeah definitely.",
        "end_time": 841.25,
        "is_in_ext_summ": false,
        "start_time": 840.02
      }
    ],
    [
      {
        "act": "Like, I think we're looking at something that could be, like like even maybe like a cir I'm f I'm seeing almost like a circular sort of like handheld like thing.",
        "end_time": 850.28,
        "is_in_ext_summ": true,
        "start_time": 841.25
      },
      {
        "act": "Yeah but should be comfortable.",
        "end_time": 851.84,
        "is_in_ext_summ": false,
        "start_time": 850.08
      }
    ],
    [
      {
        "act": "Like when I use an iPod, I end up just kind of using my index finger to like control it. So",
        "end_time": 867.68,
        "is_in_ext_summ": false,
        "start_time": 861.24
      },
      {
        "act": "Yeah,",
        "end_time": 867.15,
        "is_in_ext_summ": false,
        "start_time": 866.87
      }
    ],
    [
      {
        "act": "I've seen some people just going like that with their thumb, yeah.",
        "end_time": 870.05,
        "is_in_ext_summ": false,
        "start_time": 867.15
      },
      {
        "act": "Yeah. Or your thumb or something. So",
        "end_time": 870.86,
        "is_in_ext_summ": false,
        "start_time": 868.64
      },
      {
        "act": "Yeah",
        "end_time": 869.43,
        "is_in_ext_summ": false,
        "start_time": 868.97
      },
      {
        "act": "I use it like that.",
        "end_time": 870.61,
        "is_in_ext_summ": false,
        "start_time": 869.43
      }
    ],
    [
      {
        "act": "W when we had the wheely remote control, we it was on the top I think, if you held it like that.",
        "end_time": 875.17,
        "is_in_ext_summ": true,
        "start_time": 870.36
      },
      {
        "act": "But, were there buttons on there as well?",
        "end_time": 878.69,
        "is_in_ext_summ": false,
        "start_time": 876.88
      },
      {
        "act": "Yeah well it had the wheely thing and then it had those eighteen different buttons that I don't know what they do.",
        "end_time": 882.74,
        "is_in_ext_summ": false,
        "start_time": 878.72
      }
    ],
    [
      {
        "act": "but I mean I think it could be pretty small.",
        "end_time": 887.76,
        "is_in_ext_summ": false,
        "start_time": 885.62
      },
      {
        "act": "What if, um, you had like a b a cover that went over buttons that you don't use very much?",
        "end_time": 898.73,
        "is_in_ext_summ": true,
        "start_time": 892.13
      }
    ],
    [
      {
        "act": "do you know what I'm talking about though?",
        "end_time": 913.81,
        "is_in_ext_summ": false,
        "start_time": 912.8
      },
      {
        "act": "Yeah.",
        "end_time": 914.51,
        "is_in_ext_summ": false,
        "start_time": 913.43
      },
      {
        "act": "Yeah like maybe something on the side where you slip a panel down and it's got a whole bunch of",
        "end_time": 918.5,
        "is_in_ext_summ": false,
        "start_time": 914.51
      },
      {
        "act": "Yeah, that you can flip over, yeah, yeah.",
        "end_time": 918.75,
        "is_in_ext_summ": false,
        "start_time": 916.52
      },
      {
        "act": "Well you can have it on the settings,",
        "end_time": 917.43,
        "is_in_ext_summ": false,
        "start_time": 915.89
      },
      {
        "act": "Yeah,",
        "end_time": 918.71,
        "is_in_ext_summ": false,
        "start_time": 917.97
      },
      {
        "act": "But, I mean, do you need that?",
        "end_time": 919.89,
        "is_in_ext_summ": false,
        "start_time": 918.71
      }
    ],
    [
      {
        "act": "so long as you're able to bring up the menu on the T_V_ screen.",
        "end_time": 927.09,
        "is_in_ext_summ": false,
        "start_time": 922.93
      },
      {
        "act": "Yeah I mean I guess that's the thing",
        "end_time": 927.41,
        "is_in_ext_summ": false,
        "start_time": 926.01
      }
    ],
    [
      {
        "act": "if we can do this, that'd probably be",
        "end_time": 931.63,
        "is_in_ext_summ": false,
        "start_time": 928.86
      },
      {
        "act": "Yeah.",
        "end_time": 931.89,
        "is_in_ext_summ": false,
        "start_time": 931.04
      }
    ],
    [
      {
        "act": "I just don't think you would even need it.",
        "end_time": 934.64,
        "is_in_ext_summ": false,
        "start_time": 932.7
      },
      {
        "act": "Yeah, yeah.",
        "end_time": 934.56,
        "is_in_ext_summ": false,
        "start_time": 933.83
      }
    ],
    [
      {
        "act": "So I guess we have to look into the, um, like, the programming, how this how they actually programme these things, and if that's",
        "end_time": 945.25,
        "is_in_ext_summ": true,
        "start_time": 935.86
      },
      {
        "act": "Oh how they make the menu show up on the T_V_?",
        "end_time": 945.82,
        "is_in_ext_summ": true,
        "start_time": 944.02
      },
      {
        "act": "yeah.",
        "end_time": 945.84,
        "is_in_ext_summ": false,
        "start_time": 945.25
      },
      {
        "act": "I mean you can do it,",
        "end_time": 948.84,
        "is_in_ext_summ": false,
        "start_time": 947.28
      },
      {
        "act": "I don't know.",
        "end_time": 949.18,
        "is_in_ext_summ": false,
        "start_time": 947.39
      },
      {
        "act": "They already do it.",
        "end_time": 949.25,
        "is_in_ext_summ": false,
        "start_time": 947.95
      }
    ],
    [
      {
        "act": "I believe it's ins it's gotta be inside the T_V_, not inside the remote.",
        "end_time": 952.97,
        "is_in_ext_summ": true,
        "start_time": 949.18
      },
      {
        "act": "I mean I've never bought a remote.",
        "end_time": 954.95,
        "is_in_ext_summ": false,
        "start_time": 953.8
      },
      {
        "act": "It sounds like this remote's going to be purchased separately from the television,",
        "end_time": 957.83,
        "is_in_ext_summ": false,
        "start_time": 954.95
      },
      {
        "act": "Well they usually are.",
        "end_time": 959.17,
        "is_in_ext_summ": false,
        "start_time": 957.98
      }
    ],
    [
      {
        "act": "I've never bought just a remote, like, so I don't I don't really know.",
        "end_time": 962.79,
        "is_in_ext_summ": false,
        "start_time": 959.92
      },
      {
        "act": "I guess that's right. It always comes with the T_V_.",
        "end_time": 966.66,
        "is_in_ext_summ": false,
        "start_time": 963.65
      }
    ],
    [
      {
        "act": "And I don't think that should uh that should be too hard.",
        "end_time": 979.7,
        "is_in_ext_summ": false,
        "start_time": 976.57
      },
      {
        "act": "Yeah,",
        "end_time": 979.96,
        "is_in_ext_summ": false,
        "start_time": 979.72
      }
    ],
    [
      {
        "act": "'Cause it just doesn't come up every day or something.",
        "end_time": 989.23,
        "is_in_ext_summ": false,
        "start_time": 986.92
      },
      {
        "act": "Yeah.",
        "end_time": 990.55,
        "is_in_ext_summ": false,
        "start_time": 989.2
      }
    ],
    [
      {
        "act": "That's what it does anyway.",
        "end_time": 1004.73,
        "is_in_ext_summ": false,
        "start_time": 1003.89
      },
      {
        "act": "But also if you have it on the screen you can actually write everything out,",
        "end_time": 1008.02,
        "is_in_ext_summ": true,
        "start_time": 1004.64
      }
    ],
    [
      {
        "act": "because the problem with buttons is you like, they have these sort of abbreviations and codes that you're supposed to understand,",
        "end_time": 1016.67,
        "is_in_ext_summ": false,
        "start_time": 1008.02
      },
      {
        "act": "you don't know they mean, yeah,",
        "end_time": 1017.07,
        "is_in_ext_summ": false,
        "start_time": 1015.89
      }
    ],
    [
      {
        "act": "and I never get it.",
        "end_time": 1017.99,
        "is_in_ext_summ": false,
        "start_time": 1016.67
      },
      {
        "act": "yeah.",
        "end_time": 1018.41,
        "is_in_ext_summ": false,
        "start_time": 1018.14
      },
      {
        "act": "Yeah.",
        "end_time": 1018.36,
        "is_in_ext_summ": false,
        "start_time": 1017.86
      }
    ],
    [
      {
        "act": "oh, you mean if we have this screen like the iPod screen?",
        "end_time": 1024.72,
        "is_in_ext_summ": false,
        "start_time": 1021.01
      },
      {
        "act": "Well on the telly.",
        "end_time": 1024.78,
        "is_in_ext_summ": false,
        "start_time": 1023.62
      },
      {
        "act": "Or on the T_V_ too.",
        "end_time": 1025.83,
        "is_in_ext_summ": false,
        "start_time": 1024.23
      },
      {
        "act": "On the telly, okay, yeah.",
        "end_time": 1025.98,
        "is_in_ext_summ": false,
        "start_time": 1024.72
      }
    ],
    [
      {
        "act": "because you know it is so obnoxious to like have to push those like okay now I hit this you know, you have your little guide out and you're like, hit this button twice, like to activate the date.",
        "end_time": 1041.59,
        "is_in_ext_summ": false,
        "start_time": 1031.78
      },
      {
        "act": "And it is technologically innovative in a way,",
        "end_time": 1042.82,
        "is_in_ext_summ": false,
        "start_time": 1040.3
      },
      {
        "act": "Yeah. I guess.",
        "end_time": 1045.02,
        "is_in_ext_summ": false,
        "start_time": 1043.03
      },
      {
        "act": "And it is trendy, the iPods are really hot right now, so",
        "end_time": 1048.56,
        "is_in_ext_summ": false,
        "start_time": 1045.02
      }
    ],
    [
      {
        "act": "did they provide you with that picture on the web?",
        "end_time": 1052.39,
        "is_in_ext_summ": false,
        "start_time": 1050.14
      },
      {
        "act": "Um, yeah, by web research, yeah,",
        "end_time": 1055.25,
        "is_in_ext_summ": false,
        "start_time": 1051.68
      },
      {
        "act": "That's quite interesting.",
        "end_time": 1056.79,
        "is_in_ext_summ": false,
        "start_time": 1055.69
      }
    ],
    [
      {
        "act": "What are we going to do about this vegetable thing that I'm dreading?",
        "end_time": 1064.62,
        "is_in_ext_summ": false,
        "start_time": 1058.16
      },
      {
        "act": "Oh god.",
        "end_time": 1063.08,
        "is_in_ext_summ": false,
        "start_time": 1061.32
      },
      {
        "act": "Oh, I was gonna say.",
        "end_time": 1063.71,
        "is_in_ext_summ": false,
        "start_time": 1062.61
      },
      {
        "act": "Oh.",
        "end_time": 1062.19,
        "is_in_ext_summ": false,
        "start_time": 1061.59
      }
    ],
    [
      {
        "act": "one of the material options is a sort of rubber that's in like those stress ball things.",
        "end_time": 1071.68,
        "is_in_ext_summ": false,
        "start_time": 1067.11
      },
      {
        "act": "Oh, okay, that would be cool.",
        "end_time": 1074.26,
        "is_in_ext_summ": false,
        "start_time": 1071.84
      }
    ],
    [
      {
        "act": "So, that would be spongy.",
        "end_time": 1073.48,
        "is_in_ext_summ": false,
        "start_time": 1071.68
      },
      {
        "act": "Just nice feel, but I hate spongy.",
        "end_time": 1077.94,
        "is_in_ext_summ": false,
        "start_time": 1075.4
      },
      {
        "act": "Yeah,",
        "end_time": 1078.14,
        "is_in_ext_summ": false,
        "start_time": 1077.91
      }
    ],
    [
      {
        "act": "you know, usually like the touch pad things are kind of a hard plastic typ mouse type, you know, thing.",
        "end_time": 1085.0,
        "is_in_ext_summ": false,
        "start_time": 1080.0
      },
      {
        "act": "I mean definitely the area round it.",
        "end_time": 1086.92,
        "is_in_ext_summ": false,
        "start_time": 1085.28
      }
    ],
    [
      {
        "act": "But what if we ha what if we had like a spongy sort of like stress balley kinda",
        "end_time": 1089.87,
        "is_in_ext_summ": true,
        "start_time": 1085.0
      },
      {
        "act": "Yeah I think it could work.",
        "end_time": 1093.2,
        "is_in_ext_summ": false,
        "start_time": 1092.36
      }
    ],
    [
      {
        "act": "we somehow made it tactilely fash you know, we c tapped into that, so like it feels like",
        "end_time": 1103.78,
        "is_in_ext_summ": false,
        "start_time": 1098.54
      },
      {
        "act": "An orange.",
        "end_time": 1107.95,
        "is_in_ext_summ": false,
        "start_time": 1105.46
      },
      {
        "act": "Don't think I'd want it to feel like a banana.",
        "end_time": 1108.11,
        "is_in_ext_summ": false,
        "start_time": 1105.65
      },
      {
        "act": "Well it could be like mobiles that just you just put a cover.",
        "end_time": 1108.93,
        "is_in_ext_summ": false,
        "start_time": 1104.9
      },
      {
        "act": "Yeah.",
        "end_time": 1110.22,
        "is_in_ext_summ": false,
        "start_time": 1109.72
      }
    ],
    [
      {
        "act": "You know you had there was a time when they had all these different covers for mobiles.",
        "end_time": 1127.86,
        "is_in_ext_summ": false,
        "start_time": 1123.85
      },
      {
        "act": "You could do like the computers where they have like the grapefruit, apple machine and they have like the blueberry, like all the colours are named after fruits.",
        "end_time": 1134.62,
        "is_in_ext_summ": true,
        "start_time": 1126.89
      },
      {
        "act": "You could name it after fruits and vegetables, or",
        "end_time": 1138.55,
        "is_in_ext_summ": false,
        "start_time": 1134.93
      },
      {
        "act": "And it could the colour can fit your sitting room,",
        "end_time": 1139.47,
        "is_in_ext_summ": false,
        "start_time": 1137.19
      }
    ],
    [
      {
        "act": "so if you have red sitting room you can have strawberry, and then if you have a green one you can have",
        "end_time": 1144.76,
        "is_in_ext_summ": false,
        "start_time": 1139.47
      },
      {
        "act": "Yeah.",
        "end_time": 1145.81,
        "is_in_ext_summ": false,
        "start_time": 1145.29
      },
      {
        "act": "yeah, colours.",
        "end_time": 1148.89,
        "is_in_ext_summ": false,
        "start_time": 1147.84
      }
    ],
    [
      {
        "act": "I'm just forming this idea in my head of how this thing is looking.",
        "end_time": 1152.88,
        "is_in_ext_summ": false,
        "start_time": 1148.71
      },
      {
        "act": "And on that hard plastic thing you can change either the colour or the fruit or vegetable that's on there.",
        "end_time": 1171.7,
        "is_in_ext_summ": true,
        "start_time": 1164.29
      }
    ],
    [
      {
        "act": "I 'cause I I'm thinking of silver because those are our company colours.",
        "end_time": 1176.49,
        "is_in_ext_summ": false,
        "start_time": 1172.35
      },
      {
        "act": "Yeah.",
        "end_time": 1177.19,
        "is_in_ext_summ": false,
        "start_time": 1175.62
      },
      {
        "act": "Unfortunately they don't have silver fruits and vegetables.",
        "end_time": 1180.07,
        "is_in_ext_summ": false,
        "start_time": 1177.19
      }
    ],
    [
      {
        "act": "I mean how are you how are you all envisioning by what we've just the feedback we've just got about the",
        "end_time": 1191.17,
        "is_in_ext_summ": false,
        "start_time": 1184.58
      },
      {
        "act": "Maybe a ball.",
        "end_time": 1192.61,
        "is_in_ext_summ": false,
        "start_time": 1191.52
      },
      {
        "act": "A ball?",
        "end_time": 1194.28,
        "is_in_ext_summ": false,
        "start_time": 1193.73
      },
      {
        "act": "Know, a squashy ball.",
        "end_time": 1198.98,
        "is_in_ext_summ": false,
        "start_time": 1196.29
      }
    ],
    [
      {
        "act": "A relaxing squashy ball.",
        "end_time": 1201.03,
        "is_in_ext_summ": false,
        "start_time": 1198.98
      },
      {
        "act": "That's in the shape of a fruit, like a",
        "end_time": 1205.87,
        "is_in_ext_summ": false,
        "start_time": 1202.54
      }
    ],
    [
      {
        "act": "Say that's the s say that's the squashy bit. Squashy.",
        "end_time": 1231.42,
        "is_in_ext_summ": false,
        "start_time": 1228.07
      },
      {
        "act": "Yeah",
        "end_time": 1231.05,
        "is_in_ext_summ": false,
        "start_time": 1230.79
      }
    ],
    [
      {
        "act": "I was thinking of getting a cover for",
        "end_time": 1233.48,
        "is_in_ext_summ": false,
        "start_time": 1231.05
      },
      {
        "act": "That",
        "end_time": 1234.7,
        "is_in_ext_summ": false,
        "start_time": 1234.04
      }
    ],
    [
      {
        "act": "I was thinking this bit here would be the cover and like that's your actual thing.",
        "end_time": 1244.17,
        "is_in_ext_summ": false,
        "start_time": 1237.33
      },
      {
        "act": "Oh I like that shape.",
        "end_time": 1246.28,
        "is_in_ext_summ": false,
        "start_time": 1244.85
      }
    ],
    [
      {
        "act": "I was thinking sort of a single ball shape.",
        "end_time": 1254.07,
        "is_in_ext_summ": false,
        "start_time": 1250.55
      },
      {
        "act": "Yeah.",
        "end_time": 1254.19,
        "is_in_ext_summ": false,
        "start_time": 1253.6
      }
    ],
    [
      {
        "act": "It's almost like your thumb is farther up,",
        "end_time": 1261.9,
        "is_in_ext_summ": false,
        "start_time": 1260.16
      },
      {
        "act": "Yeah I guess so.",
        "end_time": 1263.42,
        "is_in_ext_summ": false,
        "start_time": 1262.8
      }
    ],
    [
      {
        "act": "so if if you could squish it lower then",
        "end_time": 1264.73,
        "is_in_ext_summ": false,
        "start_time": 1261.9
      },
      {
        "act": "Yeah.",
        "end_time": 1264.75,
        "is_in_ext_summ": false,
        "start_time": 1263.99
      },
      {
        "act": "Yeah.",
        "end_time": 1265.69,
        "is_in_ext_summ": false,
        "start_time": 1264.4
      },
      {
        "act": "So it wouldn't be very big in either",
        "end_time": 1267.7,
        "is_in_ext_summ": false,
        "start_time": 1265.69
      }
    ],
    [
      {
        "act": "This big, and then you just do that, I suppose.",
        "end_time": 1271.85,
        "is_in_ext_summ": false,
        "start_time": 1268.56
      },
      {
        "act": "Yeah, I know what you meant, yeah.",
        "end_time": 1272.27,
        "is_in_ext_summ": false,
        "start_time": 1270.92
      }
    ],
    [
      {
        "act": "oh so so you're saying the squishy part's like detachable,",
        "end_time": 1275.13,
        "is_in_ext_summ": true,
        "start_time": 1272.35
      },
      {
        "act": "Well just a li I can't des like condom thingy, like a a cover.",
        "end_time": 1293.2,
        "is_in_ext_summ": false,
        "start_time": 1286.23
      }
    ],
    [
      {
        "act": "I think it's nicer to have a drawing 'cause it's neater.",
        "end_time": 1318.31,
        "is_in_ext_summ": false,
        "start_time": 1315.15
      },
      {
        "act": "Well that's not very neat, but",
        "end_time": 1322.08,
        "is_in_ext_summ": false,
        "start_time": 1320.39
      },
      {
        "act": "Yeah.",
        "end_time": 1322.94,
        "is_in_ext_summ": false,
        "start_time": 1322.29
      }
    ],
    [
      {
        "act": "So you could make that into the fruit and vegetable part.",
        "end_time": 1333.74,
        "is_in_ext_summ": false,
        "start_time": 1329.62
      },
      {
        "act": "If it's a bit like those juggling balls, you can change shape according to your to the way you hold it.",
        "end_time": 1340.6,
        "is_in_ext_summ": false,
        "start_time": 1333.99
      },
      {
        "act": "Yeah you could squish it.",
        "end_time": 1341.68,
        "is_in_ext_summ": false,
        "start_time": 1340.11
      }
    ],
    [
      {
        "act": "If it's got sand in it maybe, or something, you it it just moulds to your hand.",
        "end_time": 1346.75,
        "is_in_ext_summ": false,
        "start_time": 1340.6
      },
      {
        "act": "Yeah.",
        "end_time": 1348.04,
        "is_in_ext_summ": false,
        "start_time": 1346.34
      }
    ],
    [
      {
        "act": "So where are the fruit and vegetables now?",
        "end_time": 1349.86,
        "is_in_ext_summ": true,
        "start_time": 1348.04
      },
      {
        "act": "We we don't know.",
        "end_time": 1352.62,
        "is_in_ext_summ": false,
        "start_time": 1350.55
      },
      {
        "act": "I guess they would be either in the colour of that plastic face on the front, or in the colour of the squishy thing underneath.",
        "end_time": 1357.08,
        "is_in_ext_summ": true,
        "start_time": 1351.16
      }
    ],
    [
      {
        "act": "the company colour's silver?",
        "end_time": 1361.97,
        "is_in_ext_summ": false,
        "start_time": 1360.73
      },
      {
        "act": "It was, yeah, silver and yellow.",
        "end_time": 1364.26,
        "is_in_ext_summ": false,
        "start_time": 1362.26
      },
      {
        "act": "We could promote the banana one.",
        "end_time": 1370.0,
        "is_in_ext_summ": false,
        "start_time": 1366.67
      },
      {
        "act": "Yeah.",
        "end_time": 1369.69,
        "is_in_ext_summ": false,
        "start_time": 1368.91
      }
    ],
    [
      {
        "act": "Should also fit the batteries,",
        "end_time": 1380.11,
        "is_in_ext_summ": false,
        "start_time": 1378.57
      },
      {
        "act": "Oh yeah.",
        "end_time": 1381.84,
        "is_in_ext_summ": false,
        "start_time": 1381.35
      },
      {
        "act": "Yeah.",
        "end_time": 1381.72,
        "is_in_ext_summ": false,
        "start_time": 1381.37
      },
      {
        "act": "I think the batteries would have to go right under the plastic case.",
        "end_time": 1384.21,
        "is_in_ext_summ": true,
        "start_time": 1381.79
      },
      {
        "act": "Yeah,",
        "end_time": 1384.43,
        "is_in_ext_summ": false,
        "start_time": 1383.76
      }
    ],
    [
      {
        "act": "it'd be interesting to have the b the squishy bit.",
        "end_time": 1401.9,
        "is_in_ext_summ": false,
        "start_time": 1399.44
      },
      {
        "act": "Well I dunno.",
        "end_time": 1412.0,
        "is_in_ext_summ": false,
        "start_time": 1411.62
      }
    ],
    [
      {
        "act": "Then you'd get a new one and you'd have to do it all over again.",
        "end_time": 1417.22,
        "is_in_ext_summ": false,
        "start_time": 1415.32
      },
      {
        "act": "Yeah.",
        "end_time": 1417.86,
        "is_in_ext_summ": false,
        "start_time": 1417.21
      },
      {
        "act": "No but it does it automatically.",
        "end_time": 1421.54,
        "is_in_ext_summ": false,
        "start_time": 1418.55
      }
    ],
    [
      {
        "act": "Energy. Question mark.",
        "end_time": 1435.79,
        "is_in_ext_summ": false,
        "start_time": 1433.99
      },
      {
        "act": "That was me.",
        "end_time": 1435.25,
        "is_in_ext_summ": false,
        "start_time": 1434.77
      },
      {
        "act": "Was that you?",
        "end_time": 1436.88,
        "is_in_ext_summ": false,
        "start_time": 1435.79
      },
      {
        "act": "Yes.",
        "end_time": 1436.68,
        "is_in_ext_summ": false,
        "start_time": 1436.38
      },
      {
        "act": "Okay.",
        "end_time": 1437.15,
        "is_in_ext_summ": false,
        "start_time": 1436.88
      }
    ],
    [
      {
        "act": "I mean we're gonna use batteries right?",
        "end_time": 1444.96,
        "is_in_ext_summ": false,
        "start_time": 1443.17
      },
      {
        "act": "Uh we actually had an option of batteries, solar power, and um a dynamo,",
        "end_time": 1450.33,
        "is_in_ext_summ": true,
        "start_time": 1444.71
      }
    ],
    [
      {
        "act": "which is something I don't know what it is.",
        "end_time": 1451.65,
        "is_in_ext_summ": false,
        "start_time": 1450.33
      },
      {
        "act": "Oh, a dynamo is ah, it's a bicycle. It's a bicycle mechanism.",
        "end_time": 1456.6,
        "is_in_ext_summ": true,
        "start_time": 1451.8
      }
    ],
    [
      {
        "act": "It's the en it's like if if something moves, when it moves, it stores energy.",
        "end_time": 1463.44,
        "is_in_ext_summ": false,
        "start_time": 1456.6
      },
      {
        "act": "Oh okay.",
        "end_time": 1461.55,
        "is_in_ext_summ": false,
        "start_time": 1460.5
      },
      {
        "act": "Yeah, the other one was the other one was a kinetic thing where you'd basically have to wind it yourself.",
        "end_time": 1467.07,
        "is_in_ext_summ": true,
        "start_time": 1461.55
      },
      {
        "act": "It's quite sweet.",
        "end_time": 1468.68,
        "is_in_ext_summ": false,
        "start_time": 1467.43
      }
    ],
    [
      {
        "act": "So I sort of picked battery.",
        "end_time": 1469.2,
        "is_in_ext_summ": true,
        "start_time": 1467.07
      },
      {
        "act": "I think batteries sound good.",
        "end_time": 1480.03,
        "is_in_ext_summ": false,
        "start_time": 1478.34
      },
      {
        "act": "It it seems a little weird for a living room anyways.",
        "end_time": 1483.5,
        "is_in_ext_summ": false,
        "start_time": 1478.68
      },
      {
        "act": "The dynamo would be interesting.",
        "end_time": 1482.66,
        "is_in_ext_summ": false,
        "start_time": 1481.25
      },
      {
        "act": "No. But dynamo the the fact with dynamo is, the moment you move it, it c it creates energy on its own.",
        "end_time": 1489.92,
        "is_in_ext_summ": true,
        "start_time": 1480.32
      },
      {
        "act": "Oh.",
        "end_time": 1490.97,
        "is_in_ext_summ": false,
        "start_time": 1490.18
      }
    ],
    [
      {
        "act": "But we need to find cost.",
        "end_time": 1499.69,
        "is_in_ext_summ": true,
        "start_time": 1497.79
      },
      {
        "act": "Yeah.",
        "end_time": 1500.11,
        "is_in_ext_summ": false,
        "start_time": 1499.83
      }
    ],
    [
      {
        "act": "Does anyone have costs on the on the web?",
        "end_time": 1508.48,
        "is_in_ext_summ": true,
        "start_time": 1505.28
      },
      {
        "act": "All it said was it gave sort of relative, some chips are more expensive than others, sort of things.",
        "end_time": 1513.1,
        "is_in_ext_summ": true,
        "start_time": 1507.73
      }
    ],
    [
      {
        "act": "It didn't give me any actual cost.",
        "end_time": 1515.92,
        "is_in_ext_summ": true,
        "start_time": 1513.1
      },
      {
        "act": "Okay. Right.",
        "end_time": 1516.68,
        "is_in_ext_summ": false,
        "start_time": 1514.37
      }
    ],
    [
      {
        "act": "Like the chip is probably the most expensive part.",
        "end_time": 1527.33,
        "is_in_ext_summ": true,
        "start_time": 1524.91
      },
      {
        "act": "What does chip on print mean?",
        "end_time": 1529.81,
        "is_in_ext_summ": false,
        "start_time": 1528.28
      },
      {
        "act": "Um, for things like remote controls, um, they stamp out a chip,",
        "end_time": 1535.92,
        "is_in_ext_summ": false,
        "start_time": 1530.42
      }
    ],
    [
      {
        "act": "But it's not like a computer, you can't like reprogramme your remo remote controls, it's like stamped onto the chip.",
        "end_time": 1544.71,
        "is_in_ext_summ": false,
        "start_time": 1540.38
      },
      {
        "act": "So, chip on print is just means like that they're mass-produced.",
        "end_time": 1548.85,
        "is_in_ext_summ": false,
        "start_time": 1545.17
      }
    ],
    [
      {
        "act": "And case?",
        "end_time": 1551.5,
        "is_in_ext_summ": false,
        "start_time": 1550.13
      },
      {
        "act": "Case is what we were discussing yeah.",
        "end_time": 1553.66,
        "is_in_ext_summ": false,
        "start_time": 1551.78
      },
      {
        "act": "yeah. Casing. Yeah.",
        "end_time": 1553.91,
        "is_in_ext_summ": false,
        "start_time": 1552.81
      }
    ],
    [
      {
        "act": "So you'll get mm m more instructions from your personal coach.",
        "end_time": 1593.96,
        "is_in_ext_summ": false,
        "start_time": 1589.83
      },
      {
        "act": "Cool.",
        "end_time": 1595.46,
        "is_in_ext_summ": false,
        "start_time": 1594.95
      }
    ]
  ],
  "ap_meta": {
    "far_than_3s": 7,
    "total": 238,
    "total_sequences": 81,
    "values": [
      [
        13,
        643.52
      ],
      [
        14,
        724.52
      ],
      [
        25,
        887.76
      ],
      [
        49,
        1152.88
      ],
      [
        60,
        1275.13
      ],
      [
        67,
        1401.9
      ],
      [
        73,
        1469.2
      ]
    ]
  },
  "args": [
    [
      {
        "act": "So that people can go arou go back and forth and choose if or or then again if you just I guess I c I can see like some kind of a thing where like you sort of have like the number come up on the T_V_ like what channel you're on. You can just scroll and you can just get to like five or like twelve or",
        "ae_type": "Statement",
        "end_time": 646.99,
        "speaker_id": "C",
        "start_time": 631.75
      },
      {
        "act": "Yeah, yeah, yeah. Yeah, yeah.",
        "ae_type": "Statement",
        "end_time": 645.1,
        "speaker_id": "D",
        "start_time": 642.64
      },
      {
        "act": "Yeah.",
        "ae_type": "Statement",
        "end_time": 644.01,
        "speaker_id": "B",
        "start_time": 643.71
      },
      {
        "act": "My flatmates actually had one with a wheel, and it it did show up on the T_V_",
        "ae_type": "Statement",
        "end_time": 650.22,
        "speaker_id": "B",
        "start_time": 647.14
      },
      {
        "act": "But i what if you have satellite and you have like two hundred channels. Then to get to channel one eighty nine you have to",
        "ae_type": "Open issue",
        "end_time": 656.81,
        "speaker_id": "A",
        "start_time": 651.44
      },
      {
        "act": "'Cause you'll have to like but you can quickly s you can",
        "ae_type": "Statement",
        "end_time": 658.86,
        "speaker_id": "C",
        "start_time": 654.56
      },
      {
        "act": "Yeah.",
        "ae_type": "Statement",
        "end_time": 656.59,
        "speaker_id": "D",
        "start_time": 655.67
      },
      {
        "act": "They have to r wheel really fast. But I think the wheel goes through like a hundred channels, at least on theirs.",
        "ae_type": "Statement",
        "end_time": 662.42,
        "speaker_id": "B",
        "start_time": 656.55
      },
      {
        "act": "Yeah.",
        "ae_type": "Statement",
        "end_time": 658.84,
        "speaker_id": "A",
        "start_time": 657.76
      },
      {
        "act": "Yeah.",
        "ae_type": "Statement",
        "end_time": 661.03,
        "speaker_id": "C",
        "start_time": 660.44
      },
      {
        "act": "Yeah, yeah, yeah.",
        "ae_type": "Statement",
        "end_time": 661.77,
        "speaker_id": "D",
        "start_time": 660.46
      },
      {
        "act": "Yeah if you do, it w so it would have to be you I mean so you basically just kinda need to figure out like what kind of, you know, range we need to have on the wheel, and um",
        "ae_type": "Statement",
        "end_time": 672.11,
        "speaker_id": "C",
        "start_time": 662.55
      },
      {
        "act": "uh, whatchamacallits, different um, you know, functions like volume or, like you can tap just to get to different channels.",
        "ae_type": "Statement",
        "end_time": 694.24,
        "speaker_id": "C",
        "start_time": 685.91
      },
      {
        "act": "Yeah.",
        "ae_type": "Statement",
        "end_time": 683.81,
        "speaker_id": "A",
        "start_time": 683.24
      },
      {
        "act": "Like if you just wanted to go to like from five to six you could tap or someth",
        "ae_type": "Statement",
        "end_time": 699.83,
        "speaker_id": "C",
        "start_time": 695.92
      },
      {
        "act": "Right.",
        "ae_type": "Statement",
        "end_time": 700.31,
        "speaker_id": "A",
        "start_time": 699.93
      },
      {
        "act": "And then there's also the concern about you know um how do you get to the menu if you wanna change the brightness of your television, or if you want to um you know switch around, I don't know, like, these different modes like turn on the timer or like something something like that, like",
        "ae_type": "Statement",
        "end_time": 718.87,
        "speaker_id": "C",
        "start_time": 701.01
      },
      {
        "act": "Yeah",
        "ae_type": "Statement",
        "end_time": 716.73,
        "speaker_id": "A",
        "start_time": 716.46
      },
      {
        "act": "I mean with that many options, you'd uh I'd think that the screen would be better, because you could have that menu option, sort of",
        "ae_type": "Statement",
        "end_time": 726.31,
        "speaker_id": "A",
        "start_time": 718.68
      },
      {
        "act": "I would think so too, like",
        "ae_type": "Statement",
        "end_time": 724.52,
        "speaker_id": "C",
        "start_time": 723.22
      },
      {
        "act": "So I mean and it seems it w it does seem a little silly to have this screen if you hardly are ever using it, you know, because but then again it would it does make kind of if the screen's sort of just like an option that, like, is just there and you're not really using it, that's kind of m yeah.",
        "ae_type": "Statement",
        "end_time": 741.6,
        "speaker_id": "C",
        "start_time": 726.18
      },
      {
        "act": "Yeah.",
        "ae_type": "Statement",
        "end_time": 732.29,
        "speaker_id": "A",
        "start_time": 731.94
      },
      {
        "act": "It's more expensive according to the design people. You have to get a an advanced chip if you wanna have a screen in, which is more expensive than the regular chip, which is more expensive than the minimal.",
        "ae_type": "Statement",
        "end_time": 749.64,
        "speaker_id": "B",
        "start_time": 739.79
      },
      {
        "act": "Yeah, that's the only thing though.",
        "ae_type": "Statement",
        "end_time": 743.74,
        "speaker_id": "C",
        "start_time": 742.47
      }
    ],
    [
      {
        "act": "I mean we're gonna use batteries right?",
        "ae_type": "Yes/No issue",
        "end_time": 1444.96,
        "speaker_id": "A",
        "start_time": 1443.17
      },
      {
        "act": "Uh we actually had an option of batteries, solar power, and um a dynamo, which is something I don't know what it is. Something to do with torches.",
        "ae_type": "Statement",
        "end_time": 1452.86,
        "speaker_id": "B",
        "start_time": 1444.71
      },
      {
        "act": "Oh, a dynamo is ah, it's a bicycle. It's a bicycle mechanism. It's the en it's like if if something moves, when it moves, it stores energy.",
        "ae_type": "Statement",
        "end_time": 1463.44,
        "speaker_id": "D",
        "start_time": 1451.8
      },
      {
        "act": "Oh okay.",
        "ae_type": "Statement",
        "end_time": 1461.55,
        "speaker_id": "B",
        "start_time": 1460.5
      },
      {
        "act": "Yeah, the other one was the other one was a kinetic thing where you'd basically have to wind it yourself. So I sort of picked battery. We could have talked about doing a wind-up or a dynamo or a solar power. Um but I think solar power's not available with the rubber case anyways.",
        "ae_type": "Statement",
        "end_time": 1477.69,
        "speaker_id": "B",
        "start_time": 1461.55
      },
      {
        "act": "It's quite sweet.",
        "ae_type": "Statement",
        "end_time": 1468.68,
        "speaker_id": "D",
        "start_time": 1467.43
      },
      {
        "act": "I think batteries sound good.",
        "ae_type": "Statement",
        "end_time": 1480.03,
        "speaker_id": "A",
        "start_time": 1478.34
      },
      {
        "act": "What does everyone else think?",
        "ae_type": "Open issue",
        "end_time": 1483.28,
        "speaker_id": "A",
        "start_time": 1480.03
      },
      {
        "act": "The dynamo would be interesting.",
        "ae_type": "Statement",
        "end_time": 1482.66,
        "speaker_id": "C",
        "start_time": 1481.25
      },
      {
        "act": "No. But dynamo the the fact with dynamo is, the moment you move it, it c it creates energy on its own.",
        "ae_type": "Statement",
        "end_time": 1489.92,
        "speaker_id": "D",
        "start_time": 1480.32
      },
      {
        "act": "What about Kryptonite?",
        "ae_type": "Open issue",
        "end_time": 1492.7,
        "speaker_id": "A",
        "start_time": 1490.51
      },
      {
        "act": "Which is quite cool. So if you throw it, it's gonna store loads of energy, and you don't need to buy a battery 'cause they're quite f I find them annoying. But we need to find cost.",
        "ae_type": "Statement",
        "end_time": 1499.69,
        "speaker_id": "D",
        "start_time": 1490.88
      },
      {
        "act": "Yeah.",
        "ae_type": "Statement",
        "end_time": 1500.11,
        "speaker_id": "A",
        "start_time": 1499.83
      },
      {
        "act": "Don't know the cost.",
        "ae_type": "Statement",
        "end_time": 1503.32,
        "speaker_id": "D",
        "start_time": 1502.24
      },
      {
        "act": "Didn't have enough data to actually",
        "ae_type": "Statement",
        "end_time": 1506.58,
        "speaker_id": "B",
        "start_time": 1505.08
      },
      {
        "act": "Does anyone have costs on the on the web?",
        "ae_type": "Yes/No issue",
        "end_time": 1508.48,
        "speaker_id": "D",
        "start_time": 1505.28
      },
      {
        "act": "All it said was it gave sort of relative, some chips are more expensive than others, sort of things. It didn't give me any actual cost.",
        "ae_type": "Statement",
        "end_time": 1515.92,
        "speaker_id": "B",
        "start_time": 1507.73
      },
      {
        "act": "Okay.",
        "ae_type": "Statement",
        "end_time": 1515.13,
        "speaker_id": "D",
        "start_time": 1514.37
      },
      {
        "act": "Most of the stuff is pretty cheap though bought in bulk. So I don't think it's that much of a problem.",
        "ae_type": "Statement",
        "end_time": 1522.48,
        "speaker_id": "B",
        "start_time": 1518.57
      }
    ]
  ],
  "da": {
    "types": {
      "Assess": 117,
      "Backchannel": 120,
      "Be-Positive": 8,
      "Comment-About-Understanding": 7,
      "Elicit-Assessment": 11,
      "Elicit-Comment-Understanding": 1,
      "Elicit-Inform": 22,
      "Elicit-Offer-Or-Suggestion": 6,
      "Fragment": 48,
      "Inform": 201,
      "Offer": 4,
      "Other": 11,
      "Stall": 88,
      "Suggest": 58
    }
  },
  "dialog_acts": 702,
  "ext_sentense_count": 65,
  "ext_sentense_da_count": 83,
  "ext_summ": {
    "types": {
      "Assess": 6,
      "Elicit-Assessment": 2,
      "Elicit-Inform": 4,
      "Elicit-Offer-Or-Suggestion": 3,
      "Inform": 33,
      "Offer": 2,
      "Suggest": 15
    }
  },
  "segmants": 362
}