[
  {
    "acts": [
      {
        "act": "Hi everyone, hope you had a nice lunch. Um. Alright we're moving on to conceptual design.",
        "end_time": 83.0,
        "start_time": 74.59
      },
      {
        "act": "'Scuse me.",
        "end_time": 86.91,
        "start_time": 84.84
      },
      {
        "act": "Bless you.",
        "end_time": 86.6,
        "start_time": 86.03
      },
      {
        "act": "Um, I'll just review what we did in our last meeting. Um, under marketing we targeted our audience, and Um, yeah.",
        "end_time": 100.41,
        "start_time": 88.02
      },
      {
        "act": "That was generally how helpful that was. Um, then we considered some design options with how it should look, um, we discussed an iPod-like button system which, uh, we haven't concluded but we're",
        "end_time": 119.67,
        "start_time": 101.12
      },
      {
        "act": "Right, um",
        "end_time": 121.86,
        "start_time": 120.72
      }
    ],
    "other_description": null,
    "topic": "opening"
  },
  {
    "acts": [
      {
        "act": "So, if you all have presentations to do, we can see what where you've come from our last time. Does everyone have presentations?",
        "end_time": 136.22,
        "start_time": 124.67
      },
      {
        "act": "Hmm.",
        "end_time": 135.6,
        "start_time": 135.29
      },
      {
        "act": "Yeah.",
        "end_time": 137.33,
        "start_time": 136.72
      },
      {
        "act": "Yes.",
        "end_time": 137.94,
        "start_time": 136.86
      },
      {
        "act": "Okay. Would anybody like to go first?",
        "end_time": 139.75,
        "start_time": 137.28
      },
      {
        "act": "Yes. Sure.",
        "end_time": 141.56,
        "start_time": 137.3
      },
      {
        "act": "Okay.",
        "end_time": 142.09,
        "start_time": 141.94
      },
      {
        "act": "So that's what I've got on design.",
        "end_time": 268.43,
        "start_time": 265.94
      },
      {
        "act": "'S good.",
        "end_time": 271.7,
        "start_time": 271.33
      }
    ],
    "other_description": null,
    "topic": "industrial designer presentation"
  },
  {
    "acts": [
      {
        "act": "Um, can I do next? 'Cause I have to say something about the material",
        "end_time": 282.56,
        "start_time": 279.28
      },
      {
        "act": "Hmm.",
        "end_time": 282.14,
        "start_time": 281.85
      },
      {
        "act": "Yeah.",
        "end_time": 282.79,
        "start_time": 282.55
      },
      {
        "act": "which is quite shocking.",
        "end_time": 285.73,
        "start_time": 283.7
      },
      {
        "act": "Ha. Mm.",
        "end_time": 293.54,
        "start_time": 292.78
      },
      {
        "act": "Mm.",
        "end_time": 371.66,
        "start_time": 371.48
      },
      {
        "act": "Um. I I have been thinking about this fruit and vegetable thing and I prefer fruits to vegetables, but that's just a personal opinion. I think I think people like to have a fruit instead of a vegetables in their sitting room. Uh those are just suggestions and also we need to decide whether this should be printed, so that still has to do with the material discuss should we print the fruit stuff, or should the actual remote look like a fruit?",
        "end_time": 431.01,
        "start_time": 401.62
      },
      {
        "act": "Um, and finally again with the spongy. It has to be technologically innovative so maybe again our Industrial Designer should look into that or find come up with a solution that's better than mine. Um, yeah, to summarise these are the points that need to be um, touched in order to get a good decision, and hopefully our User Interface has more to say about the matter. Thank you for your attention.",
        "end_time": 462.41,
        "start_time": 431.64
      },
      {
        "act": "Mm-hmm. So.",
        "end_time": 479.28,
        "start_time": 460.49
      }
    ],
    "other_description": null,
    "topic": "marketing expert presentation"
  },
  {
    "acts": [
      {
        "act": "I think it's the next it's the blue one, yeah.",
        "end_time": 482.86,
        "start_time": 480.83
      },
      {
        "act": "Oh, uh, there we go. Uh. Okay. Um. Well so that fruit and vegetables thing huh. I actually wasn't aware of the new trends in electronics and and uh",
        "end_time": 503.41,
        "start_time": 481.74
      },
      {
        "act": "Neither was I. Well it's a trend in fashion, in clothing and um fabrics.",
        "end_time": 509.26,
        "start_time": 500.28
      },
      {
        "act": "Yeah but you're not gonna wear your remote control.",
        "end_time": 509.16,
        "start_time": 505.35
      },
      {
        "act": "So so okay, let me get this right. Okay, uh Okay, alright anyway.",
        "end_time": 515.67,
        "start_time": 507.96
      },
      {
        "act": "But also if you have it on the screen you can actually write everything out, because the problem with buttons is you like, they have these sort of abbreviations and codes that you're supposed to understand, and I never get it. Never ever. So",
        "end_time": 1020.46,
        "start_time": 1004.64
      },
      {
        "act": "Yeah.",
        "end_time": 1014.68,
        "start_time": 1014.02
      },
      {
        "act": "Yeah.",
        "end_time": 1014.96,
        "start_time": 1014.44
      },
      {
        "act": "Yeah, you don't know they mean, yeah, it's like yeah.",
        "end_time": 1018.41,
        "start_time": 1014.7
      },
      {
        "act": "Yeah. So, but oh, you mean if we have this screen like the iPod screen? On the telly, okay, yeah. So yeah I think, I mean, I think I think the touch-based graphical interface is a really uh cool idea because you know it is so obnoxious to like have to push those like okay now I hit this you know, you have your little guide out and you're like, hit this button twice, like to activate the date.",
        "end_time": 1041.59,
        "start_time": 1017.86
      },
      {
        "act": "Well on the telly.",
        "end_time": 1024.78,
        "start_time": 1023.62
      },
      {
        "act": "Or on the T_V_ too.",
        "end_time": 1025.83,
        "start_time": 1024.23
      },
      {
        "act": "Mm. And it is technologically innovative in a way, so that fits with the",
        "end_time": 1044.39,
        "start_time": 1039.26
      },
      {
        "act": "Mm.",
        "end_time": 1040.37,
        "start_time": 1039.88
      },
      {
        "act": "Yeah. I guess. And it is trendy, the iPods are really hot right now, so",
        "end_time": 1048.56,
        "start_time": 1043.03
      },
      {
        "act": "B Yeah.",
        "end_time": 1047.19,
        "start_time": 1045.56
      },
      {
        "act": "Did you did you get that pc picture on did they provide you with that picture on the web?",
        "end_time": 1052.39,
        "start_time": 1047.98
      },
      {
        "act": "Um, yeah, by web research, yeah, so",
        "end_time": 1055.69,
        "start_time": 1051.68
      },
      {
        "act": "That's quite interesting.",
        "end_time": 1056.79,
        "start_time": 1055.69
      }
    ],
    "other_description": null,
    "topic": "interface specialist presentation"
  },
  {
    "acts": [
      {
        "act": "let's see.",
        "end_time": 1560.55,
        "start_time": 1560.1
      },
      {
        "act": "Is there anything else we need to",
        "end_time": 1569.58,
        "start_time": 1567.36
      },
      {
        "act": "Hmm.",
        "end_time": 1571.31,
        "start_time": 1570.65
      },
      {
        "act": "talk about?",
        "end_time": 1572.06,
        "start_time": 1571.38
      }
    ],
    "other_description": null,
    "topic": "discussion"
  },
  {
    "acts": [
      {
        "act": "Oh when we move on, you two are going to be playing with play-dough.",
        "end_time": 1576.77,
        "start_time": 1572.06
      },
      {
        "act": "Um, and working on the look and feel of the design and user interface design. And you're gonna be doing protu product evaluation. So you'll get mm m more instructions from your personal coach.",
        "end_time": 1593.96,
        "start_time": 1577.91
      },
      {
        "act": "Oh, thank you.",
        "end_time": 1595.34,
        "start_time": 1594.21
      },
      {
        "act": "Mm.",
        "end_time": 1594.91,
        "start_time": 1594.72
      },
      {
        "act": "Cool.",
        "end_time": 1595.46,
        "start_time": 1594.95
      },
      {
        "act": "See you soon. Does it matter that I end early?",
        "end_time": 1600.68,
        "start_time": 1595.76
      },
      {
        "act": "I it's strange because",
        "end_time": 1603.34,
        "start_time": 1601.59
      },
      {
        "act": "How how early is it? I didn't get a pop-up thing that said",
        "end_time": 1611.87,
        "start_time": 1604.23
      }
    ],
    "other_description": null,
    "topic": "closing"
  }
]