[
  {
    "source": null,
    "target": {
      "act": "Okay.",
      "count": 1,
      "end_time": 42.39,
      "start_time": 41.24
    },
    "type": "Support/Possitive Assessment"
  },
  {
    "source": null,
    "target": {
      "act": "Okay, almost there.",
      "count": 1,
      "end_time": 43.09,
      "start_time": 41.74
    },
    "type": "Support/Possitive Assessment"
  },
  {
    "source": {
      "act": "How was that, was that fun?",
      "count": 1,
      "end_time": 49.82,
      "start_time": 48.1
    },
    "target": {
      "act": "Mm. Very fun.",
      "count": 1,
      "end_time": 52.69,
      "start_time": 50.32
    },
    "type": "Support/Possitive Assessment"
  },
  {
    "source": {
      "act": "How was that, was that fun?",
      "count": 1,
      "end_time": 49.82,
      "start_time": 48.1
    },
    "target": {
      "act": "Yeah, yeah.",
      "count": 1,
      "end_time": 51.73,
      "start_time": 51.06
    },
    "type": "Support/Possitive Assessment"
  },
  {
    "source": {
      "act": "I forgot my",
      "count": 1,
      "end_time": 68.25,
      "start_time": 67.64
    },
    "target": {
      "act": "Alright, okay, yeah.",
      "count": 1,
      "end_time": 70.44,
      "start_time": 69.48
    },
    "type": "Support/Possitive Assessment"
  },
  {
    "source": {
      "act": "He's gonna get his pen.",
      "count": 1,
      "end_time": 73.91,
      "start_time": 73.19
    },
    "target": {
      "act": "Oh right. Okay.",
      "count": 1,
      "end_time": 75.21,
      "start_time": 74.52
    },
    "type": "Support/Possitive Assessment"
  },
  {
    "source": {
      "act": "Um Will you guys first with your prototype um before we get to the good news?",
      "count": 1,
      "end_time": 85.29,
      "start_time": 75.56
    },
    "target": {
      "act": "Yeah,",
      "count": 1,
      "end_time": 86.5,
      "start_time": 86.23
    },
    "type": "Support/Possitive Assessment"
  },
  {
    "source": {
      "act": "Um Will you guys first with your prototype um before we get to the good news?",
      "count": 1,
      "end_time": 85.29,
      "start_time": 75.56
    },
    "target": {
      "act": "there's good news?",
      "count": 1,
      "end_time": 87.92,
      "start_time": 86.5
    },
    "type": "Support/Possitive Assessment"
  },
  {
    "source": {
      "act": "there's good news?",
      "count": 1,
      "end_time": 87.92,
      "start_time": 86.5
    },
    "target": {
      "act": "we have budget problems.",
      "count": 1,
      "end_time": 92.09,
      "start_time": 90.99
    },
    "type": "Support/Possitive Assessment"
  },
  {
    "source": {
      "act": "we have budget problems.",
      "count": 1,
      "end_time": 92.09,
      "start_time": 90.99
    },
    "target": {
      "act": "Oh.",
      "count": 1,
      "end_time": 93.18,
      "start_time": 92.32
    },
    "type": "Support/Possitive Assessment"
  },
  {
    "source": {
      "act": "Okay, have you got a presentation to make?",
      "count": 1,
      "end_time": 123.05,
      "start_time": 120.13
    },
    "target": {
      "act": "No, not mine yet.",
      "count": 1,
      "end_time": 123.86,
      "start_time": 122.62
    },
    "type": "Support/Possitive Assessment"
  },
  {
    "source": {
      "act": "No, not mine yet.",
      "count": 1,
      "end_time": 123.86,
      "start_time": 122.62
    },
    "target": {
      "act": "No. Okay",
      "count": 1,
      "end_time": 124.35,
      "start_time": 123.05
    },
    "type": "Support/Possitive Assessment"
  },
  {
    "source": {
      "act": "Um maybe we should bring so that the camera can see. Yeah.",
      "count": 1,
      "end_time": 130.22,
      "start_time": 126.64
    },
    "target": {
      "act": "Okay. Sure.",
      "count": 1,
      "end_time": 130.2,
      "start_time": 129.3
    },
    "type": "Support/Possitive Assessment"
  },
  {
    "source": {
      "act": "Okay. Sure.",
      "count": 1,
      "end_time": 130.2,
      "start_time": 129.3
    },
    "target": {
      "act": "Okay.",
      "count": 1,
      "end_time": 131.52,
      "start_time": 131.25
    },
    "type": "Support/Possitive Assessment"
  },
  {
    "source": {
      "act": "We made three for you.",
      "count": 1,
      "end_time": 138.03,
      "start_time": 135.76
    },
    "target": {
      "act": "Three? Oh.",
      "count": 1,
      "end_time": 138.64,
      "start_time": 137.23
    },
    "type": "Support/Possitive Assessment"
  },
  {
    "source": {
      "act": "Um one's based on the banana, one's based on the tomato",
      "count": 1,
      "end_time": 145.17,
      "start_time": 139.7
    },
    "target": {
      "act": "Tomato? What tomato?",
      "count": 1,
      "end_time": 147.56,
      "start_time": 145.3
    },
    "type": "Uncertain"
  },
  {
    "source": {
      "act": "Um one's based on the banana, one's based on the tomato",
      "count": 1,
      "end_time": 145.17,
      "start_time": 139.7
    },
    "target": {
      "act": "I don't recall a tomato.",
      "count": 1,
      "end_time": 150.7,
      "start_time": 147.56
    },
    "type": "Objection/Negative Assessment"
  },
  {
    "source": {
      "act": "I don't recall a tomato.",
      "count": 1,
      "end_time": 150.7,
      "start_time": 147.56
    },
    "target": {
      "act": "Oh yeah, well yeah, we had v some red left over.",
      "count": 1,
      "end_time": 153.12,
      "start_time": 150.59
    },
    "type": "Support/Possitive Assessment"
  },
  {
    "source": {
      "act": "Oh yeah, well yeah, we had v some red left over.",
      "count": 1,
      "end_time": 153.12,
      "start_time": 150.59
    },
    "target": {
      "act": "Ah I see, okay.",
      "count": 1,
      "end_time": 154.36,
      "start_time": 153.13
    },
    "type": "Support/Possitive Assessment"
  },
  {
    "source": {
      "act": "The yellow there is the um",
      "count": 1,
      "end_time": 166.83,
      "start_time": 164.28
    },
    "target": {
      "act": "Logo.",
      "count": 1,
      "end_time": 167.36,
      "start_time": 166.79
    },
    "type": "Support/Possitive Assessment"
  },
  {
    "source": {
      "act": "Logo.",
      "count": 1,
      "end_time": 167.36,
      "start_time": 166.79
    },
    "target": {
      "act": "the slogan, yeah,",
      "count": 1,
      "end_time": 168.23,
      "start_time": 166.83
    },
    "type": "Support/Possitive Assessment"
  },
  {
    "source": {
      "act": "the slogan, yeah,",
      "count": 1,
      "end_time": 168.23,
      "start_time": 166.83
    },
    "target": {
      "act": "Okay, brilliant.",
      "count": 1,
      "end_time": 169.33,
      "start_time": 168.28
    },
    "type": "Support/Possitive Assessment"
  },
  {
    "source": {
      "act": "Okay, so the buttons would be like, you know individual users, or",
      "count": 1,
      "end_time": 181.64,
      "start_time": 177.89
    },
    "target": {
      "act": "Yeah.",
      "count": 1,
      "end_time": 181.47,
      "start_time": 181.14
    },
    "type": "Support/Possitive Assessment"
  },
  {
    "source": {
      "act": "Yeah.",
      "count": 1,
      "end_time": 181.47,
      "start_time": 181.14
    },
    "target": {
      "act": "Yeah.",
      "count": 1,
      "end_time": 181.98,
      "start_time": 181.64
    },
    "type": "Support/Possitive Assessment"
  },
  {
    "source": {
      "act": "yeah they might project things onto the screen which you can do on there.",
      "count": 1,
      "end_time": 187.96,
      "start_time": 183.86
    },
    "target": {
      "act": "Alright, okay.",
      "count": 1,
      "end_time": 187.66,
      "start_time": 187.01
    },
    "type": "Support/Possitive Assessment"
  },
  {
    "source": null,
    "target": {
      "act": "That's groovy.",
      "count": 1,
      "end_time": 199.08,
      "start_time": 197.11
    },
    "type": "Support/Possitive Assessment"
  },
  {
    "source": {
      "act": "That's groovy.",
      "count": 1,
      "end_time": 199.08,
      "start_time": 197.11
    },
    "target": {
      "act": "Yeah.",
      "count": 1,
      "end_time": 198.02,
      "start_time": 197.8
    },
    "type": "Support/Possitive Assessment"
  },
  {
    "source": null,
    "target": {
      "act": "Well I like the feel of it, I like the feel of it.",
      "count": 1,
      "end_time": 203.25,
      "start_time": 201.03
    },
    "type": "Support/Possitive Assessment"
  },
  {
    "source": {
      "act": "Uh can I have",
      "count": 1,
      "end_time": 201.98,
      "start_time": 200.21
    },
    "target": {
      "act": "Yeah, sure.",
      "count": 1,
      "end_time": 204.91,
      "start_time": 201.99
    },
    "type": "Support/Possitive Assessment"
  },
  {
    "source": null,
    "target": {
      "act": "Oh no, it's delicate.",
      "count": 1,
      "end_time": 207.84,
      "start_time": 206.17
    },
    "type": "Objection/Negative Assessment"
  },
  {
    "source": null,
    "target": {
      "act": "At Oh dear.",
      "count": 1,
      "end_time": 209.44,
      "start_time": 206.76
    },
    "type": "Objection/Negative Assessment"
  },
  {
    "source": {
      "act": "That's it stand.",
      "count": 1,
      "end_time": 212.6,
      "start_time": 211.77
    },
    "target": {
      "act": "Alright, okay.",
      "count": 1,
      "end_time": 213.14,
      "start_time": 212.54
    },
    "type": "Support/Possitive Assessment"
  },
  {
    "source": {
      "act": "but that's the that yellow stand there represents the the charging stand.",
      "count": 1,
      "end_time": 219.61,
      "start_time": 214.94
    },
    "target": {
      "act": "Okay, brilliant mm.",
      "count": 1,
      "end_time": 220.3,
      "start_time": 219.33
    },
    "type": "Support/Possitive Assessment"
  },
  {
    "source": {
      "act": "Um the black on the back is the slogan.",
      "count": 1,
      "end_time": 223.39,
      "start_time": 219.61
    },
    "target": {
      "act": "Okay, nice and obvious there,",
      "count": 1,
      "end_time": 226.81,
      "start_time": 223.56
    },
    "type": "Objection/Negative Assessment"
  },
  {
    "source": {
      "act": "Okay, nice and obvious there,",
      "count": 1,
      "end_time": 226.81,
      "start_time": 223.56
    },
    "target": {
      "act": "Uh yeah, that",
      "count": 1,
      "end_time": 226.26,
      "start_time": 225.01
    },
    "type": "Support/Possitive Assessment"
  },
  {
    "source": {
      "act": "Uh yeah, that",
      "count": 1,
      "end_time": 226.26,
      "start_time": 225.01
    },
    "target": {
      "act": "if it's standing up, I guess, yeah.",
      "count": 1,
      "end_time": 228.48,
      "start_time": 226.81
    },
    "type": "Support/Possitive Assessment"
  },
  {
    "source": {
      "act": "if it's standing up, I guess, yeah.",
      "count": 1,
      "end_time": 228.48,
      "start_time": 226.81
    },
    "target": {
      "act": "Yeah, if it's standing up it's it's on there,",
      "count": 1,
      "end_time": 231.77,
      "start_time": 228.44
    },
    "type": "Support/Possitive Assessment"
  },
  {
    "source": {
      "act": "but also we're gonna have the company name on the front, which is the little black kind of line in the middle.",
      "count": 1,
      "end_time": 238.04,
      "start_time": 231.77
    },
    "target": {
      "act": "Oh right, okay, brilliant. Like that from its centre.",
      "count": 1,
      "end_time": 239.32,
      "start_time": 236.59
    },
    "type": "Support/Possitive Assessment"
  },
  {
    "source": {
      "act": "We n were weren't sure about putting them there, because um i it's it kind of could get bashed.",
      "count": 1,
      "end_time": 256.02,
      "start_time": 249.41
    },
    "target": {
      "act": "Where you're, yeah, uh were you're holding it kind of",
      "count": 1,
      "end_time": 257.3,
      "start_time": 255.44
    },
    "type": "Support/Possitive Assessment"
  },
  {
    "source": {
      "act": "Where you're, yeah, uh were you're holding it kind of",
      "count": 1,
      "end_time": 257.3,
      "start_time": 255.44
    },
    "target": {
      "act": "Yeah.",
      "count": 1,
      "end_time": 257.97,
      "start_time": 257.46
    },
    "type": "Support/Possitive Assessment"
  },
  {
    "source": {
      "act": "if you've got small hands.",
      "count": 1,
      "end_time": 266.22,
      "start_time": 262.88
    },
    "target": {
      "act": "Yeah.",
      "count": 1,
      "end_time": 266.64,
      "start_time": 264.07
    },
    "type": "Support/Possitive Assessment"
  },
  {
    "source": {
      "act": "Um, obviously I don't think that's real sized.",
      "count": 1,
      "end_time": 269.08,
      "start_time": 266.22
    },
    "target": {
      "act": "Yeah, okay.",
      "count": 1,
      "end_time": 270.02,
      "start_time": 269.51
    },
    "type": "Support/Possitive Assessment"
  },
  {
    "source": {
      "act": "It would have to be a bit bigger.",
      "count": 1,
      "end_time": 271.54,
      "start_time": 269.08
    },
    "target": {
      "act": "Yeah, scale model, yeah.",
      "count": 1,
      "end_time": 271.32,
      "start_time": 270.02
    },
    "type": "Support/Possitive Assessment"
  },
  {
    "source": {
      "act": "We used those.",
      "count": 1,
      "end_time": 292.92,
      "start_time": 292.19
    },
    "target": {
      "act": "Alright, excellent.",
      "count": 1,
      "end_time": 295.42,
      "start_time": 294.29
    },
    "type": "Support/Possitive Assessment"
  },
  {
    "source": {
      "act": "It's not in the traditional place,",
      "count": 1,
      "end_time": 302.44,
      "start_time": 300.16
    },
    "target": {
      "act": "No.",
      "count": 1,
      "end_time": 303.07,
      "start_time": 302.05
    },
    "type": "Support/Possitive Assessment"
  },
  {
    "source": {
      "act": "It's not in the traditional place,",
      "count": 1,
      "end_time": 302.44,
      "start_time": 300.16
    },
    "target": {
      "act": "It's out of the way as well, I suppose, so.",
      "count": 1,
      "end_time": 304.65,
      "start_time": 303.07
    },
    "type": "Support/Possitive Assessment"
  },
  {
    "source": null,
    "target": {
      "act": "Excellent.",
      "count": 1,
      "end_time": 306.19,
      "start_time": 305.81
    },
    "type": "Support/Possitive Assessment"
  },
  {
    "source": {
      "act": "and and um we have the banana-based one too.",
      "count": 1,
      "end_time": 314.63,
      "start_time": 308.82
    },
    "target": {
      "act": "Oh yeah, yeah.",
      "count": 1,
      "end_time": 313.63,
      "start_time": 312.74
    },
    "type": "Support/Possitive Assessment"
  },
  {
    "source": {
      "act": "This one is uh, I suppose for the younger audiences.",
      "count": 1,
      "end_time": 318.14,
      "start_time": 315.07
    },
    "target": {
      "act": "Okay",
      "count": 1,
      "end_time": 320.2,
      "start_time": 318.84
    },
    "type": "Support/Possitive Assessment"
  },
  {
    "source": {
      "act": "A a more friendly type of",
      "count": 1,
      "end_time": 320.74,
      "start_time": 319.22
    },
    "target": {
      "act": ", so so Barney the banana.",
      "count": 1,
      "end_time": 322.27,
      "start_time": 320.2
    },
    "type": "Support/Possitive Assessment"
  },
  {
    "source": {
      "act": ", so so Barney the banana.",
      "count": 1,
      "end_time": 322.27,
      "start_time": 320.2
    },
    "target": {
      "act": "Right, right.",
      "count": 1,
      "end_time": 322.84,
      "start_time": 322.05
    },
    "type": "Support/Possitive Assessment"
  },
  {
    "source": {
      "act": "It's to uh induce more television watching I suppose or",
      "count": 1,
      "end_time": 327.36,
      "start_time": 322.84
    },
    "target": {
      "act": "Ah excellent, just what we need.",
      "count": 1,
      "end_time": 328.16,
      "start_time": 326.65
    },
    "type": "Support/Possitive Assessment"
  },
  {
    "source": {
      "act": "Lo Sort of Loch Ness banana.",
      "count": 1,
      "end_time": 335.47,
      "start_time": 333.31
    },
    "target": {
      "act": "Right, right.",
      "count": 1,
      "end_time": 336.97,
      "start_time": 335.9
    },
    "type": "Support/Possitive Assessment"
  },
  {
    "source": null,
    "target": {
      "act": "Cool yeah.",
      "count": 1,
      "end_time": 339.81,
      "start_time": 337.6
    },
    "type": "Support/Possitive Assessment"
  },
  {
    "source": {
      "act": "Well, nice to have uh options at least.",
      "count": 1,
      "end_time": 342.86,
      "start_time": 339.81
    },
    "target": {
      "act": "Yeah.",
      "count": 1,
      "end_time": 341.71,
      "start_time": 341.53
    },
    "type": "Support/Possitive Assessment"
  },
  {
    "source": {
      "act": "Well, nice to have uh options at least.",
      "count": 1,
      "end_time": 342.86,
      "start_time": 339.81
    },
    "target": {
      "act": "Yep.",
      "count": 1,
      "end_time": 342.69,
      "start_time": 341.79
    },
    "type": "Support/Possitive Assessment"
  },
  {
    "source": {
      "act": "So are there any um improvements or issues or",
      "count": 1,
      "end_time": 348.46,
      "start_time": 343.06
    },
    "target": {
      "act": "Oh there are issues, oh there are issues.",
      "count": 1,
      "end_time": 349.54,
      "start_time": 347.12
    },
    "type": "Support/Possitive Assessment"
  },
  {
    "source": null,
    "target": {
      "act": "Just let it lie down,",
      "count": 1,
      "end_time": 350.53,
      "start_time": 349.63
    },
    "type": "Support/Possitive Assessment"
  },
  {
    "source": null,
    "target": {
      "act": "it wont stand.",
      "count": 1,
      "end_time": 351.47,
      "start_time": 350.53
    },
    "type": "Support/Possitive Assessment"
  },
  {
    "source": {
      "act": "So are there any um improvements or issues or",
      "count": 1,
      "end_time": 348.46,
      "start_time": 343.06
    },
    "target": {
      "act": "Um main problem that we have unfortunately being finance.",
      "count": 1,
      "end_time": 356.89,
      "start_time": 352.34
    },
    "type": "Support/Possitive Assessment"
  },
  {
    "source": {
      "act": "Um main problem that we have unfortunately being finance.",
      "count": 1,
      "end_time": 356.89,
      "start_time": 352.34
    },
    "target": {
      "act": "Oh.",
      "count": 1,
      "end_time": 358.31,
      "start_time": 357.25
    },
    "type": "Objection/Negative Assessment"
  },
  {
    "source": {
      "act": "the unit we are currently going to produce minus the extra scroll buttons, uh it's gonna cost us fourteen point six Euros.",
      "count": 1,
      "end_time": 374.68,
      "start_time": 366.53
    },
    "target": {
      "act": "Oh.",
      "count": 1,
      "end_time": 358.31,
      "start_time": 357.25
    },
    "type": "Objection/Negative Assessment"
  },
  {
    "source": {
      "act": "What's on the uh on the left?",
      "count": 1,
      "end_time": 379.67,
      "start_time": 377.25
    },
    "target": {
      "act": "I've accidentally highlighted somehow",
      "count": 1,
      "end_time": 382.23,
      "start_time": 379.63
    },
    "type": "Support/Possitive Assessment"
  },
  {
    "source": {
      "act": "There we go.",
      "count": 1,
      "end_time": 385.05,
      "start_time": 384.63
    },
    "target": {
      "act": "Okay.",
      "count": 1,
      "end_time": 386.44,
      "start_time": 386.05
    },
    "type": "Support/Possitive Assessment"
  },
  {
    "source": {
      "act": "So basically, um in order to save our two Euros um I was thinking that we could have essentially the same shape, but just have it flattened.",
      "count": 1,
      "end_time": 411.51,
      "start_time": 397.76
    },
    "target": {
      "act": "More like a traditional remote control.",
      "count": 1,
      "end_time": 415.26,
      "start_time": 413.5
    },
    "type": "Support/Possitive Assessment"
  },
  {
    "source": {
      "act": "More like a traditional remote control.",
      "count": 1,
      "end_time": 415.26,
      "start_time": 413.5
    },
    "target": {
      "act": "Yeah,",
      "count": 1,
      "end_time": 415.63,
      "start_time": 415.11
    },
    "type": "Support/Possitive Assessment"
  },
  {
    "source": {
      "act": "W why is the uh double curved two of them?",
      "count": 1,
      "end_time": 432.86,
      "start_time": 430.1
    },
    "target": {
      "act": "Oh, good point.",
      "count": 1,
      "end_time": 436.0,
      "start_time": 434.9
    },
    "type": "Support/Possitive Assessment"
  },
  {
    "source": {
      "act": "W why is the uh double curved two of them?",
      "count": 1,
      "end_time": 432.86,
      "start_time": 430.1
    },
    "target": {
      "act": "And double curve on both sides?",
      "count": 1,
      "end_time": 441.13,
      "start_time": 437.38
    },
    "type": "Uncertain"
  },
  {
    "source": {
      "act": "Yeah, this is double-curve,",
      "count": 1,
      "end_time": 444.46,
      "start_time": 443.14
    },
    "target": {
      "act": "That's sort of curve in and out.",
      "count": 1,
      "end_time": 446.7,
      "start_time": 443.73
    },
    "type": "Support/Possitive Assessment"
  },
  {
    "source": {
      "act": "So double-curve.",
      "count": 1,
      "end_time": 453.93,
      "start_time": 453.17
    },
    "target": {
      "act": "No,",
      "count": 1,
      "end_time": 454.14,
      "start_time": 453.91
    },
    "type": "Objection/Negative Assessment"
  },
  {
    "source": {
      "act": "I think it means double curved as in um",
      "count": 1,
      "end_time": 457.96,
      "start_time": 454.14
    },
    "target": {
      "act": "Like an S_ shape.",
      "count": 1,
      "end_time": 457.71,
      "start_time": 456.77
    },
    "type": "Support/Possitive Assessment"
  },
  {
    "source": {
      "act": "Like an S_ shape.",
      "count": 1,
      "end_time": 457.71,
      "start_time": 456.77
    },
    "target": {
      "act": "like uh a single curve on that bottom half, and the double curved would be if it was that similar curve upward.",
      "count": 1,
      "end_time": 467.18,
      "start_time": 457.96
    },
    "type": "Support/Possitive Assessment"
  },
  {
    "source": {
      "act": "like uh a single curve on that bottom half, and the double curved would be if it was that similar curve upward.",
      "count": 1,
      "end_time": 467.18,
      "start_time": 457.96
    },
    "target": {
      "act": "Like this, one curve on this side, one curve on that side.",
      "count": 1,
      "end_time": 473.01,
      "start_time": 468.57
    },
    "type": "Support/Possitive Assessment"
  },
  {
    "source": {
      "act": "Like this, one curve on this side, one curve on that side.",
      "count": 1,
      "end_time": 473.01,
      "start_time": 468.57
    },
    "target": {
      "act": "I don't think that counts as a curve, I think that's just a shape.",
      "count": 1,
      "end_time": 473.96,
      "start_time": 471.49
    },
    "type": "Objection/Negative Assessment"
  },
  {
    "source": {
      "act": "'Cause that's the uh the biggest expense there, right.",
      "count": 1,
      "end_time": 482.01,
      "start_time": 479.03
    },
    "target": {
      "act": "Yeah,",
      "count": 1,
      "end_time": 482.1,
      "start_time": 481.63
    },
    "type": "Support/Possitive Assessment"
  },
  {
    "source": {
      "act": "I can't seem to select any more however.",
      "count": 1,
      "end_time": 486.34,
      "start_time": 484.07
    },
    "target": {
      "act": "Okay.",
      "count": 1,
      "end_time": 488.25,
      "start_time": 486.98
    },
    "type": "Support/Possitive Assessment"
  },
  {
    "source": {
      "act": "I can't seem to select any more however.",
      "count": 1,
      "end_time": 486.34,
      "start_time": 484.07
    },
    "target": {
      "act": "Well we can work around that",
      "count": 1,
      "end_time": 489.78,
      "start_time": 488.25
    },
    "type": "Support/Possitive Assessment"
  },
  {
    "source": null,
    "target": {
      "act": "Right. No.",
      "count": 1,
      "end_time": 492.61,
      "start_time": 491.4
    },
    "type": "Support/Possitive Assessment"
  },
  {
    "source": {
      "act": "But you think it should be one.",
      "count": 1,
      "end_time": 497.4,
      "start_time": 496.44
    },
    "target": {
      "act": "It's meant to be one, yeah,",
      "count": 1,
      "end_time": 499.58,
      "start_time": 498.44
    },
    "type": "Support/Possitive Assessment"
  },
  {
    "source": null,
    "target": {
      "act": "Oh that's fine.",
      "count": 1,
      "end_time": 519.52,
      "start_time": 518.77
    },
    "type": "Support/Possitive Assessment"
  },
  {
    "source": {
      "act": "Eleven uh eleven Euros sixty.",
      "count": 1,
      "end_time": 522.19,
      "start_time": 520.52
    },
    "target": {
      "act": "Cool.",
      "count": 1,
      "end_time": 521.13,
      "start_time": 520.73
    },
    "type": "Support/Possitive Assessment"
  },
  {
    "source": {
      "act": "Eleven uh eleven Euros sixty.",
      "count": 1,
      "end_time": 522.19,
      "start_time": 520.52
    },
    "target": {
      "act": "Cool.",
      "count": 1,
      "end_time": 522.98,
      "start_time": 522.56
    },
    "type": "Support/Possitive Assessment"
  },
  {
    "source": {
      "act": "So we could even add something.",
      "count": 1,
      "end_time": 527.61,
      "start_time": 525.88
    },
    "target": {
      "act": "We cou Oh not quite, have the scroll-wheel, unfortunately.",
      "count": 1,
      "end_time": 531.9,
      "start_time": 527.6
    },
    "type": "Objection/Negative Assessment"
  },
  {
    "source": {
      "act": "Maybe if you click back in that bottom right cell, where you're starting from, and then use the arrow keys.",
      "count": 1,
      "end_time": 548.65,
      "start_time": 543.82
    },
    "target": {
      "act": "Yeah.",
      "count": 1,
      "end_time": 547.55,
      "start_time": 547.2
    },
    "type": "Support/Possitive Assessment"
  },
  {
    "source": {
      "act": "Does that work?",
      "count": 1,
      "end_time": 549.97,
      "start_time": 548.65
    },
    "target": {
      "act": "Yeah, I know, that just extends it as well.",
      "count": 1,
      "end_time": 551.83,
      "start_time": 549.19
    },
    "type": "Support/Possitive Assessment"
  },
  {
    "source": {
      "act": "Yeah, I know, that just extends it as well.",
      "count": 1,
      "end_time": 551.83,
      "start_time": 549.19
    },
    "target": {
      "act": "No mm.",
      "count": 1,
      "end_time": 551.51,
      "start_time": 549.97
    },
    "type": "Support/Possitive Assessment"
  },
  {
    "source": {
      "act": "I don't know.",
      "count": 1,
      "end_time": 552.36,
      "start_time": 551.83
    },
    "target": {
      "act": "Uh you can do one thing.",
      "count": 1,
      "end_time": 554.01,
      "start_time": 551.17
    },
    "type": "Support/Possitive Assessment"
  },
  {
    "source": {
      "act": "No it's not.",
      "count": 1,
      "end_time": 573.33,
      "start_time": 571.58
    },
    "target": {
      "act": "No, it's 'cause the uh the shift button's stuck, or something.",
      "count": 1,
      "end_time": 573.85,
      "start_time": 571.61
    },
    "type": "Support/Possitive Assessment"
  },
  {
    "source": {
      "act": "No, it's 'cause the uh the shift button's stuck, or something.",
      "count": 1,
      "end_time": 573.85,
      "start_time": 571.61
    },
    "target": {
      "act": "Yeah, it's not working.",
      "count": 1,
      "end_time": 575.86,
      "start_time": 573.33
    },
    "type": "Support/Possitive Assessment"
  },
  {
    "source": {
      "act": "Should we ask our technical expert Melissa?",
      "count": 1,
      "end_time": 582.72,
      "start_time": 577.03
    },
    "target": {
      "act": "No that's fine.",
      "count": 1,
      "end_time": 582.01,
      "start_time": 581.16
    },
    "type": "Objection/Negative Assessment"
  },
  {
    "source": {
      "act": "Did you try both shift buttons?",
      "count": 1,
      "end_time": 586.08,
      "start_time": 584.69
    },
    "target": {
      "act": "Yeah.",
      "count": 1,
      "end_time": 587.02,
      "start_time": 586.29
    },
    "type": "Support/Possitive Assessment"
  },
  {
    "source": null,
    "target": {
      "act": "That's too bad.",
      "count": 1,
      "end_time": 593.15,
      "start_time": 592.65
    },
    "type": "Objection/Negative Assessment"
  },
  {
    "source": null,
    "target": {
      "act": "Oh well, never mind.",
      "count": 1,
      "end_time": 597.28,
      "start_time": 596.06
    },
    "type": "Support/Possitive Assessment"
  },
  {
    "source": {
      "act": "what could we reckon we could add?",
      "count": 1,
      "end_time": 604.55,
      "start_time": 602.98
    },
    "target": {
      "act": "Well maybe we could add something,",
      "count": 1,
      "end_time": 608.68,
      "start_time": 606.84
    },
    "type": "Uncertain"
  },
  {
    "source": {
      "act": "Well I suppose that's our that's that's our design that we've got. So",
      "count": 1,
      "end_time": 614.4,
      "start_time": 610.22
    },
    "target": {
      "act": "Yeah, if we're happy with the design there's no point in spending money, if we don't have to.",
      "count": 1,
      "end_time": 618.09,
      "start_time": 613.58
    },
    "type": "Support/Possitive Assessment"
  },
  {
    "source": {
      "act": "Are we happy?",
      "count": 1,
      "end_time": 643.3,
      "start_time": 642.69
    },
    "target": {
      "act": "Yeah I think we have a a winning product.",
      "count": 1,
      "end_time": 646.82,
      "start_time": 644.57
    },
    "type": "Support/Possitive Assessment"
  },
  {
    "source": {
      "act": "Are we happy?",
      "count": 1,
      "end_time": 643.3,
      "start_time": 642.69
    },
    "target": {
      "act": "I think it went quite smoothly.",
      "count": 1,
      "end_time": 661.23,
      "start_time": 659.3
    },
    "type": "Support/Possitive Assessment"
  },
  {
    "source": {
      "act": "Uh room for creativity, were we happy with that?",
      "count": 1,
      "end_time": 666.78,
      "start_time": 664.31
    },
    "target": {
      "act": "W I think we were very creative.",
      "count": 1,
      "end_time": 669.74,
      "start_time": 667.83
    },
    "type": "Support/Possitive Assessment"
  },
  {
    "source": {
      "act": "W I think we were very creative.",
      "count": 1,
      "end_time": 669.74,
      "start_time": 667.83
    },
    "target": {
      "act": "No, I mea I think it means sort of individually.",
      "count": 1,
      "end_time": 671.93,
      "start_time": 669.96
    },
    "type": "Objection/Negative Assessment"
  },
  {
    "source": {
      "act": "No, I mea I think it means sort of individually.",
      "count": 1,
      "end_time": 671.93,
      "start_time": 669.96
    },
    "target": {
      "act": "Oh right, okay.",
      "count": 1,
      "end_time": 673.53,
      "start_time": 672.42
    },
    "type": "Support/Possitive Assessment"
  },
  {
    "source": {
      "act": "Yes, no, maybe?",
      "count": 1,
      "end_time": 677.03,
      "start_time": 675.61
    },
    "target": {
      "act": "Mm-hmm.",
      "count": 1,
      "end_time": 677.79,
      "start_time": 676.36
    },
    "type": "Support/Possitive Assessment"
  },
  {
    "source": {
      "act": "Mm-hmm.",
      "count": 1,
      "end_time": 677.79,
      "start_time": 676.36
    },
    "target": {
      "act": "Okay. Groovy.",
      "count": 1,
      "end_time": 678.6,
      "start_time": 677.03
    },
    "type": "Support/Possitive Assessment"
  },
  {
    "source": {
      "act": "Leadership,",
      "count": 1,
      "end_time": 682.64,
      "start_time": 682.2
    },
    "target": {
      "act": "Great leadership.",
      "count": 1,
      "end_time": 688.28,
      "start_time": 684.04
    },
    "type": "Support/Possitive Assessment"
  },
  {
    "source": {
      "act": "Leadership,",
      "count": 1,
      "end_time": 682.64,
      "start_time": 682.2
    },
    "target": {
      "act": "Excellent leadership.",
      "count": 1,
      "end_time": 686.3,
      "start_time": 684.09
    },
    "type": "Support/Possitive Assessment"
  },
  {
    "source": {
      "act": "Uh teamwork. I thought went well.",
      "count": 1,
      "end_time": 691.73,
      "start_time": 688.46
    },
    "target": {
      "act": "Yeah, yeah.",
      "count": 1,
      "end_time": 691.51,
      "start_time": 690.92
    },
    "type": "Support/Possitive Assessment"
  },
  {
    "source": {
      "act": "Uh teamwork. I thought went well.",
      "count": 1,
      "end_time": 691.73,
      "start_time": 688.46
    },
    "target": {
      "act": "Yeah.",
      "count": 1,
      "end_time": 691.33,
      "start_time": 691.08
    },
    "type": "Support/Possitive Assessment"
  },
  {
    "source": {
      "act": "Uh teamwork. I thought went well.",
      "count": 1,
      "end_time": 691.73,
      "start_time": 688.46
    },
    "target": {
      "act": "Yeah, everyone got enough input, I think.",
      "count": 1,
      "end_time": 694.19,
      "start_time": 691.27
    },
    "type": "Support/Possitive Assessment"
  },
  {
    "source": {
      "act": "The technical stuff was brilliant.",
      "count": 1,
      "end_time": 699.93,
      "start_time": 696.34
    },
    "target": {
      "act": "These pens are are neat though.",
      "count": 1,
      "end_time": 705.47,
      "start_time": 703.92
    },
    "type": "Objection/Negative Assessment"
  },
  {
    "source": {
      "act": "I don't know what, new ideas found, means, to be honest.",
      "count": 1,
      "end_time": 706.8,
      "start_time": 703.93
    },
    "target": {
      "act": "Yeah, these are new ideas, like glow-in-the-dark or something like that.",
      "count": 1,
      "end_time": 710.76,
      "start_time": 707.04
    },
    "type": "Support/Possitive Assessment"
  },
  {
    "source": {
      "act": "These are new ideas we And new shapes, everything",
      "count": 1,
      "end_time": 723.39,
      "start_time": 720.31
    },
    "target": {
      "act": "Yeah.",
      "count": 1,
      "end_time": 723.15,
      "start_time": 722.78
    },
    "type": "Support/Possitive Assessment"
  },
  {
    "source": {
      "act": "These are new ideas we And new shapes, everything",
      "count": 1,
      "end_time": 723.39,
      "start_time": 720.31
    },
    "target": {
      "act": "Mm 'kay. Groovy.",
      "count": 1,
      "end_time": 725.01,
      "start_time": 723.09
    },
    "type": "Support/Possitive Assessment"
  },
  {
    "source": {
      "act": "That kind of unfortunately is too quick.",
      "count": 1,
      "end_time": 735.15,
      "start_time": 728.21
    },
    "target": {
      "act": "Okay.",
      "count": 1,
      "end_time": 733.42,
      "start_time": 731.97
    },
    "type": "Support/Possitive Assessment"
  },
  {
    "source": {
      "act": "That kind of unfortunately is too quick.",
      "count": 1,
      "end_time": 735.15,
      "start_time": 728.21
    },
    "target": {
      "act": "Okay.",
      "count": 1,
      "end_time": 733.54,
      "start_time": 733.03
    },
    "type": "Support/Possitive Assessment"
  },
  {
    "source": {
      "act": "Uh so let's talk about our bonuses and the raises we're getting for this, right.",
      "count": 1,
      "end_time": 745.08,
      "start_time": 738.44
    },
    "target": {
      "act": "That's it, um I think another couple of days holiday pay might be well in order for all of you.",
      "count": 1,
      "end_time": 748.36,
      "start_time": 742.45
    },
    "type": "Support/Possitive Assessment"
  },
  {
    "source": {
      "act": "That's it, um I think another couple of days holiday pay might be well in order for all of you.",
      "count": 1,
      "end_time": 748.36,
      "start_time": 742.45
    },
    "target": {
      "act": "Right, right.",
      "count": 1,
      "end_time": 748.89,
      "start_time": 747.95
    },
    "type": "Support/Possitive Assessment"
  },
  {
    "source": {
      "act": "Uh maybe we should start cleaning up the clay.",
      "count": 1,
      "end_time": 755.46,
      "start_time": 752.72
    },
    "target": {
      "act": "Yeah, maybe.",
      "count": 1,
      "end_time": 756.69,
      "start_time": 756.07
    },
    "type": "Support/Possitive Assessment"
  },
  {
    "source": {
      "act": "Uh maybe we should start cleaning up the clay.",
      "count": 1,
      "end_time": 755.46,
      "start_time": 752.72
    },
    "target": {
      "act": "Does it go back in, does it?",
      "count": 1,
      "end_time": 759.43,
      "start_time": 757.52
    },
    "type": "Uncertain"
  },
  {
    "source": null,
    "target": {
      "act": "I don't know what this is but it's really really annoying.",
      "count": 1,
      "end_time": 766.53,
      "start_time": 763.64
    },
    "type": "Objection/Negative Assessment"
  },
  {
    "source": {
      "act": "Uh Brian, have you have you finished?",
      "count": 1,
      "end_time": 770.87,
      "start_time": 767.11
    },
    "target": {
      "act": "Um I have, yes.",
      "count": 1,
      "end_time": 771.83,
      "start_time": 770.66
    },
    "type": "Support/Possitive Assessment"
  },
  {
    "source": {
      "act": "Uh mine needs also this.",
      "count": 1,
      "end_time": 772.77,
      "start_time": 770.87
    },
    "target": {
      "act": "Huh?",
      "count": 1,
      "end_time": 774.03,
      "start_time": 773.84
    },
    "type": "Uncertain"
  },
  {
    "source": {
      "act": "Huh?",
      "count": 1,
      "end_time": 774.03,
      "start_time": 773.84
    },
    "target": {
      "act": "At last mine is also the presentation.",
      "count": 1,
      "end_time": 776.56,
      "start_time": 774.07
    },
    "type": "Support/Possitive Assessment"
  },
  {
    "source": {
      "act": "At last mine is also the presentation.",
      "count": 1,
      "end_time": 776.56,
      "start_time": 774.07
    },
    "target": {
      "act": "Oh right, okay, you've got more, okay.",
      "count": 1,
      "end_time": 778.48,
      "start_time": 776.71
    },
    "type": "Support/Possitive Assessment"
  },
  {
    "source": {
      "act": "Oh right, okay, you've got more, okay.",
      "count": 1,
      "end_time": 778.48,
      "start_time": 776.71
    },
    "target": {
      "act": "Yeah, yeah.",
      "count": 1,
      "end_time": 779.53,
      "start_time": 778.24
    },
    "type": "Support/Possitive Assessment"
  },
  {
    "source": {
      "act": "Oh right, okay, you've got more, okay.",
      "count": 1,
      "end_time": 778.48,
      "start_time": 776.71
    },
    "target": {
      "act": "Oh, you got a presentation,",
      "count": 1,
      "end_time": 778.87,
      "start_time": 777.95
    },
    "type": "Support/Possitive Assessment"
  },
  {
    "source": {
      "act": "Oh, you got a presentation,",
      "count": 1,
      "end_time": 778.87,
      "start_time": 777.95
    },
    "target": {
      "act": "Oh ok",
      "count": 1,
      "end_time": 780.13,
      "start_time": 779.54
    },
    "type": "Support/Possitive Assessment"
  },
  {
    "source": {
      "act": "Uh is the project evaluated, that is mine.",
      "count": 1,
      "end_time": 792.27,
      "start_time": 787.6
    },
    "target": {
      "act": "Oh you're doing that.",
      "count": 1,
      "end_time": 793.62,
      "start_time": 792.39
    },
    "type": "Support/Possitive Assessment"
  },
  {
    "source": {
      "act": "Oh you're doing that.",
      "count": 1,
      "end_time": 793.62,
      "start_time": 792.39
    },
    "target": {
      "act": "Yeah.",
      "count": 1,
      "end_time": 794.25,
      "start_time": 793.92
    },
    "type": "Support/Possitive Assessment"
  },
  {
    "source": {
      "act": "it'll be made out of kind of a rubbery latex, new material that we've got.",
      "count": 1,
      "end_time": 820.16,
      "start_time": 814.73
    },
    "target": {
      "act": "O okay,",
      "count": 1,
      "end_time": 820.57,
      "start_time": 819.82
    },
    "type": "Support/Possitive Assessment"
  },
  {
    "source": null,
    "target": {
      "act": "It's fun to touch.",
      "count": 1,
      "end_time": 844.37,
      "start_time": 843.51
    },
    "type": "Support/Possitive Assessment"
  },
  {
    "source": {
      "act": "It's fun to touch.",
      "count": 1,
      "end_time": 844.37,
      "start_time": 843.51
    },
    "target": {
      "act": "Yeah.",
      "count": 1,
      "end_time": 845.7,
      "start_time": 844.73
    },
    "type": "Support/Possitive Assessment"
  },
  {
    "source": null,
    "target": {
      "act": "Okay, I didn't realise you had that bit.",
      "count": 1,
      "end_time": 872.39,
      "start_time": 869.77
    },
    "type": "Support/Possitive Assessment"
  },
  {
    "source": {
      "act": "carry on.",
      "count": 1,
      "end_time": 951.79,
      "start_time": 950.61
    },
    "target": {
      "act": "Yeah.",
      "count": 1,
      "end_time": 951.53,
      "start_time": 951.03
    },
    "type": "Support/Possitive Assessment"
  },
  {
    "source": {
      "act": "so we have to do it on a board.",
      "count": 1,
      "end_time": 975.21,
      "start_time": 971.86
    },
    "target": {
      "act": "Okay.",
      "count": 1,
      "end_time": 976.56,
      "start_time": 976.13
    },
    "type": "Support/Possitive Assessment"
  },
  {
    "source": {
      "act": "so we have to do it on a board.",
      "count": 1,
      "end_time": 975.21,
      "start_time": 971.86
    },
    "target": {
      "act": "Alright, okay.",
      "count": 1,
      "end_time": 977.33,
      "start_time": 976.6
    },
    "type": "Support/Possitive Assessment"
  },
  {
    "source": {
      "act": "so we have to do it on a board.",
      "count": 1,
      "end_time": 975.21,
      "start_time": 971.86
    },
    "target": {
      "act": "The board working again, is it?",
      "count": 1,
      "end_time": 978.63,
      "start_time": 977.33
    },
    "type": "Uncertain"
  },
  {
    "source": {
      "act": "what do you think whether it meets all user requirements or not?",
      "count": 1,
      "end_time": 1103.85,
      "start_time": 1100.66
    },
    "target": {
      "act": "Yeah, it did.",
      "count": 1,
      "end_time": 1109.81,
      "start_time": 1108.05
    },
    "type": "Support/Possitive Assessment"
  },
  {
    "source": {
      "act": "When the user requirement is essentially just to operate the T_V_,",
      "count": 1,
      "end_time": 1122.83,
      "start_time": 1119.57
    },
    "target": {
      "act": "Does it work?",
      "count": 1,
      "end_time": 1123.21,
      "start_time": 1121.79
    },
    "type": "Support/Possitive Assessment"
  },
  {
    "source": {
      "act": "When the user requirement is essentially just to operate the T_V_,",
      "count": 1,
      "end_time": 1122.83,
      "start_time": 1119.57
    },
    "target": {
      "act": "Yeah. So.",
      "count": 1,
      "end_time": 1125.03,
      "start_time": 1123.21
    },
    "type": "Support/Possitive Assessment"
  },
  {
    "source": {
      "act": "So what do you think you will personally give.",
      "count": 1,
      "end_time": 1129.62,
      "start_time": 1125.29
    },
    "target": {
      "act": "I would say seven.",
      "count": 1,
      "end_time": 1130.93,
      "start_time": 1127.89
    },
    "type": "Support/Possitive Assessment"
  },
  {
    "source": {
      "act": "I would say seven.",
      "count": 1,
      "end_time": 1130.93,
      "start_time": 1127.89
    },
    "target": {
      "act": "Seven. Uh.",
      "count": 1,
      "end_time": 1131.45,
      "start_time": 1129.62
    },
    "type": "Support/Possitive Assessment"
  },
  {
    "source": {
      "act": "Seven. Uh.",
      "count": 1,
      "end_time": 1131.45,
      "start_time": 1129.62
    },
    "target": {
      "act": "Seven is good, yeah, isn't it?",
      "count": 1,
      "end_time": 1132.95,
      "start_time": 1130.93
    },
    "type": "Uncertain"
  },
  {
    "source": {
      "act": "No sorry tr one is true.",
      "count": 1,
      "end_time": 1136.42,
      "start_time": 1134.23
    },
    "target": {
      "act": "One, yeah.",
      "count": 1,
      "end_time": 1136.11,
      "start_time": 1135.02
    },
    "type": "Support/Possitive Assessment"
  },
  {
    "source": {
      "act": "Uh one is means highest ranking,",
      "count": 1,
      "end_time": 1139.72,
      "start_time": 1137.04
    },
    "target": {
      "act": "Yeah.",
      "count": 1,
      "end_time": 1139.64,
      "start_time": 1139.36
    },
    "type": "Support/Possitive Assessment"
  },
  {
    "source": {
      "act": "Yeah.",
      "count": 1,
      "end_time": 1139.64,
      "start_time": 1139.36
    },
    "target": {
      "act": "okay.",
      "count": 1,
      "end_time": 1140.5,
      "start_time": 1139.72
    },
    "type": "Support/Possitive Assessment"
  },
  {
    "source": {
      "act": "But I think highest ranking is seven,",
      "count": 1,
      "end_time": 1142.78,
      "start_time": 1140.5
    },
    "target": {
      "act": "No it's it's like true is one end, and false is the oth",
      "count": 1,
      "end_time": 1146.25,
      "start_time": 1142.66
    },
    "type": "Objection/Negative Assessment"
  },
  {
    "source": {
      "act": "But I think highest ranking is seven,",
      "count": 1,
      "end_time": 1142.78,
      "start_time": 1140.5
    },
    "target": {
      "act": "No that's false.",
      "count": 1,
      "end_time": 1144.45,
      "start_time": 1143.28
    },
    "type": "Support/Possitive Assessment"
  },
  {
    "source": {
      "act": "No it's it's like true is one end, and false is the oth",
      "count": 1,
      "end_time": 1146.25,
      "start_time": 1142.66
    },
    "target": {
      "act": "Okay, right right.",
      "count": 1,
      "end_time": 1147.25,
      "start_time": 1145.13
    },
    "type": "Support/Possitive Assessment"
  },
  {
    "source": {
      "act": "No it's it's like true is one end, and false is the oth",
      "count": 1,
      "end_time": 1146.25,
      "start_time": 1142.66
    },
    "target": {
      "act": "Okay, so one.",
      "count": 1,
      "end_time": 1147.58,
      "start_time": 1146.8
    },
    "type": "Support/Possitive Assessment"
  },
  {
    "source": {
      "act": "Okay, so one.",
      "count": 1,
      "end_time": 1147.58,
      "start_time": 1146.8
    },
    "target": {
      "act": "So it's one for from your point of view.",
      "count": 1,
      "end_time": 1151.08,
      "start_time": 1147.25
    },
    "type": "Support/Possitive Assessment"
  },
  {
    "source": {
      "act": "So it's one for from your point of view.",
      "count": 1,
      "end_time": 1151.08,
      "start_time": 1147.25
    },
    "target": {
      "act": "Yep.",
      "count": 1,
      "end_time": 1150.91,
      "start_time": 1150.63
    },
    "type": "Support/Possitive Assessment"
  },
  {
    "source": {
      "act": "And what do you say our Industrial Expert?",
      "count": 1,
      "end_time": 1156.01,
      "start_time": 1151.08
    },
    "target": {
      "act": "It's hard to know.",
      "count": 1,
      "end_time": 1158.51,
      "start_time": 1157.56
    },
    "type": "Uncertain"
  },
  {
    "source": {
      "act": "And what do you say our Industrial Expert?",
      "count": 1,
      "end_time": 1156.01,
      "start_time": 1151.08
    },
    "target": {
      "act": "I I give it a two.",
      "count": 1,
      "end_time": 1163.24,
      "start_time": 1158.51
    },
    "type": "Support/Possitive Assessment"
  },
  {
    "source": {
      "act": "whether the technology meets the requirements of the customers or not?",
      "count": 1,
      "end_time": 1177.18,
      "start_time": 1172.31
    },
    "target": {
      "act": "Um yeah, I think i it might even exceed it um.",
      "count": 1,
      "end_time": 1180.17,
      "start_time": 1176.52
    },
    "type": "Support/Possitive Assessment"
  },
  {
    "source": {
      "act": "I'm gonna give it a two.",
      "count": 1,
      "end_time": 1189.05,
      "start_time": 1186.22
    },
    "target": {
      "act": "Two.",
      "count": 1,
      "end_time": 1189.32,
      "start_time": 1188.51
    },
    "type": "Support/Possitive Assessment"
  },
  {
    "source": {
      "act": "Two.",
      "count": 1,
      "end_time": 1189.32,
      "start_time": 1188.51
    },
    "target": {
      "act": "Two.",
      "count": 1,
      "end_time": 1189.29,
      "start_time": 1189.05
    },
    "type": "Support/Possitive Assessment"
  },
  {
    "source": {
      "act": "And what about uh you, Brian?",
      "count": 1,
      "end_time": 1193.48,
      "start_time": 1189.32
    },
    "target": {
      "act": "Oh, I'll go for a one.",
      "count": 1,
      "end_time": 1193.42,
      "start_time": 1192.21
    },
    "type": "Support/Possitive Assessment"
  },
  {
    "source": {
      "act": "Oh, I'll go for a one.",
      "count": 1,
      "end_time": 1193.42,
      "start_time": 1192.21
    },
    "target": {
      "act": "You will go for one.",
      "count": 1,
      "end_time": 1195.74,
      "start_time": 1193.48
    },
    "type": "Support/Possitive Assessment"
  },
  {
    "source": {
      "act": "like we are having one banana design and the other one is orange,",
      "count": 1,
      "end_time": 1219.2,
      "start_time": 1214.51
    },
    "target": {
      "act": "yellow.",
      "count": 1,
      "end_time": 1220.39,
      "start_time": 1219.95
    },
    "type": "Objection/Negative Assessment"
  },
  {
    "source": {
      "act": "yellow.",
      "count": 1,
      "end_time": 1220.39,
      "start_time": 1219.95
    },
    "target": {
      "act": "Uh yeah, lower end.",
      "count": 1,
      "end_time": 1222.37,
      "start_time": 1220.9
    },
    "type": "Support/Possitive Assessment"
  },
  {
    "source": {
      "act": "So we are showing our preference for particular fruits,",
      "count": 1,
      "end_time": 1239.01,
      "start_time": 1235.77
    },
    "target": {
      "act": "Is that no is that not trends?",
      "count": 1,
      "end_time": 1243.99,
      "start_time": 1242.12
    },
    "type": "Uncertain"
  },
  {
    "source": {
      "act": "Is that no is that not trends?",
      "count": 1,
      "end_time": 1243.99,
      "start_time": 1242.12
    },
    "target": {
      "act": "Uh no, uh personally as a Marketing Expert I don't believe that,",
      "count": 1,
      "end_time": 1249.67,
      "start_time": 1244.69
    },
    "type": "Objection/Negative Assessment"
  },
  {
    "source": {
      "act": "So in this case giving only one or two choices we are lim limiting our customers.",
      "count": 1,
      "end_time": 1276.1,
      "start_time": 1270.98
    },
    "target": {
      "act": "But in electronics, I think, it's not q always quite so um you don't always have so many choices as with chocolates.",
      "count": 1,
      "end_time": 1287.95,
      "start_time": 1280.12
    },
    "type": "Objection/Negative Assessment"
  },
  {
    "source": {
      "act": "We were coming up with one product.",
      "count": 1,
      "end_time": 1300.87,
      "start_time": 1299.16
    },
    "target": {
      "act": "Uh maybe. Okay",
      "count": 1,
      "end_time": 1305.32,
      "start_time": 1303.92
    },
    "type": "Support/Possitive Assessment"
  },
  {
    "source": {
      "act": "Uh maybe. Okay",
      "count": 1,
      "end_time": 1305.32,
      "start_time": 1303.92
    },
    "target": {
      "act": "No, I mean uh obviously your opinion,",
      "count": 1,
      "end_time": 1308.18,
      "start_time": 1306.12
    },
    "type": "Support/Possitive Assessment"
  },
  {
    "source": {
      "act": "but I will I will personally won't give it beyond three.",
      "count": 1,
      "end_time": 1311.69,
      "start_time": 1305.32
    },
    "target": {
      "act": "Okay.",
      "count": 1,
      "end_time": 1311.53,
      "start_time": 1311.11
    },
    "type": "Support/Possitive Assessment"
  },
  {
    "source": {
      "act": "but I will I will personally won't give it beyond three.",
      "count": 1,
      "end_time": 1311.69,
      "start_time": 1305.32
    },
    "target": {
      "act": "He's a tough cookie.",
      "count": 1,
      "end_time": 1314.61,
      "start_time": 1313.74
    },
    "type": "Support/Possitive Assessment"
  },
  {
    "source": {
      "act": "it should be",
      "count": 1,
      "end_time": 1327.99,
      "start_time": 1325.82
    },
    "target": {
      "act": "Six. Five or six.",
      "count": 1,
      "end_time": 1327.8,
      "start_time": 1326.19
    },
    "type": "Support/Possitive Assessment"
  },
  {
    "source": {
      "act": "Six. Five or six.",
      "count": 1,
      "end_time": 1327.8,
      "start_time": 1326.19
    },
    "target": {
      "act": "No",
      "count": 1,
      "end_time": 1329.89,
      "start_time": 1329.48
    },
    "type": "Support/Possitive Assessment"
  },
  {
    "source": {
      "act": "Six. Five or six.",
      "count": 1,
      "end_time": 1327.8,
      "start_time": 1326.19
    },
    "target": {
      "act": "What are we doing?",
      "count": 1,
      "end_time": 1329.58,
      "start_time": 1328.92
    },
    "type": "Uncertain"
  },
  {
    "source": {
      "act": "What are we doing?",
      "count": 1,
      "end_time": 1330.73,
      "start_time": 1329.78
    },
    "target": {
      "act": "Adding them up?",
      "count": 1,
      "end_time": 1331.45,
      "start_time": 1330.84
    },
    "type": "Support/Possitive Assessment"
  },
  {
    "source": {
      "act": "we are doing a very wrong thing.",
      "count": 1,
      "end_time": 1333.26,
      "start_time": 1331.25
    },
    "target": {
      "act": "We're gonna average them?",
      "count": 1,
      "end_time": 1333.24,
      "start_time": 1332.19
    },
    "type": "Support/Possitive Assessment"
  },
  {
    "source": {
      "act": "We're gonna average them?",
      "count": 1,
      "end_time": 1333.24,
      "start_time": 1332.19
    },
    "target": {
      "act": "Yeah, yeah, we are taking everything,",
      "count": 1,
      "end_time": 1334.57,
      "start_time": 1333.26
    },
    "type": "Support/Possitive Assessment"
  },
  {
    "source": {
      "act": "Yeah, yeah, we are taking everything,",
      "count": 1,
      "end_time": 1334.57,
      "start_time": 1333.26
    },
    "target": {
      "act": "Okay. So seven fourths.",
      "count": 1,
      "end_time": 1337.27,
      "start_time": 1334.55
    },
    "type": "Support/Possitive Assessment"
  },
  {
    "source": {
      "act": "Yeah, yeah, we are taking everything,",
      "count": 1,
      "end_time": 1334.57,
      "start_time": 1333.26
    },
    "target": {
      "act": "Oh.",
      "count": 1,
      "end_time": 1335.22,
      "start_time": 1334.92
    },
    "type": "Support/Possitive Assessment"
  },
  {
    "source": {
      "act": "Okay. So seven fourths.",
      "count": 1,
      "end_time": 1337.27,
      "start_time": 1334.55
    },
    "target": {
      "act": "Yeah uh",
      "count": 1,
      "end_time": 1337.51,
      "start_time": 1336.77
    },
    "type": "Support/Possitive Assessment"
  },
  {
    "source": {
      "act": "About one point f one point eight.",
      "count": 1,
      "end_time": 1339.47,
      "start_time": 1337.27
    },
    "target": {
      "act": "Yeah one pe exactly.",
      "count": 1,
      "end_time": 1341.57,
      "start_time": 1340.23
    },
    "type": "Support/Possitive Assessment"
  },
  {
    "source": {
      "act": "So we can say one or two.",
      "count": 1,
      "end_time": 1344.56,
      "start_time": 1341.57
    },
    "target": {
      "act": "Okay.",
      "count": 1,
      "end_time": 1343.75,
      "start_time": 1343.52
    },
    "type": "Support/Possitive Assessment"
  },
  {
    "source": {
      "act": "So we can say one or two.",
      "count": 1,
      "end_time": 1344.56,
      "start_time": 1341.57
    },
    "target": {
      "act": "Okay.",
      "count": 1,
      "end_time": 1344.0,
      "start_time": 1343.64
    },
    "type": "Support/Possitive Assessment"
  },
  {
    "source": {
      "act": "because it is one point eight uh two, so we will do two.",
      "count": 1,
      "end_time": 1349.96,
      "start_time": 1344.56
    },
    "target": {
      "act": "Oh I see.",
      "count": 1,
      "end_time": 1346.81,
      "start_time": 1346.32
    },
    "type": "Support/Possitive Assessment"
  },
  {
    "source": {
      "act": "because it is one point eight uh two, so we will do two.",
      "count": 1,
      "end_time": 1349.96,
      "start_time": 1344.56
    },
    "target": {
      "act": "Yeah round it up to two.",
      "count": 1,
      "end_time": 1351.32,
      "start_time": 1349.01
    },
    "type": "Support/Possitive Assessment"
  },
  {
    "source": {
      "act": "because it is one point eight uh two, so we will do two.",
      "count": 1,
      "end_time": 1349.96,
      "start_time": 1344.56
    },
    "target": {
      "act": "Okay, yeah.",
      "count": 1,
      "end_time": 1351.03,
      "start_time": 1350.42
    },
    "type": "Support/Possitive Assessment"
  },
  {
    "source": {
      "act": "About one point f one point eight.",
      "count": 1,
      "end_time": 1339.47,
      "start_time": 1337.27
    },
    "target": {
      "act": "Can you explain what you want us to write there?",
      "count": 1,
      "end_time": 1356.58,
      "start_time": 1354.49
    },
    "type": "Uncertain"
  },
  {
    "source": {
      "act": "Can you explain what you want us to write there?",
      "count": 1,
      "end_time": 1356.58,
      "start_time": 1354.49
    },
    "target": {
      "act": "Sorry?",
      "count": 1,
      "end_time": 1357.73,
      "start_time": 1357.4
    },
    "type": "Uncertain"
  },
  {
    "source": {
      "act": "Sorry?",
      "count": 1,
      "end_time": 1357.73,
      "start_time": 1357.4
    },
    "target": {
      "act": "How it how conforms to the current trends?",
      "count": 1,
      "end_time": 1360.4,
      "start_time": 1358.12
    },
    "type": "Support/Possitive Assessment"
  },
  {
    "source": {
      "act": "How it how conforms to the current trends?",
      "count": 1,
      "end_time": 1360.4,
      "start_time": 1358.12
    },
    "target": {
      "act": "Yeah, again the the fashion trends,",
      "count": 1,
      "end_time": 1362.42,
      "start_time": 1360.38
    },
    "type": "Support/Possitive Assessment"
  },
  {
    "source": {
      "act": "this also like whether it it will be fashionable to have these products in the uh as a fruit shape or something.",
      "count": 1,
      "end_time": 1370.91,
      "start_time": 1362.42
    },
    "target": {
      "act": "Okay.",
      "count": 1,
      "end_time": 1371.09,
      "start_time": 1370.13
    },
    "type": "Support/Possitive Assessment"
  },
  {
    "source": {
      "act": "Three. Go for three.",
      "count": 1,
      "end_time": 1403.36,
      "start_time": 1401.84
    },
    "target": {
      "act": "Okay. Yeah.",
      "count": 1,
      "end_time": 1403.88,
      "start_time": 1402.12
    },
    "type": "Support/Possitive Assessment"
  },
  {
    "source": {
      "act": "So I give it a a four.",
      "count": 1,
      "end_time": 1426.96,
      "start_time": 1424.44
    },
    "target": {
      "act": "Um so yeah I'd say about four as well.",
      "count": 1,
      "end_time": 1451.61,
      "start_time": 1447.98
    },
    "type": "Support/Possitive Assessment"
  },
  {
    "source": {
      "act": "Um so yeah I'd say about four as well.",
      "count": 1,
      "end_time": 1451.61,
      "start_time": 1447.98
    },
    "target": {
      "act": "Okay.",
      "count": 1,
      "end_time": 1454.04,
      "start_time": 1452.0
    },
    "type": "Support/Possitive Assessment"
  },
  {
    "source": null,
    "target": {
      "act": "Is it fine?",
      "count": 1,
      "end_time": 1519.87,
      "start_time": 1518.3
    },
    "type": "Support/Possitive Assessment"
  },
  {
    "source": {
      "act": "Is it fine?",
      "count": 1,
      "end_time": 1519.87,
      "start_time": 1518.3
    },
    "target": {
      "act": "Yeah.",
      "count": 1,
      "end_time": 1520.93,
      "start_time": 1520.54
    },
    "type": "Support/Possitive Assessment"
  },
  {
    "source": {
      "act": "So what about company strategy?",
      "count": 1,
      "end_time": 1522.43,
      "start_time": 1519.87
    },
    "target": {
      "act": "Well it was yellow.",
      "count": 1,
      "end_time": 1527.3,
      "start_time": 1525.7
    },
    "type": "Support/Possitive Assessment"
  },
  {
    "source": {
      "act": "Um so I'd give the company strategy a two.",
      "count": 1,
      "end_time": 1545.58,
      "start_time": 1537.53
    },
    "target": {
      "act": "Okay.",
      "count": 1,
      "end_time": 1547.65,
      "start_time": 1546.96
    },
    "type": "Support/Possitive Assessment"
  },
  {
    "source": {
      "act": "Um there was lot of discussing, that was good.",
      "count": 1,
      "end_time": 1535.2,
      "start_time": 1531.7
    },
    "target": {
      "act": "Well, I think it's the the remote control conforms to the the company strategy.",
      "count": 1,
      "end_time": 1553.16,
      "start_time": 1547.34
    },
    "type": "Objection/Negative Assessment"
  },
  {
    "source": {
      "act": "Well, I think it's the the remote control conforms to the the company strategy.",
      "count": 1,
      "end_time": 1553.16,
      "start_time": 1547.34
    },
    "target": {
      "act": "Okay.",
      "count": 1,
      "end_time": 1554.33,
      "start_time": 1552.44
    },
    "type": "Support/Possitive Assessment"
  },
  {
    "source": {
      "act": "Well, I think it's the the remote control conforms to the the company strategy.",
      "count": 1,
      "end_time": 1553.16,
      "start_time": 1547.34
    },
    "target": {
      "act": "Yeah,",
      "count": 1,
      "end_time": 1554.06,
      "start_time": 1553.07
    },
    "type": "Support/Possitive Assessment"
  },
  {
    "source": {
      "act": "Is that the question?",
      "count": 1,
      "end_time": 1554.13,
      "start_time": 1553.16
    },
    "target": {
      "act": "yeah.",
      "count": 1,
      "end_time": 1554.52,
      "start_time": 1554.06
    },
    "type": "Support/Possitive Assessment"
  },
  {
    "source": {
      "act": "yeah.",
      "count": 1,
      "end_time": 1554.52,
      "start_time": 1554.06
    },
    "target": {
      "act": "Is it? Okay.",
      "count": 1,
      "end_time": 1555.19,
      "start_time": 1554.33
    },
    "type": "Support/Possitive Assessment"
  },
  {
    "source": {
      "act": "Okay, just leave it, it's fine.",
      "count": 1,
      "end_time": 1563.67,
      "start_time": 1561.83
    },
    "target": {
      "act": "I'll go with two.",
      "count": 1,
      "end_time": 1565.09,
      "start_time": 1564.42
    },
    "type": "Support/Possitive Assessment"
  },
  {
    "source": {
      "act": "So what about you, Brian?",
      "count": 1,
      "end_time": 1568.81,
      "start_time": 1567.25
    },
    "target": {
      "act": "Pretty much kept to the company strategy, so I would go for a a one, as we not only kept it, but we were limited by",
      "count": 1,
      "end_time": 1581.32,
      "start_time": 1572.87
    },
    "type": "Support/Possitive Assessment"
  },
  {
    "source": {
      "act": "Pretty much kept to the company strategy, so I would go for a a one, as we not only kept it, but we were limited by",
      "count": 1,
      "end_time": 1581.32,
      "start_time": 1572.87
    },
    "target": {
      "act": "Yeah, and me also,",
      "count": 1,
      "end_time": 1586.96,
      "start_time": 1583.81
    },
    "type": "Support/Possitive Assessment"
  },
  {
    "source": {
      "act": "So since our product meets all these requirements, so I would also prefer to give it rank one.",
      "count": 1,
      "end_time": 1607.0,
      "start_time": 1600.84
    },
    "target": {
      "act": "So one and a half.",
      "count": 1,
      "end_time": 1610.2,
      "start_time": 1608.72
    },
    "type": "Support/Possitive Assessment"
  },
  {
    "source": {
      "act": "So one and a half.",
      "count": 1,
      "end_time": 1610.2,
      "start_time": 1608.72
    },
    "target": {
      "act": "Yeah, one.",
      "count": 1,
      "end_time": 1611.36,
      "start_time": 1610.64
    },
    "type": "Support/Possitive Assessment"
  },
  {
    "source": {
      "act": "So we can say two or one",
      "count": 1,
      "end_time": 1615.51,
      "start_time": 1611.17
    },
    "target": {
      "act": "A two.",
      "count": 1,
      "end_time": 1615.1,
      "start_time": 1614.6
    },
    "type": "Support/Possitive Assessment"
  },
  {
    "source": {
      "act": "A two.",
      "count": 1,
      "end_time": 1615.1,
      "start_time": 1614.6
    },
    "target": {
      "act": "Okay.",
      "count": 1,
      "end_time": 1616.48,
      "start_time": 1615.51
    },
    "type": "Support/Possitive Assessment"
  },
  {
    "source": {
      "act": "but we can round it as two.",
      "count": 1,
      "end_time": 1631.88,
      "start_time": 1630.0
    },
    "target": {
      "act": "Yep.",
      "count": 1,
      "end_time": 1632.83,
      "start_time": 1632.38
    },
    "type": "Support/Possitive Assessment"
  },
  {
    "source": {
      "act": "but we can round it as two.",
      "count": 1,
      "end_time": 1631.88,
      "start_time": 1630.0
    },
    "target": {
      "act": "Okay.",
      "count": 1,
      "end_time": 1632.8,
      "start_time": 1632.5
    },
    "type": "Support/Possitive Assessment"
  },
  {
    "source": {
      "act": "but we can round it as two.",
      "count": 1,
      "end_time": 1631.88,
      "start_time": 1630.0
    },
    "target": {
      "act": "Cool, groovy.",
      "count": 1,
      "end_time": 1633.59,
      "start_time": 1632.93
    },
    "type": "Support/Possitive Assessment"
  },
  {
    "source": {
      "act": "Yeah. So I think overall uh evaluation of our product is quite good.",
      "count": 1,
      "end_time": 1638.99,
      "start_time": 1633.18
    },
    "target": {
      "act": "Cool.",
      "count": 1,
      "end_time": 1638.97,
      "start_time": 1638.71
    },
    "type": "Support/Possitive Assessment"
  },
  {
    "source": {
      "act": "So we can launch it. Yeah.",
      "count": 1,
      "end_time": 1641.8,
      "start_time": 1638.99
    },
    "target": {
      "act": "Brilliant.",
      "count": 1,
      "end_time": 1643.21,
      "start_time": 1641.94
    },
    "type": "Support/Possitive Assessment"
  },
  {
    "source": {
      "act": "So we can launch it. Yeah.",
      "count": 1,
      "end_time": 1641.8,
      "start_time": 1638.99
    },
    "target": {
      "act": "Woo-hoo.",
      "count": 1,
      "end_time": 1642.5,
      "start_time": 1642.02
    },
    "type": "Support/Possitive Assessment"
  },
  {
    "source": {
      "act": "'Cause we've evaluated and we are within budget.",
      "count": 1,
      "end_time": 1656.51,
      "start_time": 1653.88
    },
    "target": {
      "act": "Okay.",
      "count": 1,
      "end_time": 1659.63,
      "start_time": 1659.27
    },
    "type": "Support/Possitive Assessment"
  },
  {
    "source": {
      "act": "'Cause we've evaluated and we are within budget.",
      "count": 1,
      "end_time": 1656.51,
      "start_time": 1653.88
    },
    "target": {
      "act": "Cool.",
      "count": 1,
      "end_time": 1659.09,
      "start_time": 1658.83
    },
    "type": "Support/Possitive Assessment"
  }
]