[
  {
    "dialog_act": "Uh oh I've forgotten to mail you the minutes, but I will do.",
    "dialog_act_end_id": 6,
    "dialog_act_start_id": 5,
    "speaker_id": "C",
    "type": {
      "main_type": "Task",
      "sub_type": "Inform"
    }
  },
  {
    "dialog_act": "Um Will you guys first with your prototype um before we get to the good news?",
    "dialog_act_end_id": 12,
    "dialog_act_start_id": 12,
    "speaker_id": "C",
    "type": {
      "main_type": "Task",
      "sub_type": "Suggest"
    }
  },
  {
    "dialog_act": "Okay, have you got a presentation to make?",
    "dialog_act_end_id": 20,
    "dialog_act_start_id": 20,
    "speaker_id": "C",
    "type": {
      "main_type": "Elicit",
      "sub_type": "Elicit-Inform"
    }
  },
  {
    "dialog_act": "No, not mine yet.",
    "dialog_act_end_id": 5,
    "dialog_act_start_id": 5,
    "speaker_id": "B",
    "type": {
      "main_type": "Task",
      "sub_type": "Inform"
    }
  },
  {
    "dialog_act": "We made three for you.",
    "dialog_act_end_id": 6,
    "dialog_act_start_id": 6,
    "speaker_id": "D",
    "type": {
      "main_type": "Task",
      "sub_type": "Inform"
    }
  },
  {
    "dialog_act": "Um one's based on the banana, one's based on the tomato",
    "dialog_act_end_id": 8,
    "dialog_act_start_id": 8,
    "speaker_id": "D",
    "type": {
      "main_type": "Task",
      "sub_type": "Inform"
    }
  },
  {
    "dialog_act": "so this is the um non to non uh no buttons one, or as mm few buttons as possible, mainly speak recognition.",
    "dialog_act_end_id": 14,
    "dialog_act_start_id": 12,
    "speaker_id": "D",
    "type": {
      "main_type": "Task",
      "sub_type": "Inform"
    }
  },
  {
    "dialog_act": "If you do need buttons, you can flip it over, and there's some there,",
    "dialog_act_end_id": 19,
    "dialog_act_start_id": 19,
    "speaker_id": "D",
    "type": {
      "main_type": "Task",
      "sub_type": "Inform"
    }
  },
  {
    "dialog_act": "Well I like the feel of it, I like the feel of it.",
    "dialog_act_end_id": 39,
    "dialog_act_start_id": 39,
    "speaker_id": "C",
    "type": {
      "main_type": "Task",
      "sub_type": "Assess"
    }
  },
  {
    "dialog_act": "but that's the that yellow stand there represents the the charging stand. Um the black on the back is the slogan.",
    "dialog_act_end_id": 34,
    "dialog_act_start_id": 33,
    "speaker_id": "D",
    "type": {
      "main_type": "Task",
      "sub_type": "Inform"
    }
  },
  {
    "dialog_act": "but also we're gonna have the company name on the front, which is the little black kind of line in the middle.",
    "dialog_act_end_id": 38,
    "dialog_act_start_id": 38,
    "speaker_id": "D",
    "type": {
      "main_type": "Task",
      "sub_type": "Inform"
    }
  },
  {
    "dialog_act": "These are the s two scroll ones which we thought could be channel up and down and volume up and down.",
    "dialog_act_end_id": 40,
    "dialog_act_start_id": 40,
    "speaker_id": "D",
    "type": {
      "main_type": "Task",
      "sub_type": "Inform"
    }
  },
  {
    "dialog_act": "it does actually feel quite ergonomic,",
    "dialog_act_end_id": 46,
    "dialog_act_start_id": 46,
    "speaker_id": "D",
    "type": {
      "main_type": "Task",
      "sub_type": "Inform"
    }
  },
  {
    "dialog_act": "It would have to be a bit bigger.",
    "dialog_act_end_id": 49,
    "dialog_act_start_id": 49,
    "speaker_id": "D",
    "type": {
      "main_type": "Task",
      "sub_type": "Inform"
    }
  },
  {
    "dialog_act": "Um, obviously I don't think that's real sized.",
    "dialog_act_end_id": 48,
    "dialog_act_start_id": 48,
    "speaker_id": "D",
    "type": {
      "main_type": "Task",
      "sub_type": "Inform"
    }
  },
  {
    "dialog_act": "Um that's a speaker at the top,",
    "dialog_act_end_id": 51,
    "dialog_act_start_id": 51,
    "speaker_id": "D",
    "type": {
      "main_type": "Task",
      "sub_type": "Inform"
    }
  },
  {
    "dialog_act": "Oh that's the charging base prongs at the bottom.",
    "dialog_act_end_id": 57,
    "dialog_act_start_id": 57,
    "speaker_id": "D",
    "type": {
      "main_type": "Task",
      "sub_type": "Inform"
    }
  },
  {
    "dialog_act": "And um then the big red button in the middle is the on and off one.",
    "dialog_act_end_id": 59,
    "dialog_act_start_id": 59,
    "speaker_id": "D",
    "type": {
      "main_type": "Task",
      "sub_type": "Inform"
    }
  },
  {
    "dialog_act": "and and um we have the banana-based one too.",
    "dialog_act_end_id": 63,
    "dialog_act_start_id": 63,
    "speaker_id": "D",
    "type": {
      "main_type": "Task",
      "sub_type": "Inform"
    }
  },
  {
    "dialog_act": "This one is uh, I suppose for the younger audiences.",
    "dialog_act_end_id": 21,
    "dialog_act_start_id": 21,
    "speaker_id": "A",
    "type": {
      "main_type": "Task",
      "sub_type": "Inform"
    }
  },
  {
    "dialog_act": "Well, nice to have uh options at least.",
    "dialog_act_end_id": 64,
    "dialog_act_start_id": 64,
    "speaker_id": "C",
    "type": {
      "main_type": "Task",
      "sub_type": "Assess"
    }
  },
  {
    "dialog_act": "So are there any um improvements or issues or",
    "dialog_act_end_id": 69,
    "dialog_act_start_id": 69,
    "speaker_id": "D",
    "type": {
      "main_type": "Elicit",
      "sub_type": "Elicit-Assessment"
    }
  },
  {
    "dialog_act": "Um main problem that we have unfortunately being finance. Uh, let's just enter in the um evaluation criteria.",
    "dialog_act_end_id": 68,
    "dialog_act_start_id": 67,
    "speaker_id": "C",
    "type": {
      "main_type": "Task",
      "sub_type": "Inform"
    }
  },
  {
    "dialog_act": "the unit we are currently going to produce minus the extra scroll buttons, uh it's gonna cost us fourteen point six Euros.",
    "dialog_act_end_id": 70,
    "dialog_act_start_id": 70,
    "speaker_id": "C",
    "type": {
      "main_type": "Task",
      "sub_type": "Inform"
    }
  },
  {
    "dialog_act": "So basically, um in order to save our two Euros um I was thinking that we could have essentially the same shape, but just have it flattened.",
    "dialog_act_end_id": 79,
    "dialog_act_start_id": 79,
    "speaker_id": "C",
    "type": {
      "main_type": "Task",
      "sub_type": "Suggest"
    }
  },
  {
    "dialog_act": "Doesn't save us quite as much.",
    "dialog_act_end_id": 87,
    "dialog_act_start_id": 87,
    "speaker_id": "C",
    "type": {
      "main_type": "Task",
      "sub_type": "Inform"
    }
  },
  {
    "dialog_act": "W why is the uh double curved two of them?",
    "dialog_act_end_id": 37,
    "dialog_act_start_id": 37,
    "speaker_id": "A",
    "type": {
      "main_type": "Elicit",
      "sub_type": "Elicit-Inform"
    }
  },
  {
    "dialog_act": "Oh, good point.",
    "dialog_act_end_id": 88,
    "dialog_act_start_id": 88,
    "speaker_id": "C",
    "type": {
      "main_type": "Task",
      "sub_type": "Assess"
    }
  },
  {
    "dialog_act": "I think it means double curved as in um like uh a single curve on that bottom half, and the double curved would be if it was that similar curve upward.",
    "dialog_act_end_id": 93,
    "dialog_act_start_id": 92,
    "speaker_id": "C",
    "type": {
      "main_type": "Task",
      "sub_type": "Inform"
    }
  },
  {
    "dialog_act": "and why why I've got it two, I don't know,",
    "dialog_act_end_id": 98,
    "dialog_act_start_id": 98,
    "speaker_id": "C",
    "type": {
      "main_type": "Task",
      "sub_type": "Inform"
    }
  },
  {
    "dialog_act": "But you think it should be one.",
    "dialog_act_end_id": 47,
    "dialog_act_start_id": 47,
    "speaker_id": "A",
    "type": {
      "main_type": "Elicit",
      "sub_type": "Elicit-Inform"
    }
  },
  {
    "dialog_act": "Um okay, so that would take away three, which would give us",
    "dialog_act_end_id": 108,
    "dialog_act_start_id": 108,
    "speaker_id": "C",
    "type": {
      "main_type": "Task",
      "sub_type": "Inform"
    }
  },
  {
    "dialog_act": "Eleven uh eleven Euros sixty.",
    "dialog_act_end_id": 110,
    "dialog_act_start_id": 110,
    "speaker_id": "C",
    "type": {
      "main_type": "Task",
      "sub_type": "Inform"
    }
  },
  {
    "dialog_act": "So we could even add something.",
    "dialog_act_end_id": 85,
    "dialog_act_start_id": 85,
    "speaker_id": "D",
    "type": {
      "main_type": "Task",
      "sub_type": "Suggest"
    }
  },
  {
    "dialog_act": "Ah yeah, we could add things.",
    "dialog_act_end_id": 54,
    "dialog_act_start_id": 54,
    "speaker_id": "A",
    "type": {
      "main_type": "Task",
      "sub_type": "Suggest"
    }
  },
  {
    "dialog_act": "Yeah, if we're happy with the design there's no point in spending money, if we don't have to.",
    "dialog_act_end_id": 91,
    "dialog_act_start_id": 91,
    "speaker_id": "D",
    "type": {
      "main_type": "Task",
      "sub_type": "Assess"
    }
  },
  {
    "dialog_act": "Project process, how do we think that went?",
    "dialog_act_end_id": 139,
    "dialog_act_start_id": 139,
    "speaker_id": "C",
    "type": {
      "main_type": "Elicit",
      "sub_type": "Elicit-Assessment"
    }
  },
  {
    "dialog_act": "Yeah I think we have a a winning product.",
    "dialog_act_end_id": 64,
    "dialog_act_start_id": 64,
    "speaker_id": "A",
    "type": {
      "main_type": "Task",
      "sub_type": "Assess"
    }
  },
  {
    "dialog_act": "Uh room for creativity, were we happy with that?",
    "dialog_act_end_id": 144,
    "dialog_act_start_id": 144,
    "speaker_id": "C",
    "type": {
      "main_type": "Elicit",
      "sub_type": "Elicit-Assessment"
    }
  },
  {
    "dialog_act": "W I think we were very creative.",
    "dialog_act_end_id": 98,
    "dialog_act_start_id": 98,
    "speaker_id": "D",
    "type": {
      "main_type": "Task",
      "sub_type": "Assess"
    }
  },
  {
    "dialog_act": "Leadership,",
    "dialog_act_end_id": 153,
    "dialog_act_start_id": 153,
    "speaker_id": "C",
    "type": {
      "main_type": "Elicit",
      "sub_type": "Elicit-Assessment"
    }
  },
  {
    "dialog_act": "Great leadership.",
    "dialog_act_end_id": 66,
    "dialog_act_start_id": 66,
    "speaker_id": "A",
    "type": {
      "main_type": "Task",
      "sub_type": "Assess"
    }
  },
  {
    "dialog_act": "Uh teamwork. I thought went well.",
    "dialog_act_end_id": 158,
    "dialog_act_start_id": 158,
    "speaker_id": "C",
    "type": {
      "main_type": "Task",
      "sub_type": "Assess"
    }
  },
  {
    "dialog_act": "Yeah, everyone got enough input, I think.",
    "dialog_act_end_id": 102,
    "dialog_act_start_id": 102,
    "speaker_id": "D",
    "type": {
      "main_type": "Task",
      "sub_type": "Assess"
    }
  },
  {
    "dialog_act": "These pens are are neat though.",
    "dialog_act_end_id": 69,
    "dialog_act_start_id": 69,
    "speaker_id": "A",
    "type": {
      "main_type": "Task",
      "sub_type": "Assess"
    }
  },
  {
    "dialog_act": "Yeah, these are new ideas, like glow-in-the-dark or something like that.",
    "dialog_act_end_id": 49,
    "dialog_act_start_id": 49,
    "speaker_id": "B",
    "type": {
      "main_type": "Task",
      "sub_type": "Assess"
    }
  },
  {
    "dialog_act": "So just general thumbs up for all of us then.",
    "dialog_act_end_id": 167,
    "dialog_act_start_id": 167,
    "speaker_id": "C",
    "type": {
      "main_type": "Task",
      "sub_type": "Assess"
    }
  },
  {
    "dialog_act": "Uh Brian, have you have you finished?",
    "dialog_act_end_id": 65,
    "dialog_act_start_id": 65,
    "speaker_id": "B",
    "type": {
      "main_type": "Elicit",
      "sub_type": "Elicit-Inform"
    }
  },
  {
    "dialog_act": "At last mine is also the presentation.",
    "dialog_act_end_id": 63,
    "dialog_act_start_id": 63,
    "speaker_id": "B",
    "type": {
      "main_type": "Task",
      "sub_type": "Inform"
    }
  },
  {
    "dialog_act": "Oh, you got a presentation,",
    "dialog_act_end_id": 112,
    "dialog_act_start_id": 112,
    "speaker_id": "D",
    "type": {
      "main_type": "Task",
      "sub_type": "Assess"
    }
  },
  {
    "dialog_act": "we forgot to mention it'll be made out of kind of a rubbery latex, new material that we've got.",
    "dialog_act_end_id": 122,
    "dialog_act_start_id": 121,
    "speaker_id": "D",
    "type": {
      "main_type": "Task",
      "sub_type": "Inform"
    }
  },
  {
    "dialog_act": "So now is the final evaluation, final evaluation of the uh uh of our product.",
    "dialog_act_end_id": 73,
    "dialog_act_start_id": 73,
    "speaker_id": "B",
    "type": {
      "main_type": "Task",
      "sub_type": "Inform"
    }
  },
  {
    "dialog_act": "whether it meets our standards or not.",
    "dialog_act_end_id": 79,
    "dialog_act_start_id": 79,
    "speaker_id": "B",
    "type": {
      "main_type": "Task",
      "sub_type": "Inform"
    }
  },
  {
    "dialog_act": "w we together have to decide wha what rating we will give to this product and everything.",
    "dialog_act_end_id": 81,
    "dialog_act_start_id": 81,
    "speaker_id": "B",
    "type": {
      "main_type": "Task",
      "sub_type": "Inform"
    }
  },
  {
    "dialog_act": "We will give the rating to this product based on the user requirements, whether it meets the user requirements or not, this product. Then trends, whether it is as fashion trends or not?",
    "dialog_act_end_id": 84,
    "dialog_act_start_id": 83,
    "speaker_id": "B",
    "type": {
      "main_type": "Task",
      "sub_type": "Inform"
    }
  },
  {
    "dialog_act": "Then marketing strategy of the company.",
    "dialog_act_end_id": 87,
    "dialog_act_start_id": 87,
    "speaker_id": "B",
    "type": {
      "main_type": "Task",
      "sub_type": "Inform"
    }
  },
  {
    "dialog_act": "Now comes the criteria rating with seven point scale.",
    "dialog_act_end_id": 95,
    "dialog_act_start_id": 95,
    "speaker_id": "B",
    "type": {
      "main_type": "Task",
      "sub_type": "Inform"
    }
  },
  {
    "dialog_act": "what do you think whether it meets all user requirements or not?",
    "dialog_act_end_id": 107,
    "dialog_act_start_id": 107,
    "speaker_id": "B",
    "type": {
      "main_type": "Elicit",
      "sub_type": "Elicit-Assessment"
    }
  },
  {
    "dialog_act": "It had all the basic buttons that they needed as well as the uh new technology that people said they wanted.",
    "dialog_act_end_id": 140,
    "dialog_act_start_id": 140,
    "speaker_id": "D",
    "type": {
      "main_type": "Task",
      "sub_type": "Inform"
    }
  },
  {
    "dialog_act": "Seven is good, yeah, isn't it?",
    "dialog_act_end_id": 145,
    "dialog_act_start_id": 145,
    "speaker_id": "D",
    "type": {
      "main_type": "Elicit",
      "sub_type": "Elicit-Inform"
    }
  },
  {
    "dialog_act": "True or false?",
    "dialog_act_end_id": 147,
    "dialog_act_start_id": 147,
    "speaker_id": "D",
    "type": {
      "main_type": "Other",
      "sub_type": "Other"
    }
  },
  {
    "dialog_act": "Uh one is means highest ranking,",
    "dialog_act_end_id": 112,
    "dialog_act_start_id": 112,
    "speaker_id": "B",
    "type": {
      "main_type": "Elicit",
      "sub_type": "Elicit-Inform"
    }
  },
  {
    "dialog_act": "So it's one for from your point of view.",
    "dialog_act_end_id": 117,
    "dialog_act_start_id": 117,
    "speaker_id": "B",
    "type": {
      "main_type": "Task",
      "sub_type": "Assess"
    }
  },
  {
    "dialog_act": "I'm gonna give it a two.",
    "dialog_act_end_id": 98,
    "dialog_act_start_id": 98,
    "speaker_id": "A",
    "type": {
      "main_type": "Task",
      "sub_type": "Assess"
    }
  },
  {
    "dialog_act": "Oh, I'll go for a one.",
    "dialog_act_end_id": 216,
    "dialog_act_start_id": 216,
    "speaker_id": "C",
    "type": {
      "main_type": "Task",
      "sub_type": "Assess"
    }
  },
  {
    "dialog_act": "Uh for me personally it is everything fine,",
    "dialog_act_end_id": 127,
    "dialog_act_start_id": 127,
    "speaker_id": "B",
    "type": {
      "main_type": "Task",
      "sub_type": "Assess"
    }
  },
  {
    "dialog_act": "but there is one thing which limits the customers, like we are having only two, three designs,",
    "dialog_act_end_id": 130,
    "dialog_act_start_id": 129,
    "speaker_id": "B",
    "type": {
      "main_type": "Elicit",
      "sub_type": "Elicit-Assessment"
    }
  },
  {
    "dialog_act": "But if a person doesn't like banana, or orange, you are limiting him.",
    "dialog_act_end_id": 135,
    "dialog_act_start_id": 135,
    "speaker_id": "B",
    "type": {
      "main_type": "Task",
      "sub_type": "Assess"
    }
  },
  {
    "dialog_act": "So we are showing our preference for particular fruits,",
    "dialog_act_end_id": 137,
    "dialog_act_start_id": 137,
    "speaker_id": "B",
    "type": {
      "main_type": "Task",
      "sub_type": "Assess"
    }
  },
  {
    "dialog_act": "Is that no is that not trends?",
    "dialog_act_end_id": 157,
    "dialog_act_start_id": 157,
    "speaker_id": "D",
    "type": {
      "main_type": "Elicit",
      "sub_type": "Elicit-Assessment"
    }
  },
  {
    "dialog_act": "because whatever companies they launch their products in the shape of fruits, they give a range of products, a range of shapes,",
    "dialog_act_end_id": 143,
    "dialog_act_start_id": 143,
    "speaker_id": "B",
    "type": {
      "main_type": "Task",
      "sub_type": "Inform"
    }
  },
  {
    "dialog_act": "But in electronics, I think, it's not q always quite so um you don't always have so many choices as with chocolates.",
    "dialog_act_end_id": 161,
    "dialog_act_start_id": 161,
    "speaker_id": "D",
    "type": {
      "main_type": "Task",
      "sub_type": "Assess"
    }
  },
  {
    "dialog_act": "we are doing a very wrong thing.",
    "dialog_act_end_id": 160,
    "dialog_act_start_id": 160,
    "speaker_id": "B",
    "type": {
      "main_type": "Task",
      "sub_type": "Assess"
    }
  },
  {
    "dialog_act": "We're gonna average them?",
    "dialog_act_end_id": 108,
    "dialog_act_start_id": 108,
    "speaker_id": "A",
    "type": {
      "main_type": "Elicit",
      "sub_type": "Elicit-Inform"
    }
  },
  {
    "dialog_act": "About one point f one point eight.",
    "dialog_act_end_id": 110,
    "dialog_act_start_id": 110,
    "speaker_id": "A",
    "type": {
      "main_type": "Task",
      "sub_type": "Inform"
    }
  },
  {
    "dialog_act": "I have taken it very wrongly.",
    "dialog_act_end_id": 163,
    "dialog_act_start_id": 163,
    "speaker_id": "B",
    "type": {
      "main_type": "Task",
      "sub_type": "Assess"
    }
  },
  {
    "dialog_act": "Well um going on uh the specifications that we had, that fruit and vegetables are quite popular, and that people like something that is good to look at and not many buttons, I would give it um,",
    "dialog_act_end_id": 174,
    "dialog_act_start_id": 174,
    "speaker_id": "D",
    "type": {
      "main_type": "Task",
      "sub_type": "Assess"
    }
  },
  {
    "dialog_act": "so I would actually give it a three.",
    "dialog_act_end_id": 176,
    "dialog_act_start_id": 176,
    "speaker_id": "D",
    "type": {
      "main_type": "Task",
      "sub_type": "Assess"
    }
  },
  {
    "dialog_act": "'Kay. As far as the uh technology it its' got the latest trends in speech technology,",
    "dialog_act_end_id": 118,
    "dialog_act_start_id": 118,
    "speaker_id": "A",
    "type": {
      "main_type": "Task",
      "sub_type": "Assess"
    }
  },
  {
    "dialog_act": "um but it doesn't have that fancy solar power or the the vibrating energy mechanism.",
    "dialog_act_end_id": 121,
    "dialog_act_start_id": 121,
    "speaker_id": "A",
    "type": {
      "main_type": "Task",
      "sub_type": "Assess"
    }
  },
  {
    "dialog_act": "it might be trendy to some, but I'm just not swallowing the fruit,",
    "dialog_act_end_id": 236,
    "dialog_act_start_id": 236,
    "speaker_id": "C",
    "type": {
      "main_type": "Task",
      "sub_type": "Assess"
    }
  },
  {
    "dialog_act": "well, because it's hard to make a fruit good to look at, that that looks cool, you know,",
    "dialog_act_end_id": 175,
    "dialog_act_start_id": 175,
    "speaker_id": "D",
    "type": {
      "main_type": "Task",
      "sub_type": "Assess"
    }
  },
  {
    "dialog_act": "It is cus spongy also.",
    "dialog_act_end_id": 191,
    "dialog_act_start_id": 191,
    "speaker_id": "B",
    "type": {
      "main_type": "Task",
      "sub_type": "Assess"
    }
  },
  {
    "dialog_act": "Uh personally I wi uh I think that in terms of trends, these products are quite good,",
    "dialog_act_end_id": 181,
    "dialog_act_start_id": 181,
    "speaker_id": "B",
    "type": {
      "main_type": "Task",
      "sub_type": "Assess"
    }
  },
  {
    "dialog_act": "So what about company strategy?",
    "dialog_act_end_id": 197,
    "dialog_act_start_id": 197,
    "speaker_id": "B",
    "type": {
      "main_type": "Elicit",
      "sub_type": "Elicit-Assessment"
    }
  },
  {
    "dialog_act": "Well, I think it's the the remote control conforms to the the company strategy.",
    "dialog_act_end_id": 129,
    "dialog_act_start_id": 129,
    "speaker_id": "A",
    "type": {
      "main_type": "Task",
      "sub_type": "Inform"
    }
  },
  {
    "dialog_act": "Pretty much kept to the company strategy, so I would go for a a one, as we not only kept it, but we were limited by",
    "dialog_act_end_id": 248,
    "dialog_act_start_id": 248,
    "speaker_id": "C",
    "type": {
      "main_type": "Task",
      "sub_type": "Assess"
    }
  },
  {
    "dialog_act": "Uh overall we are getting two something,",
    "dialog_act_end_id": 209,
    "dialog_act_start_id": 209,
    "speaker_id": "B",
    "type": {
      "main_type": "Task",
      "sub_type": "Inform"
    }
  },
  {
    "dialog_act": "So we can launch it. Yeah.",
    "dialog_act_end_id": 212,
    "dialog_act_start_id": 212,
    "speaker_id": "B",
    "type": {
      "main_type": "Task",
      "sub_type": "Suggest"
    }
  },
  {
    "dialog_act": "'Cause we've evaluated and we are within budget.",
    "dialog_act_end_id": 256,
    "dialog_act_start_id": 256,
    "speaker_id": "C",
    "type": {
      "main_type": "Task",
      "sub_type": "Inform"
    }
  }
]