[
  {
    "segments": [
      {
        "end_time": 1333.104,
        "segment": "Can we uh power a light in this? Can we get a strong enough battery to power a light?",
        "start_time": 1327.904
      },
      {
        "end_time": 1340.532,
        "segment": "Um I think we could because the L_C_D_ panel requires power, and the L_C_D_ is a form of a light so that",
        "start_time": 1333.248
      },
      {
        "end_time": 1339.568,
        "segment": "Mm.",
        "start_time": 1339.072
      },
      {
        "end_time": 1343.824,
        "segment": "Okay. So maybe one of the things we can just try and include is a really good battery.",
        "start_time": 1339.047
      },
      {
        "end_time": 1347.26,
        "segment": "Why what kind of light do you want are you thinking of?",
        "start_time": 1344.352
      },
      {
        "end_time": 1365.828,
        "segment": "Well I mean I'm thinking it might be That for uh this to be a high-tech thing it's gonna have to have something high-tech about it and that's gonna take battery power, and to make that to make that a realistic goal I think one of the issues that will come up later is, can the battery power it?",
        "start_time": 1346.72
      },
      {
        "end_time": 1356.448,
        "segment": "Uh-huh. Yeah.",
        "start_time": 1353.408
      },
      {
        "end_time": 1375.632,
        "segment": "Are you thinking are you thinking of of a light in the sense of um a light light, or a light in the sense of it glows kind of you know Frankenstein, it's alive.",
        "start_time": 1364.608
      },
      {
        "end_time": 1390.704,
        "segment": "Illuminate the buttons. Yeah it glows. Well m I'm thinking along the lines of you're you're in the dark watching a D_V_D_ and you um you find the thing in the dark and you go like this, and that's what everybody does. Oh where's the volume button in the dark, and uh y you just touch it, or you just pick it up, and it lights up or something.",
        "start_time": 1371.712
      },
      {
        "end_time": 1379.536,
        "segment": "Okay.",
        "start_time": 1378.97
      },
      {
        "end_time": 1386.754,
        "segment": "Yeah yeah yeah.",
        "start_time": 1385.984
      },
      {
        "end_time": 1387.071,
        "segment": "Okay.",
        "start_time": 1386.4
      },
      {
        "end_time": 1394.565,
        "segment": "Like a phone yeah, like the backlight in a phone. Okay cool.",
        "start_time": 1390.624
      },
      {
        "end_time": 1391.76,
        "segment": "Okay.",
        "start_time": 1391.36
      },
      {
        "end_time": 1404.691,
        "segment": "Like a phone, yeah yeah. Whereas with phones, people charge them once a week. We're gonna need to put in a really good battery so people don't have to charge their r remote control every few days.",
        "start_time": 1391.712
      },
      {
        "end_time": 1397.504,
        "segment": "Yeah.",
        "start_time": 1396.944
      },
      {
        "end_time": 1410.278,
        "segment": "Um that's why I think the option of the the kinetic thing which basically means as long as you shake it like a watch, like an automatic watch",
        "start_time": 1404.368
      },
      {
        "end_time": 1411.296,
        "segment": "But are people gonna wanna shake their movie controller?",
        "start_time": 1409.36
      },
      {
        "end_time": 1410.398,
        "segment": "Mm.",
        "start_time": 1409.597
      },
      {
        "end_time": 1425.776,
        "segment": "um it's probably sensitive enough when you fiddle it. So you could trigger that to a light, like I said the bouncing ball thing, or you could trigger that to use that to power the light as opposed to so when they pick it up, right, and then that that sorta triggers the",
        "start_time": 1411.536
      },
      {
        "end_time": 1415.808,
        "segment": "Right. Sure.",
        "start_time": 1414.272
      },
      {
        "end_time": 1419.387,
        "segment": "Mm. Okay.",
        "start_time": 1415.52
      },
      {
        "end_time": 1422.408,
        "segment": "Okay. Right.",
        "start_time": 1420.564
      },
      {
        "end_time": 1424.448,
        "segment": "Okay.",
        "start_time": 1423.734
      },
      {
        "end_time": 1425.52,
        "segment": "Mm-hmm.",
        "start_time": 1425.168
      }
    ],
    "type": "Light option"
  },
  {
    "segments": [
      {
        "end_time": 1589.331,
        "segment": "Is there a particular shape that you're interested in? Like does marketing have any research on does it need to be long? Does it need with a square thing wha",
        "start_time": 1578.64
      },
      {
        "end_time": 0.0,
        "segment": false,
        "start_time": 99999999.99
      },
      {
        "end_time": 1590.368,
        "segment": "Oh you know like in circular in shape or",
        "start_time": 1587.616
      },
      {
        "end_time": 1593.472,
        "segment": "Yeah 'cause that will n help narrow down the choice of",
        "start_time": 1590.288
      },
      {
        "end_time": 1593.76,
        "segment": "Yeah.",
        "start_time": 1593.392
      },
      {
        "end_time": 1611.107,
        "segment": "Choice of material yeah. 'Cause I I I was kinda thinking about as well you know how you get these shock resistant mobile phones, and they're plastic but then also have like rubber on the outside, and it kinda feels it feels kind of warmer to the touch. It feels a bit more comfortable, and maybe we could incorporate plastic and rubber",
        "start_time": 1593.84
      },
      {
        "end_time": 1598.738,
        "segment": "Like fruit. I'm thinking fruits in my head, but that's tacky.",
        "start_time": 1594.334
      },
      {
        "end_time": 1596.654,
        "segment": "See I'm",
        "start_time": 1595.952
      },
      {
        "end_time": 1607.456,
        "segment": "Yeah.",
        "start_time": 1607.063
      },
      {
        "end_time": 1631.184,
        "segment": "into it. And then then we could have curved shapes, 'cause wood or titanium, yeah, it's gonna have to be boxy and rectangular and I think we might be moving away from that you know so um Well I'm do we really want it in like the shape of a lemon or no I don't think we do either.",
        "start_time": 1611.107
      },
      {
        "end_time": 1641.873,
        "segment": "No no no not at all. It's more more just that we we think about like what it is we're trying to achieve, so and then we have one one sorta theme that we stick with. Do you know what I mean?",
        "start_time": 1628.681
      },
      {
        "end_time": 1647.04,
        "segment": "Okay right well um so thoughts about the actual shape of the thing.",
        "start_time": 1641.264
      },
      {
        "end_time": 0.0,
        "segment": false,
        "start_time": 99999999.99
      },
      {
        "end_time": 1650.048,
        "segment": "I'd quite like a sort of uh snowman type shape.",
        "start_time": 1647.7
      },
      {
        "end_time": 1651.056,
        "segment": "A snowman shape?",
        "start_time": 1650.032
      },
      {
        "end_time": 1657.072,
        "segment": "Um so a p sort of larger bit sits in your hand, and then you got maybe another bubble at the top for just any other function you need.",
        "start_time": 1651.216
      },
      {
        "end_time": 1659.808,
        "segment": "Uh-huh. That's quite a distinctive shape, that would be good wouldn't it.",
        "start_time": 1653.12
      },
      {
        "end_time": 1661.2,
        "segment": "Right, sure. Yeah.",
        "start_time": 1657.643
      },
      {
        "end_time": 1664.144,
        "segment": "Yeah so yeah should we go with that?",
        "start_time": 1661.248
      },
      {
        "end_time": 1669.072,
        "segment": "Um can we yeah like to and wha like do you have a",
        "start_time": 1664.208
      },
      {
        "end_time": 1671.463,
        "segment": "Do you wanna draw it on the board?",
        "start_time": 1669.738
      },
      {
        "end_time": 0.0,
        "segment": false,
        "start_time": 99999999.99
      },
      {
        "end_time": 1672.832,
        "segment": "Can you like yeah just t we can visualize it.",
        "start_time": 1670.056
      },
      {
        "end_time": 1700.912,
        "segment": "Um something like that um you got two groups there um maybe it could fold up and you get a third group inside or uh you have volume controls about there.",
        "start_time": 1690.752
      },
      {
        "end_time": 1696.76,
        "segment": "Okay.",
        "start_time": 1696.168
      },
      {
        "end_time": 1697.536,
        "segment": "Ooh that'd be good.",
        "start_time": 1695.805
      },
      {
        "end_time": 1701.072,
        "segment": "Okay.",
        "start_time": 1700.704
      },
      {
        "end_time": 1701.792,
        "segment": "Mm-hmm.",
        "start_time": 1700.992
      },
      {
        "end_time": 1703.376,
        "segment": "Yep.",
        "start_time": 1703.008
      },
      {
        "end_time": 1708.448,
        "segment": "So call it the snowman-shape trademark.",
        "start_time": 1703.344
      }
    ],
    "type": "Remote shape"
  },
  {
    "segments": [
      {
        "end_time": 1771.472,
        "segment": "I know. Um unless an a I mean if you also would that work if we wanted to incorporate um an L_C_D_ display, where would we put that? Would we put that on the inside or",
        "start_time": 1757.2
      },
      {
        "end_time": 1773.344,
        "segment": "Um",
        "start_time": 1772.784
      },
      {
        "end_time": 1777.187,
        "segment": "Do we need an L_C_D_ display? What what's the functionality of that?",
        "start_time": 1773.264
      },
      {
        "end_time": 1780.494,
        "segment": "It's bound to increase the cost of it a lot, I would've thought.",
        "start_time": 1776.405
      },
      {
        "end_time": 1787.2,
        "segment": "Yeah but the question is what are we using it what would we what would we achieve from it? Putting in lights is cheap but putting in an L_C_D_ panel just to make it glow is a bit of a",
        "start_time": 1779.104
      },
      {
        "end_time": 1802.458,
        "segment": "What would it achieve? Well L_C_ well I'd when you used to mention the L_C_D_ I'd think I wonder what that would be about. And the th the thing I could see it helping with would be if it was somehow connected with um listings. So as you scroll through, 'cause we said we might have a jog dial, so as you scroll through your stations you can y it actually tells you what it is.",
        "start_time": 1779.849
      },
      {
        "end_time": 1795.598,
        "segment": "Yeah.",
        "start_time": 1794.905
      },
      {
        "end_time": 1812.57,
        "segment": "Mm-hmm. I think that will be a problem because we don't have an input device to get the listings into it, so um it's a bit nuts to get the Monday Tuesday Wednesday you know.",
        "start_time": 1797.822
      },
      {
        "end_time": 1807.232,
        "segment": "Right, okay.",
        "start_time": 1806.398
      },
      {
        "end_time": 1813.765,
        "segment": "Mm oh yeah that's true. Yeah. So so no need for an L_C_D_ display?",
        "start_time": 1807.104
      },
      {
        "end_time": 1812.526,
        "segment": "Mm-hmm. Mm-hmm.",
        "start_time": 1810.843
      },
      {
        "end_time": 1836.848,
        "segment": "Um I I'm not saying there's no need for an L_C_D_ display, but um it's what's what what would it tell the user, 'cause the L_C_D_ tends to be an output as uh as opposed to an input so um does the remote control need to talk back to the user? We have the option of the speaker as well the sa the same thing goes for the speaker, is there a need for the remote control to to talk back?",
        "start_time": 1813.472
      }
    ],
    "type": "LCD display"
  },
  {
    "segments": [
      {
        "end_time": 2038.806,
        "segment": "I mean one of the things running through my mind right now, I realise we're being efficient to wrap up the meeting and have lots of decisions made, um but we are leaning quite a bit to the side of being low-tech, rubber buttons plastic frame, it's almost like we're reproducing the same old remote control that's out there. Should we think about how we are actually getting this high-tech user friendly uh um theme like what is it that we're u we're using to to achieve those goals? Like",
        "start_time": 2010.496
      },
      {
        "end_time": 2041.744,
        "segment": "Mm-hmm. Mm 'kay. Could have things like backlighting the buttons and stuff like that.",
        "start_time": 2014.968
      },
      {
        "end_time": 2043.691,
        "segment": "Okay so so backlighting, that would be good.",
        "start_time": 2040.672
      },
      {
        "end_time": 2057.504,
        "segment": "Or even a clear case. Um you know a a glowing a a glowing yellow type case where the yellow is showable, but in the dark it sort of, it's alive. Um in in a slight subtle way.",
        "start_time": 2042.431
      },
      {
        "end_time": 2045.656,
        "segment": "Yeah clear, that'd be",
        "start_time": 2044.488
      },
      {
        "end_time": 2047.552,
        "segment": "Aye that would be a good idea.",
        "start_time": 2045.862
      },
      {
        "end_time": 2047.259,
        "segment": "Okay.",
        "start_time": 2046.574
      },
      {
        "end_time": 0.0,
        "segment": false,
        "start_time": 99999999.99
      },
      {
        "end_time": 2055.158,
        "segment": "Yeah sure.",
        "start_time": 2054.176
      },
      {
        "end_time": 2063.356,
        "segment": "S so like cur slightly transparent case, so it's yellow, like tinted yellow, but you can maybe see through it. Is that what you mean?",
        "start_time": 2055.447
      },
      {
        "end_time": 2058.096,
        "segment": "Yeah that'd be really good.",
        "start_time": 2056.88
      },
      {
        "end_time": 2059.704,
        "segment": "Yeah yeah.",
        "start_time": 2058.656
      },
      {
        "end_time": 2060.091,
        "segment": "Yeah.",
        "start_time": 2059.38
      },
      {
        "end_time": 2075.456,
        "segment": "Yeah. Or or there might be a light running through it like a mouse. You know you have cordless mice and they don't eat that much power right. So the power the battery in that sense, maybe you have one or two stratig strategically placed lights that sort of",
        "start_time": 2060.784
      },
      {
        "end_time": 2077.267,
        "segment": "Sure. Yeah, yeah. Yeah. Sure. Yeah they they emanate a light through it.",
        "start_time": 2065.424
      },
      {
        "end_time": 2077.664,
        "segment": "Okay.",
        "start_time": 2076.825
      },
      {
        "end_time": 2083.232,
        "segment": "Yeah but because the case is transparent so it gives it a little bit of a glow, doesn't make it freaky.",
        "start_time": 2077.024
      },
      {
        "end_time": 2079.724,
        "segment": "Lights.",
        "start_time": 2078.963
      },
      {
        "end_time": 2080.32,
        "segment": "'Kay.",
        "start_time": 2079.858
      }
    ],
    "type": "Technology"
  }
]