[
  {
    "end_time": 8.837,
    "segment": "'S to do now is to decide how to fulfil what your stuff is, so in that sense so it does kind of make sense, yeah.",
    "speaker_id": "A",
    "start_time": 0.0
  },
  {
    "end_time": 13.268,
    "segment": "Yep.",
    "speaker_id": "A",
    "start_time": 12.71
  },
  {
    "end_time": 16.626,
    "segment": "Yep.",
    "speaker_id": "A",
    "start_time": 16.262
  },
  {
    "end_time": 30.352,
    "segment": "Yep.",
    "speaker_id": "A",
    "start_time": 28.864
  },
  {
    "end_time": 61.765,
    "segment": "Mm-hmm.",
    "speaker_id": "A",
    "start_time": 60.987
  },
  {
    "end_time": 63.529,
    "segment": "No.",
    "speaker_id": "A",
    "start_time": 63.024
  },
  {
    "end_time": 84.608,
    "segment": "Yep.",
    "speaker_id": "A",
    "start_time": 84.261
  },
  {
    "end_time": 115.221,
    "segment": "Mm-hmm.",
    "speaker_id": "A",
    "start_time": 114.736
  },
  {
    "end_time": 235.939,
    "segment": "Yep.",
    "speaker_id": "A",
    "start_time": 235.482
  },
  {
    "end_time": 649.488,
    "segment": "It's probably not sending.",
    "speaker_id": "A",
    "start_time": 647.728
  },
  {
    "end_time": 651.12,
    "segment": "Yeah.",
    "speaker_id": "A",
    "start_time": 650.736
  },
  {
    "end_time": 659.392,
    "segment": "Yep, there it is.",
    "speaker_id": "A",
    "start_time": 657.937
  },
  {
    "end_time": 802.96,
    "segment": "And the Play-Doh 's yellow.",
    "speaker_id": "A",
    "start_time": 799.69
  },
  {
    "end_time": 874.579,
    "segment": "Cool.",
    "speaker_id": "A",
    "start_time": 874.08
  },
  {
    "end_time": 879.597,
    "segment": "Mm-hmm.",
    "speaker_id": "A",
    "start_time": 878.532
  },
  {
    "end_time": 883.262,
    "segment": "Mm 'kay um.",
    "speaker_id": "A",
    "start_time": 880.841
  },
  {
    "end_time": 915.92,
    "segment": "Oops.",
    "speaker_id": "A",
    "start_time": 915.145
  },
  {
    "end_time": 922.832,
    "segment": "Yeah okay. Let me just get this going first.",
    "speaker_id": "A",
    "start_time": 918.528
  },
  {
    "end_time": 926.064,
    "segment": "Ah there it is.",
    "speaker_id": "A",
    "start_time": 925.056
  },
  {
    "end_time": 955.52,
    "segment": "'Kay, that should be it.",
    "speaker_id": "A",
    "start_time": 953.823
  },
  {
    "end_time": 973.449,
    "segment": "Okay um I guess the same thing again, I started with something very basic. So just so you guys have some idea of what's involved in my process, um and then you can just work through it and we 'll either modify it or start from scratch um depending on what your needs are.",
    "speaker_id": "A",
    "start_time": 957.44
  },
  {
    "end_time": 992.108,
    "segment": "Um the components are exactly the same. Um I think, like what you guys said, um the most input that's needed is basically in the user interface. The rest of the components um they do have an impact in terms of cost and complexity. Um like you said time to market was a problem, um and how many components are physically in there in cost.",
    "speaker_id": "A",
    "start_time": 973.449
  },
  {
    "end_time": 1017.663,
    "segment": "And the power is basically a factor of that. Um and the lower components, the power, the logic, the transmitter, and the infrared, um they affect you in terms of the size of your device, um and that would have some inte impact on how y I think more how you hold rather than um the actual use using the the remote control because um like we've said we've defined, like we only want the basic things that to be visible, and the rest of them we try to hide.",
    "speaker_id": "A",
    "start_time": 992.108
  },
  {
    "end_time": 1041.48,
    "segment": "So um you know it's just a matter of working out space. So I guess three things, um cost, um complexity, and the size. These are the three things that um will have an impact on you. So just go through it in the components. Um these are the options that are available to you, um I'm not very sure about the voice thing 'cause I got another email and it was in fact quite sketchy on what n the voice options are.",
    "speaker_id": "A",
    "start_time": 1017.663
  },
  {
    "end_time": 1058.488,
    "segment": "Um it said it could talk to you, but it never said anything about being able to listen. I it said something about a sensor but never clarified that. So maybe if you well I could see the other email that they sent you, um 'cause they got back to me with like different requirements, or different offerings of what components availa",
    "speaker_id": "A",
    "start_time": 1041.48
  },
  {
    "end_time": 1068.72,
    "segment": "Okay so your basic components are buttons, okay and you have a wheel available, like a mouse scroll wheel, okay there's an L_C_D_ display, um I think these are quite standard things.",
    "speaker_id": "A",
    "start_time": 1058.488
  },
  {
    "end_time": 1089.52,
    "segment": "No um they're well in the sense that these are all the options available for you. I'll explain to you the complexity and the cost thing again a bit later. Okay um then there's um how the case actually looks. It can actually be flat or it can be curved, um and then the different types of materials that you can use, um I don't think you can use them in a combination,",
    "speaker_id": "A",
    "start_time": 1070.096
  },
  {
    "end_time": 1095.472,
    "segment": "um but um I could check back for you, but I don't think you can actually use them in a combination.",
    "speaker_id": "A",
    "start_time": 1090.672
  },
  {
    "end_time": 1119.095,
    "segment": "Um I think plastic and rubber would be fine, but plastic, rubber, and wood, I wasn't I'm not very sure about the titanium. They had some restrictions on using the rubber and the titanium. Um the rubber was a restriction on the kind of power source you could use, but the titanium had a different kind of things on the shape of the thing, so I think that there is some restriction on um",
    "speaker_id": "A",
    "start_time": 1097.808
  },
  {
    "end_time": 1141.53,
    "segment": "I think you could probably group plastic and rubber together, wood and titanium, but you know it might be easier from a cost perspective and a complexity just to use one. You know as opposed to two. Um and the other components are logic chips, um again I'll I'll go back to the component chips. The com how complex or how easy the logic is, it depends on how many functions you have on the on the unit",
    "speaker_id": "A",
    "start_time": 1119.095
  },
  {
    "end_time": 1179.199,
    "segment": "um and that impacts cost. Um I don't think the logic chip has a issue about size 'cause they should be about the same size. Power consumption should be about the same. Um I think the main impact is complexity, um and the other thing is um the power options. Um the first one is a standard battery. Okay the second one I think is more of a gimmick then actually a useable thing, it's a wind-up you know, a crank. Yeah but that that might be something I think that's more of a look and feel decision because I don't think you can have one power source if you're using the alternative power sources.",
    "speaker_id": "A",
    "start_time": 1141.53
  },
  {
    "end_time": 1193.099,
    "segment": "I think whatever it is you still need a battery 'cause I don't think anybody wants to keep doing one thing. Okay the other ones are a solar powered cell, which may not be a great idea in Europe or any country that has seasons 'cause half the year you'd be dead.",
    "speaker_id": "A",
    "start_time": 1179.199
  },
  {
    "end_time": 1222.283,
    "segment": "So like what I said, you probably need like a battery and something else. Um and the kinetic one I guess for me is the most interesting one because it's movement and people like to fiddle with their and it's a nice sales gimmick I think. From a marketing gimmick it it's a technology thing, it's a shake it it doesn't work, shake it, knock it or something. You know you know you have you had those balls, you know those stress balls where you bounce the ball and it and it lights up and it goes, you know that might be a gimmick combined with rubber.",
    "speaker_id": "A",
    "start_time": 1193.099
  },
  {
    "end_time": 1249.678,
    "segment": "You know just to if you get frustrated wi remote control you can throw it, kind of you know just uh you know um so. Um okay my from my role, I don't think that personal preferences but role preferences, I think um something comfortable to hold, um small and slim I guess that's more in the sense of small and slim in terms of comfortable not so small you can't, you know like a phone or something, too small phone.",
    "speaker_id": "A",
    "start_time": 1222.283
  },
  {
    "end_time": 1271.392,
    "segment": "Um and the other thing is from a production point of view um the less components we use and the simpler the components means you reduce your cost and you increase your profit. Um and also the time to market and the complexity of developing designing and debugging it um so. Um okay let me just go back and talk about some of the restrictions. Um",
    "speaker_id": "A",
    "start_time": 1249.678
  },
  {
    "end_time": 1300.6,
    "segment": "The user interface restrictions basically means that if you use more complicated features, like the buttons are standard okay, the L_C_D_ panel and the scroll wheel you need more complicated logic. Um the case okay with a rubber case you can't have the solar panels. Okay with the titanium case, let me just check that um, titanium case can't be curved, it has to be square.",
    "speaker_id": "A",
    "start_time": 1272.602
  },
  {
    "end_time": 1319.037,
    "segment": "Okay um there's no restriction on the plastic, and it can't be curved on the wood. So that's again, I don't think you can use them in a combination, um especially the titanium I I suspect they're very fixed to a particular need. So um mixing them may not be a good idea um yep. That's it.",
    "speaker_id": "A",
    "start_time": 1300.6
  },
  {
    "end_time": 1340.532,
    "segment": "Um I think we could because the L_C_D_ panel requires power, and the L_C_D_ is a form of a light so that",
    "speaker_id": "A",
    "start_time": 1333.248
  },
  {
    "end_time": 1375.632,
    "segment": "Are you thinking are you thinking of of a light in the sense of um a light light, or a light in the sense of it glows kind of you know Frankenstein, it's alive.",
    "speaker_id": "A",
    "start_time": 1364.608
  },
  {
    "end_time": 1379.536,
    "segment": "Okay.",
    "speaker_id": "A",
    "start_time": 1378.97
  },
  {
    "end_time": 1387.071,
    "segment": "Okay.",
    "speaker_id": "A",
    "start_time": 1386.4
  },
  {
    "end_time": 1391.76,
    "segment": "Okay.",
    "speaker_id": "A",
    "start_time": 1391.36
  },
  {
    "end_time": 1410.278,
    "segment": "Um that's why I think the option of the the kinetic thing which basically means as long as you shake it like a watch, like an automatic watch",
    "speaker_id": "A",
    "start_time": 1404.368
  },
  {
    "end_time": 1425.776,
    "segment": "um it's probably sensitive enough when you fiddle it. So you could trigger that to a light, like I said the bouncing ball thing, or you could trigger that to use that to power the light as opposed to so when they pick it up, right, and then that that sorta triggers the",
    "speaker_id": "A",
    "start_time": 1411.536
  },
  {
    "end_time": 1428.096,
    "segment": "glowingness.",
    "speaker_id": "A",
    "start_time": 1426.88
  },
  {
    "end_time": 1502.528,
    "segment": "I think he made that.",
    "speaker_id": "A",
    "start_time": 1501.303
  },
  {
    "end_time": 1589.331,
    "segment": "Is there a particular shape that you're interested in? Like does marketing have any research on does it need to be long? Does it need with a square thing wha",
    "speaker_id": "A",
    "start_time": 1578.64
  },
  {
    "end_time": 1593.472,
    "segment": "Yeah 'cause that will n help narrow down the choice of",
    "speaker_id": "A",
    "start_time": 1590.288
  },
  {
    "end_time": 1598.738,
    "segment": "Like fruit. I'm thinking fruits in my head, but that's tacky.",
    "speaker_id": "A",
    "start_time": 1594.334
  },
  {
    "end_time": 1777.187,
    "segment": "Do we need an L_C_D_ display? What what's the functionality of that?",
    "speaker_id": "A",
    "start_time": 1773.264
  },
  {
    "end_time": 1787.2,
    "segment": "Yeah but the question is what are we using it what would we what would we achieve from it? Putting in lights is cheap but putting in an L_C_D_ panel just to make it glow is a bit of a",
    "speaker_id": "A",
    "start_time": 1779.104
  },
  {
    "end_time": 1798.363,
    "segment": "Mm-hmm.",
    "speaker_id": "A",
    "start_time": 1797.822
  },
  {
    "end_time": 1812.57,
    "segment": "I think that will be a problem because we don't have an input device to get the listings into it, so um it's a bit nuts to get the Monday Tuesday Wednesday you know.",
    "speaker_id": "A",
    "start_time": 1801.813
  },
  {
    "end_time": 1836.848,
    "segment": "Um I I'm not saying there's no need for an L_C_D_ display, but um it's what's what what would it tell the user, 'cause the L_C_D_ tends to be an output as uh as opposed to an input so um does the remote control need to talk back to the user? We have the option of the speaker as well the sa the same thing goes for the speaker, is there a need for the remote control to to talk back?",
    "speaker_id": "A",
    "start_time": 1813.472
  },
  {
    "end_time": 1839.04,
    "segment": "Um",
    "speaker_id": "A",
    "start_time": 1837.942
  },
  {
    "end_time": 1852.449,
    "segment": "You could put a game on it. When the T_V_ dies you can play with the remote control.",
    "speaker_id": "A",
    "start_time": 1844.218
  },
  {
    "end_time": 1891.12,
    "segment": "Where would you physically position the buttons? Um I think that that has some impact on on on many things. Um maybe you wanna draw onto the",
    "speaker_id": "A",
    "start_time": 1880.787
  },
  {
    "end_time": 1896.818,
    "segment": "Yep.",
    "speaker_id": "A",
    "start_time": 1896.304
  },
  {
    "end_time": 1942.669,
    "segment": "No, like I said we have a h hybrid kind of thing, so it's not gonna charge the battery, it's just",
    "speaker_id": "A",
    "start_time": 1936.141
  },
  {
    "end_time": 1944.84,
    "segment": "Yeah.",
    "speaker_id": "A",
    "start_time": 1944.299
  },
  {
    "end_time": 1962.885,
    "segment": "Yep.",
    "speaker_id": "A",
    "start_time": 1962.064
  },
  {
    "end_time": 1992.886,
    "segment": "Yes yes.",
    "speaker_id": "A",
    "start_time": 1991.589
  },
  {
    "end_time": 2057.504,
    "segment": "Or even a clear case. Um you know a a glowing a a glowing yellow type case where the yellow is showable, but in the dark it sort of, it's alive. Um in in a slight subtle way.",
    "speaker_id": "A",
    "start_time": 2042.431
  },
  {
    "end_time": 2059.704,
    "segment": "Yeah yeah.",
    "speaker_id": "A",
    "start_time": 2058.656
  },
  {
    "end_time": 2061.76,
    "segment": "Yeah.",
    "speaker_id": "A",
    "start_time": 2060.784
  },
  {
    "end_time": 2075.456,
    "segment": "Or or there might be a light running through it like a mouse. You know you have cordless mice and they don't eat that much power right. So the power the battery in that sense, maybe you have one or two stratig strategically placed lights that sort of",
    "speaker_id": "A",
    "start_time": 2062.8
  },
  {
    "end_time": 2083.232,
    "segment": "Yeah but because the case is transparent so it gives it a little bit of a glow, doesn't make it freaky.",
    "speaker_id": "A",
    "start_time": 2077.024
  },
  {
    "end_time": 2120.176,
    "segment": "The question is when you're rolling it, how do you wanna roll it? Do you want 'em to roll it like that? Do you want 'em to roll it like that? 'Cause in a mouse your hand's in a position to roll it, whereas the other thing about having it jog dial this way, it tends to get moved accidentally.",
    "speaker_id": "A",
    "start_time": 2105.27
  },
  {
    "end_time": 2152.32,
    "segment": "That's a very unnatural motion to yeah. Can you imagine you have to scroll a lot. Um it might work for volume, and maybe some of the brightness controls and stuff like that, but not for channels right. If you have a Telewest box you've got like, you don't have to buy all the channels, you've about fifty channels, can you imagine trying to. Um and I don't think having that you know too quick too slow kin it's confusing to the I dunno.",
    "speaker_id": "A",
    "start_time": 2126.256
  },
  {
    "end_time": 2160.167,
    "segment": "But users tend to tend to want to use that and once they lose out on the user experience they're like",
    "speaker_id": "A",
    "start_time": 2155.712
  },
  {
    "end_time": 2164.497,
    "segment": "Because that's becomes the most accessible thing in front of",
    "speaker_id": "A",
    "start_time": 2160.976
  },
  {
    "end_time": 2169.024,
    "segment": "Yeah.",
    "speaker_id": "A",
    "start_time": 2168.608
  },
  {
    "end_time": 2229.104,
    "segment": "So you wanna expand the shape of the",
    "speaker_id": "A",
    "start_time": 2226.608
  },
  {
    "end_time": 2247.447,
    "segment": "That that might have one problem in terms of um in terms of whether you're left handed or you're right handed you might be locking yourself in. Could I just could I just jump in and suggest something quickly?",
    "speaker_id": "A",
    "start_time": 2235.038
  },
  {
    "end_time": 2285.264,
    "segment": "Um I think one thing would be the jog dial 'cause that's gonna have quite a big impact on the thing um",
    "speaker_id": "A",
    "start_time": 2276.082
  },
  {
    "end_time": 2295.182,
    "segment": "Yeah that's what I was thinking the a slide, because then you you don't have to put the hand. I think incorporating a logo is quite straight forward. There's lots of space for it um",
    "speaker_id": "A",
    "start_time": 2286.832
  },
  {
    "end_time": 2300.592,
    "segment": "Yeah but it's also a a marketing and a function",
    "speaker_id": "A",
    "start_time": 2296.304
  },
  {
    "end_time": 2304.544,
    "segment": "Yeah.",
    "speaker_id": "A",
    "start_time": 2302.368
  },
  {
    "end_time": 2325.56,
    "segment": "Feel like fruit. Fruits kids.",
    "speaker_id": "A",
    "start_time": 2322.457
  },
  {
    "end_time": 2327.894,
    "segment": "No like",
    "speaker_id": "A",
    "start_time": 2327.232
  },
  {
    "end_time": 2329.616,
    "segment": "Yeah yeah.",
    "speaker_id": "A",
    "start_time": 2328.704
  },
  {
    "end_time": 2333.648,
    "segment": "Yeah yeah kinda like that yeah.",
    "speaker_id": "A",
    "start_time": 2331.6
  },
  {
    "end_time": 2351.472,
    "segment": "Play-doh time.",
    "speaker_id": "A",
    "start_time": 2350.032
  },
  {
    "end_time": 2359.75,
    "segment": "You got to choose first. No, we're kidding.",
    "speaker_id": "A",
    "start_time": 2356.389
  },
  {
    "end_time": 2369.303,
    "segment": "Okay, can I just swipe your power cable, I don't think it matters.",
    "speaker_id": "A",
    "start_time": 2365.054
  },
  {
    "end_time": 2380.417,
    "segment": "Okay lemme okay, I'm gonna pull everybody out first and then put in whoever needs to be left.",
    "speaker_id": "A",
    "start_time": 2372.907
  },
  {
    "end_time": 2384.03,
    "segment": "It's you.",
    "speaker_id": "A",
    "start_time": 2383.319
  },
  {
    "end_time": 2398.29,
    "segment": "Argh. This is a real hassle and a oops.",
    "speaker_id": "A",
    "start_time": 2393.863
  },
  {
    "end_time": 2403.262,
    "segment": "I'm gonna take the microphones, 'cause it's too lazy t take them off again.",
    "speaker_id": "A",
    "start_time": 2399.862
  },
  {
    "end_time": 2406.239,
    "segment": "Cool.",
    "speaker_id": "A",
    "start_time": 2405.533
  },
  {
    "end_time": 5.294,
    "segment": "Okay.",
    "speaker_id": "B",
    "start_time": 4.135
  },
  {
    "end_time": 7.716,
    "segment": "Okay, well",
    "speaker_id": "B",
    "start_time": 6.312
  },
  {
    "end_time": 13.686,
    "segment": "Okay.",
    "speaker_id": "B",
    "start_time": 12.993
  },
  {
    "end_time": 20.64,
    "segment": "Okay we all ready to go? Well how um on the in this meeting then if we um",
    "speaker_id": "B",
    "start_time": 15.056
  },
  {
    "end_time": 28.944,
    "segment": "I'll just just recap on the minutes from the last meeting. And we uh decided on",
    "speaker_id": "B",
    "start_time": 21.936
  },
  {
    "end_time": 57.772,
    "segment": "decided on our our target group being fifteen to thirty five, and we decided that it was gonna be non-rechargeable battery-powered, that we're gonna group our audio-visual and other functions into into those categories, um. And I told you guys about the three new requirements about ignoring teletext, ignoring everything except the T_V_, and trying to incorporate the the uh corporate colour and slogan.",
    "speaker_id": "B",
    "start_time": 30.272
  },
  {
    "end_time": 62.4,
    "segment": "Um so that was the last meeting. Is there anything have I forgotten anything?",
    "speaker_id": "B",
    "start_time": 57.772
  },
  {
    "end_time": 93.744,
    "segment": "Is that everything? Okay. Um so if we have the three presentations, and then if you have anything to kind of that you know you're gonna want to discuss, maybe just make a note of it, and we'll have all the discussion at the end. That might be a better idea this time. And so if we start off uh with Andrew and then Craig and then David, if that's alright. Um and then after that we'll have to make some decisions about stuff, right. So if you wanna take this.",
    "speaker_id": "B",
    "start_time": 63.84
  },
  {
    "end_time": 102.176,
    "segment": "Screwed in quite tightly.",
    "speaker_id": "B",
    "start_time": 100.704
  },
  {
    "end_time": 130.48,
    "segment": "Uh what did uh how did we leave it with speech recognition now? We did we say we were gonna try maybe incorporate it but we hadn't made a definite decision on that? Right. Oh I should also point out that um the you know the kind of final objective of this meeting is to reach a decision on the concepts of the product. So um that's kind of the end result hopefully.",
    "speaker_id": "B",
    "start_time": 107.789
  },
  {
    "end_time": 139.552,
    "segment": "Uh-huh.",
    "speaker_id": "B",
    "start_time": 138.878
  },
  {
    "end_time": 142.416,
    "segment": "Hopefully appear in a wee second.",
    "speaker_id": "B",
    "start_time": 140.816
  },
  {
    "end_time": 148.416,
    "segment": "Up there we go.",
    "speaker_id": "B",
    "start_time": 147.664
  },
  {
    "end_time": 166.864,
    "segment": "Oh no.",
    "speaker_id": "B",
    "start_time": 165.184
  },
  {
    "end_time": 184.768,
    "segment": "Oh right.",
    "speaker_id": "B",
    "start_time": 183.92
  },
  {
    "end_time": 187.939,
    "segment": "Here we go.",
    "speaker_id": "B",
    "start_time": 186.964
  },
  {
    "end_time": 199.168,
    "segment": "Okay.",
    "speaker_id": "B",
    "start_time": 198.72
  },
  {
    "end_time": 235.952,
    "segment": "Mm-hmm.",
    "speaker_id": "B",
    "start_time": 235.329
  },
  {
    "end_time": 241.184,
    "segment": "Aye a fair point definitely.",
    "speaker_id": "B",
    "start_time": 239.888
  },
  {
    "end_time": 259.392,
    "segment": "Okay.",
    "speaker_id": "B",
    "start_time": 258.88
  },
  {
    "end_time": 308.423,
    "segment": "Aye right.",
    "speaker_id": "B",
    "start_time": 307.6
  },
  {
    "end_time": 314.573,
    "segment": "Uh-huh.",
    "speaker_id": "B",
    "start_time": 313.936
  },
  {
    "end_time": 325.504,
    "segment": "Okay.",
    "speaker_id": "B",
    "start_time": 324.992
  },
  {
    "end_time": 356.832,
    "segment": "Okay okay.",
    "speaker_id": "B",
    "start_time": 355.558
  },
  {
    "end_time": 442.376,
    "segment": "Mm-hmm.",
    "speaker_id": "B",
    "start_time": 441.728
  },
  {
    "end_time": 451.417,
    "segment": "Mm that's true, yeah.",
    "speaker_id": "B",
    "start_time": 449.552
  },
  {
    "end_time": 525.856,
    "segment": "Mm 'kay.",
    "speaker_id": "B",
    "start_time": 525.28
  },
  {
    "end_time": 527.378,
    "segment": "Great.",
    "speaker_id": "B",
    "start_time": 526.848
  },
  {
    "end_time": 546.08,
    "segment": "Okay.",
    "speaker_id": "B",
    "start_time": 545.584
  },
  {
    "end_time": 549.04,
    "segment": "Yeah.",
    "speaker_id": "B",
    "start_time": 548.64
  },
  {
    "end_time": 564.431,
    "segment": "Ah.",
    "speaker_id": "B",
    "start_time": 563.163
  },
  {
    "end_time": 581.6,
    "segment": "Okay.",
    "speaker_id": "B",
    "start_time": 580.755
  },
  {
    "end_time": 583.863,
    "segment": "That's great.",
    "speaker_id": "B",
    "start_time": 583.024
  },
  {
    "end_time": 586.384,
    "segment": "Uh-huh.",
    "speaker_id": "B",
    "start_time": 585.968
  },
  {
    "end_time": 594.32,
    "segment": "Okay great. Um thank you for that. Uh Craig do you wanna",
    "speaker_id": "B",
    "start_time": 588.112
  },
  {
    "end_time": 598.832,
    "segment": "uh plug yours in then?",
    "speaker_id": "B",
    "start_time": 596.096
  },
  {
    "end_time": 642.8,
    "segment": "Mm.",
    "speaker_id": "B",
    "start_time": 641.504
  },
  {
    "end_time": 646.798,
    "segment": "Not quite.",
    "speaker_id": "B",
    "start_time": 645.84
  },
  {
    "end_time": 659.117,
    "segment": "Oh something coming now, yeah.",
    "speaker_id": "B",
    "start_time": 657.12
  },
  {
    "end_time": 662.83,
    "segment": "There we go.",
    "speaker_id": "B",
    "start_time": 662.032
  },
  {
    "end_time": 699.568,
    "segment": "Mm.",
    "speaker_id": "B",
    "start_time": 699.12
  },
  {
    "end_time": 721.984,
    "segment": "Mm-hmm.",
    "speaker_id": "B",
    "start_time": 721.52
  },
  {
    "end_time": 772.498,
    "segment": "Mm-hmm.",
    "speaker_id": "B",
    "start_time": 771.968
  },
  {
    "end_time": 787.51,
    "segment": "Okay.",
    "speaker_id": "B",
    "start_time": 786.849
  },
  {
    "end_time": 807.488,
    "segment": "I think it's yellow because like the website is yellow and there's a band at the bottom is yellow, so yellow, lemon, you know definitely food for thought there, but keep going and we'll discuss it after.",
    "speaker_id": "B",
    "start_time": 794.122
  },
  {
    "end_time": 816.104,
    "segment": "Mm-hmm.",
    "speaker_id": "B",
    "start_time": 815.552
  },
  {
    "end_time": 835.744,
    "segment": "Mm 'kay.",
    "speaker_id": "B",
    "start_time": 835.248
  },
  {
    "end_time": 845.984,
    "segment": "Mm.",
    "speaker_id": "B",
    "start_time": 845.52
  },
  {
    "end_time": 851.632,
    "segment": "Aye that's a good idea, yeah.",
    "speaker_id": "B",
    "start_time": 849.271
  },
  {
    "end_time": 861.696,
    "segment": "Yeah.",
    "speaker_id": "B",
    "start_time": 861.2
  },
  {
    "end_time": 871.904,
    "segment": "Okay.",
    "speaker_id": "B",
    "start_time": 870.943
  },
  {
    "end_time": 875.328,
    "segment": "Okay.",
    "speaker_id": "B",
    "start_time": 874.528
  },
  {
    "end_time": 882.625,
    "segment": "Yeah that that was very good, and uh now with David.",
    "speaker_id": "B",
    "start_time": 878.576
  },
  {
    "end_time": 903.824,
    "segment": "I know it'd be handy, wouldn't it.",
    "speaker_id": "B",
    "start_time": 902.096
  },
  {
    "end_time": 919.072,
    "segment": "Do y do you wanna sit in the the line of sight of this um",
    "speaker_id": "B",
    "start_time": 916.0
  },
  {
    "end_time": 920.992,
    "segment": "Yeah.",
    "speaker_id": "B",
    "start_time": 920.512
  },
  {
    "end_time": 976.224,
    "segment": "Mm-hmm.",
    "speaker_id": "B",
    "start_time": 975.664
  },
  {
    "end_time": 1048.704,
    "segment": "Hmm.",
    "speaker_id": "B",
    "start_time": 1048.001
  },
  {
    "end_time": 1061.168,
    "segment": "Mm.",
    "speaker_id": "B",
    "start_time": 1060.736
  },
  {
    "end_time": 1090.752,
    "segment": "Mm-hmm.",
    "speaker_id": "B",
    "start_time": 1090.24
  },
  {
    "end_time": 1097.328,
    "segment": "We you couldn't have like plastic and rubber?",
    "speaker_id": "B",
    "start_time": 1094.572
  },
  {
    "end_time": 1104.784,
    "segment": "Yeah.",
    "speaker_id": "B",
    "start_time": 1104.016
  },
  {
    "end_time": 1107.936,
    "segment": "Mm 'kay.",
    "speaker_id": "B",
    "start_time": 1107.424
  },
  {
    "end_time": 1115.664,
    "segment": "Okay.",
    "speaker_id": "B",
    "start_time": 1115.248
  },
  {
    "end_time": 1121.952,
    "segment": "Mm-hmm.",
    "speaker_id": "B",
    "start_time": 1121.392
  },
  {
    "end_time": 1168.121,
    "segment": "I'll clear one of these things for you.",
    "speaker_id": "B",
    "start_time": 1166.272
  },
  {
    "end_time": 1170.32,
    "segment": "Just by moving it yeah.",
    "speaker_id": "B",
    "start_time": 1168.736
  },
  {
    "end_time": 1181.728,
    "segment": "Mm.",
    "speaker_id": "B",
    "start_time": 1181.36
  },
  {
    "end_time": 1197.888,
    "segment": "Mm-hmm.",
    "speaker_id": "B",
    "start_time": 1196.464
  },
  {
    "end_time": 1204.106,
    "segment": "Mm.",
    "speaker_id": "B",
    "start_time": 1203.52
  },
  {
    "end_time": 1215.479,
    "segment": "W yeah. Uh yeah yeah, I see.",
    "speaker_id": "B",
    "start_time": 1212.512
  },
  {
    "end_time": 1223.921,
    "segment": "Yeah.",
    "speaker_id": "B",
    "start_time": 1223.31
  },
  {
    "end_time": 1228.884,
    "segment": "I know what you mean yeah.",
    "speaker_id": "B",
    "start_time": 1227.52
  },
  {
    "end_time": 1248.528,
    "segment": "Mm-hmm.",
    "speaker_id": "B",
    "start_time": 1248.012
  },
  {
    "end_time": 1259.264,
    "segment": "Mm-hmm.",
    "speaker_id": "B",
    "start_time": 1258.688
  },
  {
    "end_time": 1283.583,
    "segment": "Mm.",
    "speaker_id": "B",
    "start_time": 1282.96
  },
  {
    "end_time": 1300.432,
    "segment": "Okay.",
    "speaker_id": "B",
    "start_time": 1299.8
  },
  {
    "end_time": 1309.136,
    "segment": "Okay.",
    "speaker_id": "B",
    "start_time": 1308.64
  },
  {
    "end_time": 1312.234,
    "segment": "Right.",
    "speaker_id": "B",
    "start_time": 1311.372
  },
  {
    "end_time": 1317.312,
    "segment": "Okay.",
    "speaker_id": "B",
    "start_time": 1316.832
  },
  {
    "end_time": 1319.767,
    "segment": "Right can I",
    "speaker_id": "B",
    "start_time": 1318.416
  },
  {
    "end_time": 1328.765,
    "segment": "Yeah well yeah it's just I'm quite keen to get the discussion going with the time we've left so but yeah you c ask away.",
    "speaker_id": "B",
    "start_time": 1321.208
  },
  {
    "end_time": 1339.568,
    "segment": "Mm.",
    "speaker_id": "B",
    "start_time": 1339.072
  },
  {
    "end_time": 1347.26,
    "segment": "Why what kind of light do you want are you thinking of?",
    "speaker_id": "B",
    "start_time": 1344.352
  },
  {
    "end_time": 1353.918,
    "segment": "Uh-huh.",
    "speaker_id": "B",
    "start_time": 1353.408
  },
  {
    "end_time": 1356.448,
    "segment": "Yeah.",
    "speaker_id": "B",
    "start_time": 1356.032
  },
  {
    "end_time": 1386.754,
    "segment": "Yeah yeah yeah.",
    "speaker_id": "B",
    "start_time": 1385.984
  },
  {
    "end_time": 1394.565,
    "segment": "Like a phone yeah, like the backlight in a phone. Okay cool.",
    "speaker_id": "B",
    "start_time": 1390.624
  },
  {
    "end_time": 1397.504,
    "segment": "Yeah.",
    "speaker_id": "B",
    "start_time": 1396.944
  },
  {
    "end_time": 1410.398,
    "segment": "Mm.",
    "speaker_id": "B",
    "start_time": 1409.597
  },
  {
    "end_time": 1415.92,
    "segment": "Mm.",
    "speaker_id": "B",
    "start_time": 1415.52
  },
  {
    "end_time": 1419.387,
    "segment": "Okay.",
    "speaker_id": "B",
    "start_time": 1418.784
  },
  {
    "end_time": 1424.448,
    "segment": "Okay.",
    "speaker_id": "B",
    "start_time": 1423.734
  },
  {
    "end_time": 1448.687,
    "segment": "Right okay um well let's just go right back to the marketing ideas for a start, and just giving an id idea on the time, we've got about fifteen minutes to play with at most. So um yeah so just t to bear in mind that the ultimate goal of this meeting is to reach an decision on the the the concepts of the product.",
    "speaker_id": "B",
    "start_time": 1425.952
  },
  {
    "end_time": 1460.032,
    "segment": "So back to your idea about um incorporating the idea of like fruit and veg, and the corporate colour, and things like that. Um I mean what does everybody think about",
    "speaker_id": "B",
    "start_time": 1448.687
  },
  {
    "end_time": 1468.88,
    "segment": "Does anybody have any ideas of about how we can fit all that in together? I mean that's kind of the user interface type of thing, what are your thoughts on that?",
    "speaker_id": "B",
    "start_time": 1462.128
  },
  {
    "end_time": 1486.112,
    "segment": "So maybe do y are we thinking something that like s could sit in your hand comfortably, or do you th you'd hold onto comfortably or",
    "speaker_id": "B",
    "start_time": 1479.6
  },
  {
    "end_time": 1500.576,
    "segment": "So something quite curvy? Okay um right okay. Colour-wise I mean you made a re uh was it you or uh I can't remember who made the point about how if you've a nice bright colour you'll not lose it, was that",
    "speaker_id": "B",
    "start_time": 1488.512
  },
  {
    "end_time": 1514.556,
    "segment": "Whose about how if you have a bright colour you'll not lose it so much. Um and when the corporate colour is yellow, I mean maybe we could think about about the colour of the whole product being yellow I don't know. Um",
    "speaker_id": "B",
    "start_time": 1501.648
  },
  {
    "end_time": 1523.872,
    "segment": "And then obviously the uh the materials when it has anybody got like an overall picture in their mind about what what might work?",
    "speaker_id": "B",
    "start_time": 1515.377
  },
  {
    "end_time": 1525.28,
    "segment": "That's all.",
    "speaker_id": "B",
    "start_time": 1524.643
  },
  {
    "end_time": 1530.816,
    "segment": "Mm-hmm.",
    "speaker_id": "B",
    "start_time": 1530.32
  },
  {
    "end_time": 1538.032,
    "segment": "Mm-hmm.",
    "speaker_id": "B",
    "start_time": 1537.664
  },
  {
    "end_time": 1561.664,
    "segment": "Mm-hmm.",
    "speaker_id": "B",
    "start_time": 1561.184
  },
  {
    "end_time": 1565.534,
    "segment": "Mm-hmm.",
    "speaker_id": "B",
    "start_time": 1565.024
  },
  {
    "end_time": 1575.952,
    "segment": "Okay.",
    "speaker_id": "B",
    "start_time": 1575.328
  },
  {
    "end_time": 1578.176,
    "segment": "Right.",
    "speaker_id": "B",
    "start_time": 1577.536
  },
  {
    "end_time": 1590.368,
    "segment": "Oh you know like in circular in shape or",
    "speaker_id": "B",
    "start_time": 1587.616
  },
  {
    "end_time": 1611.107,
    "segment": "Choice of material yeah. 'Cause I I I was kinda thinking about as well you know how you get these shock resistant mobile phones, and they're plastic but then also have like rubber on the outside, and it kinda feels it feels kind of warmer to the touch. It feels a bit more comfortable, and maybe we could incorporate plastic and rubber",
    "speaker_id": "B",
    "start_time": 1593.84
  },
  {
    "end_time": 1623.44,
    "segment": "into it. And then then we could have curved shapes, 'cause wood or titanium, yeah, it's gonna have to be boxy and rectangular and I think we might be moving away from that you know so um",
    "speaker_id": "B",
    "start_time": 1611.107
  },
  {
    "end_time": 1631.184,
    "segment": "Well I'm do we really want it in like the shape of a lemon or no I don't think we do either.",
    "speaker_id": "B",
    "start_time": 1624.736
  },
  {
    "end_time": 1647.04,
    "segment": "Okay right well um so thoughts about the actual shape of the thing.",
    "speaker_id": "B",
    "start_time": 1641.264
  },
  {
    "end_time": 1651.056,
    "segment": "A snowman shape?",
    "speaker_id": "B",
    "start_time": 1650.032
  },
  {
    "end_time": 1653.552,
    "segment": "Uh-huh.",
    "speaker_id": "B",
    "start_time": 1653.12
  },
  {
    "end_time": 1659.808,
    "segment": "That's quite a distinctive shape, that would be good wouldn't it.",
    "speaker_id": "B",
    "start_time": 1657.584
  },
  {
    "end_time": 1664.144,
    "segment": "Yeah so yeah should we go with that?",
    "speaker_id": "B",
    "start_time": 1661.248
  },
  {
    "end_time": 1671.463,
    "segment": "Do you wanna draw it on the board?",
    "speaker_id": "B",
    "start_time": 1669.738
  },
  {
    "end_time": 1697.536,
    "segment": "Ooh that'd be good.",
    "speaker_id": "B",
    "start_time": 1695.805
  },
  {
    "end_time": 1701.792,
    "segment": "Mm-hmm.",
    "speaker_id": "B",
    "start_time": 1700.992
  },
  {
    "end_time": 1708.448,
    "segment": "So call it the snowman-shape trademark.",
    "speaker_id": "B",
    "start_time": 1703.344
  },
  {
    "end_time": 1721.504,
    "segment": "Yeah that's cool. Um and I mean colour-wise what does everybody think? I think it is quite important to get yellow in there somewhere. I mean do you want the whole thing yellow, maybe like yellow and white do you want something",
    "speaker_id": "B",
    "start_time": 1711.92
  },
  {
    "end_time": 1727.568,
    "segment": "Uh-huh.",
    "speaker_id": "B",
    "start_time": 1727.104
  },
  {
    "end_time": 1754.88,
    "segment": "Okay cool. Um and also I mean how are we going to incorporate the slogan in? The fact that it talks to you, I mean it might be quite cool if when you first start using it it says, what is it, putting fashion into electronics or something, I dunno. Or when you like or if you turn it off or something if it can speak if it could actually say the slogan it might be a bit more powerful than just having it written on it somewhere. I d I d any thoughts on that at all?",
    "speaker_id": "B",
    "start_time": 1730.016
  },
  {
    "end_time": 1771.472,
    "segment": "I know. Um unless an a I mean if you also would that work if we wanted to incorporate um an L_C_D_ display, where would we put that? Would we put that on the inside or",
    "speaker_id": "B",
    "start_time": 1757.2
  },
  {
    "end_time": 1780.494,
    "segment": "It's bound to increase the cost of it a lot, I would've thought.",
    "speaker_id": "B",
    "start_time": 1776.405
  },
  {
    "end_time": 1795.598,
    "segment": "Yeah.",
    "speaker_id": "B",
    "start_time": 1794.905
  },
  {
    "end_time": 1808.797,
    "segment": "Mm oh yeah that's true.",
    "speaker_id": "B",
    "start_time": 1807.104
  },
  {
    "end_time": 1809.898,
    "segment": "Yeah.",
    "speaker_id": "B",
    "start_time": 1809.252
  },
  {
    "end_time": 1813.765,
    "segment": "So so no need for an L_C_D_ display?",
    "speaker_id": "B",
    "start_time": 1810.554
  },
  {
    "end_time": 1818.592,
    "segment": "I think that would make it very complex.",
    "speaker_id": "B",
    "start_time": 1816.628
  },
  {
    "end_time": 1821.797,
    "segment": "Yeah.",
    "speaker_id": "B",
    "start_time": 1821.146
  },
  {
    "end_time": 1823.52,
    "segment": "Yeah.",
    "speaker_id": "B",
    "start_time": 1822.759
  },
  {
    "end_time": 1838.633,
    "segment": "I don't know if there is really, no um",
    "speaker_id": "B",
    "start_time": 1833.232
  },
  {
    "end_time": 1843.344,
    "segment": "I would say no need for a talk-back. Uh does anybody disagree with that?",
    "speaker_id": "B",
    "start_time": 1839.568
  },
  {
    "end_time": 1848.989,
    "segment": "No? Easy.",
    "speaker_id": "B",
    "start_time": 1844.341
  },
  {
    "end_time": 1864.368,
    "segment": "Okay um right so you're gonna have the three different sets of of functionalities, um I mean do you wanna group them into s head of the snowman, body of the snowman, inside of the snowman, is that what you're thinking?",
    "speaker_id": "B",
    "start_time": 1850.864
  },
  {
    "end_time": 1869.696,
    "segment": "Okay.",
    "speaker_id": "B",
    "start_time": 1869.136
  },
  {
    "end_time": 1880.31,
    "segment": "Okay right um what else do you need to talk about?",
    "speaker_id": "B",
    "start_time": 1874.224
  },
  {
    "end_time": 1899.44,
    "segment": "So I'm just gonna um pop this in here 'cause I have a slide about decision making which I'd forgotten about.",
    "speaker_id": "B",
    "start_time": 1891.216
  },
  {
    "end_time": 1929.376,
    "segment": "Oh sh God we've got five minutes um okay uh back we go. Um energy what do you think that's suggesting we're how we're powering the thing? I really like the idea of this kinetic thing where you'd have the back-up of the battery, but have have kinetic power, I mean what does anybody think about that?",
    "speaker_id": "B",
    "start_time": 1910.544
  },
  {
    "end_time": 1944.096,
    "segment": "Okay.",
    "speaker_id": "B",
    "start_time": 1942.932
  },
  {
    "end_time": 1951.596,
    "segment": "Mm-hmm.",
    "speaker_id": "B",
    "start_time": 1950.976
  },
  {
    "end_time": 1961.952,
    "segment": "Yeah.",
    "speaker_id": "B",
    "start_time": 1961.328
  },
  {
    "end_time": 1970.08,
    "segment": "Yeah.",
    "speaker_id": "B",
    "start_time": 1969.472
  },
  {
    "end_time": 1997.008,
    "segment": "Well I suppose that if you're if you're away and you're not using it, then you're not using any power either. So you'd have the battery as the kind of to keep it ticking over idea I'm really sorry we're gonna have to wrap up quite quickly, we don't have as much time as I thought. Um so I think that's what energy is referring to here. Chip on print, is that that's an industrial design thing, is it David? Okay um as for the case, kind of discussed that",
    "speaker_id": "B",
    "start_time": 1970.992
  },
  {
    "end_time": 2003.632,
    "segment": "Yeah I know we're gonna have like rubber buttons that feel kind of",
    "speaker_id": "B",
    "start_time": 2000.4
  },
  {
    "end_time": 2005.808,
    "segment": "Okay.",
    "speaker_id": "B",
    "start_time": 2005.184
  },
  {
    "end_time": 2015.475,
    "segment": "Mm-hmm.",
    "speaker_id": "B",
    "start_time": 2014.968
  },
  {
    "end_time": 2025.28,
    "segment": "Mm 'kay.",
    "speaker_id": "B",
    "start_time": 2024.752
  },
  {
    "end_time": 2041.744,
    "segment": "Could have things like backlighting the buttons and stuff like that.",
    "speaker_id": "B",
    "start_time": 2038.0
  },
  {
    "end_time": 2047.552,
    "segment": "Aye that would be a good idea.",
    "speaker_id": "B",
    "start_time": 2045.862
  },
  {
    "end_time": 2063.356,
    "segment": "S so like cur slightly transparent case, so it's yellow, like tinted yellow, but you can maybe see through it. Is that what you mean?",
    "speaker_id": "B",
    "start_time": 2055.447
  },
  {
    "end_time": 2077.664,
    "segment": "Okay.",
    "speaker_id": "B",
    "start_time": 2076.825
  },
  {
    "end_time": 2079.724,
    "segment": "Lights.",
    "speaker_id": "B",
    "start_time": 2078.963
  },
  {
    "end_time": 2083.04,
    "segment": "Okay.",
    "speaker_id": "B",
    "start_time": 2082.188
  },
  {
    "end_time": 2101.216,
    "segment": "Mm.",
    "speaker_id": "B",
    "start_time": 2100.448
  },
  {
    "end_time": 2114.732,
    "segment": "Yeah.",
    "speaker_id": "B",
    "start_time": 2114.048
  },
  {
    "end_time": 2126.851,
    "segment": "Yeah if you are holding it in your hand you could you could do that, couldn't you? If you're holding it in your hand you could",
    "speaker_id": "B",
    "start_time": 2121.216
  },
  {
    "end_time": 2129.92,
    "segment": "Do you think? Okay.",
    "speaker_id": "B",
    "start_time": 2128.238
  },
  {
    "end_time": 2137.104,
    "segment": "Mm.",
    "speaker_id": "B",
    "start_time": 2136.672
  },
  {
    "end_time": 2147.935,
    "segment": "Yeah okay okay um",
    "speaker_id": "B",
    "start_time": 2143.4
  },
  {
    "end_time": 2156.119,
    "segment": "Yeah.",
    "speaker_id": "B",
    "start_time": 2155.324
  },
  {
    "end_time": 2161.264,
    "segment": "Okay.",
    "speaker_id": "B",
    "start_time": 2160.544
  },
  {
    "end_time": 2163.454,
    "segment": "Okay.",
    "speaker_id": "B",
    "start_time": 2162.944
  },
  {
    "end_time": 2165.302,
    "segment": "Just",
    "speaker_id": "B",
    "start_time": 2164.64
  },
  {
    "end_time": 2193.232,
    "segment": "Okay um right well wouldn't it we do need to make a decision on whether we want to incorporate a jog dial in nice and quickly. Um I'm all for them actually, I think they're quite you know th very quick to m to use. So does anybody oppose the idea of of incorporating one into the design at all? No. And the other thing was um can we think of any way of getting the slogan into this thing?",
    "speaker_id": "B",
    "start_time": 2170.672
  },
  {
    "end_time": 2198.626,
    "segment": "Uh-huh.",
    "speaker_id": "B",
    "start_time": 2197.888
  },
  {
    "end_time": 2209.552,
    "segment": "Uh-huh ooh okay, we really gotta wrap up so yeah.",
    "speaker_id": "B",
    "start_time": 2205.504
  },
  {
    "end_time": 2218.432,
    "segment": "Okay well if we can do that, great. Yeah okay.",
    "speaker_id": "B",
    "start_time": 2214.16
  },
  {
    "end_time": 2227.762,
    "segment": "Yeah let's let's try and get the slogan on there um, and",
    "speaker_id": "B",
    "start_time": 2222.864
  },
  {
    "end_time": 2241.987,
    "segment": "Mm.",
    "speaker_id": "B",
    "start_time": 2241.404
  },
  {
    "end_time": 2245.264,
    "segment": "Okay.",
    "speaker_id": "B",
    "start_time": 2244.473
  },
  {
    "end_time": 2264.27,
    "segment": "Right I'm gonna have to I'm really gonna have to hurry you on here 'cause we're we're actually over time. Um is there anything anybody's unsure about? Just for in closing just the next meeting's gonna be in thirty minutes, and so you can see in the screen here what each of you are gonna hopefully be doing, uh I know that the designers are gonna be working with Play-doh on that.",
    "speaker_id": "B",
    "start_time": 2246.74
  },
  {
    "end_time": 2277.848,
    "segment": "So um that'll be that'll be good. Um and I'll get the the minutes up as soon as possible. Anything at all you think we haven't discussed that we need to? Is everybody kind of happy about what they're gonna be doing?",
    "speaker_id": "B",
    "start_time": 2264.27
  },
  {
    "end_time": 2293.633,
    "segment": "Okay.",
    "speaker_id": "B",
    "start_time": 2293.111
  },
  {
    "end_time": 2297.79,
    "segment": "That's kind of a design thing that you guys can can discuss, yeah.",
    "speaker_id": "B",
    "start_time": 2294.672
  },
  {
    "end_time": 2299.92,
    "segment": "Okay.",
    "speaker_id": "B",
    "start_time": 2299.456
  },
  {
    "end_time": 2303.713,
    "segment": "Yeah.",
    "speaker_id": "B",
    "start_time": 2303.152
  },
  {
    "end_time": 2311.644,
    "segment": "To make something flush with the case?",
    "speaker_id": "B",
    "start_time": 2309.764
  },
  {
    "end_time": 2313.616,
    "segment": "Okay right.",
    "speaker_id": "B",
    "start_time": 2312.544
  },
  {
    "end_time": 2316.688,
    "segment": "Okay.",
    "speaker_id": "B",
    "start_time": 2315.936
  },
  {
    "end_time": 2318.416,
    "segment": "Sp kinda grippy?",
    "speaker_id": "B",
    "start_time": 2317.444
  },
  {
    "end_time": 2323.388,
    "segment": "Okay.",
    "speaker_id": "B",
    "start_time": 2322.788
  },
  {
    "end_time": 2349.648,
    "segment": "Okay I'm gonna have to I'm gonna have to call this to a close 'cause we're way over time. So um that's really good, like we've s had much to talk about that um pretty much run out of time to do so. So off you go and design stuff wooh.",
    "speaker_id": "B",
    "start_time": 2332.453
  },
  {
    "end_time": 2352.944,
    "segment": "Yeah quite jealous actually.",
    "speaker_id": "B",
    "start_time": 2351.392
  },
  {
    "end_time": 641.68,
    "segment": "Is it working?",
    "speaker_id": "C",
    "start_time": 640.704
  },
  {
    "end_time": 666.896,
    "segment": "And so think of this concept.",
    "speaker_id": "C",
    "start_time": 664.548
  },
  {
    "end_time": 687.376,
    "segment": "Um to research it I've um had a look on the the homepage again. It's provided me with more examples of um previously existing c remote controls. Um there's a wee bit of discussion about the other existing ones there, um so I've taken the um suggestions from them and tried to incorporate them into this um",
    "speaker_id": "C",
    "start_time": 668.432
  },
  {
    "end_time": 698.96,
    "segment": "So then this we're looking for um suggestions on size th um size of control and the buttons, um the shape of the control, and whereabout the buttons should be located on the control.",
    "speaker_id": "C",
    "start_time": 688.768
  },
  {
    "end_time": 708.512,
    "segment": "Um what I found from the research is that most the current controls are just basically big bricks with loads of buttons all over them.",
    "speaker_id": "C",
    "start_time": 702.8
  },
  {
    "end_time": 721.898,
    "segment": "Um they're not very attractive to look at, and they're not very comfortable to hold, they're I just hold 'em like big bricks, and they're very easily lost. Um they tend to be very dark colours, so if there are shadowy places down the side of couches you can't really see them.",
    "speaker_id": "C",
    "start_time": 709.584
  },
  {
    "end_time": 743.024,
    "segment": "Um the the controls themselves tend to use a very inconsistent colour scheme. Um for instance, the stand-by button isn't always red, uh it really should be. It's uh something the user then uh identify with. This is a red switch off, that's how it should be. Um I'm not sure if there's any other examples of that, but something to look out for.",
    "speaker_id": "C",
    "start_time": 722.8
  },
  {
    "end_time": 756.304,
    "segment": "Um there's a problem that I've I've got couple of preferences for the the end control um I get 'em with the the red colour button for stand-by and s the other examples of that um",
    "speaker_id": "C",
    "start_time": 744.672
  },
  {
    "end_time": 762.976,
    "segment": "The buttons should be large. They shouldn't be tiny little things like you get on some mobile phones. They should be easy to press, very comfortable.",
    "speaker_id": "C",
    "start_time": 757.123
  },
  {
    "end_time": 785.728,
    "segment": "Um one of the examples given on the homepage was um there's an up and down volume button but both of them have a V_ on them, so the up volume button looks like it should be a down volume button, that's kinda confusing. Um should avoid s things like that. Um if the the corporate colour scheme allows it we should have a very bright colour so that it can be easily identified anywhere.",
    "speaker_id": "C",
    "start_time": 763.448
  },
  {
    "end_time": 793.152,
    "segment": "Um obviously trying trying to avoid being tacky there, but it could um tie-in very easily with your your lime and lemon idea.",
    "speaker_id": "C",
    "start_time": 786.944
  },
  {
    "end_time": 803.568,
    "segment": "Fantastic.",
    "speaker_id": "C",
    "start_time": 801.027
  },
  {
    "end_time": 807.104,
    "segment": "Um",
    "speaker_id": "C",
    "start_time": 806.296
  },
  {
    "end_time": 828.795,
    "segment": "any extra features we add beyond the basic ones should be m hidden, they shouldn't be on the um shouldn't be visible without something be opened or some sort of special extra effort. Um if we did decide to go for voice activation there sh should always be a button as alternative, possibly hidden in the the opened up section um making that something is wrong with it or with somebody's voice, maybe they got a cold or",
    "speaker_id": "C",
    "start_time": 808.48
  },
  {
    "end_time": 834.592,
    "segment": "Um we should definitely avoid the big square block look. That's just wrong.",
    "speaker_id": "C",
    "start_time": 829.968
  },
  {
    "end_time": 849.04,
    "segment": "And um we got an email uh from I think it's the the research department, and they've said th the voice control um can now talk back if you ask it a question. So it sh it could be good to have them um confirm any action you take",
    "speaker_id": "C",
    "start_time": 836.416
  },
  {
    "end_time": 851.086,
    "segment": "and possibility.",
    "speaker_id": "C",
    "start_time": 849.716
  },
  {
    "end_time": 869.872,
    "segment": "Right and these are problems I've had with it. Um I don't know where the slogan should go, or really what the slogan is. I think it's um, fashion into electronics. And we don't know how flexible the colour scheme is. I mean you say you wanted the the corporate colours, but they don't say you know if we can use any other colours at all or",
    "speaker_id": "C",
    "start_time": 854.032
  },
  {
    "end_time": 874.49,
    "segment": "That's it.",
    "speaker_id": "C",
    "start_time": 874.048
  },
  {
    "end_time": 897.104,
    "segment": "I think I'm cool.",
    "speaker_id": "C",
    "start_time": 896.054
  },
  {
    "end_time": 1041.64,
    "segment": "Right.",
    "speaker_id": "C",
    "start_time": 1041.09
  },
  {
    "end_time": 1059.193,
    "segment": "Right.",
    "speaker_id": "C",
    "start_time": 1058.88
  },
  {
    "end_time": 1479.184,
    "segment": "Um I think we could go for like um maybe not a p a fruit shape but a very sort of curvy type shape. Um you could have the same sort of texture and colour as a fruit.",
    "speaker_id": "C",
    "start_time": 1469.44
  },
  {
    "end_time": 1489.773,
    "segment": "Um probably something that s sits in your hand comfortably, sort of feels right in your hand.",
    "speaker_id": "C",
    "start_time": 1486.416
  },
  {
    "end_time": 1596.654,
    "segment": "See I'm",
    "speaker_id": "C",
    "start_time": 1595.952
  },
  {
    "end_time": 1650.048,
    "segment": "I'd quite like a sort of uh snowman type shape.",
    "speaker_id": "C",
    "start_time": 1647.7
  },
  {
    "end_time": 1657.072,
    "segment": "Um so a p sort of larger bit sits in your hand, and then you got maybe another bubble at the top for just any other function you need.",
    "speaker_id": "C",
    "start_time": 1651.216
  },
  {
    "end_time": 1700.912,
    "segment": "Um something like that um you got two groups there um maybe it could fold up and you get a third group inside or uh you have volume controls about there.",
    "speaker_id": "C",
    "start_time": 1690.752
  },
  {
    "end_time": 1729.84,
    "segment": "So I reckon it'd look quite nice if we just had um this here, had a sorta background yellow, and then have sort of a nice bold colour for the buttons.",
    "speaker_id": "C",
    "start_time": 1722.704
  },
  {
    "end_time": 1748.448,
    "segment": "I think that might scare me.",
    "speaker_id": "C",
    "start_time": 1747.292
  },
  {
    "end_time": 1759.086,
    "segment": "I think that'd probably scare me. You turn it on your control possessed s.",
    "speaker_id": "C",
    "start_time": 1755.392
  },
  {
    "end_time": 1773.344,
    "segment": "Um",
    "speaker_id": "C",
    "start_time": 1772.784
  },
  {
    "end_time": 1836.764,
    "segment": "Nah.",
    "speaker_id": "C",
    "start_time": 1836.113
  },
  {
    "end_time": 1874.096,
    "segment": "Um well I think the advanced ones the the ones you don't usually use could be hid inside. B um I think the we had were fairly basic ones, they'd have to go on the the front somewhere.",
    "speaker_id": "C",
    "start_time": 1864.384
  },
  {
    "end_time": 1888.448,
    "segment": "Um",
    "speaker_id": "C",
    "start_time": 1887.639
  },
  {
    "end_time": 2006.096,
    "segment": "Yeah I think so yeah.",
    "speaker_id": "C",
    "start_time": 2005.136
  },
  {
    "end_time": 2114.349,
    "segment": "Mm.",
    "speaker_id": "C",
    "start_time": 2113.706
  },
  {
    "end_time": 2156.34,
    "segment": "Well, but then for um for skipping a large amount of channels you do have to uh to skip the channel button, the number part.",
    "speaker_id": "C",
    "start_time": 2150.448
  },
  {
    "end_time": 2161.583,
    "segment": "Uh but",
    "speaker_id": "C",
    "start_time": 2160.585
  },
  {
    "end_time": 2168.383,
    "segment": "Yeah.",
    "speaker_id": "C",
    "start_time": 2167.875
  },
  {
    "end_time": 2243.553,
    "segment": "Mm.",
    "speaker_id": "C",
    "start_time": 2242.893
  },
  {
    "end_time": 0.956,
    "segment": "Yeah.",
    "speaker_id": "D",
    "start_time": 0.6
  },
  {
    "end_time": 15.166,
    "segment": "Yeah, sure. It kinda does make sense, doesn't it, because when we get into the end of meeting we're kind of talking about action and design as opposed to background. Everything I have is kinda background.",
    "speaker_id": "D",
    "start_time": 4.998
  },
  {
    "end_time": 34.84,
    "segment": "Mm-hmm.",
    "speaker_id": "D",
    "start_time": 34.064
  },
  {
    "end_time": 65.456,
    "segment": "Uh that sounds.",
    "speaker_id": "D",
    "start_time": 63.573
  },
  {
    "end_time": 75.913,
    "segment": "Sure.",
    "speaker_id": "D",
    "start_time": 75.232
  },
  {
    "end_time": 77.568,
    "segment": "Okay.",
    "speaker_id": "D",
    "start_time": 77.069
  },
  {
    "end_time": 83.952,
    "segment": "Sure.",
    "speaker_id": "D",
    "start_time": 82.496
  },
  {
    "end_time": 90.836,
    "segment": "Yeah, cool.",
    "speaker_id": "D",
    "start_time": 89.152
  },
  {
    "end_time": 93.248,
    "segment": "Why don't I get that?",
    "speaker_id": "D",
    "start_time": 91.552
  },
  {
    "end_time": 94.785,
    "segment": "Hmm.",
    "speaker_id": "D",
    "start_time": 94.447
  },
  {
    "end_time": 126.894,
    "segment": "Okay.",
    "speaker_id": "D",
    "start_time": 125.392
  },
  {
    "end_time": 132.864,
    "segment": "Okay.",
    "speaker_id": "D",
    "start_time": 131.302
  },
  {
    "end_time": 137.552,
    "segment": "Um alright so c is it function F_ eight?",
    "speaker_id": "D",
    "start_time": 134.256
  },
  {
    "end_time": 141.508,
    "segment": "Hmm.",
    "speaker_id": "D",
    "start_time": 140.84
  },
  {
    "end_time": 147.28,
    "segment": "Come on. I think it's working.",
    "speaker_id": "D",
    "start_time": 142.672
  },
  {
    "end_time": 152.56,
    "segment": "Okay great s so let me just start this.",
    "speaker_id": "D",
    "start_time": 148.544
  },
  {
    "end_time": 160.496,
    "segment": "Okay great. So um uh s move on.",
    "speaker_id": "D",
    "start_time": 156.608
  },
  {
    "end_time": 170.112,
    "segment": "Uh-huh oh where'd it all go? It's not good. Okay lemme just see where I can find it.",
    "speaker_id": "D",
    "start_time": 161.616
  },
  {
    "end_time": 181.04,
    "segment": "This looks more like it.",
    "speaker_id": "D",
    "start_time": 179.392
  },
  {
    "end_time": 198.53,
    "segment": "I think I just opened up the template. Sorry about that. Okay alright so let's have a look here. Okay so this was the method that um I've taken. Uh basically what I wanna do here, before we get into it uh too far, is I want to show you all the background information I have that I think we need to acknowledge if we want this to be successful.",
    "speaker_id": "D",
    "start_time": 182.432
  },
  {
    "end_time": 208.91,
    "segment": "And uh and then sorta g go through some of the way that I've dealt with that information, and then sort of bring us all together into it to see sorta see how this fits in with the overall vision.",
    "speaker_id": "D",
    "start_time": 198.53
  },
  {
    "end_time": 234.421,
    "segment": "Um so I've tried to take a whole lot of market research and summarise it for us, and then ide identify uh trends that are are sort of in sync and are important to our our uh p project plan that we have so far, and then uh initiate a kind of discussion on design options so that it sorta helps us to to narrow in on on aspects that will inform other uh other elements of the of the project.",
    "speaker_id": "D",
    "start_time": 208.91
  },
  {
    "end_time": 260.801,
    "segment": "Does that make sense, tha that sort of strategy? I thought that that will impact on the rest of what we do, so that's why I suggested we get in this. Okay so out of um different uh figures and ratings ob uh of people in general, um consumers in general, the number one thing that was found was that uh the br t television remote control, a fancy look and feel, okay, and not, it specified, not a functional look or or feel, uh b f f fancy.",
    "speaker_id": "D",
    "start_time": 234.421
  },
  {
    "end_time": 288.298,
    "segment": "Um however, this is where we kinda have to be very, I think, creative about it. Number two was that it be innovative. Okay so that tells me that we have to find a way to be innovative without a adding just unnecessary um sort of functional bits to it. Uh and third priority uh for ease of use, so again that kind of gives us a general picture of how it has to be, um quite user friendly while still having technology.",
    "speaker_id": "D",
    "start_time": 260.801
  },
  {
    "end_time": 297.872,
    "segment": "So it I'll just say right away as a bit of a foreshadowing into how we proceed with this in terms of m marketing, is that I think um what we should think about is how the um",
    "speaker_id": "D",
    "start_time": 288.298
  },
  {
    "end_time": 330.288,
    "segment": "about how the innovation uh contributes to the look and feel, and not so much to the functionality of it. For example like when you pick it up and push it like it all lights up or something, you know what I mean, like, or it's got something else to it that just seems innovative because obviously the thing that the message here is ease of use. So how do you make innovation make something more more easy to use? Well that's I guess where we're gonna go with this. Okay then there's the other aspect of the back the the market um",
    "speaker_id": "D",
    "start_time": 298.866
  },
  {
    "end_time": 356.425,
    "segment": "research I have here is on fashion style, okay, which as we've agreed is a priority. Uh top European fashion trend um that I read about says there's this emerging theme of fruit and vegetables, okay, especially in clothes and furniture. And when I first saw that I thought hmm, well do we want to actually try and think about this trend and how we add something to it, or we get right into it, or we completely steer away from it, do you know what I mean?",
    "speaker_id": "D",
    "start_time": 331.328
  },
  {
    "end_time": 382.503,
    "segment": "So my my feeling is that we w do want to observe this trend, but we want to think also about the fact that it sort of has to fit in with something which is not specifically electronics. Um 'cause I think what we're in what we're in is partly sort of home decor, partly something like a computer, um so I think we might wanna be careful about how you know how quickly we create like a remote control in the shape of an apple or something, I think that would be pushing it.",
    "speaker_id": "D",
    "start_time": 356.425
  },
  {
    "end_time": 406.96,
    "segment": "And then in terms of m material trends are for things to be soft and spongy and sort of, you might say ergonomic or or friendly to handle, which is which also in indicated that last year this was this was not the case. So um probably a lot of the competition on the market will be still in last year's mode, so if we try and really capitalise on that, I think that'll be in our favour. Um",
    "speaker_id": "D",
    "start_time": 382.503
  },
  {
    "end_time": 431.024,
    "segment": "So these this is the summary of everything. Um style is number one uh thing in the in the market of who we're selling to. Uh innovative design technology's also a must in that it's seen it'd be seen to be uh cutting edge, uh but ease of use t has to be insured throughout. That was like the number three thing. And then at the end there are vibrant natural colours um",
    "speaker_id": "D",
    "start_time": 409.584
  },
  {
    "end_time": 450.954,
    "segment": "that's the way I interpreted it anyway, softness in materials, shape, and function, and so I've written at written at the bottom to give us sort of a context of discussion, Mac iPods, something which is, I'd have to say very high-tech, ten gigabytes, whatever, but when you hold it in your hand there's like no buttons. You know what a Mac iPod is?",
    "speaker_id": "D",
    "start_time": 432.032
  },
  {
    "end_time": 466.672,
    "segment": "I'm thinking however Mac iPod is sort of last year's because it's very hard and sort of glassy and glossy, so I'm thinking if we imagine that we're taking some of the features of a Mac iPod and we're then making it s more of like a more of like a comfortable type of or more of like a",
    "speaker_id": "D",
    "start_time": 450.954
  },
  {
    "end_time": 470.629,
    "segment": "maybe more vibrant to friendly thing to have.",
    "speaker_id": "D",
    "start_time": 467.537
  },
  {
    "end_time": 492.176,
    "segment": "Um and then so this is w with all that information what I'm what I'm suggesting in this slide here is that we we take these ideas, and as we get into more the more um techni like sort of production side of things, that we think about shape, materials, and themes or series that go throughout. Sort of like a",
    "speaker_id": "D",
    "start_time": 471.584
  },
  {
    "end_time": 502.288,
    "segment": "I dunno like um we think of some kind of a thin theme that unifies it all, that we agree on, uh sorta like a marketing identity. Um",
    "speaker_id": "D",
    "start_time": 494.016
  },
  {
    "end_time": 525.056,
    "segment": "Does that make sense? Yeah. So so like I threw out a few ideas there just to kinda get us thinking along those lines like lemon, lime, I dunno, green colours, pe whatever, it's just an idea, 'cause I'm thinking that some of these ideas will seem quite coherent if we use them in terms of their what people associate this them with in terms of texture, shape, colours, things like that.",
    "speaker_id": "D",
    "start_time": 503.728
  },
  {
    "end_time": 545.351,
    "segment": "Like um the ones the ones which I'm most fond of in terms of giving like a theme to it would be like um like lemon or something like that, you know something which is, like you see a lot in in other areas. Like I see lots of websites and things that seem to associate with like lemon and lime and",
    "speaker_id": "D",
    "start_time": 526.82
  },
  {
    "end_time": 547.968,
    "segment": "So anyway it's just just an idea.",
    "speaker_id": "D",
    "start_time": 545.926
  },
  {
    "end_time": 578.432,
    "segment": "I'm thinking maybe we could incorporate some of these features into a fairly um into something which is which seems to have something to it which is almost gimmicky because like um like something to do with like lighting within it. Like you know just within the simple sense, when you pick up a phone and touch a button it uh lights up, q usually the buttons light up. How can we build on that? Maybe like it could light up in different colours or something or or people could buy the buy the control and then it comes with different like",
    "speaker_id": "D",
    "start_time": 549.04
  },
  {
    "end_time": 587.184,
    "segment": "covers or something so. Anyway those are that's all I have, but uh hopefully we can we can revisit those ideas when we get into",
    "speaker_id": "D",
    "start_time": 579.936
  },
  {
    "end_time": 592.75,
    "segment": "Yep.",
    "speaker_id": "D",
    "start_time": 592.369
  },
  {
    "end_time": 647.46,
    "segment": "Did you press F_ eight?",
    "speaker_id": "D",
    "start_time": 646.496
  },
  {
    "end_time": 794.848,
    "segment": "Yeah. Okay, do we have a corporate colour scheme? I didn't know.",
    "speaker_id": "D",
    "start_time": 791.815
  },
  {
    "end_time": 798.608,
    "segment": "Okay.",
    "speaker_id": "D",
    "start_time": 798.092
  },
  {
    "end_time": 800.902,
    "segment": "Okay.",
    "speaker_id": "D",
    "start_time": 800.158
  },
  {
    "end_time": 805.139,
    "segment": "Okay.",
    "speaker_id": "D",
    "start_time": 804.632
  },
  {
    "end_time": 807.126,
    "segment": "Yeah.",
    "speaker_id": "D",
    "start_time": 806.509
  },
  {
    "end_time": 835.765,
    "segment": "Mm-hmm.",
    "speaker_id": "D",
    "start_time": 835.264
  },
  {
    "end_time": 868.985,
    "segment": "Mm.",
    "speaker_id": "D",
    "start_time": 868.478
  },
  {
    "end_time": 871.344,
    "segment": "Mm.",
    "speaker_id": "D",
    "start_time": 870.784
  },
  {
    "end_time": 878.352,
    "segment": "Great. Lots of good information there.",
    "speaker_id": "D",
    "start_time": 875.808
  },
  {
    "end_time": 904.176,
    "segment": "It's a shame the cable wasn't just in the middle of the table, huh? Just um",
    "speaker_id": "D",
    "start_time": 899.824
  },
  {
    "end_time": 948.304,
    "segment": "It takes a second, doesn't it?",
    "speaker_id": "D",
    "start_time": 946.911
  },
  {
    "end_time": 966.901,
    "segment": "Mm-hmm.",
    "speaker_id": "D",
    "start_time": 966.4
  },
  {
    "end_time": 1018.543,
    "segment": "Mm-hmm.",
    "speaker_id": "D",
    "start_time": 1017.824
  },
  {
    "end_time": 1048.484,
    "segment": "Mm.",
    "speaker_id": "D",
    "start_time": 1047.968
  },
  {
    "end_time": 1063.936,
    "segment": "Mm-hmm.",
    "speaker_id": "D",
    "start_time": 1063.488
  },
  {
    "end_time": 1069.862,
    "segment": "They're standard, aren't they?",
    "speaker_id": "D",
    "start_time": 1068.848
  },
  {
    "end_time": 1076.771,
    "segment": "Yeah.",
    "speaker_id": "D",
    "start_time": 1076.297
  },
  {
    "end_time": 1105.978,
    "segment": "Hmm.",
    "speaker_id": "D",
    "start_time": 1105.445
  },
  {
    "end_time": 1126.656,
    "segment": "Mm-hmm.",
    "speaker_id": "D",
    "start_time": 1126.288
  },
  {
    "end_time": 1129.403,
    "segment": "Mm-hmm. Mm-hmm.",
    "speaker_id": "D",
    "start_time": 1127.744
  },
  {
    "end_time": 1144.0,
    "segment": "Mm-hmm.",
    "speaker_id": "D",
    "start_time": 1143.577
  },
  {
    "end_time": 1146.544,
    "segment": "Mm-hmm.",
    "speaker_id": "D",
    "start_time": 1146.044
  },
  {
    "end_time": 1150.291,
    "segment": "Hmm.",
    "speaker_id": "D",
    "start_time": 1149.724
  },
  {
    "end_time": 1169.449,
    "segment": "Hmm.",
    "speaker_id": "D",
    "start_time": 1168.73
  },
  {
    "end_time": 1184.075,
    "segment": "No.",
    "speaker_id": "D",
    "start_time": 1183.542
  },
  {
    "end_time": 1185.555,
    "segment": "Yeah.",
    "speaker_id": "D",
    "start_time": 1185.022
  },
  {
    "end_time": 1196.229,
    "segment": "Mm-hmm.",
    "speaker_id": "D",
    "start_time": 1195.705
  },
  {
    "end_time": 1206.631,
    "segment": "Mm-hmm.",
    "speaker_id": "D",
    "start_time": 1206.056
  },
  {
    "end_time": 1212.987,
    "segment": "Hmm.",
    "speaker_id": "D",
    "start_time": 1212.505
  },
  {
    "end_time": 1215.568,
    "segment": "Yeah.",
    "speaker_id": "D",
    "start_time": 1215.152
  },
  {
    "end_time": 1221.849,
    "segment": "Hmm.",
    "speaker_id": "D",
    "start_time": 1221.584
  },
  {
    "end_time": 1227.651,
    "segment": "Hmm.",
    "speaker_id": "D",
    "start_time": 1227.344
  },
  {
    "end_time": 1240.897,
    "segment": "Mm-hmm.",
    "speaker_id": "D",
    "start_time": 1240.224
  },
  {
    "end_time": 1264.726,
    "segment": "Mm-hmm mm-hmm mm-hmm.",
    "speaker_id": "D",
    "start_time": 1263.035
  },
  {
    "end_time": 1266.288,
    "segment": "Mm-hmm.",
    "speaker_id": "D",
    "start_time": 1265.936
  },
  {
    "end_time": 1304.832,
    "segment": "It can't be curved. Okay.",
    "speaker_id": "D",
    "start_time": 1302.768
  },
  {
    "end_time": 1321.579,
    "segment": "Uh question on can I ask a question?",
    "speaker_id": "D",
    "start_time": 1318.447
  },
  {
    "end_time": 1326.624,
    "segment": "Okay.",
    "speaker_id": "D",
    "start_time": 1326.222
  },
  {
    "end_time": 1333.104,
    "segment": "Can we uh power a light in this? Can we get a strong enough battery to power a light?",
    "speaker_id": "D",
    "start_time": 1327.904
  },
  {
    "end_time": 1339.453,
    "segment": "Okay.",
    "speaker_id": "D",
    "start_time": 1339.047
  },
  {
    "end_time": 1343.824,
    "segment": "So maybe one of the things we can just try and include is a really good battery.",
    "speaker_id": "D",
    "start_time": 1340.144
  },
  {
    "end_time": 1347.424,
    "segment": "Well",
    "speaker_id": "D",
    "start_time": 1346.72
  },
  {
    "end_time": 1349.984,
    "segment": "I mean I'm thinking it might be",
    "speaker_id": "D",
    "start_time": 1348.336
  },
  {
    "end_time": 1365.828,
    "segment": "That for uh this to be a high-tech thing it's gonna have to have something high-tech about it and that's gonna take battery power, and to make that to make that a realistic goal I think one of the issues that will come up later is, can the battery power it?",
    "speaker_id": "D",
    "start_time": 1351.216
  },
  {
    "end_time": 1374.169,
    "segment": "Illuminate the buttons. Yeah it glows.",
    "speaker_id": "D",
    "start_time": 1371.712
  },
  {
    "end_time": 1390.704,
    "segment": "Well m I'm thinking along the lines of you're you're in the dark watching a D_V_D_ and you um you find the thing in the dark and you go like this, and that's what everybody does. Oh where's the volume button in the dark, and uh y you just touch it, or you just pick it up, and it lights up or something.",
    "speaker_id": "D",
    "start_time": 1374.976
  },
  {
    "end_time": 1393.104,
    "segment": "Like a phone, yeah yeah.",
    "speaker_id": "D",
    "start_time": 1391.712
  },
  {
    "end_time": 1404.691,
    "segment": "Whereas with phones, people charge them once a week. We're gonna need to put in a really good battery so people don't have to charge their r remote control every few days.",
    "speaker_id": "D",
    "start_time": 1394.096
  },
  {
    "end_time": 1411.296,
    "segment": "But are people gonna wanna shake their movie controller?",
    "speaker_id": "D",
    "start_time": 1409.36
  },
  {
    "end_time": 1414.608,
    "segment": "Right.",
    "speaker_id": "D",
    "start_time": 1414.272
  },
  {
    "end_time": 1415.808,
    "segment": "Sure.",
    "speaker_id": "D",
    "start_time": 1415.361
  },
  {
    "end_time": 1421.164,
    "segment": "Okay.",
    "speaker_id": "D",
    "start_time": 1420.564
  },
  {
    "end_time": 1422.408,
    "segment": "Right.",
    "speaker_id": "D",
    "start_time": 1422.016
  },
  {
    "end_time": 1425.52,
    "segment": "Mm-hmm.",
    "speaker_id": "D",
    "start_time": 1425.168
  },
  {
    "end_time": 1429.074,
    "segment": "Okay, great.",
    "speaker_id": "D",
    "start_time": 1427.909
  },
  {
    "end_time": 1438.564,
    "segment": "Okay.",
    "speaker_id": "D",
    "start_time": 1438.031
  },
  {
    "end_time": 1449.323,
    "segment": "Okay.",
    "speaker_id": "D",
    "start_time": 1447.588
  },
  {
    "end_time": 1454.406,
    "segment": "Yeah.",
    "speaker_id": "D",
    "start_time": 1454.048
  },
  {
    "end_time": 1456.56,
    "segment": "Yeah.",
    "speaker_id": "D",
    "start_time": 1456.272
  },
  {
    "end_time": 1502.367,
    "segment": "What's that?",
    "speaker_id": "D",
    "start_time": 1501.665
  },
  {
    "end_time": 1505.632,
    "segment": "Yeah.",
    "speaker_id": "D",
    "start_time": 1505.216
  },
  {
    "end_time": 1512.364,
    "segment": "Okay.",
    "speaker_id": "D",
    "start_time": 1511.924
  },
  {
    "end_time": 1551.485,
    "segment": "Well I mean I'm thinking that what we need to do is have something that kind of unifies a lot of the different concepts, and if we think that what we are w our number one marketing motive is um the look and feel. So for the look and feel to seem coherent and not just sorta bits and bits and pieces of of concept and technology or or whatever or fashion, then we should have it kind of come back to one thing that we kind of all sorta can visualize.",
    "speaker_id": "D",
    "start_time": 1524.688
  },
  {
    "end_time": 1574.64,
    "segment": "Um maybe what we could do is t th think about a concept which touches b back to the on the um the colour, you said company colour yellow. I mean if we think of something, like I was saying also lime and lemon you know, what can we come up with something where we we try and associate it with with like the series. We just come up with something like that we kind of use it as a theme to inspire the",
    "speaker_id": "D",
    "start_time": 1551.485
  },
  {
    "end_time": 1576.608,
    "segment": "shapes and things.",
    "speaker_id": "D",
    "start_time": 1575.872
  },
  {
    "end_time": 1593.76,
    "segment": "Yeah.",
    "speaker_id": "D",
    "start_time": 1593.392
  },
  {
    "end_time": 1607.456,
    "segment": "Yeah.",
    "speaker_id": "D",
    "start_time": 1607.063
  },
  {
    "end_time": 1634.784,
    "segment": "No no no not at all. It's more more just that we we think about like",
    "speaker_id": "D",
    "start_time": 1628.681
  },
  {
    "end_time": 1641.873,
    "segment": "what it is we're trying to achieve, so and then we have one one sorta theme that we stick with. Do you know what I mean?",
    "speaker_id": "D",
    "start_time": 1636.064
  },
  {
    "end_time": 1659.366,
    "segment": "Right, sure.",
    "speaker_id": "D",
    "start_time": 1657.643
  },
  {
    "end_time": 1661.2,
    "segment": "Yeah.",
    "speaker_id": "D",
    "start_time": 1660.864
  },
  {
    "end_time": 1669.072,
    "segment": "Um can we yeah like to and wha like do you have a",
    "speaker_id": "D",
    "start_time": 1664.208
  },
  {
    "end_time": 1672.832,
    "segment": "Can you like yeah just t we can visualize it.",
    "speaker_id": "D",
    "start_time": 1670.056
  },
  {
    "end_time": 1696.76,
    "segment": "Okay.",
    "speaker_id": "D",
    "start_time": 1696.168
  },
  {
    "end_time": 1701.072,
    "segment": "Okay.",
    "speaker_id": "D",
    "start_time": 1700.704
  },
  {
    "end_time": 1703.376,
    "segment": "Yep.",
    "speaker_id": "D",
    "start_time": 1703.008
  },
  {
    "end_time": 1721.517,
    "segment": "Mm.",
    "speaker_id": "D",
    "start_time": 1720.933
  },
  {
    "end_time": 1781.225,
    "segment": "What would it achieve?",
    "speaker_id": "D",
    "start_time": 1779.849
  },
  {
    "end_time": 1783.861,
    "segment": "Well",
    "speaker_id": "D",
    "start_time": 1783.201
  },
  {
    "end_time": 1802.458,
    "segment": "L_C_ well I'd when you used to mention the L_C_D_ I'd think I wonder what that would be about. And the th the thing I could see it helping with would be if it was somehow connected with um listings. So as you scroll through, 'cause we said we might have a jog dial, so as you scroll through your stations you can y it actually tells you what it is.",
    "speaker_id": "D",
    "start_time": 1785.146
  },
  {
    "end_time": 1807.232,
    "segment": "Right, okay.",
    "speaker_id": "D",
    "start_time": 1806.398
  },
  {
    "end_time": 1812.526,
    "segment": "Mm-hmm. Mm-hmm.",
    "speaker_id": "D",
    "start_time": 1810.843
  },
  {
    "end_time": 1829.306,
    "segment": "Mm not real",
    "speaker_id": "D",
    "start_time": 1827.886
  },
  {
    "end_time": 1834.87,
    "segment": "Mm-hmm.",
    "speaker_id": "D",
    "start_time": 1834.295
  },
  {
    "end_time": 1844.751,
    "segment": "No.",
    "speaker_id": "D",
    "start_time": 1844.336
  },
  {
    "end_time": 1851.581,
    "segment": "Mm mm.",
    "speaker_id": "D",
    "start_time": 1850.479
  },
  {
    "end_time": 1881.987,
    "segment": "Well i I was just",
    "speaker_id": "D",
    "start_time": 1880.016
  },
  {
    "end_time": 1886.543,
    "segment": "Yeah.",
    "speaker_id": "D",
    "start_time": 1885.942
  },
  {
    "end_time": 1887.952,
    "segment": "Yeah.",
    "speaker_id": "D",
    "start_time": 1887.648
  },
  {
    "end_time": 1926.928,
    "segment": "Yeah, sure.",
    "speaker_id": "D",
    "start_time": 1925.645
  },
  {
    "end_time": 1938.144,
    "segment": "Um I've had kinetic things before, and the the the one issue we need to keep in mind with them is that you're committing the user to moving it, and watches yeah",
    "speaker_id": "D",
    "start_time": 1927.659
  },
  {
    "end_time": 1941.936,
    "segment": "Sure, okay, right, okay.",
    "speaker_id": "D",
    "start_time": 1939.043
  },
  {
    "end_time": 1954.058,
    "segment": "Support for it. I mean just it's just worth pointing out because like I've I've known I've known people to have kinetic watches that they wear all the time, and it's just like magic because it's always powered and there's no battery.",
    "speaker_id": "D",
    "start_time": 1943.266
  },
  {
    "end_time": 1972.586,
    "segment": "I've also known people to have things like like a jewellery watch they wear from time to time, and they eventually just say it's just too much of a nuisance because I don't wear it all the time. Like remote control is similar, you're away on vacation, I dunno whatever, you something, and it just starts to get worn down. So we should think about",
    "speaker_id": "D",
    "start_time": 1954.058
  },
  {
    "end_time": 1980.769,
    "segment": "Yeah.",
    "speaker_id": "D",
    "start_time": 1980.4
  },
  {
    "end_time": 1984.88,
    "segment": "Yep.",
    "speaker_id": "D",
    "start_time": 1984.496
  },
  {
    "end_time": 2002.052,
    "segment": "And this size here, I'd suggest this be small, like quite small.",
    "speaker_id": "D",
    "start_time": 1997.062
  },
  {
    "end_time": 2008.976,
    "segment": "Um just a a lot of the um",
    "speaker_id": "D",
    "start_time": 2005.765
  },
  {
    "end_time": 2038.806,
    "segment": "I mean one of the things running through my mind right now, I realise we're being efficient to wrap up the meeting and have lots of decisions made, um but we are leaning quite a bit to the side of being low-tech, rubber buttons plastic frame, it's almost like we're reproducing the same old remote control that's out there. Should we think about how we are actually getting this high-tech user friendly uh um theme like what is it that we're u we're using to to achieve those goals? Like",
    "speaker_id": "D",
    "start_time": 2010.496
  },
  {
    "end_time": 2043.691,
    "segment": "Okay so so backlighting, that would be good.",
    "speaker_id": "D",
    "start_time": 2040.672
  },
  {
    "end_time": 2045.656,
    "segment": "Yeah clear, that'd be",
    "speaker_id": "D",
    "start_time": 2044.488
  },
  {
    "end_time": 2047.259,
    "segment": "Okay.",
    "speaker_id": "D",
    "start_time": 2046.574
  },
  {
    "end_time": 2055.158,
    "segment": "Yeah sure.",
    "speaker_id": "D",
    "start_time": 2054.176
  },
  {
    "end_time": 2058.096,
    "segment": "Yeah that'd be really good.",
    "speaker_id": "D",
    "start_time": 2056.88
  },
  {
    "end_time": 2060.091,
    "segment": "Yeah.",
    "speaker_id": "D",
    "start_time": 2059.38
  },
  {
    "end_time": 2065.824,
    "segment": "Sure.",
    "speaker_id": "D",
    "start_time": 2065.424
  },
  {
    "end_time": 2069.627,
    "segment": "Yeah, yeah.",
    "speaker_id": "D",
    "start_time": 2068.352
  },
  {
    "end_time": 2071.572,
    "segment": "Yeah.",
    "speaker_id": "D",
    "start_time": 2070.794
  },
  {
    "end_time": 2074.24,
    "segment": "Sure.",
    "speaker_id": "D",
    "start_time": 2073.92
  },
  {
    "end_time": 2077.267,
    "segment": "Yeah they they emanate a light through it.",
    "speaker_id": "D",
    "start_time": 2075.376
  },
  {
    "end_time": 2080.32,
    "segment": "'Kay.",
    "speaker_id": "D",
    "start_time": 2079.858
  },
  {
    "end_time": 2107.125,
    "segment": "Yeah, mm-hmm. Um and then the other thing that we we're s we've committed ourselves to achieving is simplicity, and so I'm thinking maybe should we try and think about having something like um some kind of an innovative concept about how the um the volume and the channels are controlled, 'cause that's the main thing people will f wanna do. Could we use like a jog dial, like a nice just sort of round, somewhere on it where you just roll it? Or",
    "speaker_id": "D",
    "start_time": 2081.38
  },
  {
    "end_time": 2114.837,
    "segment": "Yeah.",
    "speaker_id": "D",
    "start_time": 2113.932
  },
  {
    "end_time": 2122.784,
    "segment": "Mm-hmm. Well why don't we do it like a mouse then?",
    "speaker_id": "D",
    "start_time": 2120.288
  },
  {
    "end_time": 2134.592,
    "segment": "Yeah.",
    "speaker_id": "D",
    "start_time": 2134.24
  },
  {
    "end_time": 2141.829,
    "segment": "Mm-hmm.",
    "speaker_id": "D",
    "start_time": 2141.205
  },
  {
    "end_time": 2144.121,
    "segment": "Yeah.",
    "speaker_id": "D",
    "start_time": 2143.453
  },
  {
    "end_time": 2147.445,
    "segment": "Yeah, sure.",
    "speaker_id": "D",
    "start_time": 2145.466
  },
  {
    "end_time": 2150.777,
    "segment": "Mm.",
    "speaker_id": "D",
    "start_time": 2149.965
  },
  {
    "end_time": 2156.351,
    "segment": "Yeah.",
    "speaker_id": "D",
    "start_time": 2155.834
  },
  {
    "end_time": 2170.496,
    "segment": "But that's not a bad thing is it? Because when you think about it, the alternative is to go push the button. Jog dials are much easier than that.",
    "speaker_id": "D",
    "start_time": 2163.021
  },
  {
    "end_time": 2172.23,
    "segment": "You just roll.",
    "speaker_id": "D",
    "start_time": 2171.554
  },
  {
    "end_time": 2180.811,
    "segment": "Yeah.",
    "speaker_id": "D",
    "start_time": 2180.397
  },
  {
    "end_time": 2182.64,
    "segment": "Yeah.",
    "speaker_id": "D",
    "start_time": 2182.384
  },
  {
    "end_time": 2205.456,
    "segment": "Yeah like I mean if we if if we keep coming back to this board here, I wouldn't be surprised if we could take this idea, imagine that, I dunno, that it's within the shape of the hand, it's quite small",
    "speaker_id": "D",
    "start_time": 2193.2
  },
  {
    "end_time": 2207.382,
    "segment": "I dunno.",
    "speaker_id": "D",
    "start_time": 2206.638
  },
  {
    "end_time": 2208.788,
    "segment": "Yeah.",
    "speaker_id": "D",
    "start_time": 2208.356
  },
  {
    "end_time": 2215.024,
    "segment": "It's small, and that we've got like the the l slogan somewhere like on the casing at the side,",
    "speaker_id": "D",
    "start_time": 2209.504
  },
  {
    "end_time": 2221.92,
    "segment": "and that yeah well I mean isn't that what we just h said said we s just have to decide now?",
    "speaker_id": "D",
    "start_time": 2216.064
  },
  {
    "end_time": 2227.584,
    "segment": "Yeah. And then like a jo",
    "speaker_id": "D",
    "start_time": 2225.898
  },
  {
    "end_time": 2235.678,
    "segment": "And then like a jog dial somewhere that fits in with the shape of it like I dunno like here, in with the",
    "speaker_id": "D",
    "start_time": 2229.024
  },
  {
    "end_time": 2241.446,
    "segment": "It would get bumped, it's doesn't really fit with your hand. Yeah.",
    "speaker_id": "D",
    "start_time": 2237.778
  },
  {
    "end_time": 2245.286,
    "segment": "Or maybe just fit it in like down the middle here.",
    "speaker_id": "D",
    "start_time": 2242.832
  },
  {
    "end_time": 2247.937,
    "segment": "A jog di",
    "speaker_id": "D",
    "start_time": 2246.787
  },
  {
    "end_time": 2252.476,
    "segment": "Yeah. It's kind of yeah",
    "speaker_id": "D",
    "start_time": 2249.417
  },
  {
    "end_time": 2261.056,
    "segment": "Yeah.",
    "speaker_id": "D",
    "start_time": 2260.688
  },
  {
    "end_time": 2266.916,
    "segment": "Huh.",
    "speaker_id": "D",
    "start_time": 2266.341
  },
  {
    "end_time": 2276.755,
    "segment": "Um",
    "speaker_id": "D",
    "start_time": 2275.741
  },
  {
    "end_time": 2288.512,
    "segment": "Yeah I think the jog dial, you know it just after you drew that, what if it was flat and you just spun it, that'd be great.",
    "speaker_id": "D",
    "start_time": 2283.488
  },
  {
    "end_time": 2289.726,
    "segment": "Yeah.",
    "speaker_id": "D",
    "start_time": 2289.413
  },
  {
    "end_time": 2291.36,
    "segment": "Yep.",
    "speaker_id": "D",
    "start_time": 2291.104
  },
  {
    "end_time": 2309.536,
    "segment": "Sure, yeah, yeah and materials we sorta said we'd do plastic and rubber, didn't we, and I think maybe we should try and stay away from just the big protruding rubber buttons, 'cause that'd just be so standard.",
    "speaker_id": "D",
    "start_time": 2297.365
  },
  {
    "end_time": 2322.528,
    "segment": "Something a bit more flush, yeah, or maybe have rubber incorporated into the case as well, so that it has and also t plastic I've seen can get really textured, so you can get plastics that actually feel soft in your hand.",
    "speaker_id": "D",
    "start_time": 2311.136
  },
  {
    "end_time": 2333.39,
    "segment": "They feel kind of like um, you get pens now and then that you'd think that they were rubber but they're not, they're actually just plastic that's textured, kind of a little bit like",
    "speaker_id": "D",
    "start_time": 2324.432
  },
  {
    "end_time": 2343.022,
    "segment": "Okay.",
    "speaker_id": "D",
    "start_time": 2342.514
  },
  {
    "end_time": 2346.038,
    "segment": "Okay.",
    "speaker_id": "D",
    "start_time": 2345.294
  }
]