[
  {
    "act": "Is it technologically innovative?",
    "ae_type": "Yes/No issue",
    "end_time": 372.25,
    "speaker_id": "A",
    "start_time": 370.29
  },
  {
    "act": "Yes. Right? We were able to do it with that kind of chip.",
    "ae_type": "Statement",
    "end_time": 388.52,
    "speaker_id": "A",
    "start_time": 384.1
  },
  {
    "act": "Yeah, right. That was 'kay. And we discussed that being included.",
    "ae_type": "Statement",
    "end_time": 398.87,
    "speaker_id": "A",
    "start_time": 393.54
  },
  {
    "act": "Well we don' have the you know, we can't say channel, and it changes the channel, channel eight.",
    "ae_type": "Statement",
    "end_time": 409.13,
    "speaker_id": "A",
    "start_time": 405.54
  },
  {
    "act": "Right.",
    "ae_type": "Statement",
    "end_time": 411.34,
    "speaker_id": "A",
    "start_time": 411.0
  },
  {
    "act": "Okay.",
    "ae_type": "Statement",
    "end_time": 414.51,
    "speaker_id": "A",
    "start_time": 414.18
  },
  {
    "act": "Yeah. I'd go for a three or four on that one, so okay, let's go for a three point five.",
    "ae_type": "Statement",
    "end_time": 427.27,
    "speaker_id": "A",
    "start_time": 421.16
  },
  {
    "act": "Down here, interface type. We're gonna have the integrated scroll scroll wheel. Isn't oh those are just regular buttons.",
    "ae_type": "Statement",
    "end_time": 576.09,
    "speaker_id": "A",
    "start_time": 569.82
  },
  {
    "act": "This?",
    "ae_type": "Yes/No issue",
    "end_time": 579.0,
    "speaker_id": "A",
    "start_time": 578.61
  },
  {
    "act": "Okay, so we can just go um.",
    "ae_type": "Statement",
    "end_time": 586.33,
    "speaker_id": "A",
    "start_time": 583.96
  },
  {
    "act": "Right.",
    "ae_type": "Statement",
    "end_time": 614.38,
    "speaker_id": "A",
    "start_time": 614.01
  },
  {
    "act": "I don't know, they might put us well, let's just.",
    "ae_type": "Statement",
    "end_time": 622.65,
    "speaker_id": "A",
    "start_time": 619.96
  },
  {
    "act": "Two or would it be three?",
    "ae_type": "A/B issue",
    "end_time": 625.29,
    "speaker_id": "A",
    "start_time": 623.93
  },
  {
    "act": "Oh sorry I'm taking over your job here. Go right ahead.",
    "ae_type": "Other (unlabeled)",
    "end_time": 378.54,
    "speaker_id": "A",
    "start_time": 372.25
  },
  {
    "act": "Right I think she's",
    "ae_type": "Other (unlabeled)",
    "end_time": 605.74,
    "speaker_id": "A",
    "start_time": 604.58
  },
  {
    "act": "We could do it with the chip, yes. It wasn't we have no reflection of it on the prototype, but that's because it's only two dimensions, really.",
    "ae_type": "Statement",
    "end_time": 396.86,
    "speaker_id": "B",
    "start_time": 388.22
  },
  {
    "act": "Yeah.",
    "ae_type": "Statement",
    "end_time": 413.65,
    "speaker_id": "B",
    "start_time": 413.0
  },
  {
    "act": "Three and an half.",
    "ae_type": "Statement",
    "end_time": 428.7,
    "speaker_id": "B",
    "start_time": 428.03
  },
  {
    "act": "Well, that's the push-button too, right there.",
    "ae_type": "Statement",
    "end_time": 577.37,
    "speaker_id": "B",
    "start_time": 575.57
  },
  {
    "act": "Integrated scroll-wheel or push-button. We're really having just push-button interface.",
    "ae_type": "Statement",
    "end_time": 583.87,
    "speaker_id": "B",
    "start_time": 579.64
  },
  {
    "act": "But it that just covers the type of button we're having. Because we're not doing a scroll on the side, it's still push-button.",
    "ae_type": "Statement",
    "end_time": 598.89,
    "speaker_id": "B",
    "start_time": 593.2
  },
  {
    "act": "Push-button. But we just have push",
    "ae_type": "Statement",
    "end_time": 605.71,
    "speaker_id": "B",
    "start_time": 603.5
  },
  {
    "act": "Yeah. Okay.",
    "ae_type": "Statement",
    "end_time": 616.99,
    "speaker_id": "B",
    "start_time": 615.18
  },
  {
    "act": "Okay.",
    "ae_type": "Statement",
    "end_time": 631.55,
    "speaker_id": "B",
    "start_time": 630.77
  },
  {
    "act": "It",
    "ae_type": "Other (unlabeled)",
    "end_time": 404.55,
    "speaker_id": "B",
    "start_time": 403.65
  },
  {
    "act": "Let's call it th",
    "ae_type": "Other (unlabeled)",
    "end_time": 625.55,
    "speaker_id": "B",
    "start_time": 623.92
  },
  {
    "act": "Oh right, the",
    "ae_type": "Statement",
    "end_time": 388.07,
    "speaker_id": "C",
    "start_time": 387.11
  },
  {
    "act": "Right.",
    "ae_type": "Statement",
    "end_time": 398.47,
    "speaker_id": "C",
    "start_time": 397.92
  },
  {
    "act": "Yeah I go four.",
    "ae_type": "Statement",
    "end_time": 424.34,
    "speaker_id": "C",
    "start_time": 423.57
  },
  {
    "act": "No, we don't have the scroll. Buttons.",
    "ae_type": "Statement",
    "end_time": 576.27,
    "speaker_id": "C",
    "start_time": 573.43
  },
  {
    "act": "Oh like the twenty nine means like you have both scrolls and push-buttons. But we don't have any scrolls.",
    "ae_type": "Statement",
    "end_time": 606.25,
    "speaker_id": "C",
    "start_time": 600.04
  },
  {
    "act": "Two interfaces, is that what w should we s say?",
    "ae_type": "Open issue",
    "end_time": 624.35,
    "speaker_id": "C",
    "start_time": 622.16
  },
  {
    "act": "Okay, fine. Yeah.",
    "ae_type": "Statement",
    "end_time": 626.81,
    "speaker_id": "C",
    "start_time": 625.94
  },
  {
    "act": "Um yeah, I mean and it does it have voice I mean the phrase recognition on it?",
    "ae_type": "Yes/No issue",
    "end_time": 381.59,
    "speaker_id": "D",
    "start_time": 376.43
  },
  {
    "act": "And there's no way you can represent it on here.",
    "ae_type": "Statement",
    "end_time": 394.38,
    "speaker_id": "D",
    "start_time": 391.84
  },
  {
    "act": "Yeah, so. Then yes, then I would well it isn't what else would it need for it to be technologically innovative?",
    "ae_type": "Open issue",
    "end_time": 405.45,
    "speaker_id": "D",
    "start_time": 397.54
  },
  {
    "act": "And it doesn't cover anything other then T_V_, so I'd probably give it a three.",
    "ae_type": "Statement",
    "end_time": 412.62,
    "speaker_id": "D",
    "start_time": 408.48
  },
  {
    "act": "Even though it is for just a T_V_ remote it's uh very advanced. But it is just a T_V_ remote.",
    "ae_type": "Statement",
    "end_time": 419.74,
    "speaker_id": "D",
    "start_time": 414.52
  },
  {
    "act": "Yeah, but i so i",
    "ae_type": "Statement",
    "end_time": 580.39,
    "speaker_id": "D",
    "start_time": 577.88
  },
  {
    "act": "But will we w actually we'll need two, won't we?",
    "ae_type": "Yes/No issue",
    "end_time": 590.62,
    "speaker_id": "D",
    "start_time": 587.36
  },
  {
    "act": "One for the top and then one for the s one e for each side.",
    "ae_type": "Statement",
    "end_time": 593.51,
    "speaker_id": "D",
    "start_time": 590.62
  },
  {
    "act": "Okay.",
    "ae_type": "Statement",
    "end_time": 604.97,
    "speaker_id": "D",
    "start_time": 604.44
  },
  {
    "act": "Like because there's like one interface right here and then because it's not gonna be on the same plane when you press the button. There's gonna have to be additional signals on the sides. So is that gonna be an extra one on each side?",
    "ae_type": "Yes/No issue",
    "end_time": 619.6,
    "speaker_id": "D",
    "start_time": 607.69
  },
  {
    "act": "Or three, because of one on each side and one on top. I mean it's fine 'cause it comes out the same as twenty nine. Well less than twenty nine even.",
    "ae_type": "Statement",
    "end_time": 630.69,
    "speaker_id": "D",
    "start_time": 624.47
  },
  {
    "act": "Oh no, it's fine, you're",
    "ae_type": "Other (unlabeled)",
    "end_time": 374.79,
    "speaker_id": "D",
    "start_time": 373.4
  },
  {
    "act": "Y",
    "ae_type": "Other (unlabeled)",
    "end_time": 394.7,
    "speaker_id": "D",
    "start_time": 394.38
  },
  {
    "act": "But it's",
    "ae_type": "Other (unlabeled)",
    "end_time": 575.98,
    "speaker_id": "D",
    "start_time": 575.45
  }
]