[
  {
    "act": "It might be a little clumsy when when it opens up, right, so it opens on the side. So",
    "ae_type": "Statement",
    "end_time": 676.77,
    "speaker_id": "A",
    "start_time": 670.89
  },
  {
    "act": "Yeah yeah yeah, I mean yeah. So you guys can decide wh whether",
    "ae_type": "Statement",
    "end_time": 684.33,
    "speaker_id": "A",
    "start_time": 679.22
  },
  {
    "act": "Yeah, but we which makes it kind of really big, yeah.",
    "ae_type": "Statement",
    "end_time": 693.78,
    "speaker_id": "A",
    "start_time": 689.62
  },
  {
    "act": "Okay.",
    "ae_type": "Statement",
    "end_time": 708.53,
    "speaker_id": "A",
    "start_time": 707.9
  },
  {
    "act": "Right.",
    "ae_type": "Statement",
    "end_time": 714.45,
    "speaker_id": "A",
    "start_time": 714.21
  },
  {
    "act": "Anyway it ha yeah, it's the most sophisticated remote that I ever seen.",
    "ae_type": "Statement",
    "end_time": 917.22,
    "speaker_id": "A",
    "start_time": 911.3
  },
  {
    "act": "Yeah, but they've been brought together in a remote.",
    "ae_type": "Statement",
    "end_time": 932.29,
    "speaker_id": "A",
    "start_time": 930.35
  },
  {
    "act": "Yeah.",
    "ae_type": "Statement",
    "end_time": 942.89,
    "speaker_id": "A",
    "start_time": 942.61
  },
  {
    "act": "One more thing is that i",
    "ae_type": "Other (unlabeled)",
    "end_time": 667.72,
    "speaker_id": "A",
    "start_time": 666.62
  },
  {
    "act": "Oops.",
    "ae_type": "Other (unlabeled)",
    "end_time": 686.21,
    "speaker_id": "A",
    "start_time": 685.96
  },
  {
    "act": "Uh this this kind of uh makes it more",
    "ae_type": "Other (unlabeled)",
    "end_time": 701.26,
    "speaker_id": "A",
    "start_time": 699.34
  },
  {
    "act": "Okay.",
    "ae_type": "Statement",
    "end_time": 670.72,
    "speaker_id": "B",
    "start_time": 670.21
  },
  {
    "act": "Yeah. Yeah.",
    "ae_type": "Statement",
    "end_time": 682.83,
    "speaker_id": "B",
    "start_time": 681.6
  },
  {
    "act": "I th I think the alternative is flipping from the top.",
    "ae_type": "Statement",
    "end_time": 689.01,
    "speaker_id": "B",
    "start_time": 686.56
  },
  {
    "act": "Yeah um",
    "ae_type": "Statement",
    "end_time": 694.38,
    "speaker_id": "B",
    "start_time": 693.57
  },
  {
    "act": "But you were thinking about making it smaller, yeah?",
    "ae_type": "Yes/No issue",
    "end_time": 697.91,
    "speaker_id": "B",
    "start_time": 695.56
  },
  {
    "act": "So you have to keep that side flat.",
    "ae_type": "Yes/No issue",
    "end_time": 704.88,
    "speaker_id": "B",
    "start_time": 701.48
  },
  {
    "act": "So it works like a mobile phone flipping, but y you know, as long as that side's flat, than that will work.",
    "ae_type": "Statement",
    "end_time": 713.94,
    "speaker_id": "B",
    "start_time": 709.09
  },
  {
    "act": "Yeah, but I mean you don't",
    "ae_type": "Statement",
    "end_time": 927.59,
    "speaker_id": "B",
    "start_time": 925.4
  },
  {
    "act": "They're never been used i they've never been using remote remote control before I don't think.",
    "ae_type": "Statement",
    "end_time": 936.36,
    "speaker_id": "B",
    "start_time": 931.03
  },
  {
    "act": "Yeah, what do you all think? Six?",
    "ae_type": "Yes/No issue",
    "end_time": 942.65,
    "speaker_id": "B",
    "start_time": 939.84
  },
  {
    "act": "Well, that's it, I mean",
    "ae_type": "Statement",
    "end_time": 947.06,
    "speaker_id": "B",
    "start_time": 945.92
  },
  {
    "act": "Yeah, but I mean everything has been used in space before it gets to anyone else really, hasn't it? So, I don't think many peop",
    "ae_type": "Yes/No issue",
    "end_time": 956.53,
    "speaker_id": "B",
    "start_time": 949.46
  },
  {
    "act": "That's it, they can take it with them.",
    "ae_type": "Statement",
    "end_time": 959.38,
    "speaker_id": "B",
    "start_time": 958.0
  },
  {
    "act": "Because",
    "ae_type": "Other (unlabeled)",
    "end_time": 700.1,
    "speaker_id": "B",
    "start_time": 699.48
  },
  {
    "act": ".",
    "ae_type": "Other (unlabeled)",
    "end_time": 938.418,
    "speaker_id": "B",
    "start_time": 938.418
  },
  {
    "act": "Yeah.",
    "ae_type": "Statement",
    "end_time": 681.09,
    "speaker_id": "C",
    "start_time": 680.67
  },
  {
    "act": "The length is gonna be difficu",
    "ae_type": "Statement",
    "end_time": 692.67,
    "speaker_id": "C",
    "start_time": 690.88
  },
  {
    "act": "G_ technologically innovative.",
    "ae_type": "Statement",
    "end_time": 913.2,
    "speaker_id": "C",
    "start_time": 909.86
  },
  {
    "act": "But in terms of the actual technology, none of it is actually new.",
    "ae_type": "Statement",
    "end_time": 921.9,
    "speaker_id": "C",
    "start_time": 917.78
  },
  {
    "act": "Yeah.",
    "ae_type": "Statement",
    "end_time": 924.72,
    "speaker_id": "C",
    "start_time": 924.18
  },
  {
    "act": "All of the components have been used in other things before. But do yeah, yeah.",
    "ae_type": "Statement",
    "end_time": 933.82,
    "speaker_id": "C",
    "start_time": 927.09
  },
  {
    "act": "Yeah. What do you reckon, five, six?",
    "ae_type": "A/B issue",
    "end_time": 939.58,
    "speaker_id": "C",
    "start_time": 936.68
  },
  {
    "act": "Yeah.",
    "ae_type": "Statement",
    "end_time": 948.96,
    "speaker_id": "C",
    "start_time": 948.73
  },
  {
    "act": "Space remote.",
    "ae_type": "Statement",
    "end_time": 957.72,
    "speaker_id": "C",
    "start_time": 956.21
  },
  {
    "act": "They",
    "ae_type": "Other (unlabeled)",
    "end_time": 671.12,
    "speaker_id": "C",
    "start_time": 670.92
  },
  {
    "act": "Mm.",
    "ae_type": "Other (unlabeled)",
    "end_time": 699.18,
    "speaker_id": "C",
    "start_time": 698.75
  },
  {
    "act": "No, yeah, but mm but we have it nicely with the hinges here yeah. So it won't be a problem, it will be and it will be it won't be heavy.",
    "ae_type": "Statement",
    "end_time": 686.15,
    "speaker_id": "D",
    "start_time": 675.6
  },
  {
    "act": "Yeah well yeah, but it's it's a bit long. It's a little bit long. Well, I mean it can be opened like this of course and yeah.",
    "ae_type": "Statement",
    "end_time": 696.63,
    "speaker_id": "D",
    "start_time": 689.59
  },
  {
    "act": "S uh slightly smaller.",
    "ae_type": "Statement",
    "end_time": 701.19,
    "speaker_id": "D",
    "start_time": 699.77
  },
  {
    "act": "Yeah, but if we flip it open only as much as that.",
    "ae_type": "Statement",
    "end_time": 707.55,
    "speaker_id": "D",
    "start_time": 705.13
  },
  {
    "act": "Yeah.",
    "ae_type": "Statement",
    "end_time": 917.06,
    "speaker_id": "D",
    "start_time": 916.4
  },
  {
    "act": "Well mm we have we have the sample speaker as well, which is yeah, it's kind of new.",
    "ae_type": "Statement",
    "end_time": 926.51,
    "speaker_id": "D",
    "start_time": 920.95
  },
  {
    "act": "But at the same time they are all they are all relatively new.",
    "ae_type": "Statement",
    "end_time": 933.28,
    "speaker_id": "D",
    "start_time": 930.32
  },
  {
    "act": "Six.",
    "ae_type": "Statement",
    "end_time": 941.87,
    "speaker_id": "D",
    "start_time": 941.3
  },
  {
    "act": "I mean how how far can you go with a remote control, really? It still has to do what i what it has to do.",
    "ae_type": "Open issue",
    "end_time": 948.66,
    "speaker_id": "D",
    "start_time": 942.96
  },
  {
    "act": "Technologi",
    "ae_type": "Other (unlabeled)",
    "end_time": 912.65,
    "speaker_id": "D",
    "start_time": 911.44
  }
]