[
  {
    "segments": [
      {
        "end_time": 667.76,
        "segment": "One more thing is that i",
        "start_time": 666.596
      },
      {
        "end_time": 670.856,
        "segment": "Okay.",
        "start_time": 670.149
      },
      {
        "end_time": 677.536,
        "segment": "It might be a little clumsy when when it opens up, right, so it opens on the side. So",
        "start_time": 670.84
      },
      {
        "end_time": 676.312,
        "segment": "They Mm-hmm.",
        "start_time": 670.766
      },
      {
        "end_time": 686.24,
        "segment": "No, yeah, but mm but we have it nicely with the hinges here yeah. So it won't be a problem, it will be and it will be it won't be heavy.",
        "start_time": 675.584
      },
      {
        "end_time": 684.464,
        "segment": "Yeah yeah yeah, I mean yeah. So you guys can decide wh whether",
        "start_time": 678.64
      },
      {
        "end_time": 681.128,
        "segment": "Yeah.",
        "start_time": 680.472
      },
      {
        "end_time": 683.082,
        "segment": "Yeah. Yeah.",
        "start_time": 681.584
      },
      {
        "end_time": 686.364,
        "segment": "Oops.",
        "start_time": 685.432
      },
      {
        "end_time": 689.075,
        "segment": "I th I think the alternative is flipping from the top.",
        "start_time": 686.544
      },
      {
        "end_time": 696.814,
        "segment": "Yeah well yeah, but it's it's a bit long. It's a little bit long. Well, I mean it can be opened like this of course and yeah.",
        "start_time": 689.2
      },
      {
        "end_time": 693.834,
        "segment": "Yeah, but we which makes it kind of really big, yeah.",
        "start_time": 689.276
      },
      {
        "end_time": 692.972,
        "segment": "The length is gonna be difficu",
        "start_time": 690.725
      },
      {
        "end_time": 698.176,
        "segment": "Yeah um But you were thinking about making it smaller, yeah?",
        "start_time": 693.076
      },
      {
        "end_time": 704.912,
        "segment": "Uh this this kind of uh makes it more and two, it might interfere with the I_R_ channel.",
        "start_time": 698.302
      },
      {
        "end_time": 699.216,
        "segment": "Mm.",
        "start_time": 698.72
      },
      {
        "end_time": 700.255,
        "segment": "Because",
        "start_time": 699.456
      },
      {
        "end_time": 701.282,
        "segment": "S uh slightly smaller.",
        "start_time": 699.586
      },
      {
        "end_time": 704.948,
        "segment": "So you have to keep that side flat.",
        "start_time": 701.298
      },
      {
        "end_time": 707.712,
        "segment": "Yeah, but if we flip it open only as much as that.",
        "start_time": 704.864
      },
      {
        "end_time": 708.624,
        "segment": "Okay.",
        "start_time": 707.84
      },
      {
        "end_time": 714.175,
        "segment": "So it works like a mobile phone flipping, but y you know, as long as that side's flat, than that will work.",
        "start_time": 709.072
      },
      {
        "end_time": 714.56,
        "segment": "Right.",
        "start_time": 713.999
      }
    ],
    "type": "Flipping open"
  },
  {
    "segments": [
      {
        "end_time": 913.232,
        "segment": "G_ technologically innovative.",
        "start_time": 909.76
      },
      {
        "end_time": 917.36,
        "segment": "Anyway it ha yeah, it's the most sophisticated remote that I ever seen.",
        "start_time": 911.28
      },
      {
        "end_time": 913.104,
        "segment": "Technologi well",
        "start_time": 911.339
      },
      {
        "end_time": 922.336,
        "segment": "But in terms of the actual technology, none of it is actually new.",
        "start_time": 916.096
      },
      {
        "end_time": 0.0,
        "segment": false,
        "start_time": 99999999.99
      },
      {
        "end_time": 926.671,
        "segment": "Yeah. Well mm we have we have the sample speaker as well, which is yeah, it's kind of new.",
        "start_time": 916.217
      },
      {
        "end_time": 924.752,
        "segment": "Yeah.",
        "start_time": 924.16
      },
      {
        "end_time": 927.741,
        "segment": "Yeah, but I mean you don't",
        "start_time": 925.312
      },
      {
        "end_time": 934.013,
        "segment": "All of the components have been used in other things before. But do yeah, yeah.",
        "start_time": 927.072
      },
      {
        "end_time": 933.392,
        "segment": "But at the same time they are all they are all relatively new.",
        "start_time": 930.304
      },
      {
        "end_time": 933.012,
        "segment": "Yeah, but they've been brought together in a remote.",
        "start_time": 930.11
      },
      {
        "end_time": 936.448,
        "segment": "They're never been used i they've never been using remote remote control before I don't think.",
        "start_time": 930.304
      },
      {
        "end_time": 939.616,
        "segment": "Yeah. What do you reckon, five, six?",
        "start_time": 936.64
      },
      {
        "end_time": 942.96,
        "segment": ". Yeah, what do you all think? Six?",
        "start_time": 937.276
      },
      {
        "end_time": 941.904,
        "segment": "Six.",
        "start_time": 941.141
      },
      {
        "end_time": 942.985,
        "segment": "Yeah.",
        "start_time": 942.497
      },
      {
        "end_time": 948.704,
        "segment": "I mean how how far can you go with a remote control, really? It still has to do what i what it has to do.",
        "start_time": 942.944
      },
      {
        "end_time": 948.992,
        "segment": "Yeah.",
        "start_time": 945.054
      },
      {
        "end_time": 947.433,
        "segment": "Well, that's it, I mean",
        "start_time": 945.904
      },
      {
        "end_time": 0.0,
        "segment": false,
        "start_time": 99999999.99
      },
      {
        "end_time": 956.608,
        "segment": "Yeah, but I mean everything has been used in space before it gets to anyone else really, hasn't it? So, I don't think many peop",
        "start_time": 949.44
      },
      {
        "end_time": 958.053,
        "segment": "Space remote.",
        "start_time": 955.967
      },
      {
        "end_time": 0.0,
        "segment": false,
        "start_time": 99999999.99
      },
      {
        "end_time": 0.0,
        "segment": false,
        "start_time": 99999999.99
      },
      {
        "end_time": 959.584,
        "segment": "That's it, they can take it with them.",
        "start_time": 957.616
      }
    ],
    "type": "Technologically innovative"
  }
]