{
  "abs_summ": {
    "abs_summs_count": 26,
    "ext_summs_count": 268
  },
  "ap": [
    [
      {
        "act": "so you can show us what you've been working on so diligently.",
        "end_time": 26.3,
        "is_in_ext_summ": true,
        "start_time": 22.11
      },
      {
        "act": "Yeah.",
        "end_time": 23.84,
        "is_in_ext_summ": false,
        "start_time": 23.52
      }
    ],
    [
      {
        "act": "so we've got until four fifteen.",
        "end_time": 86.81,
        "is_in_ext_summ": false,
        "start_time": 82.11
      },
      {
        "act": "Yeah, about four fifteen, yeah.",
        "end_time": 92.19,
        "is_in_ext_summ": false,
        "start_time": 90.48
      }
    ],
    [
      {
        "act": "Is that right?",
        "end_time": 89.38,
        "is_in_ext_summ": false,
        "start_time": 88.98
      },
      {
        "act": "Yeah.",
        "end_time": 91.53,
        "is_in_ext_summ": false,
        "start_time": 91.19
      }
    ],
    [
      {
        "act": "are are we starting with the the",
        "end_time": 102.88,
        "is_in_ext_summ": false,
        "start_time": 100.4
      },
      {
        "act": "Yes.",
        "end_time": 102.12,
        "is_in_ext_summ": false,
        "start_time": 101.6
      }
    ],
    [
      {
        "act": "so will you maybe start with like the mm the shape and things",
        "end_time": 106.65,
        "is_in_ext_summ": true,
        "start_time": 102.88
      },
      {
        "act": "Okay.",
        "end_time": 113.8,
        "is_in_ext_summ": false,
        "start_time": 111.47
      }
    ],
    [
      {
        "act": "Um so basically it's the it's the flip open thing again.",
        "end_time": 150.93,
        "is_in_ext_summ": true,
        "start_time": 146.5
      },
      {
        "act": "Mm-hmm.",
        "end_time": 150.94,
        "is_in_ext_summ": false,
        "start_time": 150.58
      }
    ],
    [
      {
        "act": "And it's the whole thing's made of rubber, is that",
        "end_time": 179.98,
        "is_in_ext_summ": true,
        "start_time": 177.0
      },
      {
        "act": "Oh yeah. Yeah, it has, yeah.",
        "end_time": 181.09,
        "is_in_ext_summ": false,
        "start_time": 179.49
      },
      {
        "act": "Rubber.",
        "end_time": 180.1,
        "is_in_ext_summ": false,
        "start_time": 179.36
      }
    ],
    [
      {
        "act": "Is it to scale, or do you think you can make it a bit smaller?",
        "end_time": 183.69,
        "is_in_ext_summ": true,
        "start_time": 181.26
      },
      {
        "act": "Um it could be made a bit smaller,",
        "end_time": 186.4,
        "is_in_ext_summ": true,
        "start_time": 184.79
      }
    ],
    [
      {
        "act": "yeah, but um one thing we actually kind of um forgot while designing, that one side was supposed to be rounder,",
        "end_time": 195.92,
        "is_in_ext_summ": true,
        "start_time": 189.17
      },
      {
        "act": "Yeah,",
        "end_time": 197.07,
        "is_in_ext_summ": false,
        "start_time": 196.09
      }
    ],
    [
      {
        "act": "well, but i since it's made of rubber anyway. I I think it's it's uh",
        "end_time": 202.0,
        "is_in_ext_summ": false,
        "start_time": 197.07
      },
      {
        "act": "Yeah.",
        "end_time": 200.91,
        "is_in_ext_summ": false,
        "start_time": 200.58
      }
    ],
    [
      {
        "act": "so I would say that this curvy does look quite like a vegetable.",
        "end_time": 209.36,
        "is_in_ext_summ": true,
        "start_time": 204.68
      },
      {
        "act": "Yeah.",
        "end_time": 210.82,
        "is_in_ext_summ": false,
        "start_time": 209.81
      }
    ],
    [
      {
        "act": "So where's the volume?",
        "end_time": 263.11,
        "is_in_ext_summ": false,
        "start_time": 261.81
      },
      {
        "act": "The volume is is scrolling.",
        "end_time": 265.12,
        "is_in_ext_summ": true,
        "start_time": 263.52
      },
      {
        "act": "On the side,",
        "end_time": 265.98,
        "is_in_ext_summ": true,
        "start_time": 265.12
      },
      {
        "act": "It's on the side.",
        "end_time": 266.13,
        "is_in_ext_summ": false,
        "start_time": 265.23
      }
    ],
    [
      {
        "act": "and then if you need to m choose something on the screen, you just push the cen mm the middle button.",
        "end_time": 294.73,
        "is_in_ext_summ": false,
        "start_time": 290.65
      },
      {
        "act": "Cool.",
        "end_time": 296.3,
        "is_in_ext_summ": false,
        "start_time": 295.54
      }
    ],
    [
      {
        "act": "A mute button.",
        "end_time": 300.1,
        "is_in_ext_summ": false,
        "start_time": 299.37
      },
      {
        "act": "Yeah.",
        "end_time": 300.71,
        "is_in_ext_summ": false,
        "start_time": 300.26
      }
    ],
    [
      {
        "act": "if it's a scroll and click so you hold it in?",
        "end_time": 322.7,
        "is_in_ext_summ": true,
        "start_time": 320.38
      },
      {
        "act": "Okay, yeah, okay.",
        "end_time": 323.92,
        "is_in_ext_summ": false,
        "start_time": 321.9
      }
    ],
    [
      {
        "act": "So that that solves the whole mute issue.",
        "end_time": 324.84,
        "is_in_ext_summ": false,
        "start_time": 323.1
      },
      {
        "act": "Yeah.",
        "end_time": 325.66,
        "is_in_ext_summ": false,
        "start_time": 325.3
      }
    ],
    [
      {
        "act": "Yeah, it's hidden in there somewhere.",
        "end_time": 336.06,
        "is_in_ext_summ": false,
        "start_time": 334.15
      },
      {
        "act": "Yeah.",
        "end_time": 335.36,
        "is_in_ext_summ": false,
        "start_time": 334.44
      }
    ],
    [
      {
        "act": "And we do have the logo on it as well.",
        "end_time": 337.86,
        "is_in_ext_summ": false,
        "start_time": 335.36
      },
      {
        "act": "Mm-hmm, very good.",
        "end_time": 338.94,
        "is_in_ext_summ": false,
        "start_time": 337.75
      }
    ],
    [
      {
        "act": "And it's with the the black and yellow you're even in the right colours.",
        "end_time": 344.7,
        "is_in_ext_summ": true,
        "start_time": 340.61
      },
      {
        "act": "Yeah.",
        "end_time": 344.93,
        "is_in_ext_summ": false,
        "start_time": 344.54
      }
    ],
    [
      {
        "act": "Yeah, I think um we could do l the logo in grey, as it is on the website.",
        "end_time": 351.47,
        "is_in_ext_summ": true,
        "start_time": 346.95
      },
      {
        "act": "Mm-hmm.",
        "end_time": 350.32,
        "is_in_ext_summ": false,
        "start_time": 349.94
      },
      {
        "act": "Yeah.",
        "end_time": 352.22,
        "is_in_ext_summ": false,
        "start_time": 351.91
      }
    ],
    [
      {
        "act": "We ran out of resources here, so.",
        "end_time": 355.64,
        "is_in_ext_summ": false,
        "start_time": 352.48
      },
      {
        "act": "Yeah.",
        "end_time": 356.95,
        "is_in_ext_summ": false,
        "start_time": 354.52
      }
    ],
    [
      {
        "act": "Okay, so maybe if we go on to evaluation cri criteria",
        "end_time": 385.62,
        "is_in_ext_summ": false,
        "start_time": 381.52
      },
      {
        "act": "Okay.",
        "end_time": 385.99,
        "is_in_ext_summ": false,
        "start_time": 385.6
      }
    ],
    [
      {
        "act": "Marketing Expert.",
        "end_time": 439.08,
        "is_in_ext_summ": false,
        "start_time": 438.02
      },
      {
        "act": "yeah.",
        "end_time": 441.3,
        "is_in_ext_summ": false,
        "start_time": 439.66
      }
    ],
    [
      {
        "act": "Is that right?",
        "end_time": 485.94,
        "is_in_ext_summ": false,
        "start_time": 485.41
      },
      {
        "act": "Yes,",
        "end_time": 486.66,
        "is_in_ext_summ": false,
        "start_time": 486.09
      }
    ],
    [
      {
        "act": "I guess we'll give it maximum points in everything.",
        "end_time": 506.52,
        "is_in_ext_summ": false,
        "start_time": 503.52
      },
      {
        "act": "Yeah, the yeah,",
        "end_time": 506.17,
        "is_in_ext_summ": false,
        "start_time": 505.43
      }
    ],
    [
      {
        "act": "Well, I thought we'd um kinda said that you'd have a little thing to stick on the T_V_?",
        "end_time": 525.94,
        "is_in_ext_summ": false,
        "start_time": 521.84
      },
      {
        "act": "Yeah.",
        "end_time": 526.67,
        "is_in_ext_summ": false,
        "start_time": 526.0
      }
    ],
    [
      {
        "act": "S seven was th the maximum, yeah?",
        "end_time": 560.01,
        "is_in_ext_summ": false,
        "start_time": 557.5
      },
      {
        "act": "Yeah.",
        "end_time": 559.55,
        "is_in_ext_summ": false,
        "start_time": 559.19
      },
      {
        "act": "Yeah.",
        "end_time": 559.74,
        "is_in_ext_summ": false,
        "start_time": 559.4
      }
    ],
    [
      {
        "act": "I I go for seven.",
        "end_time": 561.18,
        "is_in_ext_summ": false,
        "start_time": 560.01
      },
      {
        "act": "Yes.",
        "end_time": 562.79,
        "is_in_ext_summ": false,
        "start_time": 562.07
      }
    ],
    [
      {
        "act": "Okay um uh what I've done on the next page is I've set it up so we just put the marks in.",
        "end_time": 575.21,
        "is_in_ext_summ": true,
        "start_time": 570.75
      },
      {
        "act": "Ah, okay.",
        "end_time": 576.4,
        "is_in_ext_summ": false,
        "start_time": 575.51
      },
      {
        "act": "Excellent.",
        "end_time": 578.93,
        "is_in_ext_summ": false,
        "start_time": 577.88
      }
    ],
    [
      {
        "act": "If you take a note of them,",
        "end_time": 582.62,
        "is_in_ext_summ": true,
        "start_time": 581.4
      },
      {
        "act": "then yeah, I'll take a note, it's fine.",
        "end_time": 584.32,
        "is_in_ext_summ": false,
        "start_time": 582.51
      }
    ],
    [
      {
        "act": "Okay, so we're all agreeing on seven for A_?",
        "end_time": 587.65,
        "is_in_ext_summ": false,
        "start_time": 584.39
      },
      {
        "act": "Yeah.",
        "end_time": 587.56,
        "is_in_ext_summ": false,
        "start_time": 586.99
      }
    ],
    [
      {
        "act": "Does it match the operating behaviour of the user?",
        "end_time": 590.72,
        "is_in_ext_summ": true,
        "start_time": 588.4
      },
      {
        "act": "I would think yes, yeah.",
        "end_time": 593.74,
        "is_in_ext_summ": false,
        "start_time": 591.78
      },
      {
        "act": "I think it does.",
        "end_time": 593.45,
        "is_in_ext_summ": false,
        "start_time": 592.0
      },
      {
        "act": "Yeah.",
        "end_time": 593.91,
        "is_in_ext_summ": false,
        "start_time": 593.01
      }
    ],
    [
      {
        "act": "so if you're left-handed you're kind of left uh scrolling with your finger.",
        "end_time": 604.85,
        "is_in_ext_summ": false,
        "start_time": 600.81
      },
      {
        "act": "Yeah,",
        "end_time": 603.31,
        "is_in_ext_summ": false,
        "start_time": 602.8
      }
    ],
    [
      {
        "act": "so y so we we might do we might want to do like a uh another m model another another version, which is like exactly the mirror image of this one.",
        "end_time": 612.28,
        "is_in_ext_summ": true,
        "start_time": 603.31
      },
      {
        "act": "But that's gonna be a problem,",
        "end_time": 613.55,
        "is_in_ext_summ": false,
        "start_time": 612.58
      }
    ],
    [
      {
        "act": "'cause you don't always have all left-handers or all right-handers in a family.",
        "end_time": 617.25,
        "is_in_ext_summ": false,
        "start_time": 613.55
      },
      {
        "act": "Yeah.",
        "end_time": 618.8,
        "is_in_ext_summ": false,
        "start_time": 617.63
      },
      {
        "act": "Yeah.",
        "end_time": 618.35,
        "is_in_ext_summ": false,
        "start_time": 617.79
      }
    ],
    [
      {
        "act": "But then then I think left-handed people are already used to discrimination anyway,",
        "end_time": 625.81,
        "is_in_ext_summ": false,
        "start_time": 621.27
      },
      {
        "act": "Yeah.",
        "end_time": 625.78,
        "is_in_ext_summ": false,
        "start_time": 625.2
      }
    ],
    [
      {
        "act": "What do you what do you all think?",
        "end_time": 654.18,
        "is_in_ext_summ": false,
        "start_time": 652.89
      },
      {
        "act": "Six.",
        "end_time": 655.62,
        "is_in_ext_summ": false,
        "start_time": 654.82
      }
    ],
    [
      {
        "act": "because it's just one one i one among the issues,",
        "end_time": 658.54,
        "is_in_ext_summ": false,
        "start_time": 656.07
      },
      {
        "act": "Yeah,",
        "end_time": 657.98,
        "is_in_ext_summ": false,
        "start_time": 657.75
      }
    ],
    [
      {
        "act": "but we might want to flag it for management, they want might want to um",
        "end_time": 669.81,
        "is_in_ext_summ": false,
        "start_time": 666.12
      },
      {
        "act": "Okay.",
        "end_time": 670.72,
        "is_in_ext_summ": false,
        "start_time": 670.21
      }
    ],
    [
      {
        "act": "No, yeah, but mm but we have it nicely with the hinges here yeah.",
        "end_time": 680.51,
        "is_in_ext_summ": false,
        "start_time": 675.6
      },
      {
        "act": "Yeah yeah yeah,",
        "end_time": 680.78,
        "is_in_ext_summ": false,
        "start_time": 679.22
      }
    ],
    [
      {
        "act": "I th I think the alternative is flipping from the top.",
        "end_time": 689.01,
        "is_in_ext_summ": true,
        "start_time": 686.56
      },
      {
        "act": "Yeah well yeah,",
        "end_time": 690.44,
        "is_in_ext_summ": false,
        "start_time": 689.59
      }
    ],
    [
      {
        "act": "But you were thinking about making it smaller, yeah?",
        "end_time": 697.91,
        "is_in_ext_summ": false,
        "start_time": 695.56
      },
      {
        "act": "S uh slightly smaller.",
        "end_time": 701.19,
        "is_in_ext_summ": false,
        "start_time": 699.77
      }
    ],
    [
      {
        "act": "or are we saying we're gonna stick a locator on the T_V_?",
        "end_time": 728.24,
        "is_in_ext_summ": true,
        "start_time": 723.83
      },
      {
        "act": "No,",
        "end_time": 726.22,
        "is_in_ext_summ": false,
        "start_time": 726.05
      },
      {
        "act": "No,",
        "end_time": 726.4,
        "is_in_ext_summ": false,
        "start_time": 726.22
      }
    ],
    [
      {
        "act": "doesn't it?",
        "end_time": 734.32,
        "is_in_ext_summ": false,
        "start_time": 733.5
      },
      {
        "act": "Yeah well w",
        "end_time": 736.07,
        "is_in_ext_summ": false,
        "start_time": 735.44
      }
    ],
    [
      {
        "act": "It's locatable?",
        "end_time": 745.92,
        "is_in_ext_summ": false,
        "start_time": 744.47
      },
      {
        "act": "Yep.",
        "end_time": 744.91,
        "is_in_ext_summ": false,
        "start_time": 744.68
      }
    ],
    [
      {
        "act": "If uh uh if this means intuitive, if it means the way people kind of are used to finding things",
        "end_time": 757.61,
        "is_in_ext_summ": true,
        "start_time": 752.41
      },
      {
        "act": "Yeah.",
        "end_time": 758.36,
        "is_in_ext_summ": false,
        "start_time": 758.02
      }
    ],
    [
      {
        "act": "but it's different,",
        "end_time": 795.44,
        "is_in_ext_summ": false,
        "start_time": 794.17
      },
      {
        "act": "Yeah.",
        "end_time": 796.63,
        "is_in_ext_summ": false,
        "start_time": 796.36
      }
    ],
    [
      {
        "act": "So we give that one a five, you think?",
        "end_time": 802.28,
        "is_in_ext_summ": false,
        "start_time": 800.14
      },
      {
        "act": "Yeah, okay.",
        "end_time": 802.49,
        "is_in_ext_summ": false,
        "start_time": 801.15
      },
      {
        "act": "I'm happy with five?",
        "end_time": 804.22,
        "is_in_ext_summ": false,
        "start_time": 802.21
      },
      {
        "act": "Yeah.",
        "end_time": 803.04,
        "is_in_ext_summ": false,
        "start_time": 802.77
      }
    ],
    [
      {
        "act": "so possibly for left-handed. Investigate.",
        "end_time": 841.37,
        "is_in_ext_summ": true,
        "start_time": 834.74
      },
      {
        "act": "Yep.",
        "end_time": 843.38,
        "is_in_ext_summ": false,
        "start_time": 842.47
      }
    ],
    [
      {
        "act": "So, should we give it a six?",
        "end_time": 848.12,
        "is_in_ext_summ": true,
        "start_time": 845.64
      },
      {
        "act": "Six.",
        "end_time": 848.12,
        "is_in_ext_summ": false,
        "start_time": 847.61
      },
      {
        "act": "Six?",
        "end_time": 848.66,
        "is_in_ext_summ": false,
        "start_time": 848.12
      }
    ],
    [
      {
        "act": "but then who would be really pushing the buttons so much on the on the remote control anyway,",
        "end_time": 863.95,
        "is_in_ext_summ": true,
        "start_time": 857.96
      },
      {
        "act": "Yeah. Yeah,",
        "end_time": 864.28,
        "is_in_ext_summ": false,
        "start_time": 863.33
      }
    ],
    [
      {
        "act": "And moreover it it has um L_C_D_ and everything,",
        "end_time": 879.26,
        "is_in_ext_summ": true,
        "start_time": 876.35
      },
      {
        "act": "Yeah.",
        "end_time": 880.07,
        "is_in_ext_summ": false,
        "start_time": 879.6
      },
      {
        "act": "Yeah,",
        "end_time": 880.72,
        "is_in_ext_summ": false,
        "start_time": 880.2
      }
    ],
    [
      {
        "act": "So it has voice control.",
        "end_time": 906.83,
        "is_in_ext_summ": false,
        "start_time": 905.54
      },
      {
        "act": "Yes,",
        "end_time": 907.24,
        "is_in_ext_summ": false,
        "start_time": 906.93
      }
    ],
    [
      {
        "act": "What do you reckon, five, six?",
        "end_time": 939.58,
        "is_in_ext_summ": true,
        "start_time": 938.11
      },
      {
        "act": "Yeah,",
        "end_time": 940.6,
        "is_in_ext_summ": false,
        "start_time": 939.84
      }
    ],
    [
      {
        "act": "what do you all think?",
        "end_time": 942.01,
        "is_in_ext_summ": false,
        "start_time": 940.6
      },
      {
        "act": "Six.",
        "end_time": 941.87,
        "is_in_ext_summ": true,
        "start_time": 941.3
      }
    ],
    [
      {
        "act": "Six?",
        "end_time": 942.65,
        "is_in_ext_summ": false,
        "start_time": 942.01
      },
      {
        "act": "Six.",
        "end_time": 941.87,
        "is_in_ext_summ": true,
        "start_time": 941.3
      }
    ],
    [
      {
        "act": "Put fashion in electronics.",
        "end_time": 961.74,
        "is_in_ext_summ": true,
        "start_time": 959.5
      },
      {
        "act": "Absolutely.",
        "end_time": 963.95,
        "is_in_ext_summ": false,
        "start_time": 961.54
      },
      {
        "act": "Yeah, isn't it fashionable?",
        "end_time": 963.52,
        "is_in_ext_summ": false,
        "start_time": 961.83
      },
      {
        "act": "Yeah, sure.",
        "end_time": 964.1,
        "is_in_ext_summ": false,
        "start_time": 963.52
      }
    ],
    [
      {
        "act": "The average is about six and something.",
        "end_time": 984.51,
        "is_in_ext_summ": true,
        "start_time": 981.79
      },
      {
        "act": "No, wait,",
        "end_time": 989.37,
        "is_in_ext_summ": false,
        "start_time": 988.71
      }
    ],
    [
      {
        "act": "a little bit under six.",
        "end_time": 990.92,
        "is_in_ext_summ": false,
        "start_time": 989.37
      },
      {
        "act": "No, wait.",
        "end_time": 991.39,
        "is_in_ext_summ": false,
        "start_time": 990.92
      }
    ],
    [
      {
        "act": "Six point five, yeah.",
        "end_time": 1008.7,
        "is_in_ext_summ": true,
        "start_time": 1006.63
      },
      {
        "act": "about six point five.",
        "end_time": 1007.45,
        "is_in_ext_summ": false,
        "start_time": 1005.81
      }
    ],
    [
      {
        "act": "or did you have anything more?",
        "end_time": 1022.08,
        "is_in_ext_summ": false,
        "start_time": 1020.25
      },
      {
        "act": "Um no, that's it,",
        "end_time": 1024.34,
        "is_in_ext_summ": false,
        "start_time": 1022.43
      },
      {
        "act": "That's it?",
        "end_time": 1024.7,
        "is_in_ext_summ": false,
        "start_time": 1023.83
      },
      {
        "act": "yeah.",
        "end_time": 1024.69,
        "is_in_ext_summ": false,
        "start_time": 1024.34
      },
      {
        "act": "Alright.",
        "end_time": 1025.76,
        "is_in_ext_summ": false,
        "start_time": 1024.7
      }
    ],
    [
      {
        "act": "No hand dynamo, right?",
        "end_time": 1138.31,
        "is_in_ext_summ": true,
        "start_time": 1136.15
      },
      {
        "act": "Yeah.",
        "end_time": 1138.25,
        "is_in_ext_summ": false,
        "start_time": 1137.81
      },
      {
        "act": "Yeah.",
        "end_time": 1138.76,
        "is_in_ext_summ": false,
        "start_time": 1138.23
      }
    ],
    [
      {
        "act": "The chip, we're going for an advanced chip on print.",
        "end_time": 1149.11,
        "is_in_ext_summ": true,
        "start_time": 1145.11
      },
      {
        "act": "Advanced, yeah.",
        "end_time": 1148.1,
        "is_in_ext_summ": false,
        "start_time": 1147.18
      }
    ],
    [
      {
        "act": "We also said the sample sensor and sample speaker.",
        "end_time": 1152.2,
        "is_in_ext_summ": true,
        "start_time": 1149.11
      },
      {
        "act": "Yep.",
        "end_time": 1152.45,
        "is_in_ext_summ": false,
        "start_time": 1152.18
      }
    ],
    [
      {
        "act": "Um single-curved surface, so that we can fold it.",
        "end_time": 1158.12,
        "is_in_ext_summ": true,
        "start_time": 1153.73
      },
      {
        "act": "Yeah, yes.",
        "end_time": 1158.37,
        "is_in_ext_summ": false,
        "start_time": 1157.0
      }
    ],
    [
      {
        "act": "Mm anything uh I think which is not more.",
        "end_time": 1170.41,
        "is_in_ext_summ": false,
        "start_time": 1165.38
      },
      {
        "act": "yeah, probably.",
        "end_time": 1171.02,
        "is_in_ext_summ": false,
        "start_time": 1169.93
      }
    ],
    [
      {
        "act": "I think something coloured,",
        "end_time": 1169.93,
        "is_in_ext_summ": true,
        "start_time": 1168.94
      },
      {
        "act": "It could be",
        "end_time": 1173.6,
        "is_in_ext_summ": false,
        "start_time": 1172.81
      }
    ],
    [
      {
        "act": "So I think this is probably special co no?",
        "end_time": 1173.6,
        "is_in_ext_summ": false,
        "start_time": 1171.02
      },
      {
        "act": "Yeah,",
        "end_time": 1173.73,
        "is_in_ext_summ": false,
        "start_time": 1173.59
      }
    ],
    [
      {
        "act": "Scroll wheel with pushbutton we had, no?",
        "end_time": 1196.74,
        "is_in_ext_summ": true,
        "start_time": 1193.67
      },
      {
        "act": "S yeah, yeah,",
        "end_time": 1197.99,
        "is_in_ext_summ": false,
        "start_time": 1197.01
      }
    ],
    [
      {
        "act": "I have think maybe it's integrated with the L_C_ display?",
        "end_time": 1222.07,
        "is_in_ext_summ": false,
        "start_time": 1217.88
      },
      {
        "act": "Okay, let's yeah.",
        "end_time": 1224.06,
        "is_in_ext_summ": false,
        "start_time": 1222.26
      }
    ],
    [
      {
        "act": "Wh wh what is the limit? Uh.",
        "end_time": 1241.88,
        "is_in_ext_summ": false,
        "start_time": 1239.63
      },
      {
        "act": "Twelve point five.",
        "end_time": 1242.6,
        "is_in_ext_summ": false,
        "start_time": 1241.7
      },
      {
        "act": "whether whether pushbutton means that p count by button or do we",
        "end_time": 1247.18,
        "is_in_ext_summ": true,
        "start_time": 1241.84
      }
    ],
    [
      {
        "act": "We have to count all of them,",
        "end_time": 1245.62,
        "is_in_ext_summ": true,
        "start_time": 1244.48
      },
      {
        "act": "I don't think that makes sense.",
        "end_time": 1248.99,
        "is_in_ext_summ": true,
        "start_time": 1247.18
      },
      {
        "act": "Mm I don't think so, no.",
        "end_time": 1249.87,
        "is_in_ext_summ": false,
        "start_time": 1246.63
      },
      {
        "act": "No.",
        "end_time": 1249.74,
        "is_in_ext_summ": false,
        "start_time": 1249.35
      }
    ],
    [
      {
        "act": "Wh wh what's our criteria?",
        "end_time": 1273.32,
        "is_in_ext_summ": false,
        "start_time": 1271.45
      },
      {
        "act": "Our budget's twelve point five.",
        "end_time": 1275.68,
        "is_in_ext_summ": true,
        "start_time": 1272.86
      },
      {
        "act": "Uh okay.",
        "end_time": 1276.1,
        "is_in_ext_summ": false,
        "start_time": 1275.47
      }
    ],
    [
      {
        "act": "But that's a bit of a gimmick anyway really, isn't it?",
        "end_time": 1294.87,
        "is_in_ext_summ": true,
        "start_time": 1292.69
      },
      {
        "act": "Yeah.",
        "end_time": 1294.8,
        "is_in_ext_summ": false,
        "start_time": 1294.29
      }
    ],
    [
      {
        "act": "Well the speaker uh the sample speaker is is expensive,",
        "end_time": 1310.68,
        "is_in_ext_summ": true,
        "start_time": 1307.06
      },
      {
        "act": "Yeah,",
        "end_time": 1315.33,
        "is_in_ext_summ": false,
        "start_time": 1314.93
      }
    ],
    [
      {
        "act": "'cause the sample speaker was, I think, more complicated then just a beeping thing.",
        "end_time": 1319.17,
        "is_in_ext_summ": false,
        "start_time": 1315.33
      },
      {
        "act": "Yeah, yeah yeah",
        "end_time": 1319.56,
        "is_in_ext_summ": false,
        "start_time": 1318.0
      }
    ],
    [
      {
        "act": "because it's just rubber, so it's probably a flat surface rubber.",
        "end_time": 1331.28,
        "is_in_ext_summ": true,
        "start_time": 1327.77
      },
      {
        "act": "Okay, yeah.",
        "end_time": 1333.69,
        "is_in_ext_summ": false,
        "start_time": 1332.79
      }
    ],
    [
      {
        "act": "Take it down to just a scroll wheel.",
        "end_time": 1348.27,
        "is_in_ext_summ": true,
        "start_time": 1346.36
      },
      {
        "act": "We could do",
        "end_time": 1350.76,
        "is_in_ext_summ": false,
        "start_time": 1350.27
      }
    ],
    [
      {
        "act": "But how do we make a selection if we d cannot push the button.",
        "end_time": 1361.92,
        "is_in_ext_summ": true,
        "start_time": 1359.03
      },
      {
        "act": "no no,",
        "end_time": 1361.66,
        "is_in_ext_summ": false,
        "start_time": 1361.14
      },
      {
        "act": "you can push this one,",
        "end_time": 1362.63,
        "is_in_ext_summ": true,
        "start_time": 1361.66
      }
    ],
    [
      {
        "act": "But I mean we can put an additional mute button on the top as well.",
        "end_time": 1385.25,
        "is_in_ext_summ": false,
        "start_time": 1381.17
      },
      {
        "act": "Yeah,",
        "end_time": 1387.44,
        "is_in_ext_summ": false,
        "start_time": 1386.67
      }
    ],
    [
      {
        "act": "Didn't that come with the L_C_",
        "end_time": 1392.12,
        "is_in_ext_summ": false,
        "start_time": 1390.7
      },
      {
        "act": "That's with the L_C_",
        "end_time": 1394.07,
        "is_in_ext_summ": false,
        "start_time": 1392.24
      }
    ],
    [
      {
        "act": "That comes with the L_C_D_?",
        "end_time": 1394.86,
        "is_in_ext_summ": false,
        "start_time": 1393.46
      },
      {
        "act": "Yeah.",
        "end_time": 1395.26,
        "is_in_ext_summ": false,
        "start_time": 1394.79
      },
      {
        "act": "We decided,",
        "end_time": 1395.86,
        "is_in_ext_summ": false,
        "start_time": 1395.24
      }
    ],
    [
      {
        "act": "Instead of scrolling here we have two buttons here, up for up and down.",
        "end_time": 1432.23,
        "is_in_ext_summ": true,
        "start_time": 1427.92
      },
      {
        "act": "Yeah.",
        "end_time": 1430.65,
        "is_in_ext_summ": false,
        "start_time": 1430.1
      }
    ],
    [
      {
        "act": "On the side.",
        "end_time": 1432.75,
        "is_in_ext_summ": false,
        "start_time": 1432.23
      },
      {
        "act": "Okay, yeah.",
        "end_time": 1434.5,
        "is_in_ext_summ": false,
        "start_time": 1433.25
      }
    ],
    [
      {
        "act": "if that costs extra then we've still got some space for it,",
        "end_time": 1465.1,
        "is_in_ext_summ": false,
        "start_time": 1461.99
      },
      {
        "act": "We have, yeah.",
        "end_time": 1464.92,
        "is_in_ext_summ": false,
        "start_time": 1464.19
      }
    ],
    [
      {
        "act": "So did we lose um on our evaluation criteria, as a result of doing that?",
        "end_time": 1476.01,
        "is_in_ext_summ": true,
        "start_time": 1469.34
      },
      {
        "act": "No.",
        "end_time": 1476.24,
        "is_in_ext_summ": false,
        "start_time": 1475.25
      },
      {
        "act": "No, I don't think so.",
        "end_time": 1477.18,
        "is_in_ext_summ": true,
        "start_time": 1476.24
      },
      {
        "act": "Not really, no.",
        "end_time": 1478.35,
        "is_in_ext_summ": false,
        "start_time": 1476.45
      }
    ],
    [
      {
        "act": "But we lose the locator.",
        "end_time": 1497.07,
        "is_in_ext_summ": true,
        "start_time": 1495.5
      },
      {
        "act": "Really?",
        "end_time": 1498.47,
        "is_in_ext_summ": false,
        "start_time": 1497.97
      }
    ],
    [
      {
        "act": "So instead of speaker,.",
        "end_time": 1502.29,
        "is_in_ext_summ": false,
        "start_time": 1500.74
      },
      {
        "act": "But yeah, it's it's not like sample speaker, but it will just beep,",
        "end_time": 1505.12,
        "is_in_ext_summ": false,
        "start_time": 1501.51
      }
    ],
    [
      {
        "act": "Which colour,",
        "end_time": 1516.01,
        "is_in_ext_summ": false,
        "start_time": 1515.43
      },
      {
        "act": "Oh the the beeper thing.",
        "end_time": 1519.96,
        "is_in_ext_summ": false,
        "start_time": 1518.53
      }
    ],
    [
      {
        "act": "the the colour of the phone or the colour of the",
        "end_time": 1518.33,
        "is_in_ext_summ": false,
        "start_time": 1516.01
      },
      {
        "act": "Oh the the beeper thing.",
        "end_time": 1519.96,
        "is_in_ext_summ": false,
        "start_time": 1518.53
      }
    ],
    [
      {
        "act": "You know, your pen vibrates?",
        "end_time": 1534.02,
        "is_in_ext_summ": false,
        "start_time": 1531.69
      },
      {
        "act": "Yeah, I know I know, my pen vibrates.",
        "end_time": 1535.87,
        "is_in_ext_summ": false,
        "start_time": 1532.23
      }
    ],
    [
      {
        "act": "so it would be good if we could just have a little talk about the project itself and how it went,",
        "end_time": 1563.57,
        "is_in_ext_summ": true,
        "start_time": 1556.68
      },
      {
        "act": "Cool.",
        "end_time": 1572.18,
        "is_in_ext_summ": false,
        "start_time": 1571.81
      }
    ],
    [
      {
        "act": "I think uh n one thing that was lacking uh was that we did not know what the various things cost to begin with.",
        "end_time": 1594.33,
        "is_in_ext_summ": true,
        "start_time": 1587.28
      },
      {
        "act": "Yeah.",
        "end_time": 1594.63,
        "is_in_ext_summ": false,
        "start_time": 1594.02
      }
    ],
    [
      {
        "act": "If we'd had that sheet at the beginning should've been like, okay, so we can have that lot, let's just throw it together and do what we can.",
        "end_time": 1604.69,
        "is_in_ext_summ": true,
        "start_time": 1598.05
      },
      {
        "act": "Yeah, yeah, yeah.",
        "end_time": 1604.19,
        "is_in_ext_summ": false,
        "start_time": 1602.76
      }
    ],
    [
      {
        "act": "But in terms of the process of um going and working individually and then coming back to a meeting, that that worked in terms of.",
        "end_time": 1622.04,
        "is_in_ext_summ": true,
        "start_time": 1612.66
      },
      {
        "act": "Yeah, mm.",
        "end_time": 1621.29,
        "is_in_ext_summ": false,
        "start_time": 1619.97
      },
      {
        "act": "I think 'cause the meetings were so regular, you know.",
        "end_time": 1623.19,
        "is_in_ext_summ": true,
        "start_time": 1621.01
      }
    ],
    [
      {
        "act": "That would just be so cool, to d do all your notes and s",
        "end_time": 1656.94,
        "is_in_ext_summ": false,
        "start_time": 1654.29
      },
      {
        "act": "Yeah,",
        "end_time": 1656.96,
        "is_in_ext_summ": false,
        "start_time": 1656.76
      }
    ],
    [
      {
        "act": "and have it printed out when you got back to the office.",
        "end_time": 1661.94,
        "is_in_ext_summ": false,
        "start_time": 1659.39
      },
      {
        "act": "Yeah yeah yeah,",
        "end_time": 1661.27,
        "is_in_ext_summ": false,
        "start_time": 1659.36
      },
      {
        "act": "Yeah, yeah.",
        "end_time": 1661.45,
        "is_in_ext_summ": false,
        "start_time": 1660.6
      }
    ],
    [
      {
        "act": "Yeah, and and and this time also the time limits but actually preparing the",
        "end_time": 1692.2,
        "is_in_ext_summ": true,
        "start_time": 1687.78
      },
      {
        "act": "Yeah.",
        "end_time": 1691.0,
        "is_in_ext_summ": false,
        "start_time": 1690.28
      }
    ],
    [
      {
        "act": "But yeah, but I mean already just just preparing the slides before before the meeting, yeah.",
        "end_time": 1707.74,
        "is_in_ext_summ": true,
        "start_time": 1702.79
      },
      {
        "act": "Yeah, totally,",
        "end_time": 1707.03,
        "is_in_ext_summ": false,
        "start_time": 1706.29
      }
    ],
    [
      {
        "act": "I mean especially with that last-minute alteration.",
        "end_time": 1712.68,
        "is_in_ext_summ": true,
        "start_time": 1708.96
      },
      {
        "act": "Yeah.",
        "end_time": 1712.0,
        "is_in_ext_summ": false,
        "start_time": 1711.27
      },
      {
        "act": "Yeah.",
        "end_time": 1712.11,
        "is_in_ext_summ": false,
        "start_time": 1711.48
      },
      {
        "act": "Mm yeah.",
        "end_time": 1713.87,
        "is_in_ext_summ": false,
        "start_time": 1712.18
      }
    ],
    [
      {
        "act": "I was I was satisfied with with the leadership, yeah.",
        "end_time": 1730.38,
        "is_in_ext_summ": true,
        "start_time": 1726.84
      },
      {
        "act": "Yeah, definitely.",
        "end_time": 1730.0,
        "is_in_ext_summ": false,
        "start_time": 1728.8
      }
    ],
    [
      {
        "act": "Did anyone feel that they were getting sort of covered up and not being able to say their bit?",
        "end_time": 1752.34,
        "is_in_ext_summ": true,
        "start_time": 1746.02
      },
      {
        "act": "no.",
        "end_time": 1755.22,
        "is_in_ext_summ": false,
        "start_time": 1754.47
      },
      {
        "act": "so all of us got to express our opinions, yeah.",
        "end_time": 1758.36,
        "is_in_ext_summ": true,
        "start_time": 1755.89
      }
    ],
    [
      {
        "act": "pretty novel solution for a for a remote control really, all this flipping open thing and",
        "end_time": 1780.59,
        "is_in_ext_summ": false,
        "start_time": 1774.62
      },
      {
        "act": "I don't know,",
        "end_time": 1781.06,
        "is_in_ext_summ": false,
        "start_time": 1780.58
      }
    ],
    [
      {
        "act": "I'll be looking out next time I need to write an essay.",
        "end_time": 1793.96,
        "is_in_ext_summ": false,
        "start_time": 1791.53
      },
      {
        "act": "Yeah, that's right.",
        "end_time": 1793.74,
        "is_in_ext_summ": false,
        "start_time": 1792.79
      }
    ],
    [
      {
        "act": "Yeah maybe w maybe we could have a patent on this one.",
        "end_time": 1797.84,
        "is_in_ext_summ": false,
        "start_time": 1795.48
      },
      {
        "act": "Yeah, yeah.",
        "end_time": 1799.52,
        "is_in_ext_summ": false,
        "start_time": 1798.2
      }
    ],
    [
      {
        "act": "Yeah, but that would just come up with like other things really wouldn't it.",
        "end_time": 1820.99,
        "is_in_ext_summ": false,
        "start_time": 1815.63
      },
      {
        "act": "True. Yeah.",
        "end_time": 1822.76,
        "is_in_ext_summ": false,
        "start_time": 1820.69
      }
    ],
    [
      {
        "act": "costs are within budget,",
        "end_time": 1829.37,
        "is_in_ext_summ": true,
        "start_time": 1827.03
      },
      {
        "act": "Yes.",
        "end_time": 1829.66,
        "is_in_ext_summ": false,
        "start_time": 1829.0
      }
    ],
    [
      {
        "act": "Um we've evaluated the project.",
        "end_time": 1841.65,
        "is_in_ext_summ": true,
        "start_time": 1837.54
      },
      {
        "act": "Yes.",
        "end_time": 1840.33,
        "is_in_ext_summ": false,
        "start_time": 1839.71
      }
    ],
    [
      {
        "act": "Were there any was there anything that you found difficult,",
        "end_time": 1856.44,
        "is_in_ext_summ": false,
        "start_time": 1852.77
      },
      {
        "act": "And my main difficulty was the the time pressure.",
        "end_time": 1864.26,
        "is_in_ext_summ": true,
        "start_time": 1861.35
      },
      {
        "act": "Yeah, yeah,",
        "end_time": 1865.77,
        "is_in_ext_summ": false,
        "start_time": 1864.77
      }
    ],
    [
      {
        "act": "Um I think we're still well within our time.",
        "end_time": 1890.64,
        "is_in_ext_summ": false,
        "start_time": 1886.8
      },
      {
        "act": "Yeah,",
        "end_time": 1889.64,
        "is_in_ext_summ": false,
        "start_time": 1889.32
      }
    ],
    [
      {
        "act": "We're just too too efficient",
        "end_time": 1897.34,
        "is_in_ext_summ": false,
        "start_time": 1895.53
      },
      {
        "act": "We certainly are,",
        "end_time": 1898.84,
        "is_in_ext_summ": false,
        "start_time": 1897.92
      }
    ],
    [
      {
        "act": "We could draw animals on the board again.",
        "end_time": 1916.28,
        "is_in_ext_summ": false,
        "start_time": 1914.64
      },
      {
        "act": "Mm uh no.",
        "end_time": 1920.51,
        "is_in_ext_summ": false,
        "start_time": 1918.89
      },
      {
        "act": "Mm uh no.",
        "end_time": 1919.1,
        "is_in_ext_summ": false,
        "start_time": 1917.81
      },
      {
        "act": "I don't think so.",
        "end_time": 1919.83,
        "is_in_ext_summ": false,
        "start_time": 1919.1
      }
    ],
    [
      {
        "act": "It smells so bad.",
        "end_time": 1926.27,
        "is_in_ext_summ": false,
        "start_time": 1925.27
      },
      {
        "act": "It doesn't?",
        "end_time": 1929.13,
        "is_in_ext_summ": false,
        "start_time": 1928.25
      },
      {
        "act": "It does.",
        "end_time": 1929.87,
        "is_in_ext_summ": false,
        "start_time": 1929.06
      }
    ],
    [
      {
        "act": "Was there a questionnaire already sent?",
        "end_time": 1940.97,
        "is_in_ext_summ": true,
        "start_time": 1939.43
      },
      {
        "act": "I don't know if it's already sent or not.",
        "end_time": 1943.24,
        "is_in_ext_summ": false,
        "start_time": 1940.97
      },
      {
        "act": "No, it hasn't been.",
        "end_time": 1943.41,
        "is_in_ext_summ": false,
        "start_time": 1942.33
      }
    ],
    [
      {
        "act": "Do we have to go back into the other room or can we stay in here now?",
        "end_time": 1947.33,
        "is_in_ext_summ": true,
        "start_time": 1944.72
      },
      {
        "act": "I don't see why you can't stay here, really.",
        "end_time": 1949.65,
        "is_in_ext_summ": true,
        "start_time": 1947.56
      }
    ]
  ],
  "ap_meta": {
    "far_than_3s": 6,
    "total": 268,
    "total_sequences": 115,
    "values": [
      [
        1,
        86.81
      ],
      [
        4,
        106.65
      ],
      [
        57,
        984.51
      ],
      [
        74,
        1310.68
      ],
      [
        91,
        1563.57
      ],
      [
        108,
        1856.44
      ]
    ]
  },
  "args": [
    [
      {
        "act": "It might be a little clumsy when when it opens up, right, so it opens on the side. So",
        "ae_type": "Statement",
        "end_time": 676.77,
        "speaker_id": "A",
        "start_time": 670.89
      },
      {
        "act": "Okay.",
        "ae_type": "Statement",
        "end_time": 670.72,
        "speaker_id": "B",
        "start_time": 670.21
      },
      {
        "act": "No, yeah, but mm but we have it nicely with the hinges here yeah. So it won't be a problem, it will be and it will be it won't be heavy.",
        "ae_type": "Statement",
        "end_time": 686.15,
        "speaker_id": "D",
        "start_time": 675.6
      },
      {
        "act": "Yeah yeah yeah, I mean yeah. So you guys can decide wh whether",
        "ae_type": "Statement",
        "end_time": 684.33,
        "speaker_id": "A",
        "start_time": 679.22
      },
      {
        "act": "Yeah.",
        "ae_type": "Statement",
        "end_time": 681.09,
        "speaker_id": "C",
        "start_time": 680.67
      },
      {
        "act": "Yeah. Yeah.",
        "ae_type": "Statement",
        "end_time": 682.83,
        "speaker_id": "B",
        "start_time": 681.6
      },
      {
        "act": "I th I think the alternative is flipping from the top.",
        "ae_type": "Statement",
        "end_time": 689.01,
        "speaker_id": "B",
        "start_time": 686.56
      },
      {
        "act": "Yeah well yeah, but it's it's a bit long. It's a little bit long. Well, I mean it can be opened like this of course and yeah.",
        "ae_type": "Statement",
        "end_time": 696.63,
        "speaker_id": "D",
        "start_time": 689.59
      },
      {
        "act": "Yeah, but we which makes it kind of really big, yeah.",
        "ae_type": "Statement",
        "end_time": 693.78,
        "speaker_id": "A",
        "start_time": 689.62
      },
      {
        "act": "The length is gonna be difficu",
        "ae_type": "Statement",
        "end_time": 692.67,
        "speaker_id": "C",
        "start_time": 690.88
      },
      {
        "act": "Yeah um",
        "ae_type": "Statement",
        "end_time": 694.38,
        "speaker_id": "B",
        "start_time": 693.57
      },
      {
        "act": "But you were thinking about making it smaller, yeah?",
        "ae_type": "Yes/No issue",
        "end_time": 697.91,
        "speaker_id": "B",
        "start_time": 695.56
      },
      {
        "act": "S uh slightly smaller.",
        "ae_type": "Statement",
        "end_time": 701.19,
        "speaker_id": "D",
        "start_time": 699.77
      },
      {
        "act": "So you have to keep that side flat.",
        "ae_type": "Yes/No issue",
        "end_time": 704.88,
        "speaker_id": "B",
        "start_time": 701.48
      },
      {
        "act": "Yeah, but if we flip it open only as much as that.",
        "ae_type": "Statement",
        "end_time": 707.55,
        "speaker_id": "D",
        "start_time": 705.13
      },
      {
        "act": "Okay.",
        "ae_type": "Statement",
        "end_time": 708.53,
        "speaker_id": "A",
        "start_time": 707.9
      },
      {
        "act": "So it works like a mobile phone flipping, but y you know, as long as that side's flat, than that will work.",
        "ae_type": "Statement",
        "end_time": 713.94,
        "speaker_id": "B",
        "start_time": 709.09
      },
      {
        "act": "Right.",
        "ae_type": "Statement",
        "end_time": 714.45,
        "speaker_id": "A",
        "start_time": 714.21
      }
    ],
    [
      {
        "act": "G_ technologically innovative.",
        "ae_type": "Statement",
        "end_time": 913.2,
        "speaker_id": "C",
        "start_time": 909.86
      },
      {
        "act": "Anyway it ha yeah, it's the most sophisticated remote that I ever seen.",
        "ae_type": "Statement",
        "end_time": 917.22,
        "speaker_id": "A",
        "start_time": 911.3
      },
      {
        "act": "But in terms of the actual technology, none of it is actually new.",
        "ae_type": "Statement",
        "end_time": 921.9,
        "speaker_id": "C",
        "start_time": 917.78
      },
      {
        "act": "Yeah.",
        "ae_type": "Statement",
        "end_time": 917.06,
        "speaker_id": "D",
        "start_time": 916.4
      },
      {
        "act": "Well mm we have we have the sample speaker as well, which is yeah, it's kind of new.",
        "ae_type": "Statement",
        "end_time": 926.51,
        "speaker_id": "D",
        "start_time": 920.95
      },
      {
        "act": "Yeah.",
        "ae_type": "Statement",
        "end_time": 924.72,
        "speaker_id": "C",
        "start_time": 924.18
      },
      {
        "act": "Yeah, but I mean you don't",
        "ae_type": "Statement",
        "end_time": 927.59,
        "speaker_id": "B",
        "start_time": 925.4
      },
      {
        "act": "All of the components have been used in other things before. But do yeah, yeah.",
        "ae_type": "Statement",
        "end_time": 933.82,
        "speaker_id": "C",
        "start_time": 927.09
      },
      {
        "act": "But at the same time they are all they are all relatively new.",
        "ae_type": "Statement",
        "end_time": 933.28,
        "speaker_id": "D",
        "start_time": 930.32
      },
      {
        "act": "Yeah, but they've been brought together in a remote.",
        "ae_type": "Statement",
        "end_time": 932.29,
        "speaker_id": "A",
        "start_time": 930.35
      },
      {
        "act": "They're never been used i they've never been using remote remote control before I don't think.",
        "ae_type": "Statement",
        "end_time": 936.36,
        "speaker_id": "B",
        "start_time": 931.03
      },
      {
        "act": "Yeah. What do you reckon, five, six?",
        "ae_type": "A/B issue",
        "end_time": 939.58,
        "speaker_id": "C",
        "start_time": 936.68
      },
      {
        "act": "Yeah, what do you all think? Six?",
        "ae_type": "Yes/No issue",
        "end_time": 942.65,
        "speaker_id": "B",
        "start_time": 939.84
      },
      {
        "act": "Six.",
        "ae_type": "Statement",
        "end_time": 941.87,
        "speaker_id": "D",
        "start_time": 941.3
      },
      {
        "act": "Yeah.",
        "ae_type": "Statement",
        "end_time": 942.89,
        "speaker_id": "A",
        "start_time": 942.61
      },
      {
        "act": "I mean how how far can you go with a remote control, really? It still has to do what i what it has to do.",
        "ae_type": "Open issue",
        "end_time": 948.66,
        "speaker_id": "D",
        "start_time": 942.96
      },
      {
        "act": "Yeah.",
        "ae_type": "Statement",
        "end_time": 948.96,
        "speaker_id": "C",
        "start_time": 948.73
      },
      {
        "act": "Well, that's it, I mean",
        "ae_type": "Statement",
        "end_time": 947.06,
        "speaker_id": "B",
        "start_time": 945.92
      },
      {
        "act": "Yeah, but I mean everything has been used in space before it gets to anyone else really, hasn't it? So, I don't think many peop",
        "ae_type": "Yes/No issue",
        "end_time": 956.53,
        "speaker_id": "B",
        "start_time": 949.46
      },
      {
        "act": "Space remote.",
        "ae_type": "Statement",
        "end_time": 957.72,
        "speaker_id": "C",
        "start_time": 956.21
      },
      {
        "act": "That's it, they can take it with them.",
        "ae_type": "Statement",
        "end_time": 959.38,
        "speaker_id": "B",
        "start_time": 958.0
      }
    ]
  ],
  "da": {
    "types": {
      "Assess": 190,
      "Backchannel": 185,
      "Be-Positive": 23,
      "Comment-About-Understanding": 8,
      "Elicit-Assessment": 10,
      "Elicit-Comment-Understanding": 2,
      "Elicit-Inform": 45,
      "Elicit-Offer-Or-Suggestion": 4,
      "Fragment": 95,
      "Inform": 405,
      "Offer": 15,
      "Other": 28,
      "Stall": 30,
      "Suggest": 48
    }
  },
  "dialog_acts": 1089,
  "ext_sentense_count": 163,
  "ext_sentense_da_count": 214,
  "ext_summ": {
    "types": {
      "Assess": 20,
      "Be-Positive": 1,
      "Elicit-Assessment": 4,
      "Elicit-Inform": 11,
      "Elicit-Offer-Or-Suggestion": 2,
      "Inform": 109,
      "Suggest": 16
    }
  },
  "segmants": 664
}