[
  {
    "ar_type": "Positive",
    "source": {
      "act": "Um and then we we're loo looking into battery options.",
      "ae_type": "Statement",
      "end_time": 478.53,
      "speaker_id": "C",
      "start_time": 474.86
    },
    "target": {
      "act": "'Kay.",
      "ae_type": "Statement",
      "end_time": 472.33,
      "speaker_id": "B",
      "start_time": 472.18
    }
  },
  {
    "ar_type": "Specialization",
    "source": {
      "act": "Um and then we we're loo looking into battery options.",
      "ae_type": "Statement",
      "end_time": 478.53,
      "speaker_id": "C",
      "start_time": 474.86
    },
    "target": {
      "act": "There's um actually no rechargeable option available, so we I saw the um the standard double A_ and triple A_ which we thought were a bit bit too bulky at the moment, dynamo charging, I thought that that might be a bit silly to be to be honest, people won't it's it's basically like wind-up radio. So you wind up your remote control before you use it. It might",
      "ae_type": "Statement",
      "end_time": 506.64,
      "speaker_id": "C",
      "start_time": 479.86
    }
  },
  {
    "ar_type": "Request",
    "source": {
      "act": "There's um actually no rechargeable option available, so we I saw the um the standard double A_ and triple A_ which we thought were a bit bit too bulky at the moment, dynamo charging, I thought that that might be a bit silly to be to be honest, people won't it's it's basically like wind-up radio. So you wind up your remote control before you use it. It might",
      "ae_type": "Statement",
      "end_time": 506.64,
      "speaker_id": "C",
      "start_time": 479.86
    },
    "target": {
      "act": "can you explain that?",
      "ae_type": "Open issue",
      "end_time": 498.86,
      "speaker_id": "B",
      "start_time": 497.99
    }
  },
  {
    "ar_type": "Elaboration",
    "source": {
      "act": "can you explain that?",
      "ae_type": "Open issue",
      "end_time": 498.86,
      "speaker_id": "B",
      "start_time": 497.99
    },
    "target": {
      "act": "Like a right, okay.",
      "ae_type": "Statement",
      "end_time": 502.6,
      "speaker_id": "B",
      "start_time": 500.12
    }
  },
  {
    "ar_type": "Request",
    "source": {
      "act": "Like a right, okay.",
      "ae_type": "Statement",
      "end_time": 502.6,
      "speaker_id": "B",
      "start_time": 500.12
    },
    "target": {
      "act": "How what kind of how l long can you get out of that, I mean can you pick it up and then wind it for two minutes and then that's it for the night?",
      "ae_type": "Open issue",
      "end_time": 512.23,
      "speaker_id": "B",
      "start_time": 504.94
    }
  },
  {
    "ar_type": "Positive",
    "source": {
      "act": "How what kind of how l long can you get out of that, I mean can you pick it up and then wind it for two minutes and then that's it for the night?",
      "ae_type": "Open issue",
      "end_time": 512.23,
      "speaker_id": "B",
      "start_time": 504.94
    },
    "target": {
      "act": "Yeah, yeah, oh yeah I presu you wouldn't have to wind it for very long,",
      "ae_type": "Statement",
      "end_time": 516.88,
      "speaker_id": "C",
      "start_time": 512.15
    }
  },
  {
    "ar_type": "Negative",
    "source": {
      "act": "There's um actually no rechargeable option available, so we I saw the um the standard double A_ and triple A_ which we thought were a bit bit too bulky at the moment, dynamo charging, I thought that that might be a bit silly to be to be honest, people won't it's it's basically like wind-up radio. So you wind up your remote control before you use it. It might",
      "ae_type": "Statement",
      "end_time": 506.64,
      "speaker_id": "C",
      "start_time": 479.86
    },
    "target": {
      "act": "but I don't I don't think it's really sort of necessary when you th you think of the next two options, like the the solar charging, 'cause most people have the light on in the room anyway so they could get when when you got T_V_.",
      "ae_type": "Statement",
      "end_time": 533.17,
      "speaker_id": "C",
      "start_time": 516.88
    }
  },
  {
    "ar_type": "Negative",
    "source": {
      "act": "but I don't I don't think it's really sort of necessary when you th you think of the next two options, like the the solar charging, 'cause most people have the light on in the room anyway so they could get when when you got T_V_.",
      "ae_type": "Statement",
      "end_time": 533.17,
      "speaker_id": "C",
      "start_time": 516.88
    },
    "target": {
      "act": "That doesn't count though does it?",
      "ae_type": "Yes/No issue",
      "end_time": 532.94,
      "speaker_id": "B",
      "start_time": 531.46
    }
  },
  {
    "ar_type": "Request",
    "source": {
      "act": "but I don't I don't think it's really sort of necessary when you th you think of the next two options, like the the solar charging, 'cause most people have the light on in the room anyway so they could get when when you got T_V_.",
      "ae_type": "Statement",
      "end_time": 533.17,
      "speaker_id": "C",
      "start_time": 516.88
    },
    "target": {
      "act": "Does does light charge as as sunlight does? Artificial light?",
      "ae_type": "Yes/No issue",
      "end_time": 535.71,
      "speaker_id": "D",
      "start_time": 532.32
    }
  },
  {
    "ar_type": "Negative",
    "source": {
      "act": "Does does light charge as as sunlight does? Artificial light?",
      "ae_type": "Yes/No issue",
      "end_time": 535.71,
      "speaker_id": "D",
      "start_time": 532.32
    },
    "target": {
      "act": "I thought it was U_V_ like",
      "ae_type": "Weak statement",
      "end_time": 537.8,
      "speaker_id": "B",
      "start_time": 533.78
    }
  },
  {
    "ar_type": "Negative",
    "source": {
      "act": "Does does light charge as as sunlight does? Artificial light?",
      "ae_type": "Yes/No issue",
      "end_time": 535.71,
      "speaker_id": "D",
      "start_time": 532.32
    },
    "target": {
      "act": "No.",
      "ae_type": "Statement",
      "end_time": 535.53,
      "speaker_id": "C",
      "start_time": 535.19
    }
  },
  {
    "ar_type": "Positive",
    "source": {
      "act": "No.",
      "ae_type": "Statement",
      "end_time": 535.53,
      "speaker_id": "C",
      "start_time": 535.19
    },
    "target": {
      "act": "Has to be solar.",
      "ae_type": "Statement",
      "end_time": 539.99,
      "speaker_id": "D",
      "start_time": 539.17
    }
  },
  {
    "ar_type": "Positive",
    "source": {
      "act": "Has to be solar.",
      "ae_type": "Statement",
      "end_time": 539.99,
      "speaker_id": "D",
      "start_time": 539.17
    },
    "target": {
      "act": "Yep.",
      "ae_type": "Statement",
      "end_time": 540.83,
      "speaker_id": "A",
      "start_time": 540.57
    }
  },
  {
    "ar_type": "Request",
    "source": {
      "act": "There's um actually no rechargeable option available, so we I saw the um the standard double A_ and triple A_ which we thought were a bit bit too bulky at the moment, dynamo charging, I thought that that might be a bit silly to be to be honest, people won't it's it's basically like wind-up radio. So you wind up your remote control before you use it. It might",
      "ae_type": "Statement",
      "end_time": 506.64,
      "speaker_id": "C",
      "start_time": 479.86
    },
    "target": {
      "act": "Regarding those sizes, which one you think will be light because we we have to take into consideration size also, so maybe a standard triple A_ might take lesser space or and dynamo might take more space.",
      "ae_type": "A/B issue",
      "end_time": 552.17,
      "speaker_id": "A",
      "start_time": 540.83
    }
  },
  {
    "ar_type": "Option",
    "source": {
      "act": "Regarding those sizes, which one you think will be light because we we have to take into consideration size also, so maybe a standard triple A_ might take lesser space or and dynamo might take more space.",
      "ae_type": "A/B issue",
      "end_time": 552.17,
      "speaker_id": "A",
      "start_time": 540.83
    },
    "target": {
      "act": "Yeah it would the d yeah the dynamo would take more space 'cause you actually need a physical sort of handle to wind up.",
      "ae_type": "Statement",
      "end_time": 557.25,
      "speaker_id": "C",
      "start_time": 551.03
    }
  },
  {
    "ar_type": "Negative",
    "source": {
      "act": "Does does light charge as as sunlight does? Artificial light?",
      "ae_type": "Yes/No issue",
      "end_time": 535.71,
      "speaker_id": "D",
      "start_time": 532.32
    },
    "target": {
      "act": "I'm pretty sure that solar is from the sun.",
      "ae_type": "Statement",
      "end_time": 559.69,
      "speaker_id": "B",
      "start_time": 557.01
    }
  },
  {
    "ar_type": "Positive",
    "source": {
      "act": "I'm pretty sure that solar is from the sun.",
      "ae_type": "Statement",
      "end_time": 559.69,
      "speaker_id": "B",
      "start_time": 557.01
    },
    "target": {
      "act": "Yeah, okay.",
      "ae_type": "Statement",
      "end_time": 560.85,
      "speaker_id": "C",
      "start_time": 559.77
    }
  },
  {
    "ar_type": "Positive",
    "source": {
      "act": "I'm pretty sure that solar is from the sun.",
      "ae_type": "Statement",
      "end_time": 559.69,
      "speaker_id": "B",
      "start_time": 557.01
    },
    "target": {
      "act": "Uh, I don't think it counts electric lights no, but I mean not many you don't want to limit your market. I mean people who live in basement flats there's not that many people, but there are people.",
      "ae_type": "Statement",
      "end_time": 573.0,
      "speaker_id": "B",
      "start_time": 560.54
    }
  },
  {
    "ar_type": "Positive",
    "source": {
      "act": "Uh, I don't think it counts electric lights no, but I mean not many you don't want to limit your market. I mean people who live in basement flats there's not that many people, but there are people.",
      "ae_type": "Statement",
      "end_time": 573.0,
      "speaker_id": "B",
      "start_time": 560.54
    },
    "target": {
      "act": "Artificial light, no.",
      "ae_type": "Statement",
      "end_time": 563.03,
      "speaker_id": "D",
      "start_time": 561.91
    }
  },
  {
    "ar_type": "Positive",
    "source": {
      "act": "Uh, I don't think it counts electric lights no, but I mean not many you don't want to limit your market. I mean people who live in basement flats there's not that many people, but there are people.",
      "ae_type": "Statement",
      "end_time": 573.0,
      "speaker_id": "B",
      "start_time": 560.54
    },
    "target": {
      "act": "Yeah and most people most people also watch T_V_ in the in the night anyway.",
      "ae_type": "Statement",
      "end_time": 580.39,
      "speaker_id": "C",
      "start_time": 575.14
    }
  },
  {
    "ar_type": "Positive",
    "source": {
      "act": "Yeah and most people most people also watch T_V_ in the in the night anyway.",
      "ae_type": "Statement",
      "end_time": 580.39,
      "speaker_id": "C",
      "start_time": 575.14
    },
    "target": {
      "act": "Right.",
      "ae_type": "Statement",
      "end_time": 575.93,
      "speaker_id": "A",
      "start_time": 575.7
    }
  },
  {
    "ar_type": "Positive",
    "source": {
      "act": "Yeah and most people most people also watch T_V_ in the in the night anyway.",
      "ae_type": "Statement",
      "end_time": 580.39,
      "speaker_id": "C",
      "start_time": 575.14
    },
    "target": {
      "act": "Mm, but then it would be charging through the day, I think the point is that it charges through the day and then you've got it charged for the evening.",
      "ae_type": "Statement",
      "end_time": 588.72,
      "speaker_id": "B",
      "start_time": 580.59
    }
  },
  {
    "ar_type": "Option",
    "source": {
      "act": "Um and then we we're loo looking into battery options.",
      "ae_type": "Statement",
      "end_time": 478.53,
      "speaker_id": "C",
      "start_time": 474.86
    },
    "target": {
      "act": "But I I think I think the the next one's the best anyway. The the kinetic charging which is like you get it in r you get it in wrist watches and you d you don't even notice it. I mean the amount the amount of probably moving around you'd be doing all the time would would charge it up, I don't think you'd ever need to actually physically start shaking it up to make it work.",
      "ae_type": "Statement",
      "end_time": 608.06,
      "speaker_id": "C",
      "start_time": 587.25
    }
  },
  {
    "ar_type": "Positive",
    "source": {
      "act": "But I I think I think the the next one's the best anyway. The the kinetic charging which is like you get it in r you get it in wrist watches and you d you don't even notice it. I mean the amount the amount of probably moving around you'd be doing all the time would would charge it up, I don't think you'd ever need to actually physically start shaking it up to make it work.",
      "ae_type": "Statement",
      "end_time": 608.06,
      "speaker_id": "C",
      "start_time": 587.25
    },
    "target": {
      "act": "Okay.",
      "ae_type": "Statement",
      "end_time": 590.6,
      "speaker_id": "B",
      "start_time": 590.12
    }
  },
  {
    "ar_type": "Request",
    "source": {
      "act": "But I I think I think the the next one's the best anyway. The the kinetic charging which is like you get it in r you get it in wrist watches and you d you don't even notice it. I mean the amount the amount of probably moving around you'd be doing all the time would would charge it up, I don't think you'd ever need to actually physically start shaking it up to make it work.",
      "ae_type": "Statement",
      "end_time": 608.06,
      "speaker_id": "C",
      "start_time": 587.25
    },
    "target": {
      "act": "And are these like uh what are the life of the kinetic battery, it like it runs for long time?",
      "ae_type": "Open issue",
      "end_time": 613.53,
      "speaker_id": "A",
      "start_time": 608.54
    }
  },
  {
    "ar_type": "Option",
    "source": {
      "act": "And are these like uh what are the life of the kinetic battery, it like it runs for long time?",
      "ae_type": "Open issue",
      "end_time": 613.53,
      "speaker_id": "A",
      "start_time": 608.54
    },
    "target": {
      "act": "Um yeah it's it charges into um some form of it's a smaller cell which it charges into and uh the si the size sort of a watch a watch battery, 'cause they use them quite frequently in watches. And that'll that would l would last for um well I do I d I'm not entirely sure how long it would last but I've never seen one run out.",
      "ae_type": "Statement",
      "end_time": 640.41,
      "speaker_id": "C",
      "start_time": 613.51
    }
  },
  {
    "ar_type": "Positive",
    "source": {
      "act": "Um yeah it's it charges into um some form of it's a smaller cell which it charges into and uh the si the size sort of a watch a watch battery, 'cause they use them quite frequently in watches. And that'll that would l would last for um well I do I d I'm not entirely sure how long it would last but I've never seen one run out.",
      "ae_type": "Statement",
      "end_time": 640.41,
      "speaker_id": "C",
      "start_time": 613.51
    },
    "target": {
      "act": "Okay.",
      "ae_type": "Statement",
      "end_time": 628.27,
      "speaker_id": "A",
      "start_time": 627.88
    }
  },
  {
    "ar_type": "Request",
    "source": {
      "act": "But I I think I think the the next one's the best anyway. The the kinetic charging which is like you get it in r you get it in wrist watches and you d you don't even notice it. I mean the amount the amount of probably moving around you'd be doing all the time would would charge it up, I don't think you'd ever need to actually physically start shaking it up to make it work.",
      "ae_type": "Statement",
      "end_time": 608.06,
      "speaker_id": "C",
      "start_time": 587.25
    },
    "target": {
      "act": "But then if you think about a watch, it's on your wrist so it's on your whole bod it's on your body the whole time so you're walking around, you're doing things, it is moving a lot of the time. If you'd I mean you switch the T_V_ on, then you put it on the side, then you pick it up to change it and then you put it on the side. Is it really gonna be enough?",
      "ae_type": "Yes/No issue",
      "end_time": 657.18,
      "speaker_id": "B",
      "start_time": 640.02
    }
  },
  {
    "ar_type": "Positive",
    "source": {
      "act": "But then if you think about a watch, it's on your wrist so it's on your whole bod it's on your body the whole time so you're walking around, you're doing things, it is moving a lot of the time. If you'd I mean you switch the T_V_ on, then you put it on the side, then you pick it up to change it and then you put it on the side. Is it really gonna be enough?",
      "ae_type": "Yes/No issue",
      "end_time": 657.18,
      "speaker_id": "B",
      "start_time": 640.02
    },
    "target": {
      "act": "Yeah.",
      "ae_type": "Statement",
      "end_time": 645.51,
      "speaker_id": "C",
      "start_time": 645.11
    }
  },
  {
    "ar_type": "Uncertain",
    "source": {
      "act": "But then if you think about a watch, it's on your wrist so it's on your whole bod it's on your body the whole time so you're walking around, you're doing things, it is moving a lot of the time. If you'd I mean you switch the T_V_ on, then you put it on the side, then you pick it up to change it and then you put it on the side. Is it really gonna be enough?",
      "ae_type": "Yes/No issue",
      "end_time": 657.18,
      "speaker_id": "B",
      "start_time": 640.02
    },
    "target": {
      "act": "Yeah but then again I I think it is because if you think about it, the watch, although it's only a tiny amount it's it's um it's always moving for the whole day and they don't run out over night when you leave them on the side. And th for the same the same reason, you're only using it for a v incredibly short amount of time just to send the signal and then you're finished with it and you put it no no I do I don't think the the draw on it would be",
      "ae_type": "Statement",
      "end_time": 686.69,
      "speaker_id": "C",
      "start_time": 655.38
    }
  },
  {
    "ar_type": "Positive",
    "source": {
      "act": "Yeah but then again I I think it is because if you think about it, the watch, although it's only a tiny amount it's it's um it's always moving for the whole day and they don't run out over night when you leave them on the side. And th for the same the same reason, you're only using it for a v incredibly short amount of time just to send the signal and then you're finished with it and you put it no no I do I don't think the the draw on it would be",
      "ae_type": "Statement",
      "end_time": 686.69,
      "speaker_id": "C",
      "start_time": 655.38
    },
    "target": {
      "act": "Okay.",
      "ae_type": "Statement",
      "end_time": 672.94,
      "speaker_id": "B",
      "start_time": 672.45
    }
  },
  {
    "ar_type": "Option",
    "source": {
      "act": "Um and then we we're loo looking into battery options.",
      "ae_type": "Statement",
      "end_time": 478.53,
      "speaker_id": "C",
      "start_time": 474.86
    },
    "target": {
      "act": "Could I just ask referring back to solar charging, is that compatible with um standard batteries?",
      "ae_type": "Yes/No issue",
      "end_time": 691.32,
      "speaker_id": "D",
      "start_time": 685.04
    }
  },
  {
    "ar_type": "Elaboration",
    "source": {
      "act": "Could I just ask referring back to solar charging, is that compatible with um standard batteries?",
      "ae_type": "Yes/No issue",
      "end_time": 691.32,
      "speaker_id": "D",
      "start_time": 685.04
    },
    "target": {
      "act": "I mean, could people put standard batteries in but with a s you know they could leave it in the sunlight for solar charging or the two things not compatible?",
      "ae_type": "Yes/No issue",
      "end_time": 697.26,
      "speaker_id": "D",
      "start_time": 691.32
    }
  },
  {
    "ar_type": "Positive",
    "source": {
      "act": "I mean, could people put standard batteries in but with a s you know they could leave it in the sunlight for solar charging or the two things not compatible?",
      "ae_type": "Yes/No issue",
      "end_time": 697.26,
      "speaker_id": "D",
      "start_time": 691.32
    },
    "target": {
      "act": "Ye yeah I think I th uh g y you could have a dual um power thing but the the thing with the solar cells is you would need to put them on the case and they because, if you lie on a calculator they they're qui they're quite big and they all they all look i identical.",
      "ae_type": "Statement",
      "end_time": 714.99,
      "speaker_id": "C",
      "start_time": 695.82
    }
  },
  {
    "ar_type": "Positive",
    "source": {
      "act": "I was just wondering if we make the basic mould out of plastic but have like a rubber cover that goes over, that would give the spongy feel, that also allows us to kind of have different fasciae for the phone.",
      "ae_type": "Yes/No issue",
      "end_time": 1169.79,
      "speaker_id": "D",
      "start_time": 1159.44
    },
    "target": {
      "act": "Rubber, yeah.",
      "ae_type": "Statement",
      "end_time": 1165.12,
      "speaker_id": "C",
      "start_time": 1163.88
    }
  },
  {
    "ar_type": "Positive",
    "source": {
      "act": "I was just wondering if we make the basic mould out of plastic but have like a rubber cover that goes over, that would give the spongy feel, that also allows us to kind of have different fasciae for the phone.",
      "ae_type": "Yes/No issue",
      "end_time": 1169.79,
      "speaker_id": "D",
      "start_time": 1159.44
    },
    "target": {
      "act": "And you can peel them off yeah.",
      "ae_type": "Statement",
      "end_time": 1170.09,
      "speaker_id": "C",
      "start_time": 1168.63
    }
  },
  {
    "ar_type": "Elaboration",
    "source": {
      "act": "I was just wondering if we make the basic mould out of plastic but have like a rubber cover that goes over, that would give the spongy feel, that also allows us to kind of have different fasciae for the phone.",
      "ae_type": "Yes/No issue",
      "end_time": 1169.79,
      "speaker_id": "D",
      "start_time": 1159.44
    },
    "target": {
      "act": "So instead of the fascia that comes off being plastic, the fascia that comes off would be the rubber, like those pens that you get with the grip, that you can you can pull that off.",
      "ae_type": "Statement",
      "end_time": 1180.85,
      "speaker_id": "B",
      "start_time": 1169.94
    }
  },
  {
    "ar_type": "Positive",
    "source": {
      "act": "So instead of the fascia that comes off being plastic, the fascia that comes off would be the rubber, like those pens that you get with the grip, that you can you can pull that off.",
      "ae_type": "Statement",
      "end_time": 1180.85,
      "speaker_id": "B",
      "start_time": 1169.94
    },
    "target": {
      "act": "Yeah.",
      "ae_type": "Statement",
      "end_time": 1170.21,
      "speaker_id": "A",
      "start_time": 1169.98
    }
  },
  {
    "ar_type": "Positive",
    "source": {
      "act": "So instead of the fascia that comes off being plastic, the fascia that comes off would be the rubber, like those pens that you get with the grip, that you can you can pull that off.",
      "ae_type": "Statement",
      "end_time": 1180.85,
      "speaker_id": "B",
      "start_time": 1169.94
    },
    "target": {
      "act": "Like a rubber sleeve almost, yeah.",
      "ae_type": "Statement",
      "end_time": 1176.01,
      "speaker_id": "D",
      "start_time": 1174.31
    }
  },
  {
    "ar_type": "Positive",
    "source": {
      "act": "So instead of the fascia that comes off being plastic, the fascia that comes off would be the rubber, like those pens that you get with the grip, that you can you can pull that off.",
      "ae_type": "Statement",
      "end_time": 1180.85,
      "speaker_id": "B",
      "start_time": 1169.94
    },
    "target": {
      "act": "Yeah.",
      "ae_type": "Statement",
      "end_time": 1176.74,
      "speaker_id": "C",
      "start_time": 1176.03
    }
  },
  {
    "ar_type": "Positive",
    "source": {
      "act": "So instead of the fascia that comes off being plastic, the fascia that comes off would be the rubber, like those pens that you get with the grip, that you can you can pull that off.",
      "ae_type": "Statement",
      "end_time": 1180.85,
      "speaker_id": "B",
      "start_time": 1169.94
    },
    "target": {
      "act": "Alright. That could be a good idea.",
      "ae_type": "Statement",
      "end_time": 1180.68,
      "speaker_id": "A",
      "start_time": 1178.63
    }
  },
  {
    "ar_type": "Elaboration",
    "source": {
      "act": "Alright. That could be a good idea.",
      "ae_type": "Statement",
      "end_time": 1180.68,
      "speaker_id": "A",
      "start_time": 1178.63
    },
    "target": {
      "act": "It could it would be comfortable to hold on also.",
      "ae_type": "Statement",
      "end_time": 1183.95,
      "speaker_id": "A",
      "start_time": 1181.92
    }
  },
  {
    "ar_type": "Positive",
    "source": {
      "act": "It could it would be comfortable to hold on also.",
      "ae_type": "Statement",
      "end_time": 1183.95,
      "speaker_id": "A",
      "start_time": 1181.92
    },
    "target": {
      "act": "Okay.",
      "ae_type": "Statement",
      "end_time": 1182.52,
      "speaker_id": "B",
      "start_time": 1182.08
    }
  },
  {
    "ar_type": "Positive",
    "source": {
      "act": "So instead of the fascia that comes off being plastic, the fascia that comes off would be the rubber, like those pens that you get with the grip, that you can you can pull that off.",
      "ae_type": "Statement",
      "end_time": 1180.85,
      "speaker_id": "B",
      "start_time": 1169.94
    },
    "target": {
      "act": "Very cheap way of changing the look of it and people can just buy a new one if they want to.",
      "ae_type": "Statement",
      "end_time": 1188.37,
      "speaker_id": "D",
      "start_time": 1184.63
    }
  },
  {
    "ar_type": "Positive",
    "source": {
      "act": "Very cheap way of changing the look of it and people can just buy a new one if they want to.",
      "ae_type": "Statement",
      "end_time": 1188.37,
      "speaker_id": "D",
      "start_time": 1184.63
    },
    "target": {
      "act": "Yeah.",
      "ae_type": "Statement",
      "end_time": 1188.24,
      "speaker_id": "C",
      "start_time": 1187.76
    }
  },
  {
    "ar_type": "Elaboration",
    "source": {
      "act": "So instead of the fascia that comes off being plastic, the fascia that comes off would be the rubber, like those pens that you get with the grip, that you can you can pull that off.",
      "ae_type": "Statement",
      "end_time": 1180.85,
      "speaker_id": "B",
      "start_time": 1169.94
    },
    "target": {
      "act": "Well that's been really popular with mobile phones so I don't see why not.",
      "ae_type": "Statement",
      "end_time": 1192.63,
      "speaker_id": "B",
      "start_time": 1188.72
    }
  },
  {
    "ar_type": "Positive",
    "source": {
      "act": "Well that's been really popular with mobile phones so I don't see why not.",
      "ae_type": "Statement",
      "end_time": 1192.63,
      "speaker_id": "B",
      "start_time": 1188.72
    },
    "target": {
      "act": "Mm. Yeah",
      "ae_type": "Statement",
      "end_time": 1193.2,
      "speaker_id": "D",
      "start_time": 1191.82
    }
  }
]