[
  {
    "acts": [
      {
        "act": "I'll wait until you're all um hooked up.",
        "end_time": 2.03,
        "start_time": 0.02
      },
      {
        "act": "Oh good grief.",
        "end_time": 19.13,
        "start_time": 17.57
      },
      {
        "act": "'Kay.",
        "end_time": 23.19,
        "start_time": 22.85
      },
      {
        "act": "Okay.",
        "end_time": 30.24,
        "start_time": 29.76
      },
      {
        "act": "Oh.",
        "end_time": 50.55,
        "start_time": 50.13
      },
      {
        "act": "Put it on in that way. Thanks.",
        "end_time": 54.75,
        "start_time": 52.39
      },
      {
        "act": "Oops.",
        "end_time": 54.43,
        "start_time": 54.23
      },
      {
        "act": "Okay.",
        "end_time": 78.56,
        "start_time": 78.08
      },
      {
        "act": "Mm.",
        "end_time": 79.6,
        "start_time": 79.22
      },
      {
        "act": "Welcome back everybody, hope you've had fun.",
        "end_time": 83.87,
        "start_time": 80.08
      },
      {
        "act": "After lunch. Yeah.",
        "end_time": 85.36,
        "start_time": 82.47
      },
      {
        "act": "Right um this is our conceptual design meeting, um I think we're slightly ahead of ourselves",
        "end_time": 93.52,
        "start_time": 85.44
      },
      {
        "act": "Mm-hmm.",
        "end_time": 89.94,
        "start_time": 89.18
      },
      {
        "act": "from the last meeting, I th I I think yeah um.",
        "end_time": 99.69,
        "start_time": 94.77
      },
      {
        "act": "Yeah, yeah I was getting that impression as well.",
        "end_time": 98.26,
        "start_time": 96.01
      },
      {
        "act": "Mm-hmm.",
        "end_time": 96.63,
        "start_time": 96.42
      },
      {
        "act": "Mm.",
        "end_time": 98.41,
        "start_time": 98.28
      },
      {
        "act": "This is where we talk about um properties, materials, user-interface and trend-watching.",
        "end_time": 111.6,
        "start_time": 101.04
      },
      {
        "act": "Etcetera.",
        "end_time": 110.42,
        "start_time": 109.85
      },
      {
        "act": "Mm-hmm.",
        "end_time": 112.28,
        "start_time": 111.92
      },
      {
        "act": "So I think we've touched on a few things to do with that already, but we'll just go over it. Um the minutes from the last time. Um we had a couple of um changes in our plans in that we couldn't use teletext, it wasn't gonna be a control for everything um and that we had to incorporate the image of the company into it somehow. Um we have decided on a leaving out the voice recognition, we've decided on there being a flip design and um a different shape from what's normal. We were thinking a shell, but something along those lines, just a different shape from what's normal, um. You were going to look into the rechargeable batteries",
        "end_time": 172.1,
        "start_time": 112.69
      },
      {
        "act": "Yeah.",
        "end_time": 172.65,
        "start_time": 172.32
      },
      {
        "act": "Yeah.",
        "end_time": 178.07,
        "start_time": 177.68
      },
      {
        "act": "'Kay.",
        "end_time": 188.36,
        "start_time": 188.1
      },
      {
        "act": "and we were gonna think about the port and an alarm for getting it lost, things like that, um and our market was going to be young, business, kind of range.",
        "end_time": 188.62,
        "start_time": 173.31
      }
    ],
    "other_description": null,
    "topic": "opening"
  },
  {
    "acts": [
      {
        "act": "Okay, so shall we start with the first presentation? Yes if you feel",
        "end_time": 192.81,
        "start_time": 188.62
      },
      {
        "act": "Shall I? Okay. We just connect up.",
        "end_time": 194.51,
        "start_time": 191.24
      },
      {
        "act": "Yep.",
        "end_time": 192.17,
        "start_time": 191.78
      },
      {
        "act": "Thank you. There we go. Okay um so we decided on our market and so this feedback from the marketing department is really about trend watching. Um the methods we used to decide on uh current trends and so on, market trends, were that we did our traditional uh our usual market research study uh with a hundred subjects and the the general feedback from them is that the most im uh w I'm sorry I'm slightly tongue-tied after lunch, sorry Project Manager. Um we decided on the most important aspect i uh required in a remote control device and we'll come to that later. So that was one of the first things we did. Also with our company um being forerunners in uh putting fashion into technology, we also looked at a fashion update um using our consultants on fashion and design in Paris and Milan.",
        "end_time": 269.09,
        "start_time": 201.1
      },
      {
        "act": "It's okay.",
        "end_time": 250.6,
        "start_time": 249.46
      },
      {
        "act": "So a lot of interesting feedback there, both from our market research departments and from our people in Paris and Milan. Be interesting to see what our design people make of that.",
        "end_time": 356.54,
        "start_time": 347.85
      },
      {
        "act": "'Kay.",
        "end_time": 357.17,
        "start_time": 356.94
      },
      {
        "act": "Okay thank you very much.",
        "end_time": 359.65,
        "start_time": 357.29
      }
    ],
    "other_description": null,
    "topic": "marketing expert presentation"
  },
  {
    "acts": [
      {
        "act": "Um",
        "end_time": 360.19,
        "start_time": 359.65
      },
      {
        "act": "Yep.",
        "end_time": 360.82,
        "start_time": 360.73
      },
      {
        "act": "let's start from the inside and work our way out.",
        "end_time": 363.91,
        "start_time": 361.49
      },
      {
        "act": "Fine. It's okay with me.",
        "end_time": 364.99,
        "start_time": 363.56
      },
      {
        "act": "Yeah, okay.",
        "end_time": 365.82,
        "start_time": 364.29
      },
      {
        "act": "Unless anyone has any questions about that? Not yet? 'Kay.",
        "end_time": 369.44,
        "start_time": 365.43
      },
      {
        "act": "I don't think so, not yet. Um, yes, thank you.",
        "end_time": 373.09,
        "start_time": 367.55
      },
      {
        "act": "That screwed in?",
        "end_time": 383.52,
        "start_time": 380.97
      },
      {
        "act": "Okay.",
        "end_time": 381.79,
        "start_time": 381.15
      },
      {
        "act": "I hate those little things",
        "end_time": 389.72,
        "start_time": 388.56
      },
      {
        "act": "Yeah.",
        "end_time": 390.29,
        "start_time": 389.94
      },
      {
        "act": "especially if you do them on too tight and you can't get the leverage on them to undo them.",
        "end_time": 395.96,
        "start_time": 390.96
      },
      {
        "act": "I know.",
        "end_time": 395.9,
        "start_time": 395.41
      },
      {
        "act": "'Kay,",
        "end_time": 404.54,
        "start_time": 403.02
      },
      {
        "act": "Okay.",
        "end_time": 411.24,
        "start_time": 410.79
      },
      {
        "act": "Okay. Um this is uh all about the design of the actual components and the availability of the components we have in stock at the moment. Okay, first uh the Into the method. The the main idea of the whole thing is just so you sh you just press buttons and it should activate things on the T_V_ and we discussed last meeting that it should be easy to find. Um also in this study I've looked into the availability of some of the materials, 'cause some of the things that we looked at last time aren't un unfortunately aren't available.",
        "end_time": 450.55,
        "start_time": 410.83
      },
      {
        "act": "'Kay..",
        "end_time": 471.784,
        "start_time": 451.06
      },
      {
        "act": "Um, findings, I've got my nice little picture there. This is uh the chip called the T_A_ double one eight three five which is what's used in pretty much every remote control 'cause it sends out standard signals, based on your input and um it's pretty much used for all all T_V_ remotes at the moment. Um and then we we're loo looking into battery options.",
        "end_time": 478.53,
        "start_time": 452.66
      },
      {
        "act": "'Kay.",
        "end_time": 472.33,
        "start_time": 472.18
      },
      {
        "act": "There's um actually no rechargeable option available, so we I saw the um the standard double A_ and triple A_ which we thought were a bit bit too bulky at the moment, dynamo charging, I thought that that might be a bit silly to be to be honest, people won't it's it's basically like wind-up radio. So you wind up your remote control before you use it. It might",
        "end_time": 506.64,
        "start_time": 479.86
      },
      {
        "act": "Wa can you explain that? Like a right, okay.",
        "end_time": 502.6,
        "start_time": 497.45
      },
      {
        "act": "How what kind of how l long can you get out of that, I mean can you pick it up and then wind it for two minutes and then that's it for the night? Or",
        "end_time": 512.55,
        "start_time": 504.94
      },
      {
        "act": "You Yeah, yeah, oh yeah I presu you wouldn't have to wind it for very long, but I don't I don't think it's really sort of necessary when you th you think of the next two options, like the the solar charging, 'cause most people have the light on in the room anyway so they could get when when you got T_V_.",
        "end_time": 533.17,
        "start_time": 508.76
      },
      {
        "act": "That doesn't count though does it?",
        "end_time": 532.94,
        "start_time": 531.46
      },
      {
        "act": "Does does light charge as as sunlight does? Artificial light?",
        "end_time": 535.71,
        "start_time": 532.32
      },
      {
        "act": "I thought it was U_V_ like",
        "end_time": 537.8,
        "start_time": 533.78
      },
      {
        "act": "No. Is it? Alright i",
        "end_time": 539.1,
        "start_time": 535.19
      },
      {
        "act": "Has to be solar.",
        "end_time": 539.99,
        "start_time": 539.17
      },
      {
        "act": "Any, any",
        "end_time": 540.83,
        "start_time": 539.61
      },
      {
        "act": "Yep. Regarding those sizes, which one you think will be light because we we have to take into consideration size also, so maybe a standard triple A_ might take lesser space or and dynamo might take more space.",
        "end_time": 552.17,
        "start_time": 540.57
      },
      {
        "act": "Yeah it would the d yeah the dynamo would take more space 'cause you actually need a physical sort of handle to wind up.",
        "end_time": 557.25,
        "start_time": 551.03
      },
      {
        "act": "I'm pretty sure that solar is from the sun.",
        "end_time": 559.69,
        "start_time": 557.01
      },
      {
        "act": "Yeah, okay.",
        "end_time": 560.85,
        "start_time": 559.77
      },
      {
        "act": "Mm.",
        "end_time": 560.68,
        "start_time": 560.34
      },
      {
        "act": "Uh, I don't think it counts electric lights no, but I mean not many you don't want to limit your market. I mean people who live in basement flats there's not that many people, but there are people.",
        "end_time": 573.0,
        "start_time": 560.54
      },
      {
        "act": "Artificial light, no. That's going to I know, different parts of the world too, if we're if we're marketing internationally.",
        "end_time": 575.32,
        "start_time": 561.91
      },
      {
        "act": "Uh",
        "end_time": 571.74,
        "start_time": 571.57
      },
      {
        "act": "But Yeah and most people most people also watch T_V_ in the in the night anyway.",
        "end_time": 580.39,
        "start_time": 571.73
      },
      {
        "act": "Right. Night.",
        "end_time": 580.19,
        "start_time": 575.7
      },
      {
        "act": "Mm, but then it would be charging through the day, I think the point is that it charges through the day and then you've got it charged for the evening.",
        "end_time": 588.72,
        "start_time": 580.59
      },
      {
        "act": "But I I think I think the the next one's the best anyway. The the kinetic charging which is like you get it in r you get it in wrist watches and you d you don't even notice it. I mean the amount the amount of probably moving around you'd be doing all the time would would charge it up, I don't think you'd ever need to actually physically start shaking it up to make it work.",
        "end_time": 608.06,
        "start_time": 587.25
      },
      {
        "act": "Okay. Yeah I've seen",
        "end_time": 596.24,
        "start_time": 590.12
      },
      {
        "act": "And are these like uh what are the life of the kinetic battery, it like it runs for long time?",
        "end_time": 613.53,
        "start_time": 608.54
      },
      {
        "act": "Um yeah it's it charges into um some form of it's a smaller cell which it charges into and uh the si the size sort of a watch a watch battery, 'cause they use them quite frequently in watches. And that'll that would l would last for um well I do I d I'm not entirely sure how long it would last but I've never seen one run out.",
        "end_time": 640.41,
        "start_time": 613.51
      },
      {
        "act": "Mm-hmm. Okay.",
        "end_time": 628.27,
        "start_time": 620.36
      },
      {
        "act": "But then if you think about a watch, it's on your wrist so it's on your whole bod it's on your body the whole time so you're walking around, you're doing things, it is moving a lot of the time. If you'd I mean you switch the T_V_ on, then you put it on the side, then you pick it up to change it and then you put it on the side. Is it really gonna be enough?",
        "end_time": 657.18,
        "start_time": 640.02
      },
      {
        "act": "We c",
        "end_time": 640.66,
        "start_time": 640.27
      },
      {
        "act": "Yeah. Yeah and",
        "end_time": 651.28,
        "start_time": 645.11
      },
      {
        "act": "Mm-hmm.",
        "end_time": 653.23,
        "start_time": 652.96
      },
      {
        "act": "Yeah but then again I I think it is because if you think about it, the watch, although it's only a tiny amount it's it's um it's always moving for the whole day and they don't run out over night when you leave them on the side. And th for the same the same reason, you're only using it for a v incredibly short amount of time just to send the signal and then you're finished with it and you put it no no I do I don't think the the draw on it would be",
        "end_time": 686.69,
        "start_time": 655.38
      },
      {
        "act": "Okay.",
        "end_time": 672.94,
        "start_time": 672.45
      },
      {
        "act": "Hmm. Mm-hmm. Mm. Could I just ask referring back to solar charging, is that compatible with um standard batteries? I mean, could people put standard batteries in but with a s you know they could leave it in the sunlight for solar charging or the two things not compatible?",
        "end_time": 697.26,
        "start_time": 681.63
      },
      {
        "act": "So it's not the draw on it isn't Okay.",
        "end_time": 685.39,
        "start_time": 681.77
      },
      {
        "act": "Mm. Ye yeah I think I th uh g y you could have a dual um power thing but the the thing with the solar cells is you would need to put them on the case and they because, if you lie on a calculator they they're qui they're quite big and they all they all look i identical.",
        "end_time": 714.99,
        "start_time": 688.53
      },
      {
        "act": "Like a dual kind of.",
        "end_time": 699.6,
        "start_time": 698.23
      },
      {
        "act": "Mm. So that affects the exterior design.",
        "end_time": 716.48,
        "start_time": 710.58
      },
      {
        "act": "Solar would be slightly expensives.",
        "end_time": 717.65,
        "start_time": 715.28
      },
      {
        "act": "Expensive as well. What kind of price are we looking at for I presume the normal batteries are the cheapest?",
        "end_time": 723.11,
        "start_time": 716.16
      },
      {
        "act": "They're they're expensive, they don't",
        "end_time": 719.01,
        "start_time": 717.25
      },
      {
        "act": "It's twelve point f",
        "end_time": 722.05,
        "start_time": 720.58
      },
      {
        "act": "Yeah the normal batteries would be the cheapest I'd presume then it would actually be the the solar charging ones, um but the It's i I think they're not very resistant to dropping, 'cause if you drop stuff yeah if you if you have y the size you'd need to charge a remote wouldn't be that big but I mean if remotes always get thrown around and stuff, so.",
        "end_time": 748.5,
        "start_time": 722.99
      },
      {
        "act": "Solar. Well they're not designed",
        "end_time": 741.44,
        "start_time": 738.35
      },
      {
        "act": "Y I think yeah, practically.",
        "end_time": 751.89,
        "start_time": 749.9
      },
      {
        "act": "Practical-wise okay.",
        "end_time": 751.56,
        "start_time": 750.02
      },
      {
        "act": "I mean calculators you don't really throw around a lot whereas remotes you do, they can t",
        "end_time": 760.57,
        "start_time": 753.65
      },
      {
        "act": "You do get a bit of wear but don't calculators have a battery in them as well?",
        "end_time": 763.08,
        "start_time": 759.16
      },
      {
        "act": "Yeah they do, they yeah they've got dual things, but they're the batteries are smaller I think.",
        "end_time": 766.97,
        "start_time": 762.39
      },
      {
        "act": "Mm.",
        "end_time": 765.05,
        "start_time": 764.48
      },
      {
        "act": "Mm.",
        "end_time": 765.29,
        "start_time": 764.85
      },
      {
        "act": "Another question is like sorry. W w which one would last the longest, because we don't want customers to be like you know charging like a mobile phone every day.",
        "end_time": 774.61,
        "start_time": 767.24
      },
      {
        "act": "Again it de",
        "end_time": 767.99,
        "start_time": 767.35
      },
      {
        "act": "Mm. W m yeah so the",
        "end_time": 778.25,
        "start_time": 774.97
      },
      {
        "act": "A remote control, like, so we have to s look at the life also.",
        "end_time": 779.34,
        "start_time": 775.96
      },
      {
        "act": "Mm.",
        "end_time": 777.27,
        "start_time": 777.13
      },
      {
        "act": "Yeah the the s if you if you had something du uh using the standard batteries and the solar charging, um, I don't think you'd I think the it would d well you know how long the standard double A_s would last in or triple A_s would last.",
        "end_time": 797.83,
        "start_time": 779.62
      },
      {
        "act": "It would just detract from the attractiveness of the of the whole feature, i it's not gonna add anything, okay.",
        "end_time": 801.6,
        "start_time": 796.5
      },
      {
        "act": "Yeah I think i I think it would, yeah.",
        "end_time": 801.95,
        "start_time": 799.32
      },
      {
        "act": "Okay, can we add in uh an attachment to closing feature?",
        "end_time": 806.29,
        "start_time": 801.89
      },
      {
        "act": "Okay.",
        "end_time": 807.27,
        "start_time": 806.95
      },
      {
        "act": "Can we think about that? 'Cause if we're doing the kinetic thing and it's",
        "end_time": 814.19,
        "start_time": 807.99
      },
      {
        "act": "Yeah.",
        "end_time": 812.25,
        "start_time": 811.75
      },
      {
        "act": "Shouldn't we do some market research on that first before we add it in because I I personally right, okay.",
        "end_time": 818.53,
        "start_time": 812.31
      },
      {
        "act": "Well add it in to think about um because, where am I? If it is the kinetic thing and it is small and it is portable and it is a different shape and the kinetic is something people don't do kind of we're doing something original and different um but if you wore it if it's something you could just clip on your pocket then you would have that less, you you wouldn't lose it so much.",
        "end_time": 848.17,
        "start_time": 816.29
      },
      {
        "act": "Yeah. Yeah.",
        "end_time": 847.63,
        "start_time": 832.63
      },
      {
        "act": "But then maybe that's looking at someone who's just sitting on their own rather than",
        "end_time": 852.71,
        "start_time": 849.51
      },
      {
        "act": "Yeah.",
        "end_time": 850.14,
        "start_time": 849.84
      },
      {
        "act": "the eternal battle for control of the controls.",
        "end_time": 856.59,
        "start_time": 854.12
      },
      {
        "act": "It's not something that's come up in any of our uh focus groups and market research, it's not a thing that people are looking for",
        "end_time": 863.69,
        "start_time": 857.15
      },
      {
        "act": "No. Okay.",
        "end_time": 864.52,
        "start_time": 861.8
      },
      {
        "act": "when we threw it open to the field yeah.",
        "end_time": 866.45,
        "start_time": 864.84
      },
      {
        "act": "So",
        "end_time": 865.65,
        "start_time": 865.28
      },
      {
        "act": "But it's something to put on the side to think about maybe.",
        "end_time": 870.2,
        "start_time": 868.04
      },
      {
        "act": "Okay.",
        "end_time": 868.5,
        "start_time": 868.04
      },
      {
        "act": "Okay, right.",
        "end_time": 872.35,
        "start_time": 871.63
      },
      {
        "act": "Okay, well I'll move on.",
        "end_time": 873.29,
        "start_time": 872.2
      },
      {
        "act": "Mm-hmm.",
        "end_time": 873.7,
        "start_time": 873.37
      },
      {
        "act": "Um, my second part of my findings uh the mo most current remotes use this silicone uh P_C_B_ board which pr printed circuit board, which basically has these contacts that are really close together and then when you press down on the rubber button, it'll connect the circuit and each each switch is connected to two uh different legs on the chip and so sends a different message and that then uh gets translated by the chip into a code and then it's fired out of this L_E_D_ in the sequence of l on and off bursts.",
        "end_time": 917.68,
        "start_time": 874.85
      },
      {
        "act": "What kind of things do we have to consider there? Can we what kind of size, does it come in varying sizes or is it just one size and we would have to fit the design of",
        "end_time": 928.03,
        "start_time": 918.16
      },
      {
        "act": "Well well this the thi the thing about is um they they can be as big or as small as you want them to be because you can you can print circuit board like that that it's it's simply spaced like that so you can have fit the n the size of the nine buttons in. If you if you see how thin the tracks are, you could you could s you could put them virtually right next to each other and have a much smaller switch on each one, if you if you wanted to but um the there is an option to do to do it like that, or you could have some sort of",
        "end_time": 962.16,
        "start_time": 925.27
      },
      {
        "act": "Mm-hmm. Okay.",
        "end_time": 952.62,
        "start_time": 945.64
      },
      {
        "act": "array of switches which I'll speak about in the next bit so that",
        "end_time": 967.47,
        "start_time": 963.59
      },
      {
        "act": "Okay.",
        "end_time": 966.91,
        "start_time": 966.52
      },
      {
        "act": "And then to uh yeah, so to conserve battery life the remote should be in a standby mode no while not being used. Now what I was thinking about that was 'cause sometimes when y when you have these things, they've got little lights on behind the buttons, so you can see what all the buttons are, like on a mobile phone, they do it more often than on a than on a T_V_ remote, but you could you could have lights behind the buttons and um after like five or ten seconds of not being used I'd have that turned off, if we decided to go for buttons that could light up.",
        "end_time": 1003.04,
        "start_time": 969.08
      },
      {
        "act": "Mm-hmm.",
        "end_time": 987.82,
        "start_time": 987.44
      },
      {
        "act": "Mm-hmm. Okay.",
        "end_time": 1005.47,
        "start_time": 988.01
      },
      {
        "act": "Um, the case material, I've a been sent what the factory can actually give us, the there's the plastic which I think we were gonna go for anyway as the main case case housing and",
        "end_time": 1023.27,
        "start_time": 1004.91
      },
      {
        "act": "Mm-hmm.",
        "end_time": 1021.35,
        "start_time": 1020.85
      },
      {
        "act": "the the main problems with the well you could go for wood but I think it would be a bit impractical. Titanium um very expensive just to process, which to make it is expensive, and rubber, well you're saying that people like this uh spongy feel this year, so perhaps uh some something made of rubber, but I was thinking more of the buttons, because the buttons which they've they've said",
        "end_time": 1056.5,
        "start_time": 1024.6
      },
      {
        "act": "Mm.",
        "end_time": 1038.59,
        "start_time": 1038.2
      },
      {
        "act": "Mm.",
        "end_time": 1047.07,
        "start_time": 1046.72
      },
      {
        "act": "that they've they've put across are what is used in some stress ball manufacture and it's meant to be anti R_S_I_. I'm no I'm not sure how that would work because surely your fingers would still be moving over the short distances but that's what they said. Um the problem with the casing is that uh there's",
        "end_time": 1084.82,
        "start_time": 1057.86
      },
      {
        "act": "Okay.",
        "end_time": 1066.43,
        "start_time": 1066.12
      },
      {
        "act": "Mm-hmm.",
        "end_time": 1069.81,
        "start_time": 1069.34
      },
      {
        "act": "quite um there's quite a few design restrictions that they've got on the shape of the case. If you go for titanium they can only do a standard box shape, whereas if you come to plastic they can they can be a little more they can they can do sort of curved shapes. But whether whether or not because we'd have it in two separate units",
        "end_time": 1109.2,
        "start_time": 1086.09
      },
      {
        "act": "Second thing is yeah and second question is like, a mobile you can change the cover, you call it a skin or whatever. So in this case if you're looking at like a customer can change the colour like from green, parrot green to chilli red or something like that. So is that feature available in like uh titanium, or it's like only specific to plastic or",
        "end_time": 1128.59,
        "start_time": 1111.24
      },
      {
        "act": "for the flip phone.",
        "end_time": 1112.42,
        "start_time": 1111.37
      },
      {
        "act": "Hinged, yeah.",
        "end_time": 1112.76,
        "start_time": 1111.47
      },
      {
        "act": "Yeah.",
        "end_time": 1116.39,
        "start_time": 1116.01
      },
      {
        "act": "Mm.",
        "end_time": 1121.56,
        "start_time": 1121.34
      },
      {
        "act": "Yeah I th Uh. Yeah in in titanium I don't I don't think it would be available at all really, the ju just it w well you could make it available in the titanium, it was just it would be so expensive to buy a new case for it, because of the expense of how much titanium is is it's light and strong but I think it should be left for aircraft design rather than for",
        "end_time": 1151.0,
        "start_time": 1123.21
      },
      {
        "act": "Mm-hmm.",
        "end_time": 1132.29,
        "start_time": 1132.2
      },
      {
        "act": "Mm-hmm.",
        "end_time": 1141.45,
        "start_time": 1141.18
      },
      {
        "act": "It does mark quite easily too if you let it fall. I've got a mobile phone myself which is titanium and it does mark very easily if you drop it. I was just wondering if we make the basic mould out of plastic but have like a rubber cover that goes over, that would give the spongy feel, that also allows us to kind of have different fasciae for the phone.",
        "end_time": 1169.79,
        "start_time": 1152.1
      },
      {
        "act": "for a remote. Yeah, yeah. Rubber, yeah. And you can peel them off yeah.",
        "end_time": 1170.09,
        "start_time": 1152.43
      },
      {
        "act": "So instead of the fascia that comes off being plastic, the fascia that comes off would be the rubber, like those pens that you get with the grip, that you can you can pull that off.",
        "end_time": 1180.85,
        "start_time": 1169.94
      },
      {
        "act": "Yeah.",
        "end_time": 1170.21,
        "start_time": 1169.98
      },
      {
        "act": "Like a rubber sleeve almost, yeah.",
        "end_time": 1176.01,
        "start_time": 1174.31
      },
      {
        "act": "Yeah.",
        "end_time": 1176.74,
        "start_time": 1176.03
      },
      {
        "act": "Something like",
        "end_time": 1176.79,
        "start_time": 1176.08
      },
      {
        "act": "Yeah.",
        "end_time": 1178.66,
        "start_time": 1178.32
      },
      {
        "act": "Mm.",
        "end_time": 1178.94,
        "start_time": 1178.54
      },
      {
        "act": "Alright. That could be a good idea.",
        "end_time": 1180.68,
        "start_time": 1178.63
      },
      {
        "act": "Mm.",
        "end_time": 1181.26,
        "start_time": 1180.98
      },
      {
        "act": "Hmm.",
        "end_time": 1181.61,
        "start_time": 1181.26
      },
      {
        "act": "It could it would be comfortable to hold on also.",
        "end_time": 1183.95,
        "start_time": 1181.92
      },
      {
        "act": "Okay. Mm.",
        "end_time": 1184.1,
        "start_time": 1182.08
      },
      {
        "act": "Very cheap way of changing the look of it and people can just buy a new one if they want to.",
        "end_time": 1188.37,
        "start_time": 1184.63
      },
      {
        "act": "T Yeah.",
        "end_time": 1188.24,
        "start_time": 1184.81
      },
      {
        "act": "Well that's been really popular with mobile phones so I don't see why not.",
        "end_time": 1192.63,
        "start_time": 1188.72
      },
      {
        "act": "Mm. Yeah.",
        "end_time": 1193.2,
        "start_time": 1191.82
      },
      {
        "act": "Also the just just going back to the interface designs with the buttons, the I kno we were planning to do some sort of touch screen. Now what I was saying before about instead of having you could have just a bare P_C_B_ circuit board and I'm sure you could probably get it in different colours and so just by touching it with your finger it'd make the connection",
        "end_time": 1219.57,
        "start_time": 1193.73
      },
      {
        "act": "'Kay. Mm-hmm.",
        "end_time": 1203.22,
        "start_time": 1195.06
      },
      {
        "act": "over if you had them close enough, that would be one option. Um the second option th they offer rubber buttons, but I thought that an L_C_D_ type of screen 'cause one they're incredibly thin um and don't take up much space, two they you can have them in a sort of array and you can arrange the buttons on the screen in a sort of set thing and you could have them like a touch",
        "end_time": 1249.58,
        "start_time": 1220.71
      },
      {
        "act": "Sorry I didn't get the last part, you're talking of",
        "end_time": 1253.07,
        "start_time": 1250.61
      },
      {
        "act": "display. Uh what what",
        "end_time": 1255.52,
        "start_time": 1250.92
      },
      {
        "act": "Just what you said I I didn't get the uh meaning of it completely, you're saying like",
        "end_time": 1259.32,
        "start_time": 1255.66
      },
      {
        "act": "Oh on the on the L_C_D_ screen you could becau you could fit it the problem with it basically is that it's flat and so you can't do lots of curve curved things with it, but um you can you wouldn't have with the L_C_D_ you'd have the wires coming off, you wouldn't have that with the",
        "end_time": 1278.27,
        "start_time": 1259.11
      },
      {
        "act": "Uh-huh. Okay.",
        "end_time": 1268.44,
        "start_time": 1261.19
      },
      {
        "act": "Mm-hmm.",
        "end_time": 1268.77,
        "start_time": 1268.39
      },
      {
        "act": "with the L_C_D_, you'd only have that with the printed circuit board.",
        "end_time": 1282.11,
        "start_time": 1279.4
      },
      {
        "act": "Mm.",
        "end_time": 1281.71,
        "start_time": 1281.44
      },
      {
        "act": "With W also with the",
        "end_time": 1286.5,
        "start_time": 1283.2
      },
      {
        "act": "I don't s sorry to interrupt, I don't see why the curved thing is a problem, if we for example had a shell, once we open that yeah, so it'd be f yeah, yeah.",
        "end_time": 1294.31,
        "start_time": 1285.14
      },
      {
        "act": "Yeah.",
        "end_time": 1291.38,
        "start_time": 1290.8
      },
      {
        "act": "Oh it would be flat inside.",
        "end_time": 1292.93,
        "start_time": 1291.4
      },
      {
        "act": "You could have a flat screen inside, yeah, but I'm just wondering whether we want an L_C_D_ screen inside. It wouldn't be like full colour, it would just be black and white, but there'd be touch touch buttons, so you wouldn't be pressing down on 'em, w or we could have rubber buttons which are made of this material which is anti-R_S_I_.",
        "end_time": 1311.88,
        "start_time": 1292.64
      },
      {
        "act": "Mm.",
        "end_time": 1294.69,
        "start_time": 1294.35
      },
      {
        "act": "Have I misunderstood you? Mm-hmm.",
        "end_time": 1302.5,
        "start_time": 1295.95
      },
      {
        "act": "'Kay.",
        "end_time": 1306.16,
        "start_time": 1305.92
      },
      {
        "act": "Mm-hmm.",
        "end_time": 1312.08,
        "start_time": 1311.86
      },
      {
        "act": "I think it would be good to have a contrast between, if the whole thing is gonna be this rubber thing it would be good to open it up and see something quite fancy looking inside. Now how would you distinguish, if you had it bare, how would you distinguish where you had to press, I mean",
        "end_time": 1327.54,
        "start_time": 1312.35
      },
      {
        "act": "Is rubber.",
        "end_time": 1316.78,
        "start_time": 1316.18
      },
      {
        "act": "Yeah.",
        "end_time": 1321.35,
        "start_time": 1321.04
      },
      {
        "act": "Mm. Yeah I hadn't I hadn't really thought of that to be honest.",
        "end_time": 1331.39,
        "start_time": 1321.41
      },
      {
        "act": "Uh",
        "end_time": 1329.34,
        "start_time": 1329.08
      },
      {
        "act": "I just had another idea, I don't know if it helps with that, but just to do with the R_S_I_. Is it possible, just as an option, when we open it up, people can use their fingers to press the button, or we have inside like a small pointer thing when people want to. Mm.",
        "end_time": 1345.4,
        "start_time": 1329.81
      },
      {
        "act": "Yeah you could, you could have some sort of stylus that you could pull out but I I think they could get a bit easily lost, 'cause I had",
        "end_time": 1350.43,
        "start_time": 1341.3
      },
      {
        "act": "Like one of the palm pop thing.",
        "end_time": 1344.63,
        "start_time": 1343.28
      },
      {
        "act": "Yeah. They're easy to replace as well, cheap.",
        "end_time": 1352.32,
        "start_time": 1349.52
      },
      {
        "act": "Absolutely, f for somebody who very often, if he would a person who switches channels very often or does use a particular function very often will find it very irritating to use a and he might spoil the touch-pad very fast compared to a button like, if you keep punching with an pointer or whatever.",
        "end_time": 1367.41,
        "start_time": 1349.89
      },
      {
        "act": "It would have to be attached.",
        "end_time": 1352.33,
        "start_time": 1350.45
      },
      {
        "act": "Hmm. Yeah. Yeah.",
        "end_time": 1360.71,
        "start_time": 1353.08
      },
      {
        "act": "Mm-hmm.",
        "end_time": 1361.14,
        "start_time": 1360.96
      },
      {
        "act": "Yeah.",
        "end_time": 1364.97,
        "start_time": 1364.51
      },
      {
        "act": "Mm.",
        "end_time": 1365.17,
        "start_time": 1364.93
      },
      {
        "act": "Yeah okay.",
        "end_time": 1368.55,
        "start_time": 1367.68
      },
      {
        "act": "Yeah just a thought they wouldn't actually need one and they could use anything they've got, couldn't they? A pencil or a pen, so they wouldn't really need a",
        "end_time": 1373.95,
        "start_time": 1368.02
      },
      {
        "act": "Okay, we'll talk about that so if you finish your and we'll come back to that. That's you, right okay.",
        "end_time": 1381.31,
        "start_time": 1374.37
      },
      {
        "act": "Yeah that's yeah that that's the end of m my",
        "end_time": 1380.72,
        "start_time": 1377.38
      },
      {
        "act": "And just one small question before like you are, regarding the circuit, since we are hav having a flip-top, we can customise the two circuits for different type of buttons like we are keeping the standard buttons on the top and the more complex buttons under this thing, so we can divide the circuit like you know.",
        "end_time": 1393.04,
        "start_time": 1380.42
      },
      {
        "act": "Yeah. Uh yeah. Yeah yeah that that would be fairly simple, I mean you'd you'd actually have two separate you'd have two separate circuit boards but they'd be joined by wires or like some cabling between them, 'cause in the in the actual flip bit you'd have some linking.",
        "end_time": 1411.12,
        "start_time": 1385.07
      },
      {
        "act": "Mm-hmm. Okay. Okay.",
        "end_time": 1404.16,
        "start_time": 1395.98
      },
      {
        "act": "Mm-hmm.",
        "end_time": 1406.7,
        "start_time": 1406.33
      }
    ],
    "other_description": null,
    "topic": "industrial designer presentation"
  },
  {
    "acts": [
      {
        "act": "Okay, uh would like to share something which I did here. First thing is uh basically on design we just took the input from the previous meeting, especially from the marketing and industrial design, to check on the customer needs and feasibility. Second is we checked into competitors, the picture here shows one of the standard models offered by competitors here. So y you generally see there's not much of variety and like marketing team said uh, people need trendy, they are bored of black and white. So you generally see rectangular shape, very monotonous kind of designs here.",
        "end_time": 1521.16,
        "start_time": 1485.92
      },
      {
        "act": "Mm.",
        "end_time": 1510.77,
        "start_time": 1510.4
      },
      {
        "act": "Yeah.",
        "end_time": 1516.07,
        "start_time": 1515.72
      },
      {
        "act": "And uh second thing is there's too much of confusion here. No particular remote is standard.",
        "end_time": 1529.05,
        "start_time": 1522.92
      },
      {
        "act": "Mm.",
        "end_time": 1527.81,
        "start_time": 1527.27
      },
      {
        "act": "Like, some some people have a Here you see this? This is on a I I I found th that uh only common feature is the ch uh channel control and uh volume control, rest other buttons, they are in a very disorganized and they are not consistent th with other models and all.",
        "end_time": 1547.98,
        "start_time": 1531.18
      },
      {
        "act": "Okay.",
        "end_time": 1548.7,
        "start_time": 1548.32
      },
      {
        "act": "Okay, and second as already discussed with William, we are going to have m maybe a G_ G_U_I_ interface in the f in the middle of the flip-top and g graphic user interface basically which is what we d do in computer, have icons or touch pad or whatever, which is",
        "end_time": 1564.64,
        "start_time": 1549.28
      },
      {
        "act": "Yeah.",
        "end_time": 1556.22,
        "start_time": 1555.92
      },
      {
        "act": "Sorry what does that stand for?",
        "end_time": 1558.81,
        "start_time": 1557.6
      },
      {
        "act": "Which means",
        "end_time": 1559.19,
        "start_time": 1558.24
      },
      {
        "act": "Okay.",
        "end_time": 1560.52,
        "start_time": 1560.36
      },
      {
        "act": "Yeah. If you if yeah if you have like buttons that appear on the screen in this L_C_D_ screen.",
        "end_time": 1569.12,
        "start_time": 1562.31
      },
      {
        "act": "Like you have on a l uh icons or something y you have is a good example of G_U_I_ graphic user interface.",
        "end_time": 1575.38,
        "start_time": 1568.91
      },
      {
        "act": "Yeah.",
        "end_time": 1575.7,
        "start_time": 1574.84
      },
      {
        "act": "Okay.",
        "end_time": 1575.93,
        "start_time": 1575.51
      },
      {
        "act": "So basically not point or click Press any particular device, he just has to click on that particular icon to simplify. And on the top m repetitive buttons which are like volume or channel changing and all could be on the pointing device, that means the use of button. So he need not use a pointer to keep changing the channel if a person is frequent surfer.",
        "end_time": 1597.76,
        "start_time": 1576.34
      },
      {
        "act": "Okay. Mm-hmm.",
        "end_time": 1598.6,
        "start_time": 1582.98
      },
      {
        "act": "So we are having a combination of boards, so f on the s simpler board, on the top we have this button, rubber buttons, to keep frequently changing the channels.",
        "end_time": 1607.8,
        "start_time": 1598.78
      },
      {
        "act": "Can we swap that round so th that the ones that we use all the time are on the bottom part?",
        "end_time": 1614.28,
        "start_time": 1609.46
      },
      {
        "act": "'Cause if you're thinking about holding it you would be using your thumbs to press, just like a mobile phone.",
        "end_time": 1622.83,
        "start_time": 1615.64
      },
      {
        "act": "Yeah.",
        "end_time": 1623.39,
        "start_time": 1622.52
      },
      {
        "act": "No you'd hold it you don't if you flip it open then you'd be Wouldn't you? Isn't that the idea? You us if we just use the shell as an example again, you open that, you've got your L_C_D_ display there and you've got the buttons there so you're holding it in the palm of your hand, yeah.",
        "end_time": 1636.6,
        "start_time": 1622.57
      },
      {
        "act": "Yeah.",
        "end_time": 1631.32,
        "start_time": 1630.77
      },
      {
        "act": "Yeah, yeah but you can do it with your thumb li",
        "end_time": 1638.05,
        "start_time": 1635.08
      },
      {
        "act": "That's what I was just saying, and then have the and then have the L_C_D_ at the top and then be able to touch that for the other controls, so have the um the volume and the programme, things like that, on the lower side. Okay.",
        "end_time": 1652.41,
        "start_time": 1635.33
      },
      {
        "act": "But",
        "end_time": 1636.93,
        "start_time": 1636.8
      },
      {
        "act": "Mm-hmm.",
        "end_time": 1640.95,
        "start_time": 1640.61
      },
      {
        "act": "Mm-hmm.",
        "end_time": 1641.12,
        "start_time": 1640.82
      },
      {
        "act": "Mm-hmm.",
        "end_time": 1643.18,
        "start_time": 1642.78
      },
      {
        "act": "Okay and you mean to the And the lower distance. Oh f perfect.",
        "end_time": 1651.65,
        "start_time": 1643.44
      },
      {
        "act": "Hmm.",
        "end_time": 1651.93,
        "start_time": 1651.84
      },
      {
        "act": "So the findings are too many cluttered buttons. Repetition of certain but buttons which I already explained, example the volume and channel control buttons. All are confusing and in inconsistent. Okay we had a latest finding of voice recognition, there was a mail which mentions that our division has developed a new speech recognition s feature. We have to check into the for financial f feasibility whether we can incorporate it this at a low cost, but for like we had g um s response from the customers that they would like to have the feature of finding it. So it could be like, where is the remote, and the remote answers I am here. Some kind of thing or it gives a b bleep sound or some kind of sound and if this can be incorporated this would be more uh you can say trendy also? And technologically innovative also.",
        "end_time": 1706.64,
        "start_time": 1655.62
      },
      {
        "act": "Yeah. Yeah.",
        "end_time": 1695.18,
        "start_time": 1690.13
      },
      {
        "act": "Mm.",
        "end_time": 1699.84,
        "start_time": 1699.41
      },
      {
        "act": "Yeah.",
        "end_time": 1708.78,
        "start_time": 1708.38
      },
      {
        "act": "So we we can check into the financial feasibility of incorporating this. My personal preferences would be like, as already uh marketing department, they want something to do with fruit so I wouldn't say the design should be like a fruit, but yeah we can take inspiration from fruit colours, like the vibrant colours, uh red chilli uh",
        "end_time": 1731.79,
        "start_time": 1708.98
      },
      {
        "act": "Mm.",
        "end_time": 1729.61,
        "start_time": 1729.21
      },
      {
        "act": "Yeah.",
        "end_time": 1731.03,
        "start_time": 1730.76
      },
      {
        "act": "tomato red or whatever and second thing is cer certain standard buttons we should have, like for example, i if you see the previous slide uh",
        "end_time": 1742.36,
        "start_time": 1733.01
      },
      {
        "act": "Well, yeah we",
        "end_time": 1745.15,
        "start_time": 1743.54
      },
      {
        "act": "I think most of the users would now be well acquainted with this cer central pattern, here, so we we we would not change h that particular pattern because i this is the most consistent thing in all remote controls.",
        "end_time": 1757.2,
        "start_time": 1746.09
      },
      {
        "act": "Yeah.",
        "end_time": 1751.55,
        "start_time": 1751.17
      },
      {
        "act": "I can't see that, is that play and stop and things?",
        "end_time": 1760.07,
        "start_time": 1757.45
      },
      {
        "act": "This is central one, the one you yeah volume and channel. So keep that m that standardised because that's the most common feature across all models, if you look at all the models, it's here.",
        "end_time": 1771.06,
        "start_time": 1760.16
      },
      {
        "act": "Or is that volume and channel?",
        "end_time": 1763.43,
        "start_time": 1761.45
      },
      {
        "act": "This and voice recognition.",
        "end_time": 1781.57,
        "start_time": 1773.65
      },
      {
        "act": "Okay.",
        "end_time": 1783.25,
        "start_time": 1782.75
      }
    ],
    "other_description": null,
    "topic": "interface specialist presentation"
  },
  {
    "acts": [
      {
        "act": "Right. Okay. Um I'm not sure how long we've got left, but we need to make a decision about um the things we've discussed.",
        "end_time": 1802.0,
        "start_time": 1787.76
      }
    ],
    "other_description": null,
    "topic": "discussion"
  },
  {
    "acts": [
      {
        "act": "Okay we've got five minutes, um, or that might've been up for a while.",
        "end_time": 2157.1,
        "start_time": 2152.26
      },
      {
        "act": "Mm, so can I just recap uh Sarah, for the decisions that we've made, kinetic charging, the watch-type batteries, um L_C_D_ display on th the top side of the flip top, rubberised buttons on the bottom side, we're gonna use fruit and vegetable colours for the rubber cover, the case itself is plastic. That's how far we've got, what else do we have to add to our decisions here?",
        "end_time": 2178.53,
        "start_time": 2156.44
      },
      {
        "act": "Fine.",
        "end_time": 2156.81,
        "start_time": 2156.57
      },
      {
        "act": "Yeah. Fine, uh we were talking of voice recognition also because that we are not for how to look it uh remote control if it's lost.",
        "end_time": 2189.91,
        "start_time": 2159.26
      },
      {
        "act": "Mm.",
        "end_time": 2183.88,
        "start_time": 2183.48
      },
      {
        "act": "Mm-hmm.",
        "end_time": 2184.19,
        "start_time": 2183.78
      },
      {
        "act": "So, are we looking at voice?",
        "end_time": 2193.06,
        "start_time": 2190.83
      },
      {
        "act": "Yes, it was just, there was just a cost issue with that, but it's a good idea we just need to check on the cost, is that right?",
        "end_time": 2196.36,
        "start_time": 2190.95
      },
      {
        "act": "Or maybe like uh William was suggesting in the last thing some devices you put on key chains. For l yeah, the whistle. So we can if financially voice recognition is not feasible we could go for a whistle.",
        "end_time": 2208.13,
        "start_time": 2195.78
      },
      {
        "act": "Oh yeah, yeah the whistle ones, yeah.",
        "end_time": 2203.24,
        "start_time": 2201.54
      },
      {
        "act": "And incorporating the company logo?",
        "end_time": 2219.64,
        "start_time": 2217.03
      },
      {
        "act": "Yep.",
        "end_time": 2220.75,
        "start_time": 2220.58
      },
      {
        "act": "Have you",
        "end_time": 2222.08,
        "start_time": 2221.33
      },
      {
        "act": "Uh sorry I didn't mention this, but we'll be incorporating in the design.",
        "end_time": 2225.4,
        "start_time": 2222.6
      },
      {
        "act": "Mm. 'Cause I took it from the feedback you gave in the last meeting from y from y your report, it's not just a case of having a little R_R_ hidden somewhere, they do want it to be obvious that it's our product don't they?",
        "end_time": 2235.85,
        "start_time": 2225.71
      },
      {
        "act": "Okay. Well they do, but I think we can you could well it is, it is, I think you just address that with um advertising. Um, you associate the name with the individual product that it is and that does the work for you. Obviously it'll have a logo on it just like everything, but everything else has a logo on it. The point is that it's got to stand out somehow differently but I think it does, without that so I'm not worried about that.",
        "end_time": 2260.57,
        "start_time": 2226.58
      },
      {
        "act": "Since it's the only one of its kind on the market it's obviously gonna be ours. Yeah.",
        "end_time": 2244.55,
        "start_time": 2238.38
      },
      {
        "act": "Yeah.",
        "end_time": 2248.36,
        "start_time": 2247.83
      },
      {
        "act": "Okay. Okay. Okay. Did we I know at the last meeting we spoke about a beeper, I think that was you talked about a beeper for a location, have we just rejected that in favour of voice recognition then?",
        "end_time": 2268.42,
        "start_time": 2248.51
      },
      {
        "act": "Depending on how i I mean we've got this memo saying that it's something that the company's looking into, so",
        "end_time": 2276.4,
        "start_time": 2268.77
      },
      {
        "act": "Yeah, depending on the expense of it. And they've got in stock, so yeah.",
        "end_time": 2277.79,
        "start_time": 2269.86
      },
      {
        "act": "um that seems to make sense, but if it turns out that it's hugely expensive we'd have to cut down somewhere else, then it's worth thinking about. But I think we'll find out more about cost afterwards. Right I'm going to wrap it up there.",
        "end_time": 2293.25,
        "start_time": 2277.63
      },
      {
        "act": "Yeah. Okay.",
        "end_time": 2291.89,
        "start_time": 2288.74
      },
      {
        "act": "Fine.",
        "end_time": 2295.59,
        "start_time": 2295.07
      },
      {
        "act": "I got a end meeting now message on my mo yeah so. Um",
        "end_time": 2303.34,
        "start_time": 2296.32
      },
      {
        "act": "Mm-hmm.",
        "end_time": 2298.98,
        "start_time": 2298.53
      },
      {
        "act": "Did it?",
        "end_time": 2299.95,
        "start_time": 2299.35
      },
      {
        "act": "Yeah. Again a questionnaire huh?",
        "end_time": 2303.55,
        "start_time": 2300.18
      },
      {
        "act": "so I think we've probably got it says, closing we have forty minutes so I um think we've probably got about that time before we come back.",
        "end_time": 2312.55,
        "start_time": 2305.19
      },
      {
        "act": "You got to go through.",
        "end_time": 2307.56,
        "start_time": 2306.69
      },
      {
        "act": "It's either that or we only had forty minutes to discuss what we just discussed and don't know how long that took.",
        "end_time": 2321.1,
        "start_time": 2314.36
      },
      {
        "act": "I think we are pretty going in a clear direction now.",
        "end_time": 2323.97,
        "start_time": 2321.72
      },
      {
        "act": "Is everyone happy? Okay.",
        "end_time": 2331.79,
        "start_time": 2325.9
      }
    ],
    "other_description": null,
    "topic": "closing"
  }
]