[
  {
    "end_time": 80.902,
    "segment": "It's a inspired design.",
    "speaker_id": "A",
    "start_time": 78.144
  },
  {
    "end_time": 168.387,
    "segment": "Hmm.",
    "speaker_id": "A",
    "start_time": 167.68
  },
  {
    "end_time": 701.951,
    "segment": "Of course.",
    "speaker_id": "A",
    "start_time": 698.617
  },
  {
    "end_time": 840.144,
    "segment": "So uh, I noticed your talk about speech recognition and whistling, and uh I was just curious to know, have we done any research into how many people can whistle? Um, or if is that a function we want in the remote?",
    "speaker_id": "A",
    "start_time": 825.328
  },
  {
    "end_time": 848.288,
    "segment": "I don't, but I I know a lot of people do right. Yeah it just I mean it has to be a certain kind of whistle too, right?",
    "speaker_id": "A",
    "start_time": 842.912
  },
  {
    "end_time": 870.592,
    "segment": "That's costly though. Um a much easier thing is just any loud noise like clapping um, shouting, you know, uh and then, what would the response be? It beeps back at you or something?",
    "speaker_id": "A",
    "start_time": 858.757
  },
  {
    "end_time": 873.616,
    "segment": "Okay.",
    "speaker_id": "A",
    "start_time": 872.912
  },
  {
    "end_time": 878.656,
    "segment": "Well, uh let me set this up.",
    "speaker_id": "A",
    "start_time": 875.664
  },
  {
    "end_time": 881.616,
    "segment": "So I plug it in, press F_ five?",
    "speaker_id": "A",
    "start_time": 879.728
  },
  {
    "end_time": 883.392,
    "segment": "Function F_ five?",
    "speaker_id": "A",
    "start_time": 882.112
  },
  {
    "end_time": 886.08,
    "segment": "Or function F_ eight?",
    "speaker_id": "A",
    "start_time": 885.264
  },
  {
    "end_time": 889.312,
    "segment": "Okay.",
    "speaker_id": "A",
    "start_time": 888.864
  },
  {
    "end_time": 896.0,
    "segment": "Okay. I think it's uh just to lock it in.",
    "speaker_id": "A",
    "start_time": 893.184
  },
  {
    "end_time": 897.552,
    "segment": "It's got it.",
    "speaker_id": "A",
    "start_time": 897.056
  },
  {
    "end_time": 903.164,
    "segment": "Okay.",
    "speaker_id": "A",
    "start_time": 900.304
  },
  {
    "end_time": 905.424,
    "segment": "Um.",
    "speaker_id": "A",
    "start_time": 903.76
  },
  {
    "end_time": 925.86,
    "segment": "So as the Industrial Designer my job is to take an input from you guys, um so it's good you went first, and I jotted down some notes as to what are the b needs and uh what kind of novel features we can add to differentiate our product from the others.",
    "speaker_id": "A",
    "start_time": 906.56
  },
  {
    "end_time": 947.804,
    "segment": "Um so Raj told us that uh consumers are willing to spend more for fancy products, and um he also mentioned that uh the current products don't always match users' operating behaviour. Um, a lot of the buttons aren't used, and uh",
    "speaker_id": "A",
    "start_time": 925.86
  },
  {
    "end_time": 950.336,
    "segment": "he mentioned that they're not fun to use.",
    "speaker_id": "A",
    "start_time": 948.304
  },
  {
    "end_time": 974.621,
    "segment": "And uh a novel feature which uh we just brought up was this this automatic speech recognition feature or noise detection feature for when you lose the remote, there could be a little microphone on it, and any noise over a certain threshold um it'll pick up as a a distress signal um from you and it'll beep back and say you know oh here I am or something of this sort.",
    "speaker_id": "A",
    "start_time": 951.408
  },
  {
    "end_time": 985.408,
    "segment": "Oh yeah, yeah, that's true. Well maybe you could have a",
    "speaker_id": "A",
    "start_time": 982.0
  },
  {
    "end_time": 992.352,
    "segment": "um hmm tha that would be a consideration to take into account yes. Um.",
    "speaker_id": "A",
    "start_time": 986.608
  },
  {
    "end_time": 1014.184,
    "segment": "Yeah well tha that's uh for later down the road um, and then as for the user interface it should be trendy, um and not computery, right, so more low tech and not too many buttons. So I took these all into consideration and also I have some limitations from the boss.",
    "speaker_id": "A",
    "start_time": 994.288
  },
  {
    "end_time": 1020.496,
    "segment": "Right um, and practical limitations which I kinda threw out the window.",
    "speaker_id": "A",
    "start_time": 1014.184
  },
  {
    "end_time": 1038.992,
    "segment": "And so I did a little research and unfortunately all I had to work on was our uh our corporate archives of the great products we've made before, which include, you know, um space craft, coffee makers, and bullet trains",
    "speaker_id": "A",
    "start_time": 1021.632
  },
  {
    "end_time": 1049.712,
    "segment": "Or uh or a high speed train. Right and having personally worked with all these products uh I have a great deal of experience with uh with industrial design of these.",
    "speaker_id": "A",
    "start_time": 1039.413
  },
  {
    "end_time": 1053.456,
    "segment": "Right. So,",
    "speaker_id": "A",
    "start_time": 1051.771
  },
  {
    "end_time": 1057.264,
    "segment": "I figured, just put 'em all together.",
    "speaker_id": "A",
    "start_time": 1055.168
  },
  {
    "end_time": 1065.92,
    "segment": "You got a a caffeine powered space shuttle train transport to your T_V_, and um",
    "speaker_id": "A",
    "start_time": 1057.874
  },
  {
    "end_time": 1072.064,
    "segment": "as for the user interface problem, you know, too many buttons. Give it one button",
    "speaker_id": "A",
    "start_time": 1067.68
  },
  {
    "end_time": 1083.92,
    "segment": "and and it's a you know, for the the cowboy in all of us I I'm not quite sure what the the function is there but",
    "speaker_id": "A",
    "start_time": 1072.544
  },
  {
    "end_time": 1087.808,
    "segment": "Yeah it's a g I mean you could have a you know a",
    "speaker_id": "A",
    "start_time": 1084.512
  },
  {
    "end_time": 1102.863,
    "segment": "Right. So I think I I missed the budget thing, it was fifty million Euros? And we gotta sell twenty five of them? Right. Okay.",
    "speaker_id": "A",
    "start_time": 1091.259
  },
  {
    "end_time": 1106.576,
    "segment": "Oh okay, so I I mixed those numbers.",
    "speaker_id": "A",
    "start_time": 1104.64
  },
  {
    "end_time": 1128.214,
    "segment": "Okay. Well I guess more realistically then, we need a product that's got some kinda nifty outer casing, cheap plastic uh, you know, um that should be just like uh a tenth of the price maybe or less. An energy source which'd probably just be uh your regular batteries um, we don't wanna have it",
    "speaker_id": "A",
    "start_time": 1108.624
  },
  {
    "end_time": 1131.6,
    "segment": "Uh.",
    "speaker_id": "A",
    "start_time": 1131.088
  },
  {
    "end_time": 1138.0,
    "segment": "Yeah, yeah, we could do that too. Um, I hadn't thought of that. Yeah.",
    "speaker_id": "A",
    "start_time": 1133.456
  },
  {
    "end_time": 1146.544,
    "segment": "Right.",
    "speaker_id": "A",
    "start_time": 1146.128
  },
  {
    "end_time": 1173.008,
    "segment": "Right, so so the unirs the user interface uh the canonical user interface for these would be just a bunch of buttons, but since we're a cutting edge company, we uh of course will have alternatives like uh speech recognition, whistling recognition and rocket power",
    "speaker_id": "A",
    "start_time": 1154.256
  },
  {
    "end_time": 1174.672,
    "segment": "behind our product.",
    "speaker_id": "A",
    "start_time": 1173.36
  },
  {
    "end_time": 1181.536,
    "segment": "Um and lastly the transmission interface is uh, just some engineering thing you don't have to worry about.",
    "speaker_id": "A",
    "start_time": 1175.281
  },
  {
    "end_time": 1188.24,
    "segment": "Um so here's you know, a great schematic that my uh apprentice designer gave me.",
    "speaker_id": "A",
    "start_time": 1183.2
  },
  {
    "end_time": 1202.32,
    "segment": "Um as you can see the the remote control have parts and those parts look like that and um you know it's got a little operating procedure that looks something like that.",
    "speaker_id": "A",
    "start_time": 1189.16
  },
  {
    "end_time": 1231.632,
    "segment": "And I suppose you all know how it works because we've all used it and we wouldn't be in a company designing remote controls if we didn't know what they were so uh personal preferences, I think uh programmable options which um just require a small amount of memory, uh non volatile memory, just um so the user can put in their favourite channels and maybe their preferred volume settings so that when they turn it on it's not blasting.",
    "speaker_id": "A",
    "start_time": 1203.344
  },
  {
    "end_time": 1250.656,
    "segment": "Oh okay. And the uh, the bells and whistles that we mentioned you know, they take more budgeting, um more technical uh expenditure of effort and it's also much more likely to not work if if we add these bells and whistles.",
    "speaker_id": "A",
    "start_time": 1235.52
  },
  {
    "end_time": 1254.288,
    "segment": "That's all I got.",
    "speaker_id": "A",
    "start_time": 1253.728
  },
  {
    "end_time": 1263.232,
    "segment": "Ooh that's tight.",
    "speaker_id": "A",
    "start_time": 1262.544
  },
  {
    "end_time": 1287.68,
    "segment": "Okay, I don't think we need to screw it in. Just push it.",
    "speaker_id": "A",
    "start_time": 1282.834
  },
  {
    "end_time": 1328.032,
    "segment": "Yellow.",
    "speaker_id": "A",
    "start_time": 1325.187
  },
  {
    "end_time": 1456.864,
    "segment": "Yeah yeah.",
    "speaker_id": "A",
    "start_time": 1456.32
  },
  {
    "end_time": 1576.144,
    "segment": "Well hmm.",
    "speaker_id": "A",
    "start_time": 1574.412
  },
  {
    "end_time": 1580.08,
    "segment": "Oh it's",
    "speaker_id": "A",
    "start_time": 1579.472
  },
  {
    "end_time": 1605.2,
    "segment": "They're act there there was a remote control that came out two years ago that had a some basic speech recognition on it. You could programme it with your channels and then you say you know like uh B_B_C_ one and it goes to that channel. Yeah, it didn't work very well though because of this noise interference problem. They mentioned you know if the television says you are listening to B_B_C_ one.",
    "speaker_id": "A",
    "start_time": 1583.344
  },
  {
    "end_time": 1620.032,
    "segment": "Right, right, and so there was a lot of this, you'd be watching the T_V_ and then all of a sudden it'd it'd pick up a noise and turn it off or you know or turn the volume off or something, but if you can work around that that noise problem",
    "speaker_id": "A",
    "start_time": 1608.784
  },
  {
    "end_time": 1640.878,
    "segment": "Right.",
    "speaker_id": "A",
    "start_time": 1640.448
  },
  {
    "end_time": 1665.906,
    "segment": "Right and then it would do just you know, uh subtractive kind of cancellation of the noise. What you could do then would be you have uh a remote controlled by the T_V_ speaker, or not a remo I'm sorry, a microphone by the T_V_ speaker and a transmitter there that sends back to your remote, 'cause you can't um expect uh the the television manufacturers to to put that feature into their T_V_s.",
    "speaker_id": "A",
    "start_time": 1643.684
  },
  {
    "end_time": 1670.899,
    "segment": "But yeah, then you have like the little se separate module by the T_V_ speaker",
    "speaker_id": "A",
    "start_time": 1666.529
  },
  {
    "end_time": 1671.886,
    "segment": "which",
    "speaker_id": "A",
    "start_time": 1671.356
  },
  {
    "end_time": 1677.168,
    "segment": "Right, and then the remote control would know um what's being produced by the television.",
    "speaker_id": "A",
    "start_time": 1672.992
  },
  {
    "end_time": 1679.184,
    "segment": "Right, right.",
    "speaker_id": "A",
    "start_time": 1678.544
  },
  {
    "end_time": 1710.768,
    "segment": "Right, right. Um. Yeah that's certainly possible then an another thing was about this losing the remote and trying to find it again. If you do have this sorta speech interface to it, you don't even need to find it. You just say you know, um whatever you whatever you want the remote for, you know to change the channel or to uh turn the T_V_ on and off, you just shout your command to it and it would do it for you if it's within you know, within hearing range. And uh you know it could be somewhere in the room y that you've no idea where it is and it would still do its job.",
    "speaker_id": "A",
    "start_time": 1681.552
  },
  {
    "end_time": 1720.003,
    "segment": "Well, hopefully we're uh we're ahead of the curve.",
    "speaker_id": "A",
    "start_time": 1715.168
  },
  {
    "end_time": 1744.623,
    "segment": "Hmm.",
    "speaker_id": "A",
    "start_time": 1743.849
  },
  {
    "end_time": 1780.816,
    "segment": "Um.",
    "speaker_id": "A",
    "start_time": 1780.16
  },
  {
    "end_time": 1789.931,
    "segment": "Mm.",
    "speaker_id": "A",
    "start_time": 1789.021
  },
  {
    "end_time": 1804.048,
    "segment": "Yeah, no th the material's cheap but it's just uh the the glow in the dark material needs some light to charge it you know, and then uh if you're, if you're sitting in the dark for too long it uh it won't glow any more.",
    "speaker_id": "A",
    "start_time": 1791.776
  },
  {
    "end_time": 1805.616,
    "segment": "Right.",
    "speaker_id": "A",
    "start_time": 1805.392
  },
  {
    "end_time": 1808.451,
    "segment": "Right.",
    "speaker_id": "A",
    "start_time": 1807.632
  },
  {
    "end_time": 1842.864,
    "segment": "Mm-hmm.",
    "speaker_id": "A",
    "start_time": 1841.996
  },
  {
    "end_time": 1879.376,
    "segment": "Um yeah we're getting a lot of features now, I I think",
    "speaker_id": "A",
    "start_time": 1874.784
  },
  {
    "end_time": 1887.152,
    "segment": "Yeah.",
    "speaker_id": "A",
    "start_time": 1886.736
  },
  {
    "end_time": 1899.92,
    "segment": "Well, I think a consideration too is that these uh remotes get abused a lot, you know they get thrown around, there's a good chance the the T_F_T_ screen would break or uh get damaged. They're pretty fragile.",
    "speaker_id": "A",
    "start_time": 1888.496
  },
  {
    "end_time": 1937.008,
    "segment": "Yeah mm.",
    "speaker_id": "A",
    "start_time": 1936.464
  },
  {
    "end_time": 1956.708,
    "segment": "Oh.",
    "speaker_id": "A",
    "start_time": 1955.727
  },
  {
    "end_time": 1965.248,
    "segment": "Oh no it's it's much cheaper than the T_F_T_, it's just a microphone and some some integrated circuits.",
    "speaker_id": "A",
    "start_time": 1959.664
  },
  {
    "end_time": 1969.84,
    "segment": "And it'd it'd be a small vocabulary speech recognition system, like a",
    "speaker_id": "A",
    "start_time": 1966.074
  },
  {
    "end_time": 1997.024,
    "segment": "Okay.",
    "speaker_id": "A",
    "start_time": 1995.68
  },
  {
    "end_time": 2018.91,
    "segment": "Yeah.",
    "speaker_id": "A",
    "start_time": 2017.44
  },
  {
    "end_time": 2034.183,
    "segment": "Yeah yeah.",
    "speaker_id": "A",
    "start_time": 2033.118
  },
  {
    "end_time": 2049.682,
    "segment": "So it should be when you save",
    "speaker_id": "A",
    "start_time": 2046.739
  },
  {
    "end_time": 2054.144,
    "segment": "on your desktop, so it goes save as, or",
    "speaker_id": "A",
    "start_time": 2051.168
  },
  {
    "end_time": 2060.585,
    "segment": "And then uh hit that little folder up thing again.",
    "speaker_id": "A",
    "start_time": 2056.096
  },
  {
    "end_time": 2062.325,
    "segment": "Again.",
    "speaker_id": "A",
    "start_time": 2061.374
  },
  {
    "end_time": 2066.368,
    "segment": "All the way to the top, yeah that's up to desktop.",
    "speaker_id": "A",
    "start_time": 2063.008
  },
  {
    "end_time": 2070.784,
    "segment": "Right and then project documents.",
    "speaker_id": "A",
    "start_time": 2068.544
  },
  {
    "end_time": 2098.224,
    "segment": "Mm. Did you get my email?",
    "speaker_id": "A",
    "start_time": 2096.48
  },
  {
    "end_time": 2099.968,
    "segment": "Okay.",
    "speaker_id": "A",
    "start_time": 2098.889
  },
  {
    "end_time": 2101.456,
    "segment": "Just making sure.",
    "speaker_id": "A",
    "start_time": 2100.619
  },
  {
    "end_time": 2138.864,
    "segment": "Yeah.",
    "speaker_id": "A",
    "start_time": 2138.576
  },
  {
    "end_time": 2147.376,
    "segment": "Wow.",
    "speaker_id": "A",
    "start_time": 2146.848
  },
  {
    "end_time": 2189.76,
    "segment": "We could go comp yeah. We could go completely out of the box and make the thing a big red ball foam ball.",
    "speaker_id": "A",
    "start_time": 2182.656
  },
  {
    "end_time": 2196.784,
    "segment": "And it's got the thing on the inside. And there's no buttons at all, it's always on, and just yell at it, and it works.",
    "speaker_id": "A",
    "start_time": 2190.116
  },
  {
    "end_time": 2200.288,
    "segment": "And then ch children will love it.",
    "speaker_id": "A",
    "start_time": 2197.808
  },
  {
    "end_time": 2203.487,
    "segment": "Oh yellow, yellow ball. Right.",
    "speaker_id": "A",
    "start_time": 2201.584
  },
  {
    "end_time": 2253.408,
    "segment": "Twelve thirty.",
    "speaker_id": "A",
    "start_time": 2251.854
  },
  {
    "end_time": 2278.528,
    "segment": "Mm.",
    "speaker_id": "A",
    "start_time": 2278.192
  },
  {
    "end_time": 2284.312,
    "segment": "Yep.",
    "speaker_id": "A",
    "start_time": 2283.495
  },
  {
    "end_time": 2291.296,
    "segment": "Yeah I've been using up the pages.",
    "speaker_id": "A",
    "start_time": 2287.056
  },
  {
    "end_time": 2298.24,
    "segment": "Another questionnaire.",
    "speaker_id": "A",
    "start_time": 2296.048
  },
  {
    "end_time": 52.224,
    "segment": "Yeah. Yeah.",
    "speaker_id": "B",
    "start_time": 50.832
  },
  {
    "end_time": 64.192,
    "segment": "Um. So how",
    "speaker_id": "B",
    "start_time": 62.688
  },
  {
    "end_time": 78.161,
    "segment": "S",
    "speaker_id": "B",
    "start_time": 76.196
  },
  {
    "end_time": 85.568,
    "segment": "Sh do you want me to hold it?",
    "speaker_id": "B",
    "start_time": 84.32
  },
  {
    "end_time": 96.636,
    "segment": "So, after that?",
    "speaker_id": "B",
    "start_time": 94.751
  },
  {
    "end_time": 99.392,
    "segment": "F_ eight.",
    "speaker_id": "B",
    "start_time": 98.544
  },
  {
    "end_time": 103.088,
    "segment": "f oh sorry F_ eight.",
    "speaker_id": "B",
    "start_time": 100.688
  },
  {
    "end_time": 107.088,
    "segment": "Okay.",
    "speaker_id": "B",
    "start_time": 106.72
  },
  {
    "end_time": 110.624,
    "segment": "Yeah.",
    "speaker_id": "B",
    "start_time": 110.076
  },
  {
    "end_time": 128.704,
    "segment": "Yeah. Uh, me again, Rajan the Marketing Expert. Uh, as we have decided in the last meeting that I have to find out, sorry, yeah sure.",
    "speaker_id": "B",
    "start_time": 117.728
  },
  {
    "end_time": 137.623,
    "segment": "Yeah, yeah. Uh actually, sorry I have to see the other, sorry.",
    "speaker_id": "B",
    "start_time": 132.032
  },
  {
    "end_time": 159.184,
    "segment": "Yeah, thank you. Uh, yes, I have to look at the uh market potential for this product, uh, like consumer likings and everything, what is the potential for this product and are we able to achieve our a net profit or our aims or not? Then",
    "speaker_id": "B",
    "start_time": 139.936
  },
  {
    "end_time": 164.496,
    "segment": "Sorry.",
    "speaker_id": "B",
    "start_time": 163.968
  },
  {
    "end_time": 189.243,
    "segment": "Okay. Yeah, I can, okay. Uh then uh the methodology I adopted to find out all this was market survey. A a detailed market survey on consumers was done to find out their likings and dislikings, what they prefer what they not prefer, w what problems they do encounter in all this type of things.",
    "speaker_id": "B",
    "start_time": 164.959
  },
  {
    "end_time": 219.217,
    "segment": "And what we got was, we found that if you uh, what they th what problems they are having with different uh remote controls available in the market. Seventy five percent of users they do find it that the remote controls available in the market are ugly. They are not so good looking. So, we have to put stress on this, uh we have to take care of this fact also like our design, uh should be appropriate, should be good looking for the consumers.",
    "speaker_id": "B",
    "start_time": 189.243
  },
  {
    "end_time": 226.736,
    "segment": "And yes that's wi uh this will definitely, this can definitely put uh uh enhance our sales.",
    "speaker_id": "B",
    "start_time": 219.504
  },
  {
    "end_time": 265.376,
    "segment": "Uh and even uh the good thing about this is that eighty percent of users they are willing to pay high uh pay more for this uh good looking remote controls also. So even if the available market goes for the available uh even if the market goes for the available remote control is less even then we can sell it at twenty five Euros, which maybe which may seem quite high but if our looks are are if the re remote control we design have a good better uh better look uh designs, then we can hope that consumers will prefer these g remote controls. Then",
    "speaker_id": "B",
    "start_time": 228.08
  },
  {
    "end_time": 290.758,
    "segment": "And the second thing, some some companies they think that they should have more and more functions of the users uh or in their remote controls, but rather than those having more functions in the remote controls we should emphasise what actually consumer want, what they operate, rather than making it too complicated.",
    "speaker_id": "B",
    "start_time": 267.824
  },
  {
    "end_time": 323.672,
    "segment": "Because mostly it has been found that fifty percent of the users they use only ten percent of the buttons, so there is no point of having ninety percent buttons making the remote controls too bulky, too complicated too expensive a because I think I believe that technology is useful only if uh the consumers they want to use it. Otherwise there is no point of having all this type of things. So this will not only reduce the cost of our remote controls but it will increase our profit also. So we have to take care of this fact also.",
    "speaker_id": "B",
    "start_time": 290.758
  },
  {
    "end_time": 324.896,
    "segment": "Then.",
    "speaker_id": "B",
    "start_time": 324.528
  },
  {
    "end_time": 328.448,
    "segment": "Uh it was function I want to go to.",
    "speaker_id": "B",
    "start_time": 326.24
  },
  {
    "end_time": 342.09,
    "segment": "Uh, escape, okay thank you. Then if we look at this slide, uh these are in your shared documents, you can see, like",
    "speaker_id": "B",
    "start_time": 330.368
  },
  {
    "end_time": 344.208,
    "segment": "Uh, sorry.",
    "speaker_id": "B",
    "start_time": 342.832
  },
  {
    "end_time": 367.856,
    "segment": "Ah t look all the market potential, what uh how we should design consu our remote controls, what they should be there so as to en enhance our profit, enhance our sales. Yeah, these are different age group persons like uh sorry, I can open it in another way.",
    "speaker_id": "B",
    "start_time": 348.816
  },
  {
    "end_time": 391.386,
    "segment": "Uh, yes. If we look at the costs whether the consumers they are willing to uh pay more for speech recognition in a remote control or not, we can find that they up to a thirty five years age group we have a very good disliking for this uh this uh point, like for speech recognition in a remote control.",
    "speaker_id": "B",
    "start_time": 369.648
  },
  {
    "end_time": 410.2,
    "segment": "So we can emphasise on this point also like, because it will definitely enhance our sales in this ag in this particular age group from uh fifteen to thirty five, and I uh and I think that most of the users of the rem uh T_V_ are belong to this age group. So we should look",
    "speaker_id": "B",
    "start_time": 391.386
  },
  {
    "end_time": 417.189,
    "segment": "Yeah. We can look at that that factor also, so yes.",
    "speaker_id": "B",
    "start_time": 411.904
  },
  {
    "end_time": 424.224,
    "segment": "Yeah. So, and",
    "speaker_id": "B",
    "start_time": 420.752
  },
  {
    "end_time": 429.136,
    "segment": "And then",
    "speaker_id": "B",
    "start_time": 427.632
  },
  {
    "end_time": 433.823,
    "segment": "Yes.",
    "speaker_id": "B",
    "start_time": 432.784
  },
  {
    "end_time": 466.424,
    "segment": "I think so. Uh if we look at this data how how uh h how what are the problems the consumers are facing with the existing remote controls in the market. They find that thirt uh thirty five percent uh thirty four percent of the consumers they find too difficult to operate a remote control. So it should be in such a way that it should be easy to learn how to operate these remote controls and we should provide pl uh spe uh proper manuals for its use also so as that people consumers could easily learn.",
    "speaker_id": "B",
    "start_time": 434.544
  },
  {
    "end_time": 482.352,
    "segment": "They need not to have any, much technical knowledge to see uh to know how to operate these remote controls. So this is also a very goo uh major factor to loo uh take into consideration to enhance our profits and sales. So um this is all about",
    "speaker_id": "B",
    "start_time": 466.424
  },
  {
    "end_time": 489.04,
    "segment": "uh market potential by me. Uh, yes, th thank you.",
    "speaker_id": "B",
    "start_time": 483.68
  },
  {
    "end_time": 497.557,
    "segment": "Yeah we have to take that out. Sorry.",
    "speaker_id": "B",
    "start_time": 494.459
  },
  {
    "end_time": 501.136,
    "segment": "Sorry.",
    "speaker_id": "B",
    "start_time": 500.192
  },
  {
    "end_time": 505.68,
    "segment": "Uh sorry, I have.",
    "speaker_id": "B",
    "start_time": 503.472
  },
  {
    "end_time": 509.757,
    "segment": "Brian, this one also I. Yeah.",
    "speaker_id": "B",
    "start_time": 507.424
  },
  {
    "end_time": 512.304,
    "segment": "Thank you very much Brian.",
    "speaker_id": "B",
    "start_time": 511.152
  },
  {
    "end_time": 516.832,
    "segment": "If you want me to help, yeah.",
    "speaker_id": "B",
    "start_time": 514.288
  },
  {
    "end_time": 524.32,
    "segment": "Yeah.",
    "speaker_id": "B",
    "start_time": 523.792
  },
  {
    "end_time": 527.904,
    "segment": "Uh F_ eight. Function F_ eight.",
    "speaker_id": "B",
    "start_time": 525.707
  },
  {
    "end_time": 531.936,
    "segment": "Mm s.",
    "speaker_id": "B",
    "start_time": 531.214
  },
  {
    "end_time": 535.68,
    "segment": "It's not coming. Function F_ eight, okay.",
    "speaker_id": "B",
    "start_time": 533.12
  },
  {
    "end_time": 540.112,
    "segment": "Yeah.",
    "speaker_id": "B",
    "start_time": 539.36
  },
  {
    "end_time": 545.072,
    "segment": "Computer.",
    "speaker_id": "B",
    "start_time": 543.793
  },
  {
    "end_time": 549.728,
    "segment": "Computer adjusting, yeah.",
    "speaker_id": "B",
    "start_time": 548.384
  },
  {
    "end_time": 554.64,
    "segment": "Yeah.",
    "speaker_id": "B",
    "start_time": 554.146
  },
  {
    "end_time": 561.783,
    "segment": "Escape.",
    "speaker_id": "B",
    "start_time": 561.024
  },
  {
    "end_time": 723.664,
    "segment": "Yeah.",
    "speaker_id": "B",
    "start_time": 723.376
  },
  {
    "end_time": 790.41,
    "segment": "Yeah.",
    "speaker_id": "B",
    "start_time": 789.629
  },
  {
    "end_time": 808.604,
    "segment": "Exactly. Yeah.",
    "speaker_id": "B",
    "start_time": 807.184
  },
  {
    "end_time": 860.176,
    "segment": "Yeah.",
    "speaker_id": "B",
    "start_time": 859.376
  },
  {
    "end_time": 865.168,
    "segment": "Yeah.",
    "speaker_id": "B",
    "start_time": 864.72
  },
  {
    "end_time": 1067.131,
    "segment": "Hmm.",
    "speaker_id": "B",
    "start_time": 1066.474
  },
  {
    "end_time": 1101.963,
    "segment": "Fifty million was uh prof",
    "speaker_id": "B",
    "start_time": 1099.664
  },
  {
    "end_time": 1104.08,
    "segment": "As a profit.",
    "speaker_id": "B",
    "start_time": 1102.748
  },
  {
    "end_time": 1235.36,
    "segment": "Yeah, me too.",
    "speaker_id": "B",
    "start_time": 1234.096
  },
  {
    "end_time": 1288.528,
    "segment": "Yeah.",
    "speaker_id": "B",
    "start_time": 1288.288
  },
  {
    "end_time": 1431.166,
    "segment": "About cost.",
    "speaker_id": "B",
    "start_time": 1429.84
  },
  {
    "end_time": 1438.528,
    "segment": "Okay.",
    "speaker_id": "B",
    "start_time": 1437.921
  },
  {
    "end_time": 1518.518,
    "segment": "Uh.",
    "speaker_id": "B",
    "start_time": 1517.984
  },
  {
    "end_time": 1521.488,
    "segment": "I",
    "speaker_id": "B",
    "start_time": 1520.944
  },
  {
    "end_time": 1544.272,
    "segment": "Uh may I say something about? Uh actually I think it's really really very important point uh as if we look at the market because people mor fifty percent people they find that the remote controls are often lost somewhere in the remote, in the room. But yeah are lost and means they forget where they have kept the remote control last time.",
    "speaker_id": "B",
    "start_time": 1523.072
  },
  {
    "end_time": 1573.456,
    "segment": "But if we add speech recognition as well as glow in the dark then both these factors will help their locating the remote control, like if they come and speak something at the remote control uh replies to something something and it glows in the dark. Both these factors uh both these points will help them to locate the where they have kept this remote control, and this will definitely enhance our uh market sales, so we should take it into consideration also.",
    "speaker_id": "B",
    "start_time": 1544.272
  },
  {
    "end_time": 1946.448,
    "segment": "Yeah.",
    "speaker_id": "B",
    "start_time": 1946.048
  },
  {
    "end_time": 1953.04,
    "segment": "Totally, it takes cheap speech recognition, she they wi",
    "speaker_id": "B",
    "start_time": 1949.2
  },
  {
    "end_time": 1995.696,
    "segment": "Yeah.",
    "speaker_id": "B",
    "start_time": 1995.376
  },
  {
    "end_time": 2013.072,
    "segment": "Glow in dark.",
    "speaker_id": "B",
    "start_time": 2012.032
  },
  {
    "end_time": 2034.784,
    "segment": "Here? Sure.",
    "speaker_id": "B",
    "start_time": 2033.184
  },
  {
    "end_time": 2056.144,
    "segment": "Uh it is in shared documents?",
    "speaker_id": "B",
    "start_time": 2054.08
  },
  {
    "end_time": 2061.92,
    "segment": "Projoct uh projector.",
    "speaker_id": "B",
    "start_time": 2060.64
  },
  {
    "end_time": 2075.056,
    "segment": "Hmm. It is not giving anything.",
    "speaker_id": "B",
    "start_time": 2071.776
  },
  {
    "end_time": 2078.528,
    "segment": "Shared documents.",
    "speaker_id": "B",
    "start_time": 2076.064
  },
  {
    "end_time": 2149.573,
    "segment": "Um but we have to take care like",
    "speaker_id": "B",
    "start_time": 2147.3
  },
  {
    "end_time": 2164.16,
    "segment": "But we have to take care of our children also if they means if children catch hold of your or if they chew it it shouldn't be too harmful. So, whatever material we use it should be yeah.",
    "speaker_id": "B",
    "start_time": 2151.12
  },
  {
    "end_time": 2169.648,
    "segment": "So we have to safety point of view also, we have to take care.",
    "speaker_id": "B",
    "start_time": 2165.52
  },
  {
    "end_time": 2185.088,
    "segment": "Yeah.",
    "speaker_id": "B",
    "start_time": 2184.8
  },
  {
    "end_time": 2224.416,
    "segment": "Small logo with the like a small yellow strip or y yellow with the logo in it.",
    "speaker_id": "B",
    "start_time": 2217.92
  },
  {
    "end_time": 2251.024,
    "segment": "Yeah.",
    "speaker_id": "B",
    "start_time": 2250.496
  },
  {
    "end_time": 2257.552,
    "segment": "Hmm.",
    "speaker_id": "B",
    "start_time": 2257.232
  },
  {
    "end_time": 2266.576,
    "segment": "That's good.",
    "speaker_id": "B",
    "start_time": 2265.632
  },
  {
    "end_time": 2285.642,
    "segment": "Check here.",
    "speaker_id": "B",
    "start_time": 2284.72
  },
  {
    "end_time": 18.784,
    "segment": "Um minutes from the last meeting which were essentially that we uh had decided on roles for each of you, however, um there are some changes that I've got from on high that um",
    "speaker_id": "C",
    "start_time": 0.528
  },
  {
    "end_time": 55.6,
    "segment": "are a bit uh well w what I didn't actually realise it was that the uh this is for a specific television. So the all in one idea goes out the window. And they require that the uh actually I'll get to that at the end point number four, um we'll get what you've got and then we can see what we can adapt from it. So um, presentations, were you anybody got, raring to go? Raring to go? Okay. Good stuff.",
    "speaker_id": "C",
    "start_time": 20.048
  },
  {
    "end_time": 58.432,
    "segment": "Mm.",
    "speaker_id": "C",
    "start_time": 57.648
  },
  {
    "end_time": 71.824,
    "segment": "Oh I need to plug you in.",
    "speaker_id": "C",
    "start_time": 63.386
  },
  {
    "end_time": 79.124,
    "segment": "Just about.",
    "speaker_id": "C",
    "start_time": 76.395
  },
  {
    "end_time": 98.288,
    "segment": "Uh there we go, just screw 'em on in. Gonna have to swap them round so now, it was function F_ eight.",
    "speaker_id": "C",
    "start_time": 86.224
  },
  {
    "end_time": 102.544,
    "segment": "That's the wee blue one.",
    "speaker_id": "C",
    "start_time": 100.579
  },
  {
    "end_time": 104.512,
    "segment": "Blue one F_ eight.",
    "speaker_id": "C",
    "start_time": 103.712
  },
  {
    "end_time": 109.088,
    "segment": "Should do it, good one.",
    "speaker_id": "C",
    "start_time": 105.952
  },
  {
    "end_time": 128.096,
    "segment": "Hold on, sorry.",
    "speaker_id": "C",
    "start_time": 126.4
  },
  {
    "end_time": 133.488,
    "segment": "and if you just click that it'll go ahead, one at a time.",
    "speaker_id": "C",
    "start_time": 129.408
  },
  {
    "end_time": 139.408,
    "segment": "Sorry, uh.",
    "speaker_id": "C",
    "start_time": 136.352
  },
  {
    "end_time": 163.408,
    "segment": "P press F_ five to start it first.",
    "speaker_id": "C",
    "start_time": 161.104
  },
  {
    "end_time": 169.648,
    "segment": "Jesus.",
    "speaker_id": "C",
    "start_time": 168.958
  },
  {
    "end_time": 264.262,
    "segment": "Excellent.",
    "speaker_id": "C",
    "start_time": 263.433
  },
  {
    "end_time": 330.565,
    "segment": "Oh you wanna go back? Just escape.",
    "speaker_id": "C",
    "start_time": 328.224
  },
  {
    "end_time": 337.52,
    "segment": "Okay.",
    "speaker_id": "C",
    "start_time": 336.864
  },
  {
    "end_time": 341.602,
    "segment": "Okay.",
    "speaker_id": "C",
    "start_time": 340.128
  },
  {
    "end_time": 372.56,
    "segment": "Okay. Speech recognition.",
    "speaker_id": "C",
    "start_time": 368.912
  },
  {
    "end_time": 412.375,
    "segment": "Hmm. We're als we we're looking at who buys it as well.",
    "speaker_id": "C",
    "start_time": 408.32
  },
  {
    "end_time": 420.858,
    "segment": "Uh, which I think the twenty five to thirty five is uh usual, sort of.",
    "speaker_id": "C",
    "start_time": 416.062
  },
  {
    "end_time": 430.54,
    "segment": "Fifteen to twe",
    "speaker_id": "C",
    "start_time": 428.509
  },
  {
    "end_time": 482.098,
    "segment": "Okay.",
    "speaker_id": "C",
    "start_time": 480.272
  },
  {
    "end_time": 499.552,
    "segment": "Okay, thank you. Um, follow on with Helen? Yeah please. Oh, so we do yeah. Fun and games.",
    "speaker_id": "C",
    "start_time": 486.496
  },
  {
    "end_time": 507.504,
    "segment": "Don't know if the cable's gonna be long enough. I think I just kicked over whatever it runs on underneath as well.",
    "speaker_id": "C",
    "start_time": 501.088
  },
  {
    "end_time": 510.094,
    "segment": "Okay.",
    "speaker_id": "C",
    "start_time": 508.944
  },
  {
    "end_time": 527.911,
    "segment": "Function F_ eight.",
    "speaker_id": "C",
    "start_time": 526.199
  },
  {
    "end_time": 544.395,
    "segment": "Hmm.",
    "speaker_id": "C",
    "start_time": 543.376
  },
  {
    "end_time": 548.464,
    "segment": "There you go.",
    "speaker_id": "C",
    "start_time": 547.984
  },
  {
    "end_time": 558.64,
    "segment": "Uh F_ five.",
    "speaker_id": "C",
    "start_time": 557.022
  },
  {
    "end_time": 567.613,
    "segment": "Um, F_ five and escape'll bring it back and just uh the left button for advancing.",
    "speaker_id": "C",
    "start_time": 560.816
  },
  {
    "end_time": 602.08,
    "segment": "Uh just a left uh",
    "speaker_id": "C",
    "start_time": 599.808
  },
  {
    "end_time": 604.288,
    "segment": "left mouse button.",
    "speaker_id": "C",
    "start_time": 603.36
  },
  {
    "end_time": 621.36,
    "segment": "Mm-hmm.",
    "speaker_id": "C",
    "start_time": 620.32
  },
  {
    "end_time": 625.424,
    "segment": "Okay.",
    "speaker_id": "C",
    "start_time": 624.778
  },
  {
    "end_time": 630.416,
    "segment": "'Kay.",
    "speaker_id": "C",
    "start_time": 630.032
  },
  {
    "end_time": 641.296,
    "segment": "That can come under Arlo as well.",
    "speaker_id": "C",
    "start_time": 639.104
  },
  {
    "end_time": 649.153,
    "segment": "Uh.",
    "speaker_id": "C",
    "start_time": 648.768
  },
  {
    "end_time": 663.648,
    "segment": "Uh if you if you escape then you can see your bar.",
    "speaker_id": "C",
    "start_time": 658.224
  },
  {
    "end_time": 670.032,
    "segment": "Uh okay.",
    "speaker_id": "C",
    "start_time": 668.048
  },
  {
    "end_time": 674.414,
    "segment": "'Kay.",
    "speaker_id": "C",
    "start_time": 673.539
  },
  {
    "end_time": 693.104,
    "segment": "Mm-hmm.",
    "speaker_id": "C",
    "start_time": 691.76
  },
  {
    "end_time": 701.968,
    "segment": "We hope so.",
    "speaker_id": "C",
    "start_time": 697.728
  },
  {
    "end_time": 722.896,
    "segment": "Yeah, particularly if we've uh there was a bit in Raj's about R_S_I_ and things as well.",
    "speaker_id": "C",
    "start_time": 717.488
  },
  {
    "end_time": 736.492,
    "segment": "Organic.",
    "speaker_id": "C",
    "start_time": 735.088
  },
  {
    "end_time": 749.264,
    "segment": "Mm-hmm.",
    "speaker_id": "C",
    "start_time": 748.499
  },
  {
    "end_time": 755.44,
    "segment": "Sales,.",
    "speaker_id": "C",
    "start_time": 754.064
  },
  {
    "end_time": 757.664,
    "segment": "Okay.",
    "speaker_id": "C",
    "start_time": 757.216
  },
  {
    "end_time": 772.4,
    "segment": "Yeah it's like a, yeah.",
    "speaker_id": "C",
    "start_time": 770.784
  },
  {
    "end_time": 779.552,
    "segment": "It's.",
    "speaker_id": "C",
    "start_time": 775.2
  },
  {
    "end_time": 785.77,
    "segment": "Right.",
    "speaker_id": "C",
    "start_time": 784.544
  },
  {
    "end_time": 796.272,
    "segment": "And also the company want to keep it stuck to the T_V_ for uh to keep down the production time.",
    "speaker_id": "C",
    "start_time": 789.744
  },
  {
    "end_time": 804.112,
    "segment": "Mm-hmm.",
    "speaker_id": "C",
    "start_time": 803.104
  },
  {
    "end_time": 811.728,
    "segment": "Yeah.",
    "speaker_id": "C",
    "start_time": 811.312
  },
  {
    "end_time": 816.944,
    "segment": "Okay.",
    "speaker_id": "C",
    "start_time": 816.334
  },
  {
    "end_time": 821.68,
    "segment": "Yeah.",
    "speaker_id": "C",
    "start_time": 821.344
  },
  {
    "end_time": 826.601,
    "segment": "That's cool.",
    "speaker_id": "C",
    "start_time": 824.624
  },
  {
    "end_time": 846.992,
    "segment": "Um, do you have trouble whistling? Really? Ooh.",
    "speaker_id": "C",
    "start_time": 840.464
  },
  {
    "end_time": 859.952,
    "segment": "Yeah, I suppose that's true. Well I suppo uh you could y you could have the you could have the basically um instead of a whistle if it's got the voice recognition you could have it just, you know, where are you?.",
    "speaker_id": "C",
    "start_time": 848.528
  },
  {
    "end_time": 864.624,
    "segment": "Hmm.",
    "speaker_id": "C",
    "start_time": 864.192
  },
  {
    "end_time": 867.52,
    "segment": "Sounds good.",
    "speaker_id": "C",
    "start_time": 866.48
  },
  {
    "end_time": 888.112,
    "segment": "Function F_ eight for the um the uh",
    "speaker_id": "C",
    "start_time": 883.28
  },
  {
    "end_time": 898.12,
    "segment": "Yeah.",
    "speaker_id": "C",
    "start_time": 896.944
  },
  {
    "end_time": 914.61,
    "segment": "Alright.",
    "speaker_id": "C",
    "start_time": 914.192
  },
  {
    "end_time": 918.976,
    "segment": "Let's remember that.",
    "speaker_id": "C",
    "start_time": 916.863
  },
  {
    "end_time": 970.352,
    "segment": "Mm-hmm.",
    "speaker_id": "C",
    "start_time": 969.792
  },
  {
    "end_time": 982.944,
    "segment": "But sure surely that would have to be um sort of specific rather than above a threshold 'cause if you had a loud movie on you're likely to get it beeping back at you.",
    "speaker_id": "C",
    "start_time": 973.6
  },
  {
    "end_time": 995.968,
    "segment": "Sorry I didn't mean to derail you there.",
    "speaker_id": "C",
    "start_time": 992.525
  },
  {
    "end_time": 1042.112,
    "segment": "Ah is that what that is?",
    "speaker_id": "C",
    "start_time": 1039.232
  },
  {
    "end_time": 1054.976,
    "segment": "Well that's cool. If you if you can build space craft you'll have no problem with a remote control, yeah.",
    "speaker_id": "C",
    "start_time": 1048.08
  },
  {
    "end_time": 1085.164,
    "segment": "Right okay.",
    "speaker_id": "C",
    "start_time": 1082.864
  },
  {
    "end_time": 1095.984,
    "segment": "Is that just switches on the speech recognition and it's entirely speech operated, is it? Yeah. Yeah.",
    "speaker_id": "C",
    "start_time": 1087.728
  },
  {
    "end_time": 1110.129,
    "segment": "Ah now it's fif fifty million Euros we've gotta uh we've g gotta make profit, so we're making that at twelve and a half Euros a time.",
    "speaker_id": "C",
    "start_time": 1100.08
  },
  {
    "end_time": 1133.328,
    "segment": "Okay. Would it be possible to have the rechargeable idea? Is that is that gonna mark up a lot? Yeah.",
    "speaker_id": "C",
    "start_time": 1126.144
  },
  {
    "end_time": 1144.544,
    "segment": "Yeah, yeah.",
    "speaker_id": "C",
    "start_time": 1143.632
  },
  {
    "end_time": 1156.528,
    "segment": "I mean if you think about these base stations now it's essentially just a a lead with a sort of self connecting brake in it, so I don't think it'd up up the price that much.",
    "speaker_id": "C",
    "start_time": 1145.92
  },
  {
    "end_time": 1175.936,
    "segment": "Okay.",
    "speaker_id": "C",
    "start_time": 1173.232
  },
  {
    "end_time": 1183.488,
    "segment": "Okay.",
    "speaker_id": "C",
    "start_time": 1181.84
  },
  {
    "end_time": 1249.824,
    "segment": "Right.",
    "speaker_id": "C",
    "start_time": 1248.992
  },
  {
    "end_time": 1253.104,
    "segment": "Yeah.",
    "speaker_id": "C",
    "start_time": 1251.632
  },
  {
    "end_time": 1257.424,
    "segment": "'Kay, thank you very much, um I'll take that back.",
    "speaker_id": "C",
    "start_time": 1254.208
  },
  {
    "end_time": 1276.135,
    "segment": "Right, also so um a notice I got not very long before the meeting, so didn't manage to forward it on to you, it is let's see, I'll find it myself, um",
    "speaker_id": "C",
    "start_time": 1264.031
  },
  {
    "end_time": 1289.84,
    "segment": "Ta nah.",
    "speaker_id": "C",
    "start_time": 1281.104
  },
  {
    "end_time": 1323.344,
    "segment": "We had that um to dis-include teletext um because it's become outdated, and everybody uses the internet anyway. Um, dunno what Oracle would have to say with that but never mind. Um it's only for the television, which I'm presuming means it's for a specific television, and um instead of colours and sorta colour options, they want corporate colour and slogan somehow implemented in the new design.",
    "speaker_id": "C",
    "start_time": 1292.096
  },
  {
    "end_time": 1337.392,
    "segment": "Yellow. I presume. Um, everything, all their sort of uh you know the uh corporate website and everything's yellow.",
    "speaker_id": "C",
    "start_time": 1324.4
  },
  {
    "end_time": 1346.512,
    "segment": "And the logo uh the sort of slogan we put the fa fashion in electronics uh",
    "speaker_id": "C",
    "start_time": 1339.728
  },
  {
    "end_time": 1357.808,
    "segment": "I don't know exactly how sort of incorpor I mean, I guess if you're going for a sort of globular shape you could kind of have it working its way round it or something.",
    "speaker_id": "C",
    "start_time": 1347.984
  },
  {
    "end_time": 1361.584,
    "segment": "Uh, where am I?",
    "speaker_id": "C",
    "start_time": 1359.072
  },
  {
    "end_time": 1372.016,
    "segment": "Okay, so, we have to decide on which functions we're going to actually have.",
    "speaker_id": "C",
    "start_time": 1366.496
  },
  {
    "end_time": 1379.44,
    "segment": "Uh, now, we had as listed options we had",
    "speaker_id": "C",
    "start_time": 1373.008
  },
  {
    "end_time": 1388.144,
    "segment": "speech recognition potentially, flat screen interface, L_C_D_ interface um",
    "speaker_id": "C",
    "start_time": 1380.784
  },
  {
    "end_time": 1402.544,
    "segment": "we also want to limit the number of buttons so we'll pretty much take that one as read. We'll use the the basic functions for a television. No teletext. Um okay hold on.",
    "speaker_id": "C",
    "start_time": 1389.264
  },
  {
    "end_time": 1414.816,
    "segment": "Not enough buttons you mean? So sorta strike a balance between a a few and a or it looks like we're just cutting on the um",
    "speaker_id": "C",
    "start_time": 1405.936
  },
  {
    "end_time": 1422.0,
    "segment": "I do however have this from over my head, that they don't want teletext on it.",
    "speaker_id": "C",
    "start_time": 1416.576
  },
  {
    "end_time": 1429.088,
    "segment": "Uh maybe Raj you could find out what people would think about that, or maybe they'll send",
    "speaker_id": "C",
    "start_time": 1423.232
  },
  {
    "end_time": 1472.496,
    "segment": "some information about that, about um what people, whether people would require um teletext in a remote teletext option in a remote control. Okay um. So uh I take it your position Arlo is that the bells and whistles we've gotta come up with the a gimmick but not too complicated a gimmick. Um so I mean a a the sort of inkling I'm getting from little bits of um web chatter that I'm getting sent is that they're quite interested in a T_F_T_ display, interactive display. However that does sound a bit like the",
    "speaker_id": "C",
    "start_time": 1429.683
  },
  {
    "end_time": 1479.296,
    "segment": "more complicated design that rav uh sorry Raj um",
    "speaker_id": "C",
    "start_time": 1474.112
  },
  {
    "end_time": 1503.488,
    "segment": "said people didn't like. Although I guess if there's a sort of If you think about standard interfaces that people use already, sort of Windows-style drop down menus or whatever, I think maybe that's a bit, going a bit far but you know like in a basic sense that you could have your basic selection of buttons, and if you hit a sort of menu at the top you have",
    "speaker_id": "C",
    "start_time": 1482.128
  },
  {
    "end_time": 1517.776,
    "segment": "um it goes to a different selection of buttons, so it sorta keeps it simple. Um glow in the dark, is that sort of with a light inside it or is it sort of glow in the dark material?",
    "speaker_id": "C",
    "start_time": 1504.896
  },
  {
    "end_time": 1520.736,
    "segment": "Okay. So",
    "speaker_id": "C",
    "start_time": 1519.297
  },
  {
    "end_time": 1523.869,
    "segment": "Yeah.",
    "speaker_id": "C",
    "start_time": 1523.159
  },
  {
    "end_time": 1524.832,
    "segment": "Yeah.",
    "speaker_id": "C",
    "start_time": 1524.496
  },
  {
    "end_time": 1540.625,
    "segment": "Lost, yeah.",
    "speaker_id": "C",
    "start_time": 1539.554
  },
  {
    "end_time": 1564.846,
    "segment": "That's cool.",
    "speaker_id": "C",
    "start_time": 1563.891
  },
  {
    "end_time": 1566.92,
    "segment": "That's cool.",
    "speaker_id": "C",
    "start_time": 1566.046
  },
  {
    "end_time": 1575.184,
    "segment": "Okay, cool. Um",
    "speaker_id": "C",
    "start_time": 1573.19
  },
  {
    "end_time": 1578.384,
    "segment": "speech recognition I take it",
    "speaker_id": "C",
    "start_time": 1576.24
  },
  {
    "end_time": 1586.048,
    "segment": "I don't, I've I know of no products um that use speech recognition well.",
    "speaker_id": "C",
    "start_time": 1579.616
  },
  {
    "end_time": 1596.608,
    "segment": "Really?",
    "speaker_id": "C",
    "start_time": 1595.808
  },
  {
    "end_time": 1600.112,
    "segment": "Mm-hmm.",
    "speaker_id": "C",
    "start_time": 1599.856
  },
  {
    "end_time": 1608.688,
    "segment": "Yeah, or a yeah an advert an advert for B_B_C_ two on B_B_C_ one'll switch the channel for you kinda thing.",
    "speaker_id": "C",
    "start_time": 1603.472
  },
  {
    "end_time": 1615.556,
    "segment": "Mm.",
    "speaker_id": "C",
    "start_time": 1614.993
  },
  {
    "end_time": 1620.624,
    "segment": "Uh-huh.",
    "speaker_id": "C",
    "start_time": 1620.24
  },
  {
    "end_time": 1636.816,
    "segment": "Ah, that's a good idea.",
    "speaker_id": "C",
    "start_time": 1635.472
  },
  {
    "end_time": 1644.88,
    "segment": "So like a kind of backwards remote from the telly.",
    "speaker_id": "C",
    "start_time": 1640.928
  },
  {
    "end_time": 1667.419,
    "segment": "Right.",
    "speaker_id": "C",
    "start_time": 1666.535
  },
  {
    "end_time": 1671.392,
    "segment": "That we should just stick on, yeah.",
    "speaker_id": "C",
    "start_time": 1669.394
  },
  {
    "end_time": 1673.754,
    "segment": "Yeah.",
    "speaker_id": "C",
    "start_time": 1673.038
  },
  {
    "end_time": 1681.152,
    "segment": "And that's a sort of basic R_F_ kind of frequency so it'll be cheap.",
    "speaker_id": "C",
    "start_time": 1674.848
  },
  {
    "end_time": 1706.128,
    "segment": "Uh-huh.",
    "speaker_id": "C",
    "start_time": 1705.696
  },
  {
    "end_time": 1720.624,
    "segment": "Yeah. It might do us out of a job. Um",
    "speaker_id": "C",
    "start_time": 1713.936
  },
  {
    "end_time": 1758.862,
    "segment": "Okay. I like the whole sort of remote feedback thing. Um so I think rather than and that also kind of takes out the speech recognition in terms of the interference of it not working very well and things like that, so I th yeah and expense and the time. So I think if we're going to go well I mean like the thing about the there's the problem with the T_F_T_ or the L_C_D_ kind of thing is if you're also wanting the the kind of",
    "speaker_id": "C",
    "start_time": 1722.544
  },
  {
    "end_time": 1763.632,
    "segment": "uh organic globby sort of feeling to it then",
    "speaker_id": "C",
    "start_time": 1759.68
  },
  {
    "end_time": 1766.944,
    "segment": "you might have trouble incorporating the screen.",
    "speaker_id": "C",
    "start_time": 1764.976
  },
  {
    "end_time": 1779.552,
    "segment": "Um, but I guess not I thin we'll just we'll just pretend that's not a problem. Um uh and how are you about the glow in the dark material? Is that",
    "speaker_id": "C",
    "start_time": 1768.496
  },
  {
    "end_time": 1792.881,
    "segment": "Contrast contra well.",
    "speaker_id": "C",
    "start_time": 1790.912
  },
  {
    "end_time": 1800.032,
    "segment": "Yeah, okay.",
    "speaker_id": "C",
    "start_time": 1799.264
  },
  {
    "end_time": 1809.552,
    "segment": "So if it's dow it's d uh yeah. Or if it's down under the couch cushions um which is where I usually find mine. Um",
    "speaker_id": "C",
    "start_time": 1800.868
  },
  {
    "end_time": 1821.568,
    "segment": "Okay, well we can use we can still use the glow in the dark as a gimmick essentially, um if we're gonna have to if we're gonna have the logo on as well, bright yellow logo in our our um",
    "speaker_id": "C",
    "start_time": 1811.152
  },
  {
    "end_time": 1837.632,
    "segment": "slogan. Uh then you know they're gonna be fairly brightly coloured anyway, and we can have sort of a a a trimming as well, of the glow in the dark material, just as gimmickyness.",
    "speaker_id": "C",
    "start_time": 1824.016
  },
  {
    "end_time": 1841.44,
    "segment": "Mm-hmm.",
    "speaker_id": "C",
    "start_time": 1841.04
  },
  {
    "end_time": 1858.912,
    "segment": "Alright, so n sorta if if if we're gon if we're gonna go with the idea of um uh of feedback, sort of remote finder, then that kinda stuffs that one out then.",
    "speaker_id": "C",
    "start_time": 1844.336
  },
  {
    "end_time": 1860.352,
    "segment": "Do you think?",
    "speaker_id": "C",
    "start_time": 1859.92
  },
  {
    "end_time": 1887.984,
    "segment": "Uh it makes it fairly unnecessary then. Okay. Um, okay so scratch that. Uh so we've got do we want to go with the T_F_T_ idea or the is that far too expensive? Well I mean I think I think the sort of find the finder things I mean it's uh I could probably write the circuit diagram for that myself. Um",
    "speaker_id": "C",
    "start_time": 1861.968
  },
  {
    "end_time": 1897.52,
    "segment": "Mm-hmm.",
    "speaker_id": "C",
    "start_time": 1897.152
  },
  {
    "end_time": 1900.948,
    "segment": "Okay.",
    "speaker_id": "C",
    "start_time": 1899.976
  },
  {
    "end_time": 1914.016,
    "segment": "Um no, I mean that was going on ravs uh Raj's sort of um marketing research I guess. Um",
    "speaker_id": "C",
    "start_time": 1903.824
  },
  {
    "end_time": 1916.224,
    "segment": "Uh",
    "speaker_id": "C",
    "start_time": 1915.696
  },
  {
    "end_time": 1923.568,
    "segment": "So we'll stick with sort of programmability um for the buttons that we do have.",
    "speaker_id": "C",
    "start_time": 1917.89
  },
  {
    "end_time": 1929.621,
    "segment": "Um.",
    "speaker_id": "C",
    "start_time": 1924.576
  },
  {
    "end_time": 1932.59,
    "segment": "So that's sort of",
    "speaker_id": "C",
    "start_time": 1931.488
  },
  {
    "end_time": 1936.672,
    "segment": "included in your sub-module kind of stuff, um",
    "speaker_id": "C",
    "start_time": 1933.456
  },
  {
    "end_time": 1949.248,
    "segment": "Uh you were finding out about teletext. If you could find out that uh",
    "speaker_id": "C",
    "start_time": 1941.12
  },
  {
    "end_time": 1956.24,
    "segment": "Um I think we're gonna scratch the speech recognition as a bit of a",
    "speaker_id": "C",
    "start_time": 1951.648
  },
  {
    "end_time": 1959.664,
    "segment": "um expensive, no?",
    "speaker_id": "C",
    "start_time": 1957.248
  },
  {
    "end_time": 1963.488,
    "segment": "Oh right, okay.",
    "speaker_id": "C",
    "start_time": 1962.736
  },
  {
    "end_time": 1967.906,
    "segment": "Is it not the circuits that cost",
    "speaker_id": "C",
    "start_time": 1965.952
  },
  {
    "end_time": 1979.808,
    "segment": "Oh right, okay. Uh well that kind of takes back the R_F_ the R_F_ remote sort of idea as well. Um.",
    "speaker_id": "C",
    "start_time": 1969.792
  },
  {
    "end_time": 1989.84,
    "segment": "Five minutes. Okay. Decisions. Uh, votes, let's vote. Who wants T_F_T_?",
    "speaker_id": "C",
    "start_time": 1981.28
  },
  {
    "end_time": 2000.704,
    "segment": "No-one does. Excellent, so we'll go with speech recognition, yeah? Um, speech recognition, limited buttons, organic design.",
    "speaker_id": "C",
    "start_time": 1991.232
  },
  {
    "end_time": 2008.016,
    "segment": "And what else was I thinking of that I haven't written down and therefore fallen out my head, programmability.",
    "speaker_id": "C",
    "start_time": 2003.296
  },
  {
    "end_time": 2014.864,
    "segment": "Uh",
    "speaker_id": "C",
    "start_time": 2013.776
  },
  {
    "end_time": 2022.656,
    "segment": "Uh o okay. And also, integrating the, remember to integrate the logo and the s slogan.",
    "speaker_id": "C",
    "start_time": 2015.898
  },
  {
    "end_time": 2041.408,
    "segment": "Okay, so. Um can you put all these reports in the project documents folder if they're not already in there as well. So, it just helps me summarize them. And um I'll put any I'm I'm putting anything I do in there anyway, so uh",
    "speaker_id": "C",
    "start_time": 2023.968
  },
  {
    "end_time": 2045.376,
    "segment": "Uh pro uh project documents.",
    "speaker_id": "C",
    "start_time": 2043.408
  },
  {
    "end_time": 2047.44,
    "segment": "On",
    "speaker_id": "C",
    "start_time": 2046.688
  },
  {
    "end_time": 2050.96,
    "segment": "A_M_I_ scenario controller.",
    "speaker_id": "C",
    "start_time": 2049.248
  },
  {
    "end_time": 2063.488,
    "segment": "Where am I? Project documents, yeah, it's on your desktop as well.",
    "speaker_id": "C",
    "start_time": 2059.744
  },
  {
    "end_time": 2094.64,
    "segment": "And I will tr getting strings of um information, I'll try and forward any specific to anybody in particular, as soon as I get them now, rather than I was about to sort of tell you about the changes before the meeting, and then the meeting turned up, so",
    "speaker_id": "C",
    "start_time": 2078.736
  },
  {
    "end_time": 2102.013,
    "segment": "I did.",
    "speaker_id": "C",
    "start_time": 2098.752
  },
  {
    "end_time": 2115.026,
    "segment": "So",
    "speaker_id": "C",
    "start_time": 2114.003
  },
  {
    "end_time": 2132.416,
    "segment": "Okay.",
    "speaker_id": "C",
    "start_time": 2131.712
  },
  {
    "end_time": 2136.192,
    "segment": "Yeah.",
    "speaker_id": "C",
    "start_time": 2134.912
  },
  {
    "end_time": 2140.576,
    "segment": "More sort of um",
    "speaker_id": "C",
    "start_time": 2139.376
  },
  {
    "end_time": 2144.352,
    "segment": "flesh-like than plasticky sort of.",
    "speaker_id": "C",
    "start_time": 2142.448
  },
  {
    "end_time": 2166.157,
    "segment": "Oh no, ethics, that's gonna cost us money.",
    "speaker_id": "C",
    "start_time": 2162.464
  },
  {
    "end_time": 2169.968,
    "segment": "Okay, safety.",
    "speaker_id": "C",
    "start_time": 2168.366
  },
  {
    "end_time": 2179.182,
    "segment": "Yeah.",
    "speaker_id": "C",
    "start_time": 2178.239
  },
  {
    "end_time": 2185.936,
    "segment": "It sme smells good for children.",
    "speaker_id": "C",
    "start_time": 2182.589
  },
  {
    "end_time": 2203.424,
    "segment": "That sounds, yeah it's gonna have to be it's gonna be have a big yellow foam ball, yeah, sorry.",
    "speaker_id": "C",
    "start_time": 2196.185
  },
  {
    "end_time": 2217.392,
    "segment": "Please God no. Um. Well, I wouldn't th I mean, my reaction to an all-yellow remote control wouldn't be anything other than horror, so I think just having it",
    "speaker_id": "C",
    "start_time": 2207.408
  },
  {
    "end_time": 2219.52,
    "segment": "surrounding the logo.",
    "speaker_id": "C",
    "start_time": 2217.894
  },
  {
    "end_time": 2224.608,
    "segment": "Yeah.",
    "speaker_id": "C",
    "start_time": 2224.055
  },
  {
    "end_time": 2234.768,
    "segment": "And I'll see if I can argue with boss about putting the what was it? We put we put fashion into",
    "speaker_id": "C",
    "start_time": 2227.904
  },
  {
    "end_time": 2238.048,
    "segment": "Whoops, it's not working.",
    "speaker_id": "C",
    "start_time": 2236.608
  },
  {
    "end_time": 2249.888,
    "segment": "Can't believe I've forgotten it. We put the fashion in electronics. I bet that'll catch on well. Okay, any last",
    "speaker_id": "C",
    "start_time": 2239.648
  },
  {
    "end_time": 2252.576,
    "segment": "worries, queries?",
    "speaker_id": "C",
    "start_time": 2251.36
  },
  {
    "end_time": 2264.448,
    "segment": "Okay. S s I know what you're thinking. Okay then, lunchtime, yay.",
    "speaker_id": "C",
    "start_time": 2254.128
  },
  {
    "end_time": 2274.288,
    "segment": "Okay, that felt a bit more like a something with order and and reason to it than the last one.",
    "speaker_id": "C",
    "start_time": 2266.8
  },
  {
    "end_time": 2277.216,
    "segment": "This is quite fun actually.",
    "speaker_id": "C",
    "start_time": 2276.16
  },
  {
    "end_time": 2280.656,
    "segment": "I really don't",
    "speaker_id": "C",
    "start_time": 2279.904
  },
  {
    "end_time": 2290.976,
    "segment": "Yeah, yeah. Wow you've your first page. I was just writing really big.",
    "speaker_id": "C",
    "start_time": 2283.056
  },
  {
    "end_time": 2295.296,
    "segment": "I've finished the meeting now.",
    "speaker_id": "C",
    "start_time": 2293.056
  },
  {
    "end_time": 2299.04,
    "segment": "Oh, everybody needs k questionnaire.",
    "speaker_id": "C",
    "start_time": 2296.352
  },
  {
    "end_time": 17.904,
    "segment": "Okay.",
    "speaker_id": "D",
    "start_time": 16.894
  },
  {
    "end_time": 28.576,
    "segment": "Okay.",
    "speaker_id": "D",
    "start_time": 28.144
  },
  {
    "end_time": 32.025,
    "segment": "Mm-hmm.",
    "speaker_id": "D",
    "start_time": 31.337
  },
  {
    "end_time": 79.456,
    "segment": "Wow.",
    "speaker_id": "D",
    "start_time": 76.366
  },
  {
    "end_time": 347.424,
    "segment": "So, sorry I was just gonna say, what was the question for this? Or is are you coming on to that?",
    "speaker_id": "D",
    "start_time": 342.747
  },
  {
    "end_time": 351.896,
    "segment": "Okay.",
    "speaker_id": "D",
    "start_time": 351.026
  },
  {
    "end_time": 360.944,
    "segment": "So these percentages are are what?",
    "speaker_id": "D",
    "start_time": 358.448
  },
  {
    "end_time": 398.412,
    "segment": "Hmm.",
    "speaker_id": "D",
    "start_time": 397.676
  },
  {
    "end_time": 421.584,
    "segment": "Mm, mm.",
    "speaker_id": "D",
    "start_time": 420.544
  },
  {
    "end_time": 469.6,
    "segment": "Mm-hmm.",
    "speaker_id": "D",
    "start_time": 469.232
  },
  {
    "end_time": 486.176,
    "segment": "Mm-hmm.",
    "speaker_id": "D",
    "start_time": 485.712
  },
  {
    "end_time": 494.816,
    "segment": "Yep, sure, that's cool, um",
    "speaker_id": "D",
    "start_time": 492.336
  },
  {
    "end_time": 497.007,
    "segment": "Yeah.",
    "speaker_id": "D",
    "start_time": 496.098
  },
  {
    "end_time": 514.612,
    "segment": "I can turn my computer quickly if that's okay.",
    "speaker_id": "D",
    "start_time": 510.934
  },
  {
    "end_time": 517.194,
    "segment": "Um, yep.",
    "speaker_id": "D",
    "start_time": 515.44
  },
  {
    "end_time": 526.062,
    "segment": "Okay, and then what do I press, F_ eight?",
    "speaker_id": "D",
    "start_time": 524.272
  },
  {
    "end_time": 528.288,
    "segment": "Oh right.",
    "speaker_id": "D",
    "start_time": 527.904
  },
  {
    "end_time": 532.8,
    "segment": "Okay, cool.",
    "speaker_id": "D",
    "start_time": 532.176
  },
  {
    "end_time": 534.176,
    "segment": "Oh.",
    "speaker_id": "D",
    "start_time": 533.872
  },
  {
    "end_time": 542.224,
    "segment": "Yeah. No signal.",
    "speaker_id": "D",
    "start_time": 540.447
  },
  {
    "end_time": 550.224,
    "segment": "Okay. Cool.",
    "speaker_id": "D",
    "start_time": 549.088
  },
  {
    "end_time": 557.862,
    "segment": "Okay and then how do I press the the big one, to get it on to the big",
    "speaker_id": "D",
    "start_time": 554.112
  },
  {
    "end_time": 561.584,
    "segment": "F_ five and I press that again to get it off as well do I?",
    "speaker_id": "D",
    "start_time": 558.448
  },
  {
    "end_time": 601.376,
    "segment": "Okay, so um I'm the interface design designer, User Interface Designer sorry, uh I'm concerned with um w what effect the apparatus should have on the user and um I'm I'm also I want to point out that our motto, put the fashion in electronics, so obviously we as a company we want to make our products trendy and fashionable, it's a big concern of ours. Okay, and how do I press n just the next button? The arrow?",
    "speaker_id": "D",
    "start_time": 567.744
  },
  {
    "end_time": 642.4,
    "segment": "Okay. So um I looked at existing designs and also um the information that Raj gave us was very useful about what people like, what people dislike. Um and what people fashionable, because we said people between twenty five and thirty five were the main um buyers of of our T_V_ I think. So um what they like and what they find fashionable. And ergonomics, we said um, I don't know I haven't actually been able to do any of this myself, but um maybe that comes up, I don't know. And the findings, well",
    "speaker_id": "D",
    "start_time": 602.48
  },
  {
    "end_time": 661.877,
    "segment": "the basic that was the basic function to send messages to the television set. That's what people want to do. Um, so they need to be included, um, but I've got some pictures here of some leading ones. I don't know how to get to them, do I press F_ five is it? escape?",
    "speaker_id": "D",
    "start_time": 643.664
  },
  {
    "end_time": 699.13,
    "segment": "Oh okay, cool. I haven't got my glasses on so I hope it's this one. These are two leading um remote controls at the moment. You know they're grey, they've I mean this one's got loads of buttons, it's hard to tell from here what they actually do, and they don't look very exciting at all. Um, personally I prefer this one just because it's looks easier use, it's a bit more sleek with more of this silver stuff, um, but there you go, that's what we're up against, and I think we can do much better than that.",
    "speaker_id": "D",
    "start_time": 663.984
  },
  {
    "end_time": 700.848,
    "segment": "Um",
    "speaker_id": "D",
    "start_time": 700.272
  },
  {
    "end_time": 702.752,
    "segment": "hang on.",
    "speaker_id": "D",
    "start_time": 701.952
  },
  {
    "end_time": 706.112,
    "segment": "F_ five, okay, sorry.",
    "speaker_id": "D",
    "start_time": 703.952
  },
  {
    "end_time": 718.16,
    "segment": "Personal preferences. Um, well I think we need to l I think the ergonomics is quite um important, um",
    "speaker_id": "D",
    "start_time": 707.408
  },
  {
    "end_time": 757.418,
    "segment": "Uh-huh. And um I thought not too edgy and like a box, more kind of hand-held more um not as uh computery and or organic, yeah, more organic shape I think. Um simple designs, like the last one we just saw, not too many buttons and as Raj pointed out, only ten percent fifty percent of people only use ten percent of the buttons, so I think what we can miss out on the buttons we can make up for in design and and how nice it looks.",
    "speaker_id": "D",
    "start_time": 722.96
  },
  {
    "end_time": 775.28,
    "segment": "Um, hand-held and portable I think is portamint is important because T_F_T_ have just um released um I think is it a a remote control for presentations or uh and a big seven inch big screen, anyway, so um",
    "speaker_id": "D",
    "start_time": 757.418
  },
  {
    "end_time": 791.315,
    "segment": "Yeah, no seven inches isn't that big but um anyway um so hand-held and portable and uh m I thought about other functions for T_V_ but as you pointed out people don't actually want that, so maybe we forget about that.",
    "speaker_id": "D",
    "start_time": 776.496
  },
  {
    "end_time": 826.159,
    "segment": "It's for one T_V_ oh right okay, sure. And so the last thing I thought w which I quickly mentioned in the other one was maybe a bit of a gimmick to set us apart from other people, like glow-in-the-dark um which does already e exist but it's not very widely used I don't think. Easy finder with the a whistle function or something, or rechargeable station because it's a pain when you run out of batteries. And I think that, yep, that's it. Okay?",
    "speaker_id": "D",
    "start_time": 795.187
  },
  {
    "end_time": 830.544,
    "segment": "Mm-hmm.",
    "speaker_id": "D",
    "start_time": 830.112
  },
  {
    "end_time": 842.768,
    "segment": "Um, I haven't been able to",
    "speaker_id": "D",
    "start_time": 840.304
  },
  {
    "end_time": 851.783,
    "segment": "Mm-hmm, yeah or some sort of voice",
    "speaker_id": "D",
    "start_time": 848.368
  },
  {
    "end_time": 858.96,
    "segment": "Yeah.",
    "speaker_id": "D",
    "start_time": 858.304
  },
  {
    "end_time": 864.144,
    "segment": "Mm-hmm.",
    "speaker_id": "D",
    "start_time": 863.792
  },
  {
    "end_time": 872.512,
    "segment": "Yeah, something.",
    "speaker_id": "D",
    "start_time": 871.536
  },
  {
    "end_time": 892.88,
    "segment": "Oh you need to twiddle the thingamibobsy thing.",
    "speaker_id": "D",
    "start_time": 889.376
  },
  {
    "end_time": 898.992,
    "segment": "Okay.",
    "speaker_id": "D",
    "start_time": 898.048
  },
  {
    "end_time": 981.648,
    "segment": "Mm-hmm.",
    "speaker_id": "D",
    "start_time": 980.84
  },
  {
    "end_time": 983.6,
    "segment": "Mm-hmm.",
    "speaker_id": "D",
    "start_time": 983.168
  },
  {
    "end_time": 1008.112,
    "segment": "Mm-hmm.",
    "speaker_id": "D",
    "start_time": 1007.696
  },
  {
    "end_time": 1053.496,
    "segment": "Yeah sure.",
    "speaker_id": "D",
    "start_time": 1052.204
  },
  {
    "end_time": 1085.685,
    "segment": "Well I like that design.",
    "speaker_id": "D",
    "start_time": 1082.724
  },
  {
    "end_time": 1099.936,
    "segment": "Yeah, not a problem.",
    "speaker_id": "D",
    "start_time": 1098.32
  },
  {
    "end_time": 1117.936,
    "segment": "Mm-hmm.",
    "speaker_id": "D",
    "start_time": 1117.552
  },
  {
    "end_time": 1134.22,
    "segment": "Or a little base station or something,.",
    "speaker_id": "D",
    "start_time": 1131.391
  },
  {
    "end_time": 1148.907,
    "segment": "That might cost more though, 'cause obviously with batteries we don't need to provide, well we provide the first batteries, but it's more, it's that's cheaper to just provide batteries.",
    "speaker_id": "D",
    "start_time": 1137.776
  },
  {
    "end_time": 1153.114,
    "segment": "A battery in it, kinda.",
    "speaker_id": "D",
    "start_time": 1151.488
  },
  {
    "end_time": 1155.412,
    "segment": "Okay.",
    "speaker_id": "D",
    "start_time": 1154.622
  },
  {
    "end_time": 1157.136,
    "segment": "Okay.",
    "speaker_id": "D",
    "start_time": 1155.877
  },
  {
    "end_time": 1225.536,
    "segment": "Mm.",
    "speaker_id": "D",
    "start_time": 1225.152
  },
  {
    "end_time": 1235.76,
    "segment": "Mm that's a good idea actually I like the programmable options.",
    "speaker_id": "D",
    "start_time": 1231.887
  },
  {
    "end_time": 1249.721,
    "segment": "Mm 'kay.",
    "speaker_id": "D",
    "start_time": 1248.477
  },
  {
    "end_time": 1303.184,
    "segment": "Mm-hmm.",
    "speaker_id": "D",
    "start_time": 1302.848
  },
  {
    "end_time": 1312.845,
    "segment": "Okay.",
    "speaker_id": "D",
    "start_time": 1311.983
  },
  {
    "end_time": 1324.24,
    "segment": "Corporate colour.",
    "speaker_id": "D",
    "start_time": 1323.264
  },
  {
    "end_time": 1326.456,
    "segment": "Okay.",
    "speaker_id": "D",
    "start_time": 1325.33
  },
  {
    "end_time": 1338.592,
    "segment": "Mm-hmm.",
    "speaker_id": "D",
    "start_time": 1338.112
  },
  {
    "end_time": 1357.168,
    "segment": "Yeah.",
    "speaker_id": "D",
    "start_time": 1356.704
  },
  {
    "end_time": 1360.062,
    "segment": "Okay.",
    "speaker_id": "D",
    "start_time": 1359.108
  },
  {
    "end_time": 1372.608,
    "segment": "'Kay.",
    "speaker_id": "D",
    "start_time": 1372.304
  },
  {
    "end_time": 1393.2,
    "segment": "Mm-hmm.",
    "speaker_id": "D",
    "start_time": 1392.784
  },
  {
    "end_time": 1395.291,
    "segment": "Mm-hmm.",
    "speaker_id": "D",
    "start_time": 1394.549
  },
  {
    "end_time": 1405.344,
    "segment": "Although the the danger with that is, it could look a bit cheap.",
    "speaker_id": "D",
    "start_time": 1401.648
  },
  {
    "end_time": 1409.552,
    "segment": "Yeah. Well",
    "speaker_id": "D",
    "start_time": 1408.208
  },
  {
    "end_time": 1412.624,
    "segment": "Mm.",
    "speaker_id": "D",
    "start_time": 1412.24
  },
  {
    "end_time": 1418.041,
    "segment": "On the number of buttons, kind of functions and stuff.",
    "speaker_id": "D",
    "start_time": 1415.152
  },
  {
    "end_time": 1420.688,
    "segment": "Mm-hmm, okay.",
    "speaker_id": "D",
    "start_time": 1419.968
  },
  {
    "end_time": 1423.072,
    "segment": "Okay, cool.",
    "speaker_id": "D",
    "start_time": 1422.416
  },
  {
    "end_time": 1484.539,
    "segment": "Mm-hmm, mm-hmm.",
    "speaker_id": "D",
    "start_time": 1483.392
  },
  {
    "end_time": 1491.152,
    "segment": "Mm-hmm.",
    "speaker_id": "D",
    "start_time": 1490.736
  },
  {
    "end_time": 1494.016,
    "segment": "Yeah.",
    "speaker_id": "D",
    "start_time": 1493.584
  },
  {
    "end_time": 1508.272,
    "segment": "Yeah.",
    "speaker_id": "D",
    "start_time": 1507.968
  },
  {
    "end_time": 1510.08,
    "segment": "Okay.",
    "speaker_id": "D",
    "start_time": 1509.6
  },
  {
    "end_time": 1517.017,
    "segment": "Um",
    "speaker_id": "D",
    "start_time": 1516.448
  },
  {
    "end_time": 1524.147,
    "segment": "Glow in the dark material I was thinking. Um, so I I guess that would be cheaper than a light I think.",
    "speaker_id": "D",
    "start_time": 1518.016
  },
  {
    "end_time": 1540.534,
    "segment": "Often lost s was that, yeah.",
    "speaker_id": "D",
    "start_time": 1538.367
  },
  {
    "end_time": 1544.592,
    "segment": "Mm-hmm.",
    "speaker_id": "D",
    "start_time": 1544.208
  },
  {
    "end_time": 1551.319,
    "segment": "Mm-hmm.",
    "speaker_id": "D",
    "start_time": 1550.575
  },
  {
    "end_time": 1566.258,
    "segment": "Mm-hmm, mm-hmm.",
    "speaker_id": "D",
    "start_time": 1564.688
  },
  {
    "end_time": 1600.016,
    "segment": "Mm.",
    "speaker_id": "D",
    "start_time": 1599.584
  },
  {
    "end_time": 1615.452,
    "segment": "Mm-hmm.",
    "speaker_id": "D",
    "start_time": 1614.792
  },
  {
    "end_time": 1617.441,
    "segment": "'Kay.",
    "speaker_id": "D",
    "start_time": 1616.699
  },
  {
    "end_time": 1642.602,
    "segment": "Well what about this might get a bit too expensive actually, but what about um something that's built into the T_V_ um that you can press and it'll send out a little signal you know like the ones that we can't hear or something um that that will activate the remote control starts to beep. If you find if y",
    "speaker_id": "D",
    "start_time": 1620.592
  },
  {
    "end_time": 1644.336,
    "segment": "Yeah.",
    "speaker_id": "D",
    "start_time": 1643.92
  },
  {
    "end_time": 1667.008,
    "segment": "Mm. Yeah, that's the only thing, yeah.",
    "speaker_id": "D",
    "start_time": 1663.168
  },
  {
    "end_time": 1673.987,
    "segment": "That comes with our remote control. Yeah.",
    "speaker_id": "D",
    "start_time": 1671.376
  },
  {
    "end_time": 1679.344,
    "segment": "Mm-hmm.",
    "speaker_id": "D",
    "start_time": 1679.024
  },
  {
    "end_time": 1714.768,
    "segment": "That could also be built into the T_V_ though, which might make our remote control a bit obsolete.",
    "speaker_id": "D",
    "start_time": 1710.688
  },
  {
    "end_time": 1719.759,
    "segment": "Yeah, okay.",
    "speaker_id": "D",
    "start_time": 1717.696
  },
  {
    "end_time": 1741.6,
    "segment": "Mm.",
    "speaker_id": "D",
    "start_time": 1741.104
  },
  {
    "end_time": 1745.7,
    "segment": "And the expense.",
    "speaker_id": "D",
    "start_time": 1744.608
  },
  {
    "end_time": 1746.288,
    "segment": "Mm-hmm.",
    "speaker_id": "D",
    "start_time": 1746.032
  },
  {
    "end_time": 1768.096,
    "segment": "Mm.",
    "speaker_id": "D",
    "start_time": 1767.568
  },
  {
    "end_time": 1791.6,
    "segment": "Maybe not even all of it 'cause we said um colours and fashion w were important so maybe um just like a little l line that's kind of around the outside and then you can make the rest a different colour.",
    "speaker_id": "D",
    "start_time": 1780.848
  },
  {
    "end_time": 1799.296,
    "segment": "Mm-hmm.",
    "speaker_id": "D",
    "start_time": 1798.7
  },
  {
    "end_time": 1807.456,
    "segment": "Mm-hmm.",
    "speaker_id": "D",
    "start_time": 1807.104
  },
  {
    "end_time": 1816.48,
    "segment": "Yeah, 'cause what I thought, main",
    "speaker_id": "D",
    "start_time": 1814.432
  },
  {
    "end_time": 1825.152,
    "segment": "Slogan, yeah.",
    "speaker_id": "D",
    "start_time": 1824.143
  },
  {
    "end_time": 1830.77,
    "segment": "Right.",
    "speaker_id": "D",
    "start_time": 1829.929
  },
  {
    "end_time": 1833.888,
    "segment": "Mm-hmm.",
    "speaker_id": "D",
    "start_time": 1833.6
  },
  {
    "end_time": 1844.368,
    "segment": "'Cause yeah, that w more than finding it, that was more like you know if you're watching a film in the dark, you can um still see the remote control.",
    "speaker_id": "D",
    "start_time": 1835.168
  },
  {
    "end_time": 1847.705,
    "segment": "That was more of a a gimmick.",
    "speaker_id": "D",
    "start_time": 1845.568
  },
  {
    "end_time": 1862.585,
    "segment": "Mm.",
    "speaker_id": "D",
    "start_time": 1861.296
  },
  {
    "end_time": 1865.04,
    "segment": "Yeah, unnecessary. Yeah.",
    "speaker_id": "D",
    "start_time": 1863.664
  },
  {
    "end_time": 1894.001,
    "segment": "Mm.",
    "speaker_id": "D",
    "start_time": 1893.074
  },
  {
    "end_time": 1904.931,
    "segment": "So is that one of our definite requirements that they wa that it needs a T_F_T_ screen?",
    "speaker_id": "D",
    "start_time": 1899.92
  },
  {
    "end_time": 1958.112,
    "segment": "Yeah you think so?",
    "speaker_id": "D",
    "start_time": 1957.178
  },
  {
    "end_time": 1972.954,
    "segment": "Okay.",
    "speaker_id": "D",
    "start_time": 1972.135
  },
  {
    "end_time": 1996.854,
    "segment": "Mm-hmm, that's cool.",
    "speaker_id": "D",
    "start_time": 1995.202
  },
  {
    "end_time": 2003.376,
    "segment": "Um",
    "speaker_id": "D",
    "start_time": 2002.4
  },
  {
    "end_time": 2017.468,
    "segment": "if it's not too expensive s I think it's a good gimmick.",
    "speaker_id": "D",
    "start_time": 2014.816
  },
  {
    "end_time": 2023.328,
    "segment": "Mm-hmm.",
    "speaker_id": "D",
    "start_time": 2022.768
  },
  {
    "end_time": 2043.472,
    "segment": "And where is it sorry?",
    "speaker_id": "D",
    "start_time": 2042.0
  },
  {
    "end_time": 2054.394,
    "segment": "Oh.",
    "speaker_id": "D",
    "start_time": 2053.424
  },
  {
    "end_time": 2071.408,
    "segment": "Okay, cool.",
    "speaker_id": "D",
    "start_time": 2070.528
  },
  {
    "end_time": 2096.411,
    "segment": "Okay.",
    "speaker_id": "D",
    "start_time": 2095.69
  },
  {
    "end_time": 2112.48,
    "segment": "Okay.",
    "speaker_id": "D",
    "start_time": 2111.936
  },
  {
    "end_time": 2139.95,
    "segment": "What I thought as well about the material is um maybe not this kind of material, but maybe more like um this kind of rubbery material, it's a bit more bouncy, like you said they get chucked around a lot. Um, a bit more durable and that can also be ergonomic and it kind of feels a bit different from all the other remote controls. The rubber rather than",
    "speaker_id": "D",
    "start_time": 2113.888
  },
  {
    "end_time": 2145.488,
    "segment": "Mm-hmm, mm-hmm.",
    "speaker_id": "D",
    "start_time": 2144.464
  },
  {
    "end_time": 2180.336,
    "segment": "Oh I think wi with the more organic shape of it it won't be as it won't as have many sharp corners as that, so that's something good, um",
    "speaker_id": "D",
    "start_time": 2169.936
  },
  {
    "end_time": 2183.12,
    "segment": "I dunno, I mean",
    "speaker_id": "D",
    "start_time": 2182.112
  },
  {
    "end_time": 2199.649,
    "segment": "That's a good idea. Interesting.",
    "speaker_id": "D",
    "start_time": 2195.712
  },
  {
    "end_time": 2207.809,
    "segment": "Yeah, d with the colour, um does it have to be all yellow, do you know?",
    "speaker_id": "D",
    "start_time": 2202.256
  },
  {
    "end_time": 2209.55,
    "segment": "No.",
    "speaker_id": "D",
    "start_time": 2208.89
  },
  {
    "end_time": 2216.768,
    "segment": "Yeah.",
    "speaker_id": "D",
    "start_time": 2216.24
  },
  {
    "end_time": 2220.703,
    "segment": "Having a little bit. Okay cool.",
    "speaker_id": "D",
    "start_time": 2218.013
  },
  {
    "end_time": 2224.112,
    "segment": "Mm mm.",
    "speaker_id": "D",
    "start_time": 2222.928
  },
  {
    "end_time": 2226.0,
    "segment": "Mm-hmm, okay.",
    "speaker_id": "D",
    "start_time": 2224.528
  },
  {
    "end_time": 2227.984,
    "segment": "Cool.",
    "speaker_id": "D",
    "start_time": 2227.568
  },
  {
    "end_time": 2245.705,
    "segment": "Oh yeah, that's a good one that. Yeah so.",
    "speaker_id": "D",
    "start_time": 2242.864
  },
  {
    "end_time": 2284.208,
    "segment": "Wow. Has anybo oh. Has anybody pressed okay, it vibrates. It's pretty cool.",
    "speaker_id": "D",
    "start_time": 2277.136
  },
  {
    "end_time": 2288.656,
    "segment": "Yeah, got small writing.",
    "speaker_id": "D",
    "start_time": 2286.8
  },
  {
    "end_time": 2292.864,
    "segment": "I don't wanna waste it.",
    "speaker_id": "D",
    "start_time": 2291.632
  }
]