{
  "abs_summ": {
    "abs_summs_count": 12,
    "ext_summs_count": 178
  },
  "ap": [
    [
      {
        "act": "I think we're slightly ahead of ourselves",
        "end_time": 93.52,
        "is_in_ext_summ": false,
        "start_time": 91.52
      },
      {
        "act": "Yeah, yeah I was getting that impression as well.",
        "end_time": 98.26,
        "is_in_ext_summ": false,
        "start_time": 96.01
      }
    ],
    [
      {
        "act": "from the last meeting,",
        "end_time": 96.77,
        "is_in_ext_summ": false,
        "start_time": 94.77
      },
      {
        "act": "Yeah, yeah I was getting that impression as well.",
        "end_time": 98.26,
        "is_in_ext_summ": false,
        "start_time": 96.01
      },
      {
        "act": "I th I I think yeah um.",
        "end_time": 99.69,
        "is_in_ext_summ": false,
        "start_time": 96.77
      }
    ],
    [
      {
        "act": "You were going to look into the rechargeable batteries",
        "end_time": 172.1,
        "is_in_ext_summ": false,
        "start_time": 168.97
      },
      {
        "act": "Yeah.",
        "end_time": 172.65,
        "is_in_ext_summ": false,
        "start_time": 172.32
      }
    ],
    [
      {
        "act": "Okay, so shall we start with the first presentation?",
        "end_time": 191.93,
        "is_in_ext_summ": false,
        "start_time": 188.62
      },
      {
        "act": "Shall I?",
        "end_time": 192.1,
        "is_in_ext_summ": false,
        "start_time": 191.24
      },
      {
        "act": "Yes if you feel",
        "end_time": 192.81,
        "is_in_ext_summ": false,
        "start_time": 191.93
      },
      {
        "act": "Okay.",
        "end_time": 193.33,
        "is_in_ext_summ": false,
        "start_time": 192.1
      }
    ],
    [
      {
        "act": "let's start from the inside and work our way out.",
        "end_time": 363.91,
        "is_in_ext_summ": false,
        "start_time": 361.49
      },
      {
        "act": "Fine. It's okay with me.",
        "end_time": 364.99,
        "is_in_ext_summ": false,
        "start_time": 363.56
      },
      {
        "act": "Yeah, okay.",
        "end_time": 365.82,
        "is_in_ext_summ": false,
        "start_time": 364.29
      }
    ],
    [
      {
        "act": "Not yet?",
        "end_time": 369.01,
        "is_in_ext_summ": false,
        "start_time": 367.42
      },
      {
        "act": "I don't think so, not yet.",
        "end_time": 369.49,
        "is_in_ext_summ": false,
        "start_time": 367.55
      },
      {
        "act": "'Kay.",
        "end_time": 369.44,
        "is_in_ext_summ": false,
        "start_time": 369.01
      }
    ],
    [
      {
        "act": "I hate those little things",
        "end_time": 389.72,
        "is_in_ext_summ": false,
        "start_time": 388.56
      },
      {
        "act": "Yeah.",
        "end_time": 390.29,
        "is_in_ext_summ": false,
        "start_time": 389.94
      }
    ],
    [
      {
        "act": "especially if you do them on too tight and you can't get the leverage on them to undo them.",
        "end_time": 395.96,
        "is_in_ext_summ": false,
        "start_time": 390.96
      },
      {
        "act": "I know.",
        "end_time": 395.9,
        "is_in_ext_summ": false,
        "start_time": 395.41
      }
    ],
    [
      {
        "act": "dynamo charging,",
        "end_time": 494.99,
        "is_in_ext_summ": true,
        "start_time": 493.7
      },
      {
        "act": "can you explain that?",
        "end_time": 498.86,
        "is_in_ext_summ": false,
        "start_time": 497.99
      },
      {
        "act": "it's it's basically like wind-up radio.",
        "end_time": 502.19,
        "is_in_ext_summ": false,
        "start_time": 498.9
      },
      {
        "act": "right, okay.",
        "end_time": 502.6,
        "is_in_ext_summ": false,
        "start_time": 501.75
      }
    ],
    [
      {
        "act": "So you wind up your remote control before you use it.",
        "end_time": 506.26,
        "is_in_ext_summ": true,
        "start_time": 502.19
      },
      {
        "act": "how l long can you get out of that,",
        "end_time": 507.99,
        "is_in_ext_summ": false,
        "start_time": 506.6
      }
    ],
    [
      {
        "act": "I mean can you pick it up and then wind it for two minutes and then that's it for the night? Or",
        "end_time": 512.55,
        "is_in_ext_summ": false,
        "start_time": 507.99
      },
      {
        "act": "Yeah, yeah, oh yeah I presu you wouldn't have to wind it for very long,",
        "end_time": 516.88,
        "is_in_ext_summ": false,
        "start_time": 512.15
      }
    ],
    [
      {
        "act": "'cause most people have the light on in the room anyway so they could get when when you got T_V_.",
        "end_time": 533.17,
        "is_in_ext_summ": true,
        "start_time": 527.39
      },
      {
        "act": "That doesn't count though does it?",
        "end_time": 532.94,
        "is_in_ext_summ": false,
        "start_time": 531.46
      },
      {
        "act": "Does does light charge as as sunlight does?",
        "end_time": 534.91,
        "is_in_ext_summ": false,
        "start_time": 532.32
      },
      {
        "act": "I thought it was U_V_ like",
        "end_time": 537.8,
        "is_in_ext_summ": false,
        "start_time": 533.78
      },
      {
        "act": "Is it?",
        "end_time": 537.43,
        "is_in_ext_summ": false,
        "start_time": 536.91
      },
      {
        "act": "Alright i",
        "end_time": 539.1,
        "is_in_ext_summ": false,
        "start_time": 537.43
      },
      {
        "act": "Has to be solar.",
        "end_time": 539.99,
        "is_in_ext_summ": false,
        "start_time": 539.17
      }
    ],
    [
      {
        "act": "Any, any",
        "end_time": 540.83,
        "is_in_ext_summ": false,
        "start_time": 539.61
      },
      {
        "act": "Yep.",
        "end_time": 540.83,
        "is_in_ext_summ": false,
        "start_time": 540.57
      }
    ],
    [
      {
        "act": "and dynamo might take more space.",
        "end_time": 552.17,
        "is_in_ext_summ": false,
        "start_time": 548.72
      },
      {
        "act": "Yeah it would the d yeah the dynamo would take more space",
        "end_time": 554.35,
        "is_in_ext_summ": false,
        "start_time": 551.03
      }
    ],
    [
      {
        "act": "I'm pretty sure that solar is from the sun.",
        "end_time": 559.69,
        "is_in_ext_summ": true,
        "start_time": 557.01
      },
      {
        "act": "Yeah, okay.",
        "end_time": 560.85,
        "is_in_ext_summ": false,
        "start_time": 559.77
      }
    ],
    [
      {
        "act": "Uh, I don't think it counts electric lights",
        "end_time": 563.13,
        "is_in_ext_summ": false,
        "start_time": 560.54
      },
      {
        "act": "Artificial light, no.",
        "end_time": 563.03,
        "is_in_ext_summ": false,
        "start_time": 561.91
      },
      {
        "act": "no,",
        "end_time": 563.79,
        "is_in_ext_summ": false,
        "start_time": 563.13
      }
    ],
    [
      {
        "act": "I mean people who live in basement flats there's not that many people, but there are people.",
        "end_time": 573.0,
        "is_in_ext_summ": false,
        "start_time": 568.35
      },
      {
        "act": "I know,",
        "end_time": 571.43,
        "is_in_ext_summ": false,
        "start_time": 571.17
      },
      {
        "act": "different parts of the world too, if we're if we're marketing internationally.",
        "end_time": 575.32,
        "is_in_ext_summ": false,
        "start_time": 571.43
      },
      {
        "act": "Yeah",
        "end_time": 575.36,
        "is_in_ext_summ": false,
        "start_time": 575.14
      },
      {
        "act": "and most people most people also watch T_V_ in the in the night anyway.",
        "end_time": 580.39,
        "is_in_ext_summ": false,
        "start_time": 575.36
      },
      {
        "act": "Mm, but then it would be charging through the day,",
        "end_time": 582.72,
        "is_in_ext_summ": false,
        "start_time": 580.59
      }
    ],
    [
      {
        "act": "I think the point is that it charges through the day and then you've got it charged for the evening.",
        "end_time": 588.72,
        "is_in_ext_summ": false,
        "start_time": 582.72
      },
      {
        "act": "But I I think I think the the next one's the best anyway.",
        "end_time": 590.62,
        "is_in_ext_summ": true,
        "start_time": 587.25
      },
      {
        "act": "Okay.",
        "end_time": 590.6,
        "is_in_ext_summ": false,
        "start_time": 590.12
      }
    ],
    [
      {
        "act": "The the kinetic charging which is like you get it in r you get it in wrist watches",
        "end_time": 595.58,
        "is_in_ext_summ": true,
        "start_time": 590.62
      },
      {
        "act": "Yeah I've seen",
        "end_time": 596.24,
        "is_in_ext_summ": false,
        "start_time": 595.4
      }
    ],
    [
      {
        "act": "I don't think you'd ever need to actually physically start shaking it up to make it work.",
        "end_time": 608.06,
        "is_in_ext_summ": false,
        "start_time": 603.86
      },
      {
        "act": "what are the life of the kinetic battery,",
        "end_time": 611.61,
        "is_in_ext_summ": false,
        "start_time": 609.69
      }
    ],
    [
      {
        "act": "it like it runs for long time?",
        "end_time": 613.53,
        "is_in_ext_summ": true,
        "start_time": 611.61
      },
      {
        "act": "Um yeah",
        "end_time": 614.41,
        "is_in_ext_summ": false,
        "start_time": 613.51
      },
      {
        "act": "well I do I d I'm not entirely sure how long it would last but I've never seen one run out.",
        "end_time": 640.41,
        "is_in_ext_summ": true,
        "start_time": 634.92
      },
      {
        "act": "But then if you think about a watch, it's on your wrist so it's on your whole bod it's on your body the whole time",
        "end_time": 645.87,
        "is_in_ext_summ": false,
        "start_time": 640.02
      }
    ],
    [
      {
        "act": "Is it really gonna be enough?",
        "end_time": 657.18,
        "is_in_ext_summ": false,
        "start_time": 655.88
      },
      {
        "act": "I I think it is",
        "end_time": 658.29,
        "is_in_ext_summ": false,
        "start_time": 657.15
      }
    ],
    [
      {
        "act": "and they don't run out over night when you leave them on the side.",
        "end_time": 673.33,
        "is_in_ext_summ": false,
        "start_time": 669.13
      },
      {
        "act": "Okay.",
        "end_time": 672.94,
        "is_in_ext_summ": false,
        "start_time": 672.45
      }
    ],
    [
      {
        "act": "And th for the same the same reason, you're only using it for a v incredibly short amount of time just to send the signal and then you're finished with it",
        "end_time": 682.05,
        "is_in_ext_summ": false,
        "start_time": 673.33
      },
      {
        "act": "So it's not the draw on it isn't",
        "end_time": 683.43,
        "is_in_ext_summ": false,
        "start_time": 681.77
      },
      {
        "act": "no no I do I don't think the the draw on it would be",
        "end_time": 686.69,
        "is_in_ext_summ": false,
        "start_time": 683.29
      }
    ],
    [
      {
        "act": "or the two things not compatible?",
        "end_time": 697.26,
        "is_in_ext_summ": false,
        "start_time": 695.86
      },
      {
        "act": "Like a dual kind of.",
        "end_time": 699.6,
        "is_in_ext_summ": false,
        "start_time": 698.23
      },
      {
        "act": "Ye yeah I think I th uh g y you could have a dual um power thing",
        "end_time": 702.05,
        "is_in_ext_summ": true,
        "start_time": 695.82
      }
    ],
    [
      {
        "act": "on a calculator they they're qui they're quite big and they all they all look i identical.",
        "end_time": 714.99,
        "is_in_ext_summ": true,
        "start_time": 709.47
      },
      {
        "act": "So that affects the exterior design.",
        "end_time": 716.48,
        "is_in_ext_summ": false,
        "start_time": 714.49
      },
      {
        "act": "Expensive as well.",
        "end_time": 717.74,
        "is_in_ext_summ": false,
        "start_time": 716.16
      },
      {
        "act": "They're they're expensive,",
        "end_time": 718.59,
        "is_in_ext_summ": false,
        "start_time": 717.25
      }
    ],
    [
      {
        "act": "I presume the normal batteries are the cheapest?",
        "end_time": 723.11,
        "is_in_ext_summ": false,
        "start_time": 720.39
      },
      {
        "act": "Yeah the normal batteries would be the cheapest",
        "end_time": 725.2,
        "is_in_ext_summ": true,
        "start_time": 722.99
      }
    ],
    [
      {
        "act": "It's i I think they're not very resistant to dropping,",
        "end_time": 737.99,
        "is_in_ext_summ": false,
        "start_time": 732.43
      },
      {
        "act": "Solar.",
        "end_time": 738.94,
        "is_in_ext_summ": false,
        "start_time": 738.35
      },
      {
        "act": "yeah",
        "end_time": 739.44,
        "is_in_ext_summ": false,
        "start_time": 739.15
      },
      {
        "act": "Well they're not designed",
        "end_time": 741.44,
        "is_in_ext_summ": false,
        "start_time": 740.29
      }
    ],
    [
      {
        "act": "but I mean if remotes always get thrown around and stuff, so.",
        "end_time": 748.5,
        "is_in_ext_summ": false,
        "start_time": 743.95
      },
      {
        "act": "Practical-wise okay.",
        "end_time": 751.56,
        "is_in_ext_summ": false,
        "start_time": 750.02
      },
      {
        "act": "yeah, practically.",
        "end_time": 751.89,
        "is_in_ext_summ": false,
        "start_time": 750.85
      }
    ],
    [
      {
        "act": "whereas remotes you do,",
        "end_time": 759.13,
        "is_in_ext_summ": false,
        "start_time": 756.77
      },
      {
        "act": "You do get a bit of wear",
        "end_time": 760.06,
        "is_in_ext_summ": false,
        "start_time": 759.16
      }
    ],
    [
      {
        "act": "but don't calculators have a battery in them as well?",
        "end_time": 763.08,
        "is_in_ext_summ": false,
        "start_time": 760.06
      },
      {
        "act": "Yeah they do,",
        "end_time": 762.97,
        "is_in_ext_summ": false,
        "start_time": 762.39
      },
      {
        "act": "yeah they've got dual things, but they're the batteries are smaller I think.",
        "end_time": 766.97,
        "is_in_ext_summ": false,
        "start_time": 763.1
      }
    ],
    [
      {
        "act": "A remote control, like,",
        "end_time": 776.92,
        "is_in_ext_summ": false,
        "start_time": 775.96
      },
      {
        "act": "W m yeah",
        "end_time": 777.77,
        "is_in_ext_summ": false,
        "start_time": 776.18
      }
    ],
    [
      {
        "act": "so we have to s look at the life also.",
        "end_time": 779.34,
        "is_in_ext_summ": false,
        "start_time": 776.92
      },
      {
        "act": "Yeah",
        "end_time": 779.97,
        "is_in_ext_summ": false,
        "start_time": 779.62
      }
    ],
    [
      {
        "act": "it would d well you know how long the standard double A_s would last in or triple A_s would last.",
        "end_time": 797.83,
        "is_in_ext_summ": false,
        "start_time": 792.46
      },
      {
        "act": "It would just detract from the attractiveness of the of the whole feature,",
        "end_time": 799.6,
        "is_in_ext_summ": false,
        "start_time": 796.5
      },
      {
        "act": "Yeah I think i I think it would, yeah.",
        "end_time": 801.95,
        "is_in_ext_summ": false,
        "start_time": 799.32
      }
    ],
    [
      {
        "act": "Okay, can we add in uh an attachment to closing feature?",
        "end_time": 806.29,
        "is_in_ext_summ": false,
        "start_time": 801.89
      },
      {
        "act": "Okay.",
        "end_time": 807.27,
        "is_in_ext_summ": false,
        "start_time": 806.95
      }
    ],
    [
      {
        "act": "'Cause if we're doing the kinetic thing",
        "end_time": 812.08,
        "is_in_ext_summ": true,
        "start_time": 809.78
      },
      {
        "act": "Shouldn't we do some market research on that first before we add it in",
        "end_time": 815.52,
        "is_in_ext_summ": true,
        "start_time": 812.31
      },
      {
        "act": "Well add it in to think about um",
        "end_time": 819.12,
        "is_in_ext_summ": false,
        "start_time": 816.29
      }
    ],
    [
      {
        "act": "it's not a thing that people are looking for",
        "end_time": 863.69,
        "is_in_ext_summ": false,
        "start_time": 861.87
      },
      {
        "act": "Okay.",
        "end_time": 864.52,
        "is_in_ext_summ": false,
        "start_time": 864.04
      }
    ],
    [
      {
        "act": "when we threw it open to the field yeah.",
        "end_time": 866.45,
        "is_in_ext_summ": false,
        "start_time": 864.84
      },
      {
        "act": "Okay.",
        "end_time": 868.5,
        "is_in_ext_summ": false,
        "start_time": 868.04
      }
    ],
    [
      {
        "act": "But it's something to put on the side to think about maybe.",
        "end_time": 870.2,
        "is_in_ext_summ": true,
        "start_time": 868.04
      },
      {
        "act": "Okay, right.",
        "end_time": 872.35,
        "is_in_ext_summ": false,
        "start_time": 871.63
      },
      {
        "act": "Okay,",
        "end_time": 872.54,
        "is_in_ext_summ": false,
        "start_time": 872.2
      }
    ],
    [
      {
        "act": "most current remotes use this silicone uh P_C_B_ board which pr printed circuit board,",
        "end_time": 888.99,
        "is_in_ext_summ": true,
        "start_time": 879.6
      },
      {
        "act": "What kind of things do we have to consider there?",
        "end_time": 919.88,
        "is_in_ext_summ": false,
        "start_time": 918.16
      }
    ],
    [
      {
        "act": "does it come in varying sizes or is it just one size and we would have to fit the design of",
        "end_time": 928.03,
        "is_in_ext_summ": false,
        "start_time": 922.38
      },
      {
        "act": "the thing about is um they they can be as big or as small as you want them to be",
        "end_time": 934.36,
        "is_in_ext_summ": true,
        "start_time": 928.47
      }
    ],
    [
      {
        "act": "because we'd have it in two separate units",
        "end_time": 1109.2,
        "is_in_ext_summ": false,
        "start_time": 1106.82
      },
      {
        "act": "Hinged, yeah.",
        "end_time": 1112.76,
        "is_in_ext_summ": false,
        "start_time": 1111.47
      }
    ],
    [
      {
        "act": "for the flip phone.",
        "end_time": 1112.42,
        "is_in_ext_summ": false,
        "start_time": 1111.37
      },
      {
        "act": "yeah and second question is like, a mobile you can change the cover,",
        "end_time": 1116.1,
        "is_in_ext_summ": true,
        "start_time": 1112.77
      }
    ],
    [
      {
        "act": "So is that feature available in like uh titanium,",
        "end_time": 1126.45,
        "is_in_ext_summ": false,
        "start_time": 1123.63
      },
      {
        "act": "Yeah in in titanium I don't I don't think it would be available at all really,",
        "end_time": 1132.4,
        "is_in_ext_summ": false,
        "start_time": 1128.23
      }
    ],
    [
      {
        "act": "I've got a mobile phone myself which is titanium and it does mark very easily if you drop it.",
        "end_time": 1159.44,
        "is_in_ext_summ": false,
        "start_time": 1154.44
      },
      {
        "act": "Yeah, yeah.",
        "end_time": 1158.51,
        "is_in_ext_summ": false,
        "start_time": 1156.72
      }
    ],
    [
      {
        "act": "I was just wondering if we make the basic mould out of plastic but have like a rubber cover that goes over,",
        "end_time": 1165.0,
        "is_in_ext_summ": true,
        "start_time": 1159.44
      },
      {
        "act": "Rubber, yeah.",
        "end_time": 1165.12,
        "is_in_ext_summ": false,
        "start_time": 1163.88
      }
    ],
    [
      {
        "act": "that also allows us to kind of have different fasciae for the phone.",
        "end_time": 1169.79,
        "is_in_ext_summ": false,
        "start_time": 1166.61
      },
      {
        "act": "And you can peel them off yeah.",
        "end_time": 1170.09,
        "is_in_ext_summ": false,
        "start_time": 1168.63
      }
    ],
    [
      {
        "act": "So instead of the fascia that comes off being plastic, the fascia that comes off would be the rubber,",
        "end_time": 1176.21,
        "is_in_ext_summ": true,
        "start_time": 1169.94
      },
      {
        "act": "Like a rubber sleeve almost, yeah.",
        "end_time": 1176.01,
        "is_in_ext_summ": false,
        "start_time": 1174.31
      },
      {
        "act": "Yeah.",
        "end_time": 1176.74,
        "is_in_ext_summ": false,
        "start_time": 1176.03
      }
    ],
    [
      {
        "act": "like those pens that you get with the grip, that you can you can pull that off.",
        "end_time": 1180.85,
        "is_in_ext_summ": false,
        "start_time": 1176.21
      },
      {
        "act": "That could be a good idea.",
        "end_time": 1180.68,
        "is_in_ext_summ": false,
        "start_time": 1179.73
      },
      {
        "act": "Okay.",
        "end_time": 1182.52,
        "is_in_ext_summ": false,
        "start_time": 1182.08
      }
    ],
    [
      {
        "act": "it would be comfortable to hold on also.",
        "end_time": 1183.95,
        "is_in_ext_summ": false,
        "start_time": 1182.36
      },
      {
        "act": "Very cheap way of changing the look of it and people can just buy a new one if they want to.",
        "end_time": 1188.37,
        "is_in_ext_summ": false,
        "start_time": 1184.63
      },
      {
        "act": "Well that's been really popular with mobile phones so I don't see why not.",
        "end_time": 1192.63,
        "is_in_ext_summ": true,
        "start_time": 1188.72
      },
      {
        "act": "Mm. Yeah.",
        "end_time": 1193.2,
        "is_in_ext_summ": false,
        "start_time": 1191.82
      }
    ],
    [
      {
        "act": "two they you can have them in a sort of array and you can arrange the buttons on the screen in a sort of set thing and you could have them like a touch",
        "end_time": 1249.58,
        "is_in_ext_summ": false,
        "start_time": 1238.31
      },
      {
        "act": "Sorry I didn't get the last part, you're talking of",
        "end_time": 1253.07,
        "is_in_ext_summ": false,
        "start_time": 1250.61
      },
      {
        "act": "Uh what what",
        "end_time": 1255.52,
        "is_in_ext_summ": false,
        "start_time": 1254.32
      },
      {
        "act": "Just what you said I I didn't get the uh meaning of it completely, you're saying like",
        "end_time": 1259.32,
        "is_in_ext_summ": false,
        "start_time": 1255.66
      }
    ],
    [
      {
        "act": "the problem with it basically is that it's flat and so you can't do lots of curve curved things with it,",
        "end_time": 1270.15,
        "is_in_ext_summ": true,
        "start_time": 1263.6
      },
      {
        "act": "I don't see why the curved thing is a problem,",
        "end_time": 1288.76,
        "is_in_ext_summ": true,
        "start_time": 1286.8
      }
    ],
    [
      {
        "act": "if we for example had a shell, once we open that",
        "end_time": 1292.36,
        "is_in_ext_summ": true,
        "start_time": 1288.76
      },
      {
        "act": "Oh it would be flat inside.",
        "end_time": 1292.93,
        "is_in_ext_summ": false,
        "start_time": 1291.4
      },
      {
        "act": "yeah, so it'd be f yeah, yeah.",
        "end_time": 1294.31,
        "is_in_ext_summ": false,
        "start_time": 1292.36
      },
      {
        "act": "You could have a flat screen inside, yeah,",
        "end_time": 1295.96,
        "is_in_ext_summ": true,
        "start_time": 1292.64
      },
      {
        "act": "but I'm just wondering whether we want an L_C_D_ screen inside.",
        "end_time": 1299.06,
        "is_in_ext_summ": false,
        "start_time": 1295.96
      }
    ],
    [
      {
        "act": "w or we could have rubber buttons which are made of this material which is anti-R_S_I_.",
        "end_time": 1311.88,
        "is_in_ext_summ": true,
        "start_time": 1307.58
      },
      {
        "act": "I think it would be good to have a contrast between, if the whole thing is gonna be this rubber thing it would be good to open it up and see something quite fancy looking inside.",
        "end_time": 1322.37,
        "is_in_ext_summ": true,
        "start_time": 1312.35
      }
    ],
    [
      {
        "act": "Now how would you distinguish, if you had it bare, how would you distinguish where you had to press, I mean",
        "end_time": 1327.54,
        "is_in_ext_summ": false,
        "start_time": 1322.37
      },
      {
        "act": "Yeah I hadn't I hadn't really thought of that to be honest.",
        "end_time": 1331.39,
        "is_in_ext_summ": false,
        "start_time": 1328.39
      }
    ],
    [
      {
        "act": "Is it possible, just as an option, when we open it up, people can use their fingers to press the button, or we have inside like a small pointer thing when people want to.",
        "end_time": 1345.16,
        "is_in_ext_summ": true,
        "start_time": 1334.49
      },
      {
        "act": "Yeah you could, you could have some sort of stylus that you could pull out",
        "end_time": 1344.43,
        "is_in_ext_summ": false,
        "start_time": 1341.3
      },
      {
        "act": "Like one of the palm pop thing.",
        "end_time": 1344.63,
        "is_in_ext_summ": false,
        "start_time": 1343.28
      },
      {
        "act": "but I I think they could get a bit easily lost,",
        "end_time": 1349.93,
        "is_in_ext_summ": true,
        "start_time": 1344.43
      },
      {
        "act": "Yeah.",
        "end_time": 1350.41,
        "is_in_ext_summ": false,
        "start_time": 1349.52
      },
      {
        "act": "They're easy to replace as well, cheap.",
        "end_time": 1352.32,
        "is_in_ext_summ": false,
        "start_time": 1350.41
      },
      {
        "act": "Absolutely,",
        "end_time": 1350.36,
        "is_in_ext_summ": false,
        "start_time": 1349.89
      },
      {
        "act": "It would have to be attached.",
        "end_time": 1352.33,
        "is_in_ext_summ": false,
        "start_time": 1350.45
      }
    ],
    [
      {
        "act": "f for somebody who very often, if he would",
        "end_time": 1353.77,
        "is_in_ext_summ": false,
        "start_time": 1350.36
      },
      {
        "act": "Hmm.",
        "end_time": 1353.52,
        "is_in_ext_summ": false,
        "start_time": 1353.08
      },
      {
        "act": "a person who switches channels very often or does use a particular function very often will find it very irritating to use a",
        "end_time": 1360.97,
        "is_in_ext_summ": false,
        "start_time": 1353.77
      }
    ],
    [
      {
        "act": "and he might spoil the touch-pad very fast compared to a button like, if you keep punching with an pointer or whatever.",
        "end_time": 1367.41,
        "is_in_ext_summ": false,
        "start_time": 1360.97
      },
      {
        "act": "Yeah okay.",
        "end_time": 1368.55,
        "is_in_ext_summ": false,
        "start_time": 1367.68
      },
      {
        "act": "Yeah just a thought",
        "end_time": 1369.22,
        "is_in_ext_summ": false,
        "start_time": 1368.02
      }
    ],
    [
      {
        "act": "so they wouldn't really need a",
        "end_time": 1373.95,
        "is_in_ext_summ": false,
        "start_time": 1372.96
      },
      {
        "act": "Okay, we'll talk about that",
        "end_time": 1376.03,
        "is_in_ext_summ": false,
        "start_time": 1374.37
      }
    ],
    [
      {
        "act": "so if you finish your",
        "end_time": 1377.38,
        "is_in_ext_summ": false,
        "start_time": 1376.03
      },
      {
        "act": "yeah that that's the end of m my",
        "end_time": 1380.72,
        "is_in_ext_summ": false,
        "start_time": 1378.48
      },
      {
        "act": "That's you, right okay.",
        "end_time": 1381.31,
        "is_in_ext_summ": false,
        "start_time": 1379.23
      },
      {
        "act": "And just one small question before like you are,",
        "end_time": 1382.37,
        "is_in_ext_summ": false,
        "start_time": 1380.42
      }
    ],
    [
      {
        "act": "like we are keeping the standard buttons on the top and the more complex buttons under this thing, so we can divide the circuit like you know.",
        "end_time": 1393.04,
        "is_in_ext_summ": false,
        "start_time": 1387.59
      },
      {
        "act": "Yeah yeah that that would be fairly simple,",
        "end_time": 1395.73,
        "is_in_ext_summ": false,
        "start_time": 1393.63
      }
    ],
    [
      {
        "act": "you seen those?",
        "end_time": 1427.95,
        "is_in_ext_summ": false,
        "start_time": 1427.21
      },
      {
        "act": "No.",
        "end_time": 1428.45,
        "is_in_ext_summ": false,
        "start_time": 1427.92
      }
    ],
    [
      {
        "act": "Is it possible that when we open our flip-top shell it's a little compact mirror and when you press a button it then goes onto the phone display th uh the remote control display thing.",
        "end_time": 1441.02,
        "is_in_ext_summ": true,
        "start_time": 1431.38
      },
      {
        "act": "We're marketing to guys as much as we are to women.",
        "end_time": 1444.95,
        "is_in_ext_summ": true,
        "start_time": 1441.55
      },
      {
        "act": "They don't look at themselves?",
        "end_time": 1446.38,
        "is_in_ext_summ": false,
        "start_time": 1445.33
      },
      {
        "act": "Well it's a remote control,",
        "end_time": 1449.89,
        "is_in_ext_summ": false,
        "start_time": 1448.66
      },
      {
        "act": "you were sitting watching T_V_ are you gonna want to sort of open it and say oh shit I should go and have a shower and do my hair before I put the T_",
        "end_time": 1457.67,
        "is_in_ext_summ": true,
        "start_time": 1449.89
      },
      {
        "act": "I know what you mean,",
        "end_time": 1454.24,
        "is_in_ext_summ": false,
        "start_time": 1453.41
      }
    ],
    [
      {
        "act": "but maybe we'll leave that one on the side.",
        "end_time": 1466.11,
        "is_in_ext_summ": false,
        "start_time": 1464.65
      },
      {
        "act": "Yeah.",
        "end_time": 1466.63,
        "is_in_ext_summ": false,
        "start_time": 1466.12
      },
      {
        "act": "'Kay.",
        "end_time": 1467.81,
        "is_in_ext_summ": false,
        "start_time": 1467.27
      }
    ],
    [
      {
        "act": "but I don't know if you could get any mirror effect on it,",
        "end_time": 1481.51,
        "is_in_ext_summ": false,
        "start_time": 1479.21
      },
      {
        "act": "Oh I think forget about the mirror",
        "end_time": 1482.57,
        "is_in_ext_summ": false,
        "start_time": 1481.17
      },
      {
        "act": "Okay, okay.",
        "end_time": 1485.97,
        "is_in_ext_summ": false,
        "start_time": 1484.52
      }
    ],
    [
      {
        "act": "we are going to have m maybe a G_ G_U_I_ interface in the f in the middle of the flip-top",
        "end_time": 1557.82,
        "is_in_ext_summ": true,
        "start_time": 1552.14
      },
      {
        "act": "Sorry what does that stand for?",
        "end_time": 1558.81,
        "is_in_ext_summ": false,
        "start_time": 1557.6
      },
      {
        "act": "Which means",
        "end_time": 1559.19,
        "is_in_ext_summ": false,
        "start_time": 1558.24
      },
      {
        "act": "and g graphic user interface",
        "end_time": 1560.19,
        "is_in_ext_summ": false,
        "start_time": 1557.82
      },
      {
        "act": "and g graphic user interface",
        "end_time": 1560.19,
        "is_in_ext_summ": false,
        "start_time": 1557.82
      }
    ],
    [
      {
        "act": "basically which is what we d do in computer, have icons or touch pad or whatever,",
        "end_time": 1564.12,
        "is_in_ext_summ": true,
        "start_time": 1560.19
      },
      {
        "act": "yeah if you have like buttons that appear on the screen in this L_C_D_ screen.",
        "end_time": 1569.12,
        "is_in_ext_summ": false,
        "start_time": 1564.7
      },
      {
        "act": "icons or something y you have is a good example of G_U_I_ graphic user interface.",
        "end_time": 1575.38,
        "is_in_ext_summ": false,
        "start_time": 1570.8
      },
      {
        "act": "Yeah.",
        "end_time": 1575.7,
        "is_in_ext_summ": false,
        "start_time": 1574.84
      },
      {
        "act": "Okay.",
        "end_time": 1575.93,
        "is_in_ext_summ": false,
        "start_time": 1575.51
      }
    ],
    [
      {
        "act": "so f on the s simpler board, on the top we have this button, rubber buttons, to keep frequently changing the channels.",
        "end_time": 1607.8,
        "is_in_ext_summ": true,
        "start_time": 1600.8
      },
      {
        "act": "Can we swap that round so th that the ones that we use all the time are on the bottom part?",
        "end_time": 1614.28,
        "is_in_ext_summ": true,
        "start_time": 1609.46
      }
    ],
    [
      {
        "act": "'Cause if you're thinking about holding it you would be using your thumbs to press, just like a mobile phone.",
        "end_time": 1622.83,
        "is_in_ext_summ": false,
        "start_time": 1615.64
      },
      {
        "act": "Yeah.",
        "end_time": 1623.39,
        "is_in_ext_summ": false,
        "start_time": 1622.52
      },
      {
        "act": "No you'd hold it you don't if you flip it open then you'd be",
        "end_time": 1624.89,
        "is_in_ext_summ": false,
        "start_time": 1622.57
      }
    ],
    [
      {
        "act": "if we just use the shell as an example again, you open that, you've got your L_C_D_ display there and you've got the buttons there so you're holding it in the palm of your hand, yeah.",
        "end_time": 1636.6,
        "is_in_ext_summ": false,
        "start_time": 1629.2
      },
      {
        "act": "Yeah, yeah but you can do it with your thumb li",
        "end_time": 1638.05,
        "is_in_ext_summ": false,
        "start_time": 1635.08
      },
      {
        "act": "That's what I was just saying,",
        "end_time": 1636.74,
        "is_in_ext_summ": false,
        "start_time": 1635.33
      }
    ],
    [
      {
        "act": "and then be able to touch that for the other controls,",
        "end_time": 1644.42,
        "is_in_ext_summ": false,
        "start_time": 1640.95
      },
      {
        "act": "Okay",
        "end_time": 1643.87,
        "is_in_ext_summ": false,
        "start_time": 1643.44
      }
    ],
    [
      {
        "act": "so have the um the volume and the programme, things like that,",
        "end_time": 1650.03,
        "is_in_ext_summ": false,
        "start_time": 1644.42
      },
      {
        "act": "And the lower distance.",
        "end_time": 1650.76,
        "is_in_ext_summ": false,
        "start_time": 1649.49
      },
      {
        "act": "on the lower side.",
        "end_time": 1652.03,
        "is_in_ext_summ": false,
        "start_time": 1650.03
      },
      {
        "act": "Oh f perfect.",
        "end_time": 1651.65,
        "is_in_ext_summ": false,
        "start_time": 1650.76
      },
      {
        "act": "Okay.",
        "end_time": 1652.41,
        "is_in_ext_summ": false,
        "start_time": 1652.03
      }
    ],
    [
      {
        "act": "So it could be like, where is the remote, and the remote answers I am here.",
        "end_time": 1695.27,
        "is_in_ext_summ": true,
        "start_time": 1691.25
      },
      {
        "act": "Yeah.",
        "end_time": 1695.18,
        "is_in_ext_summ": false,
        "start_time": 1694.76
      }
    ],
    [
      {
        "act": "but yeah we can take inspiration from fruit colours, like the vibrant colours, uh red chilli uh",
        "end_time": 1731.79,
        "is_in_ext_summ": true,
        "start_time": 1725.55
      },
      {
        "act": "Yeah.",
        "end_time": 1731.03,
        "is_in_ext_summ": false,
        "start_time": 1730.76
      }
    ],
    [
      {
        "act": "I think most of the users would now be well acquainted with this cer central pattern, here,",
        "end_time": 1751.51,
        "is_in_ext_summ": true,
        "start_time": 1746.09
      },
      {
        "act": "Yeah.",
        "end_time": 1751.55,
        "is_in_ext_summ": false,
        "start_time": 1751.17
      }
    ],
    [
      {
        "act": "because i this is the most consistent thing in all remote controls.",
        "end_time": 1757.2,
        "is_in_ext_summ": false,
        "start_time": 1754.19
      },
      {
        "act": "I can't see that,",
        "end_time": 1758.04,
        "is_in_ext_summ": false,
        "start_time": 1757.45
      },
      {
        "act": "is that play and stop and things?",
        "end_time": 1760.07,
        "is_in_ext_summ": false,
        "start_time": 1758.04
      }
    ],
    [
      {
        "act": "This is central one, the one you",
        "end_time": 1762.22,
        "is_in_ext_summ": false,
        "start_time": 1760.16
      },
      {
        "act": "Or is that volume and channel?",
        "end_time": 1763.43,
        "is_in_ext_summ": false,
        "start_time": 1761.45
      },
      {
        "act": "yeah volume and channel.",
        "end_time": 1764.29,
        "is_in_ext_summ": false,
        "start_time": 1762.22
      }
    ],
    [
      {
        "act": "This and voice recognition.",
        "end_time": 1781.57,
        "is_in_ext_summ": false,
        "start_time": 1773.65
      },
      {
        "act": "Okay.",
        "end_time": 1783.25,
        "is_in_ext_summ": false,
        "start_time": 1782.75
      }
    ],
    [
      {
        "act": "Do we agree on the battery?",
        "end_time": 1808.99,
        "is_in_ext_summ": true,
        "start_time": 1807.81
      },
      {
        "act": "Kinetic?",
        "end_time": 1810.4,
        "is_in_ext_summ": false,
        "start_time": 1809.8
      },
      {
        "act": "The kinetic.",
        "end_time": 1810.81,
        "is_in_ext_summ": true,
        "start_time": 1810.14
      },
      {
        "act": "Yeah.",
        "end_time": 1813.06,
        "is_in_ext_summ": false,
        "start_time": 1811.45
      },
      {
        "act": "Yeah.",
        "end_time": 1812.07,
        "is_in_ext_summ": false,
        "start_time": 1811.55
      },
      {
        "act": "Um, that means that there's no function for li the port,",
        "end_time": 1818.31,
        "is_in_ext_summ": true,
        "start_time": 1813.06
      }
    ],
    [
      {
        "act": "It's a bi i it's like a g it's a gadget, it's a",
        "end_time": 1826.87,
        "is_in_ext_summ": false,
        "start_time": 1824.25
      },
      {
        "act": "Yeah it is it is qui it's quite a cool feature to have",
        "end_time": 1830.25,
        "is_in_ext_summ": false,
        "start_time": 1827.07
      }
    ],
    [
      {
        "act": "So do you reckon that's a good idea that, where's the remote, I'm here thing?",
        "end_time": 1846.62,
        "is_in_ext_summ": false,
        "start_time": 1841.48
      },
      {
        "act": "I think the only pitfall that we would have would be how much it's going to cost if that means we have to cut down somewhere else,",
        "end_time": 1858.33,
        "is_in_ext_summ": true,
        "start_time": 1850.31
      }
    ],
    [
      {
        "act": "The L_C_D_'s not cheap.",
        "end_time": 1866.55,
        "is_in_ext_summ": true,
        "start_time": 1865.2
      },
      {
        "act": "Yeah to s th well it's it's not as expensive as it would be if it was full colour 'cause if we've just got a black and white one,",
        "end_time": 1874.32,
        "is_in_ext_summ": false,
        "start_time": 1865.0
      },
      {
        "act": "Maybe we could start with the black and white.",
        "end_time": 1879.25,
        "is_in_ext_summ": true,
        "start_time": 1877.46
      },
      {
        "act": "Yeah.",
        "end_time": 1880.43,
        "is_in_ext_summ": false,
        "start_time": 1880.02
      },
      {
        "act": "yeah.",
        "end_time": 1881.97,
        "is_in_ext_summ": false,
        "start_time": 1881.57
      }
    ],
    [
      {
        "act": "I mean they use them in calculators so.",
        "end_time": 1876.68,
        "is_in_ext_summ": false,
        "start_time": 1874.32
      },
      {
        "act": "Yeah, okay.",
        "end_time": 1877.65,
        "is_in_ext_summ": false,
        "start_time": 1876.52
      }
    ],
    [
      {
        "act": "did we decide on double A_ or triple A_ batteries?",
        "end_time": 1889.58,
        "is_in_ext_summ": true,
        "start_time": 1887.55
      },
      {
        "act": "Do you want like a back-up?",
        "end_time": 1893.12,
        "is_in_ext_summ": false,
        "start_time": 1891.65
      },
      {
        "act": "No,",
        "end_time": 1894.25,
        "is_in_ext_summ": false,
        "start_time": 1893.87
      },
      {
        "act": "one of the decisions we had to make was whether we had double A_ or triple A_ batteries",
        "end_time": 1897.11,
        "is_in_ext_summ": false,
        "start_time": 1894.25
      }
    ],
    [
      {
        "act": "'cause they've still got to be charged this way haven't they?",
        "end_time": 1900.16,
        "is_in_ext_summ": false,
        "start_time": 1897.11
      },
      {
        "act": "K no",
        "end_time": 1899.72,
        "is_in_ext_summ": false,
        "start_time": 1899.26
      },
      {
        "act": "I oh I see.",
        "end_time": 1900.91,
        "is_in_ext_summ": false,
        "start_time": 1900.16
      }
    ],
    [
      {
        "act": "the kinetic ones come come with um a sort of w watch a battery that goes in a watch.",
        "end_time": 1905.02,
        "is_in_ext_summ": true,
        "start_time": 1899.72
      },
      {
        "act": "Right, okay, got you.",
        "end_time": 1906.07,
        "is_in_ext_summ": false,
        "start_time": 1905.07
      }
    ],
    [
      {
        "act": "So it's a lot smaller,",
        "end_time": 1907.72,
        "is_in_ext_summ": false,
        "start_time": 1906.15
      },
      {
        "act": "Got you on that okay,",
        "end_time": 1910.07,
        "is_in_ext_summ": false,
        "start_time": 1908.4
      }
    ],
    [
      {
        "act": "The inside components is pretty standardised across the board isn't it?",
        "end_time": 1920.62,
        "is_in_ext_summ": true,
        "start_time": 1915.88
      },
      {
        "act": "Yeah.",
        "end_time": 1921.78,
        "is_in_ext_summ": false,
        "start_time": 1921.17
      },
      {
        "act": "Yeah.",
        "end_time": 1922.08,
        "is_in_ext_summ": false,
        "start_time": 1921.81
      },
      {
        "act": "So there's not a really a decision to be made there, um.",
        "end_time": 1925.92,
        "is_in_ext_summ": false,
        "start_time": 1921.89
      }
    ],
    [
      {
        "act": "The bare-board L_C_D_ or",
        "end_time": 1936.93,
        "is_in_ext_summ": false,
        "start_time": 1934.74
      },
      {
        "act": "Yeah the well I think were we're going for the L_C_D_ on that one, on the buttons,",
        "end_time": 1941.34,
        "is_in_ext_summ": true,
        "start_time": 1936.36
      }
    ],
    [
      {
        "act": "on the on the on on the top one we're gonna",
        "end_time": 1946.7,
        "is_in_ext_summ": false,
        "start_time": 1941.34
      },
      {
        "act": "On the top one okay you've got the touch",
        "end_time": 1947.57,
        "is_in_ext_summ": false,
        "start_time": 1944.71
      },
      {
        "act": "yeah.",
        "end_time": 1947.7,
        "is_in_ext_summ": false,
        "start_time": 1946.7
      },
      {
        "act": "okay",
        "end_time": 1948.6,
        "is_in_ext_summ": false,
        "start_time": 1947.57
      }
    ],
    [
      {
        "act": "and then",
        "end_time": 1949.36,
        "is_in_ext_summ": false,
        "start_time": 1948.6
      },
      {
        "act": "On the bottom we were gonna have the rubber, the rubber ones,",
        "end_time": 1953.04,
        "is_in_ext_summ": true,
        "start_time": 1950.04
      }
    ],
    [
      {
        "act": "the anti-R_S_I_ ones.",
        "end_time": 1955.15,
        "is_in_ext_summ": false,
        "start_time": 1953.04
      },
      {
        "act": "Okay, okay.",
        "end_time": 1958.47,
        "is_in_ext_summ": false,
        "start_time": 1956.54
      },
      {
        "act": "Sorry could you repeat that last part?",
        "end_time": 1961.7,
        "is_in_ext_summ": false,
        "start_time": 1959.77
      },
      {
        "act": "Um, okay on we've got the flip the flip-screen, the top one is gonna be the L_C_D_ and the bottom one is gonna be the rubberised buttons.",
        "end_time": 1970.2,
        "is_in_ext_summ": true,
        "start_time": 1961.78
      },
      {
        "act": "Okay.",
        "end_time": 1970.4,
        "is_in_ext_summ": false,
        "start_time": 1969.83
      }
    ],
    [
      {
        "act": "For the body design I think plastic,",
        "end_time": 1980.29,
        "is_in_ext_summ": true,
        "start_time": 1977.09
      },
      {
        "act": "Plastic,",
        "end_time": 1981.14,
        "is_in_ext_summ": false,
        "start_time": 1980.19
      },
      {
        "act": "uh w yeah",
        "end_time": 1981.38,
        "is_in_ext_summ": false,
        "start_time": 1980.29
      },
      {
        "act": "okay.",
        "end_time": 1981.62,
        "is_in_ext_summ": false,
        "start_time": 1981.14
      },
      {
        "act": "For the inside.",
        "end_time": 1982.56,
        "is_in_ext_summ": false,
        "start_time": 1981.56
      },
      {
        "act": "for the inside",
        "end_time": 1983.22,
        "is_in_ext_summ": false,
        "start_time": 1982.66
      },
      {
        "act": "Yeah.",
        "end_time": 1983.79,
        "is_in_ext_summ": false,
        "start_time": 1983.35
      }
    ],
    [
      {
        "act": "so we decided on a rubber casing for the plastic shell, a variety of designs,",
        "end_time": 1993.33,
        "is_in_ext_summ": true,
        "start_time": 1989.45
      },
      {
        "act": "Plast right.",
        "end_time": 1992.64,
        "is_in_ext_summ": false,
        "start_time": 1991.72
      },
      {
        "act": "Oh I think so, I think so.",
        "end_time": 1993.92,
        "is_in_ext_summ": false,
        "start_time": 1992.25
      }
    ],
    [
      {
        "act": "we're not gonna try and make it actually a vegetable or fruit design or anything else, like a shell that we discussed,",
        "end_time": 2007.38,
        "is_in_ext_summ": true,
        "start_time": 2001.8
      },
      {
        "act": "Mm no.",
        "end_time": 2006.49,
        "is_in_ext_summ": false,
        "start_time": 2006.05
      },
      {
        "act": "No",
        "end_time": 2007.47,
        "is_in_ext_summ": false,
        "start_time": 2007.04
      }
    ],
    [
      {
        "act": "we don't wanna be tacky",
        "end_time": 2009.9,
        "is_in_ext_summ": false,
        "start_time": 2008.36
      },
      {
        "act": "Okay.",
        "end_time": 2010.94,
        "is_in_ext_summ": false,
        "start_time": 2010.38
      }
    ],
    [
      {
        "act": "what we're focusing on is the m you know",
        "end_time": 2032.58,
        "is_in_ext_summ": false,
        "start_time": 2029.88
      },
      {
        "act": "The feel.",
        "end_time": 2032.28,
        "is_in_ext_summ": false,
        "start_time": 2031.8
      },
      {
        "act": "yes.",
        "end_time": 2033.84,
        "is_in_ext_summ": false,
        "start_time": 2032.58
      }
    ],
    [
      {
        "act": "is that fancy?",
        "end_time": 2056.35,
        "is_in_ext_summ": false,
        "start_time": 2055.12
      },
      {
        "act": "It's just different",
        "end_time": 2057.43,
        "is_in_ext_summ": false,
        "start_time": 2055.21
      },
      {
        "act": "Uh I it's different.",
        "end_time": 2057.27,
        "is_in_ext_summ": false,
        "start_time": 2055.44
      },
      {
        "act": "it's just different from everything else",
        "end_time": 2058.99,
        "is_in_ext_summ": false,
        "start_time": 2057.43
      }
    ],
    [
      {
        "act": "you know like you get clocks now that are more of a talking point than an actual clock because they're so interesting and",
        "end_time": 2083.09,
        "is_in_ext_summ": false,
        "start_time": 2075.45
      },
      {
        "act": "I'm just kind of pushing at that to see if you came out with anything else,",
        "end_time": 2085.15,
        "is_in_ext_summ": false,
        "start_time": 2082.3
      }
    ],
    [
      {
        "act": "you could have um a plain black one, you could have sparkly pink glittery ones for your little",
        "end_time": 2106.96,
        "is_in_ext_summ": true,
        "start_time": 2100.11
      },
      {
        "act": "Well the thing is the rubberised covers are going to be s relatively cheap to produce,",
        "end_time": 2108.72,
        "is_in_ext_summ": false,
        "start_time": 2105.51
      }
    ],
    [
      {
        "act": "y you know, you could just go so far with it,",
        "end_time": 2124.56,
        "is_in_ext_summ": false,
        "start_time": 2120.92
      },
      {
        "act": "Acupressure, you could talk of acupressures.",
        "end_time": 2124.91,
        "is_in_ext_summ": false,
        "start_time": 2122.88
      }
    ],
    [
      {
        "act": "may maybe ch you can change the body or the case casing the case outside,",
        "end_time": 2137.43,
        "is_in_ext_summ": false,
        "start_time": 2132.83
      },
      {
        "act": "Yes.",
        "end_time": 2137.2,
        "is_in_ext_summ": false,
        "start_time": 2136.69
      }
    ],
    [
      {
        "act": "it should be moulded it with the design in such a way you can change it every time.",
        "end_time": 2141.02,
        "is_in_ext_summ": false,
        "start_time": 2137.43
      },
      {
        "act": "Yeah, yeah",
        "end_time": 2142.19,
        "is_in_ext_summ": false,
        "start_time": 2141.32
      }
    ],
    [
      {
        "act": "not the actual uh plastic outside case, just the rubber thing that goes round the outside.",
        "end_time": 2151.32,
        "is_in_ext_summ": false,
        "start_time": 2145.2
      },
      {
        "act": "Okay. The rubber.",
        "end_time": 2149.66,
        "is_in_ext_summ": false,
        "start_time": 2148.21
      }
    ],
    [
      {
        "act": "Mm, so can I just recap uh Sarah,",
        "end_time": 2159.95,
        "is_in_ext_summ": false,
        "start_time": 2156.44
      },
      {
        "act": "Yeah.",
        "end_time": 2159.49,
        "is_in_ext_summ": false,
        "start_time": 2159.26
      }
    ],
    [
      {
        "act": "what else do we have to add to our decisions here?",
        "end_time": 2178.53,
        "is_in_ext_summ": false,
        "start_time": 2176.78
      },
      {
        "act": "Fine, uh we were talking of voice recognition also",
        "end_time": 2184.03,
        "is_in_ext_summ": false,
        "start_time": 2180.25
      }
    ],
    [
      {
        "act": "So, are we looking at voice?",
        "end_time": 2193.06,
        "is_in_ext_summ": false,
        "start_time": 2190.83
      },
      {
        "act": "Yes, it was just, there was just a cost issue with that,",
        "end_time": 2193.34,
        "is_in_ext_summ": false,
        "start_time": 2190.95
      }
    ],
    [
      {
        "act": "we just need to check on the cost,",
        "end_time": 2195.8,
        "is_in_ext_summ": false,
        "start_time": 2194.28
      },
      {
        "act": "Or maybe like uh William was suggesting in the last thing some devices you put on key chains.",
        "end_time": 2199.81,
        "is_in_ext_summ": false,
        "start_time": 2195.78
      },
      {
        "act": "Oh yeah, yeah",
        "end_time": 2202.18,
        "is_in_ext_summ": false,
        "start_time": 2201.54
      },
      {
        "act": "the whistle ones, yeah.",
        "end_time": 2203.24,
        "is_in_ext_summ": false,
        "start_time": 2202.18
      },
      {
        "act": "For l yeah, the whistle.",
        "end_time": 2204.25,
        "is_in_ext_summ": false,
        "start_time": 2201.36
      }
    ],
    [
      {
        "act": "And incorporating the company logo?",
        "end_time": 2219.64,
        "is_in_ext_summ": true,
        "start_time": 2217.03
      },
      {
        "act": "Yep.",
        "end_time": 2220.75,
        "is_in_ext_summ": false,
        "start_time": 2220.58
      }
    ],
    [
      {
        "act": "Have you",
        "end_time": 2222.08,
        "is_in_ext_summ": false,
        "start_time": 2221.33
      },
      {
        "act": "I didn't mention this,",
        "end_time": 2223.9,
        "is_in_ext_summ": false,
        "start_time": 2223.02
      },
      {
        "act": "but we'll be incorporating in the design.",
        "end_time": 2225.4,
        "is_in_ext_summ": false,
        "start_time": 2223.9
      },
      {
        "act": "'Cause I took it from the feedback you gave in the last meeting from y from y your report, it's not just a case of having a little R_R_ hidden somewhere, they do want it to be obvious that it's our product",
        "end_time": 2235.49,
        "is_in_ext_summ": true,
        "start_time": 2226.56
      }
    ],
    [
      {
        "act": "don't they?",
        "end_time": 2235.85,
        "is_in_ext_summ": false,
        "start_time": 2235.49
      },
      {
        "act": "Well they do,",
        "end_time": 2236.31,
        "is_in_ext_summ": false,
        "start_time": 2235.57
      }
    ],
    [
      {
        "act": "Since it's the only one of its kind on the market it's obviously gonna be ours.",
        "end_time": 2241.19,
        "is_in_ext_summ": false,
        "start_time": 2238.38
      },
      {
        "act": "well it is, it is,",
        "end_time": 2241.18,
        "is_in_ext_summ": false,
        "start_time": 2239.95
      }
    ],
    [
      {
        "act": "so I'm not worried about that.",
        "end_time": 2260.57,
        "is_in_ext_summ": false,
        "start_time": 2258.95
      },
      {
        "act": "Okay.",
        "end_time": 2261.5,
        "is_in_ext_summ": false,
        "start_time": 2260.3
      }
    ],
    [
      {
        "act": "Depending on how i",
        "end_time": 2271.62,
        "is_in_ext_summ": false,
        "start_time": 2268.77
      },
      {
        "act": "Yeah, depending on the expense of it.",
        "end_time": 2271.65,
        "is_in_ext_summ": true,
        "start_time": 2269.86
      }
    ],
    [
      {
        "act": "I mean we've got this memo saying that it's something that the company's looking into, so",
        "end_time": 2276.4,
        "is_in_ext_summ": false,
        "start_time": 2271.62
      },
      {
        "act": "And they've got in stock,",
        "end_time": 2277.08,
        "is_in_ext_summ": false,
        "start_time": 2276.09
      }
    ],
    [
      {
        "act": "I got a end meeting now message on my mo",
        "end_time": 2299.63,
        "is_in_ext_summ": false,
        "start_time": 2296.32
      },
      {
        "act": "Did it?",
        "end_time": 2299.95,
        "is_in_ext_summ": false,
        "start_time": 2299.35
      },
      {
        "act": "yeah",
        "end_time": 2301.49,
        "is_in_ext_summ": false,
        "start_time": 2299.63
      }
    ]
  ],
  "ap_meta": {
    "far_than_3s": 5,
    "total": 334,
    "total_sequences": 116,
    "values": [
      [
        20,
        614.41
      ],
      [
        39,
        888.99
      ],
      [
        51,
        1270.15
      ],
      [
        80,
        1846.62
      ],
      [
        81,
        1874.32
      ]
    ]
  },
  "args": [
    [
      {
        "act": "Um and then we we're loo looking into battery options.",
        "ae_type": "Statement",
        "end_time": 478.53,
        "speaker_id": "C",
        "start_time": 474.86
      },
      {
        "act": "'Kay.",
        "ae_type": "Statement",
        "end_time": 472.33,
        "speaker_id": "B",
        "start_time": 472.18
      },
      {
        "act": "There's um actually no rechargeable option available, so we I saw the um the standard double A_ and triple A_ which we thought were a bit bit too bulky at the moment, dynamo charging, I thought that that might be a bit silly to be to be honest, people won't it's it's basically like wind-up radio. So you wind up your remote control before you use it. It might",
        "ae_type": "Statement",
        "end_time": 506.64,
        "speaker_id": "C",
        "start_time": 479.86
      },
      {
        "act": "can you explain that?",
        "ae_type": "Open issue",
        "end_time": 498.86,
        "speaker_id": "B",
        "start_time": 497.99
      },
      {
        "act": "Like a right, okay.",
        "ae_type": "Statement",
        "end_time": 502.6,
        "speaker_id": "B",
        "start_time": 500.12
      },
      {
        "act": "How what kind of how l long can you get out of that, I mean can you pick it up and then wind it for two minutes and then that's it for the night?",
        "ae_type": "Open issue",
        "end_time": 512.23,
        "speaker_id": "B",
        "start_time": 504.94
      },
      {
        "act": "Yeah, yeah, oh yeah I presu you wouldn't have to wind it for very long,",
        "ae_type": "Statement",
        "end_time": 516.88,
        "speaker_id": "C",
        "start_time": 512.15
      },
      {
        "act": "but I don't I don't think it's really sort of necessary when you th you think of the next two options, like the the solar charging, 'cause most people have the light on in the room anyway so they could get when when you got T_V_.",
        "ae_type": "Statement",
        "end_time": 533.17,
        "speaker_id": "C",
        "start_time": 516.88
      },
      {
        "act": "That doesn't count though does it?",
        "ae_type": "Yes/No issue",
        "end_time": 532.94,
        "speaker_id": "B",
        "start_time": 531.46
      },
      {
        "act": "Does does light charge as as sunlight does? Artificial light?",
        "ae_type": "Yes/No issue",
        "end_time": 535.71,
        "speaker_id": "D",
        "start_time": 532.32
      },
      {
        "act": "I thought it was U_V_ like",
        "ae_type": "Weak statement",
        "end_time": 537.8,
        "speaker_id": "B",
        "start_time": 533.78
      },
      {
        "act": "No.",
        "ae_type": "Statement",
        "end_time": 535.53,
        "speaker_id": "C",
        "start_time": 535.19
      },
      {
        "act": "Has to be solar.",
        "ae_type": "Statement",
        "end_time": 539.99,
        "speaker_id": "D",
        "start_time": 539.17
      },
      {
        "act": "Yep.",
        "ae_type": "Statement",
        "end_time": 540.83,
        "speaker_id": "A",
        "start_time": 540.57
      },
      {
        "act": "Regarding those sizes, which one you think will be light because we we have to take into consideration size also, so maybe a standard triple A_ might take lesser space or and dynamo might take more space.",
        "ae_type": "A/B issue",
        "end_time": 552.17,
        "speaker_id": "A",
        "start_time": 540.83
      },
      {
        "act": "Yeah it would the d yeah the dynamo would take more space 'cause you actually need a physical sort of handle to wind up.",
        "ae_type": "Statement",
        "end_time": 557.25,
        "speaker_id": "C",
        "start_time": 551.03
      },
      {
        "act": "I'm pretty sure that solar is from the sun.",
        "ae_type": "Statement",
        "end_time": 559.69,
        "speaker_id": "B",
        "start_time": 557.01
      },
      {
        "act": "Yeah, okay.",
        "ae_type": "Statement",
        "end_time": 560.85,
        "speaker_id": "C",
        "start_time": 559.77
      },
      {
        "act": "Uh, I don't think it counts electric lights no, but I mean not many you don't want to limit your market. I mean people who live in basement flats there's not that many people, but there are people.",
        "ae_type": "Statement",
        "end_time": 573.0,
        "speaker_id": "B",
        "start_time": 560.54
      },
      {
        "act": "Artificial light, no.",
        "ae_type": "Statement",
        "end_time": 563.03,
        "speaker_id": "D",
        "start_time": 561.91
      },
      {
        "act": "Yeah and most people most people also watch T_V_ in the in the night anyway.",
        "ae_type": "Statement",
        "end_time": 580.39,
        "speaker_id": "C",
        "start_time": 575.14
      },
      {
        "act": "Right.",
        "ae_type": "Statement",
        "end_time": 575.93,
        "speaker_id": "A",
        "start_time": 575.7
      },
      {
        "act": "Mm, but then it would be charging through the day, I think the point is that it charges through the day and then you've got it charged for the evening.",
        "ae_type": "Statement",
        "end_time": 588.72,
        "speaker_id": "B",
        "start_time": 580.59
      },
      {
        "act": "But I I think I think the the next one's the best anyway. The the kinetic charging which is like you get it in r you get it in wrist watches and you d you don't even notice it. I mean the amount the amount of probably moving around you'd be doing all the time would would charge it up, I don't think you'd ever need to actually physically start shaking it up to make it work.",
        "ae_type": "Statement",
        "end_time": 608.06,
        "speaker_id": "C",
        "start_time": 587.25
      },
      {
        "act": "Okay.",
        "ae_type": "Statement",
        "end_time": 590.6,
        "speaker_id": "B",
        "start_time": 590.12
      },
      {
        "act": "And are these like uh what are the life of the kinetic battery, it like it runs for long time?",
        "ae_type": "Open issue",
        "end_time": 613.53,
        "speaker_id": "A",
        "start_time": 608.54
      },
      {
        "act": "Um yeah it's it charges into um some form of it's a smaller cell which it charges into and uh the si the size sort of a watch a watch battery, 'cause they use them quite frequently in watches. And that'll that would l would last for um well I do I d I'm not entirely sure how long it would last but I've never seen one run out.",
        "ae_type": "Statement",
        "end_time": 640.41,
        "speaker_id": "C",
        "start_time": 613.51
      },
      {
        "act": "Okay.",
        "ae_type": "Statement",
        "end_time": 628.27,
        "speaker_id": "A",
        "start_time": 627.88
      },
      {
        "act": "But then if you think about a watch, it's on your wrist so it's on your whole bod it's on your body the whole time so you're walking around, you're doing things, it is moving a lot of the time. If you'd I mean you switch the T_V_ on, then you put it on the side, then you pick it up to change it and then you put it on the side. Is it really gonna be enough?",
        "ae_type": "Yes/No issue",
        "end_time": 657.18,
        "speaker_id": "B",
        "start_time": 640.02
      },
      {
        "act": "Yeah.",
        "ae_type": "Statement",
        "end_time": 645.51,
        "speaker_id": "C",
        "start_time": 645.11
      },
      {
        "act": "Yeah but then again I I think it is because if you think about it, the watch, although it's only a tiny amount it's it's um it's always moving for the whole day and they don't run out over night when you leave them on the side. And th for the same the same reason, you're only using it for a v incredibly short amount of time just to send the signal and then you're finished with it and you put it no no I do I don't think the the draw on it would be",
        "ae_type": "Statement",
        "end_time": 686.69,
        "speaker_id": "C",
        "start_time": 655.38
      },
      {
        "act": "Okay.",
        "ae_type": "Statement",
        "end_time": 672.94,
        "speaker_id": "B",
        "start_time": 672.45
      },
      {
        "act": "Could I just ask referring back to solar charging, is that compatible with um standard batteries?",
        "ae_type": "Yes/No issue",
        "end_time": 691.32,
        "speaker_id": "D",
        "start_time": 685.04
      },
      {
        "act": "I mean, could people put standard batteries in but with a s you know they could leave it in the sunlight for solar charging or the two things not compatible?",
        "ae_type": "Yes/No issue",
        "end_time": 697.26,
        "speaker_id": "D",
        "start_time": 691.32
      },
      {
        "act": "Ye yeah I think I th uh g y you could have a dual um power thing but the the thing with the solar cells is you would need to put them on the case and they because, if you lie on a calculator they they're qui they're quite big and they all they all look i identical.",
        "ae_type": "Statement",
        "end_time": 714.99,
        "speaker_id": "C",
        "start_time": 695.82
      }
    ],
    [
      {
        "act": "I was just wondering if we make the basic mould out of plastic but have like a rubber cover that goes over, that would give the spongy feel, that also allows us to kind of have different fasciae for the phone.",
        "ae_type": "Yes/No issue",
        "end_time": 1169.79,
        "speaker_id": "D",
        "start_time": 1159.44
      },
      {
        "act": "Rubber, yeah.",
        "ae_type": "Statement",
        "end_time": 1165.12,
        "speaker_id": "C",
        "start_time": 1163.88
      },
      {
        "act": "And you can peel them off yeah.",
        "ae_type": "Statement",
        "end_time": 1170.09,
        "speaker_id": "C",
        "start_time": 1168.63
      },
      {
        "act": "So instead of the fascia that comes off being plastic, the fascia that comes off would be the rubber, like those pens that you get with the grip, that you can you can pull that off.",
        "ae_type": "Statement",
        "end_time": 1180.85,
        "speaker_id": "B",
        "start_time": 1169.94
      },
      {
        "act": "Yeah.",
        "ae_type": "Statement",
        "end_time": 1170.21,
        "speaker_id": "A",
        "start_time": 1169.98
      },
      {
        "act": "Like a rubber sleeve almost, yeah.",
        "ae_type": "Statement",
        "end_time": 1176.01,
        "speaker_id": "D",
        "start_time": 1174.31
      },
      {
        "act": "Yeah.",
        "ae_type": "Statement",
        "end_time": 1176.74,
        "speaker_id": "C",
        "start_time": 1176.03
      },
      {
        "act": "Alright. That could be a good idea.",
        "ae_type": "Statement",
        "end_time": 1180.68,
        "speaker_id": "A",
        "start_time": 1178.63
      },
      {
        "act": "It could it would be comfortable to hold on also.",
        "ae_type": "Statement",
        "end_time": 1183.95,
        "speaker_id": "A",
        "start_time": 1181.92
      },
      {
        "act": "Okay.",
        "ae_type": "Statement",
        "end_time": 1182.52,
        "speaker_id": "B",
        "start_time": 1182.08
      },
      {
        "act": "Very cheap way of changing the look of it and people can just buy a new one if they want to.",
        "ae_type": "Statement",
        "end_time": 1188.37,
        "speaker_id": "D",
        "start_time": 1184.63
      },
      {
        "act": "Yeah.",
        "ae_type": "Statement",
        "end_time": 1188.24,
        "speaker_id": "C",
        "start_time": 1187.76
      },
      {
        "act": "Well that's been really popular with mobile phones so I don't see why not.",
        "ae_type": "Statement",
        "end_time": 1192.63,
        "speaker_id": "B",
        "start_time": 1188.72
      },
      {
        "act": "Mm. Yeah",
        "ae_type": "Statement",
        "end_time": 1193.2,
        "speaker_id": "D",
        "start_time": 1191.82
      }
    ]
  ],
  "da": {
    "types": {
      "Assess": 180,
      "Backchannel": 159,
      "Be-Positive": 11,
      "Comment-About-Understanding": 5,
      "Elicit-Assessment": 10,
      "Elicit-Comment-Understanding": 1,
      "Elicit-Inform": 51,
      "Fragment": 53,
      "Inform": 341,
      "Offer": 12,
      "Other": 4,
      "Stall": 60,
      "Suggest": 57
    }
  },
  "dialog_acts": 944,
  "ext_sentense_count": 101,
  "ext_sentense_da_count": 136,
  "ext_summ": {
    "types": {
      "Assess": 15,
      "Elicit-Assessment": 1,
      "Elicit-Inform": 10,
      "Inform": 60,
      "Offer": 1,
      "Suggest": 14
    }
  },
  "segmants": 498
}