[
  {
    "acts": [
      {
        "act": "Uh yeah uh, being as a Marketing Exper Expert I will like to say like before deciding the cost of this remote control or any other things we must see the market potential for this product like what is the competition in the market? What are the available prices of the other remote controls in the prices? What speciality other remote controls are having and how complicated it is to use these remote controls as compared to other remote controls available in the market.",
        "end_time": 106.66,
        "start_time": 75.64
      },
      {
        "act": "Okay.",
        "end_time": 99.5,
        "start_time": 99.12
      },
      {
        "act": "Okay.",
        "end_time": 112.9,
        "start_time": 112.52
      },
      {
        "act": "So before deciding or before finalising this project, we must discuss all these things, like",
        "end_time": 113.31,
        "start_time": 106.74
      }
    ],
    "other_description": null,
    "topic": "discussion"
  },
  {
    "acts": [
      {
        "act": "Okay well right we'll have to um I'll we're k having another meeting in half an hour so um we should all look into a bit",
        "end_time": 179.39,
        "start_time": 170.44
      },
      {
        "act": "Okay.",
        "end_time": 176.26,
        "start_time": 175.91
      },
      {
        "act": "uh, oh actually, no, we'll allocate. So you do the looking around at other remote controls. Um, if you could maybe come up with sort of shapes and suggested shades or whatever, and you could look into um",
        "end_time": 198.37,
        "start_time": 180.51
      },
      {
        "act": "Yeah.",
        "end_time": 187.33,
        "start_time": 186.61
      },
      {
        "act": "basically how how it's made I_E_ like how you make it all in one, how what sort of materials are available to you whatever. And obviously, other instructions will come from the personal coach.",
        "end_time": 214.1,
        "start_time": 201.86
      },
      {
        "act": "Right.",
        "end_time": 215.12,
        "start_time": 214.88
      },
      {
        "act": "Which will probably just usurp what I said so",
        "end_time": 217.79,
        "start_time": 215.63
      },
      {
        "act": "So you want me to look at shapes and everything you said? Yep.",
        "end_time": 220.05,
        "start_time": 217.76
      },
      {
        "act": "Shapes and colours and um basically how to make it attractive.",
        "end_time": 223.95,
        "start_time": 219.33
      },
      {
        "act": "Okay.",
        "end_time": 220.84,
        "start_time": 220.45
      },
      {
        "act": "Uh.",
        "end_time": 225.34,
        "start_time": 225.11
      },
      {
        "act": "Mm-hmm.",
        "end_time": 225.58,
        "start_time": 225.21
      },
      {
        "act": "And you look at competition and design. Cool. So we have uh",
        "end_time": 240.22,
        "start_time": 228.98
      },
      {
        "act": "Yep.",
        "end_time": 231.03,
        "start_time": 230.82
      },
      {
        "act": "Okay.",
        "end_time": 236.08,
        "start_time": 235.8
      },
      {
        "act": "Okay.",
        "end_time": 237.11,
        "start_time": 236.63
      },
      {
        "act": "Wait for emails?",
        "end_time": 240.89,
        "start_time": 239.96
      },
      {
        "act": "Uh.",
        "end_time": 242.19,
        "start_time": 241.4
      },
      {
        "act": "Um.",
        "end_time": 248.47,
        "start_time": 244.56
      },
      {
        "act": "Hmm.",
        "end_time": 256.03,
        "start_time": 255.4
      },
      {
        "act": "Okay, groovy. And no doubt we'll get um",
        "end_time": 283.17,
        "start_time": 279.54
      },
      {
        "act": "Oh no,. Sorry it's okay.",
        "end_time": 286.22,
        "start_time": 283.89
      },
      {
        "act": "Sorry. We'll get um warnings for next meetings as well. Okay. I shall I can't imagine these are worth much. Okay.",
        "end_time": 301.44,
        "start_time": 285.14
      },
      {
        "act": "Okay, cool.",
        "end_time": 290.62,
        "start_time": 289.91
      },
      {
        "act": "Hmm.",
        "end_time": 299.37,
        "start_time": 299.07
      },
      {
        "act": "Fashion into electronic. Okay.",
        "end_time": 306.4,
        "start_time": 302.71
      }
    ],
    "other_description": null,
    "topic": "closing"
  }
]