{
  "abs_summ": {
    "abs_summs_count": 27,
    "ext_summs_count": 215
  },
  "ap": [
    [
      {
        "act": "did you all get the minutes?",
        "end_time": 88.39,
        "is_in_ext_summ": true,
        "start_time": 87.49
      },
      {
        "act": "Yep.",
        "end_time": 90.06,
        "is_in_ext_summ": false,
        "start_time": 89.55
      }
    ],
    [
      {
        "act": "I'm also putting 'em them in the shared folder.",
        "end_time": 91.53,
        "is_in_ext_summ": true,
        "start_time": 89.26
      },
      {
        "act": "Right.",
        "end_time": 92.08,
        "is_in_ext_summ": false,
        "start_time": 91.75
      }
    ],
    [
      {
        "act": "Mm shall we go in the order that you just did it?",
        "end_time": 137.64,
        "is_in_ext_summ": false,
        "start_time": 135.83
      },
      {
        "act": "Sure, please do.",
        "end_time": 138.95,
        "is_in_ext_summ": false,
        "start_time": 138.15
      },
      {
        "act": "I dunno.",
        "end_time": 139.61,
        "is_in_ext_summ": false,
        "start_time": 139.19
      }
    ],
    [
      {
        "act": "How do I hook my screen up?",
        "end_time": 147.68,
        "is_in_ext_summ": false,
        "start_time": 143.03
      },
      {
        "act": "I think, you might have to disconnect Rose.",
        "end_time": 150.56,
        "is_in_ext_summ": false,
        "start_time": 148.13
      },
      {
        "act": "Yes I do.",
        "end_time": 150.51,
        "is_in_ext_summ": false,
        "start_time": 149.74
      }
    ],
    [
      {
        "act": "there's a wee a wee plug just just that one there",
        "end_time": 171.5,
        "is_in_ext_summ": false,
        "start_time": 168.5
      },
      {
        "act": "Mm-hmm.",
        "end_time": 170.51,
        "is_in_ext_summ": false,
        "start_time": 170.18
      }
    ],
    [
      {
        "act": "And then you have to press function F_ eight",
        "end_time": 189.48,
        "is_in_ext_summ": false,
        "start_time": 186.71
      },
      {
        "act": "Function, F_ eight, yeah.",
        "end_time": 190.3,
        "is_in_ext_summ": false,
        "start_time": 189.51
      }
    ],
    [
      {
        "act": "Where's function?",
        "end_time": 194.34,
        "is_in_ext_summ": false,
        "start_time": 193.38
      },
      {
        "act": "The blue one, F_N_.",
        "end_time": 195.32,
        "is_in_ext_summ": false,
        "start_time": 193.78
      }
    ],
    [
      {
        "act": "and you screwed it in",
        "end_time": 212.01,
        "is_in_ext_summ": false,
        "start_time": 210.45
      },
      {
        "act": "Ah, wait,",
        "end_time": 213.41,
        "is_in_ext_summ": false,
        "start_time": 212.86
      }
    ],
    [
      {
        "act": "Oh, got it.",
        "end_time": 221.36,
        "is_in_ext_summ": false,
        "start_time": 220.86
      },
      {
        "act": "Mm 'kay.",
        "end_time": 223.43,
        "is_in_ext_summ": false,
        "start_time": 222.41
      }
    ],
    [
      {
        "act": "It also mentioned something called R_S_I_",
        "end_time": 370.82,
        "is_in_ext_summ": true,
        "start_time": 368.68
      },
      {
        "act": "because I don't know.",
        "end_time": 375.47,
        "is_in_ext_summ": false,
        "start_time": 374.46
      }
    ],
    [
      {
        "act": "and I was hoping someone might be able to inform me as to what R_S_I_ is,",
        "end_time": 374.46,
        "is_in_ext_summ": true,
        "start_time": 370.82
      },
      {
        "act": "Repetitive strain injury.",
        "end_time": 376.24,
        "is_in_ext_summ": false,
        "start_time": 374.74
      },
      {
        "act": "What?",
        "end_time": 377.2,
        "is_in_ext_summ": false,
        "start_time": 376.98
      },
      {
        "act": "Repetitive strain injury.",
        "end_time": 378.57,
        "is_in_ext_summ": true,
        "start_time": 377.36
      },
      {
        "act": "Ah. There we go.",
        "end_time": 380.43,
        "is_in_ext_summ": false,
        "start_time": 378.55
      }
    ],
    [
      {
        "act": "And I think that's in the shared, if I did it right, if anyone wants to look at it.",
        "end_time": 528.37,
        "is_in_ext_summ": false,
        "start_time": 524.79
      },
      {
        "act": "Mm 'kay,",
        "end_time": 528.62,
        "is_in_ext_summ": false,
        "start_time": 528.2
      },
      {
        "act": "Okay,",
        "end_time": 529.54,
        "is_in_ext_summ": false,
        "start_time": 528.25
      },
      {
        "act": "great.",
        "end_time": 530.15,
        "is_in_ext_summ": false,
        "start_time": 529.54
      }
    ],
    [
      {
        "act": "And neither of them were very pretty, you know?",
        "end_time": 860.14,
        "is_in_ext_summ": false,
        "start_time": 858.1
      },
      {
        "act": "No.",
        "end_time": 860.29,
        "is_in_ext_summ": false,
        "start_time": 859.82
      },
      {
        "act": "Yeah.",
        "end_time": 861.05,
        "is_in_ext_summ": false,
        "start_time": 860.15
      }
    ],
    [
      {
        "act": "I think there's there's certainly a market for technology that looks cool.",
        "end_time": 869.41,
        "is_in_ext_summ": true,
        "start_time": 865.46
      },
      {
        "act": "Mm.",
        "end_time": 869.65,
        "is_in_ext_summ": false,
        "start_time": 869.27
      },
      {
        "act": "Mm-hmm.",
        "end_time": 869.72,
        "is_in_ext_summ": false,
        "start_time": 869.37
      }
    ],
    [
      {
        "act": "A fashion fashion remote.",
        "end_time": 866.11,
        "is_in_ext_summ": false,
        "start_time": 863.15
      },
      {
        "act": "Right.",
        "end_time": 866.17,
        "is_in_ext_summ": false,
        "start_time": 865.53
      }
    ],
    [
      {
        "act": "or was that just what it let you see?",
        "end_time": 896.08,
        "is_in_ext_summ": false,
        "start_time": 893.97
      },
      {
        "act": "Uh that was just on the d on the company web site, yeah.",
        "end_time": 898.49,
        "is_in_ext_summ": false,
        "start_time": 895.62
      },
      {
        "act": "Okay.",
        "end_time": 898.37,
        "is_in_ext_summ": false,
        "start_time": 897.36
      }
    ],
    [
      {
        "act": "it's way at the bottom. Under three icons",
        "end_time": 916.36,
        "is_in_ext_summ": false,
        "start_time": 913.49
      },
      {
        "act": "Ah.",
        "end_time": 915.27,
        "is_in_ext_summ": false,
        "start_time": 915.04
      }
    ],
    [
      {
        "act": "this is our working design presentation.",
        "end_time": 923.07,
        "is_in_ext_summ": true,
        "start_time": 921.01
      },
      {
        "act": "Um I had a bit of some issues with this,",
        "end_time": 926.25,
        "is_in_ext_summ": true,
        "start_time": 923.07
      }
    ],
    [
      {
        "act": "what we're trying to do as a working design is figure out how the aparata apparatus can fulfil its function.",
        "end_time": 945.03,
        "is_in_ext_summ": true,
        "start_time": 939.17
      },
      {
        "act": "Don't know if I'm explaining that very well,",
        "end_time": 968.58,
        "is_in_ext_summ": false,
        "start_time": 966.76
      }
    ],
    [
      {
        "act": "use that thing you can go back, previous.",
        "end_time": 1095.25,
        "is_in_ext_summ": false,
        "start_time": 1092.36
      },
      {
        "act": "Previous.",
        "end_time": 1095.73,
        "is_in_ext_summ": false,
        "start_time": 1095.17
      }
    ],
    [
      {
        "act": "Double click on it. With the right with the left hand one.",
        "end_time": 1111.13,
        "is_in_ext_summ": false,
        "start_time": 1107.22
      },
      {
        "act": "yeah, yeah.",
        "end_time": 1112.73,
        "is_in_ext_summ": false,
        "start_time": 1111.27
      }
    ],
    [
      {
        "act": "So that's pretty much it for the working design.",
        "end_time": 1177.53,
        "is_in_ext_summ": false,
        "start_time": 1175.48
      },
      {
        "act": "Excellent.",
        "end_time": 1182.21,
        "is_in_ext_summ": false,
        "start_time": 1181.11
      }
    ],
    [
      {
        "act": "Rose, do you think you can give me a hand with this?",
        "end_time": 1204.69,
        "is_in_ext_summ": false,
        "start_time": 1203.08
      },
      {
        "act": "Yes, absolutely.",
        "end_time": 1205.55,
        "is_in_ext_summ": false,
        "start_time": 1204.58
      }
    ],
    [
      {
        "act": "I can never tell which way to turn these things.",
        "end_time": 1217.84,
        "is_in_ext_summ": false,
        "start_time": 1215.94
      },
      {
        "act": "Yeah.",
        "end_time": 1217.9,
        "is_in_ext_summ": false,
        "start_time": 1217.6
      }
    ],
    [
      {
        "act": "right?",
        "end_time": 1225.26,
        "is_in_ext_summ": false,
        "start_time": 1221.76
      },
      {
        "act": "Yeah.",
        "end_time": 1222.74,
        "is_in_ext_summ": false,
        "start_time": 1222.45
      }
    ],
    [
      {
        "act": "Lefty loosey, righty tighty,",
        "end_time": 1221.76,
        "is_in_ext_summ": false,
        "start_time": 1220.68
      },
      {
        "act": "What's up?",
        "end_time": 1224.69,
        "is_in_ext_summ": false,
        "start_time": 1224.2
      },
      {
        "act": "Lefty loosey, righty tighty.",
        "end_time": 1228.41,
        "is_in_ext_summ": false,
        "start_time": 1225.26
      },
      {
        "act": "Uh.",
        "end_time": 1229.49,
        "is_in_ext_summ": false,
        "start_time": 1228.13
      },
      {
        "act": "that's good.",
        "end_time": 1232.56,
        "is_in_ext_summ": false,
        "start_time": 1230.66
      },
      {
        "act": "Oh yes.",
        "end_time": 1232.09,
        "is_in_ext_summ": false,
        "start_time": 1231.24
      },
      {
        "act": "Yeah, that's a good one",
        "end_time": 1240.52,
        "is_in_ext_summ": false,
        "start_time": 1239.76
      }
    ],
    [
      {
        "act": "no signal.",
        "end_time": 1267.84,
        "is_in_ext_summ": false,
        "start_time": 1267.28
      },
      {
        "act": "Okay, yeah, it's fine.",
        "end_time": 1268.42,
        "is_in_ext_summ": false,
        "start_time": 1267.57
      }
    ],
    [
      {
        "act": "What's teletext?",
        "end_time": 1291.21,
        "is_in_ext_summ": true,
        "start_time": 1289.92
      },
      {
        "act": "Uh, it's a British thing.",
        "end_time": 1293.36,
        "is_in_ext_summ": true,
        "start_time": 1292.05
      }
    ],
    [
      {
        "act": "You don't have it in the States?",
        "end_time": 1295.53,
        "is_in_ext_summ": false,
        "start_time": 1294.55
      },
      {
        "act": "No.",
        "end_time": 1296.35,
        "is_in_ext_summ": false,
        "start_time": 1295.6
      },
      {
        "act": "no.",
        "end_time": 1296.48,
        "is_in_ext_summ": false,
        "start_time": 1296.12
      }
    ],
    [
      {
        "act": "would you care to explain it?",
        "end_time": 1298.01,
        "is_in_ext_summ": false,
        "start_time": 1297.1
      },
      {
        "act": "Um yeah,",
        "end_time": 1299.66,
        "is_in_ext_summ": false,
        "start_time": 1298.31
      }
    ],
    [
      {
        "act": "Lottery numbers and sport scores.",
        "end_time": 1335.37,
        "is_in_ext_summ": false,
        "start_time": 1333.54
      },
      {
        "act": "Yep,",
        "end_time": 1336.06,
        "is_in_ext_summ": false,
        "start_time": 1335.36
      }
    ],
    [
      {
        "act": "But if you ever see the T_V_ saying like go to page one sixty on Ceefax now, that's what they're talking about.",
        "end_time": 1341.45,
        "is_in_ext_summ": false,
        "start_time": 1336.63
      },
      {
        "act": "How?",
        "end_time": 1342.89,
        "is_in_ext_summ": false,
        "start_time": 1342.47
      },
      {
        "act": "Oh.",
        "end_time": 1343.01,
        "is_in_ext_summ": false,
        "start_time": 1342.55
      }
    ],
    [
      {
        "act": "It's earl it's pretty old technology.",
        "end_time": 1344.38,
        "is_in_ext_summ": true,
        "start_time": 1342.92
      },
      {
        "act": "Okay.",
        "end_time": 1345.29,
        "is_in_ext_summ": false,
        "start_time": 1345.02
      }
    ],
    [
      {
        "act": "That's good.",
        "end_time": 1349.69,
        "is_in_ext_summ": false,
        "start_time": 1349.01
      },
      {
        "act": "Interesting.",
        "end_time": 1352.54,
        "is_in_ext_summ": false,
        "start_time": 1350.94
      }
    ],
    [
      {
        "act": "like your question earlier um whether this is going to be t for television, video, or etcetera. Just for television. That's what we're focused on.",
        "end_time": 1372.54,
        "is_in_ext_summ": true,
        "start_time": 1365.34
      },
      {
        "act": "Right.",
        "end_time": 1371.43,
        "is_in_ext_summ": false,
        "start_time": 1371.09
      }
    ],
    [
      {
        "act": "So what's our corporate image like?",
        "end_time": 1395.71,
        "is_in_ext_summ": false,
        "start_time": 1394.24
      },
      {
        "act": "It's It's kind of yellow colour with uh we put fashion in electronics.",
        "end_time": 1400.19,
        "is_in_ext_summ": true,
        "start_time": 1395.71
      },
      {
        "act": "Looks like, yeah, kind of a yellow and black",
        "end_time": 1400.19,
        "is_in_ext_summ": true,
        "start_time": 1398.31
      },
      {
        "act": "and we have that the emphasis on the R_s in um",
        "end_time": 1404.11,
        "is_in_ext_summ": true,
        "start_time": 1400.19
      }
    ],
    [
      {
        "act": "It's like double R_.",
        "end_time": 1403.63,
        "is_in_ext_summ": true,
        "start_time": 1402.81
      },
      {
        "act": "mm-hmm.",
        "end_time": 1404.37,
        "is_in_ext_summ": false,
        "start_time": 1404.11
      }
    ],
    [
      {
        "act": "so we want something that looks good",
        "end_time": 1416.35,
        "is_in_ext_summ": false,
        "start_time": 1415.15
      },
      {
        "act": "Yep. Yep.",
        "end_time": 1417.44,
        "is_in_ext_summ": false,
        "start_time": 1416.71
      }
    ],
    [
      {
        "act": "and is yellow.",
        "end_time": 1418.45,
        "is_in_ext_summ": false,
        "start_time": 1417.69
      },
      {
        "act": "Yeah,",
        "end_time": 1419.73,
        "is_in_ext_summ": false,
        "start_time": 1419.42
      }
    ],
    [
      {
        "act": "or ha maybe some buttons could be yellow.",
        "end_time": 1422.36,
        "is_in_ext_summ": false,
        "start_time": 1419.73
      },
      {
        "act": "Okay.",
        "end_time": 1422.28,
        "is_in_ext_summ": false,
        "start_time": 1422.04
      }
    ],
    [
      {
        "act": "I do think, who's gonna have the money to buy that also, that one?",
        "end_time": 1473.08,
        "is_in_ext_summ": true,
        "start_time": 1469.99
      },
      {
        "act": "Mm-hmm.",
        "end_time": 1473.49,
        "is_in_ext_summ": false,
        "start_time": 1472.5
      }
    ],
    [
      {
        "act": "at least right now what we're doing is um deciding on just the remote itself,",
        "end_time": 1494.96,
        "is_in_ext_summ": true,
        "start_time": 1490.3
      },
      {
        "act": "Right.",
        "end_time": 1495.46,
        "is_in_ext_summ": false,
        "start_time": 1495.22
      }
    ],
    [
      {
        "act": "so it will probably be sold separately, twenty five Euro by itself.",
        "end_time": 1499.79,
        "is_in_ext_summ": false,
        "start_time": 1494.96
      },
      {
        "act": "Right, okay.",
        "end_time": 1498.23,
        "is_in_ext_summ": false,
        "start_time": 1497.62
      }
    ],
    [
      {
        "act": "but if that's sort of the only quality that we have that is divided into age then we would wanna stick between the fifteen and thirty five range.",
        "end_time": 1525.16,
        "is_in_ext_summ": false,
        "start_time": 1517.54
      },
      {
        "act": "Yeah,",
        "end_time": 1526.26,
        "is_in_ext_summ": false,
        "start_time": 1525.7
      }
    ],
    [
      {
        "act": "Are we gonna use that as one of our functions?",
        "end_time": 1540.53,
        "is_in_ext_summ": true,
        "start_time": 1538.7
      },
      {
        "act": "Mm.",
        "end_time": 1544.97,
        "is_in_ext_summ": false,
        "start_time": 1544.78
      },
      {
        "act": "I I would say no,",
        "end_time": 1547.52,
        "is_in_ext_summ": true,
        "start_time": 1546.21
      },
      {
        "act": "I mean not that I'm really gung-ho about it,",
        "end_time": 1573.15,
        "is_in_ext_summ": false,
        "start_time": 1570.73
      }
    ],
    [
      {
        "act": "we've got a price limit of was it twelve twelve and a half Euros for to produce it?",
        "end_time": 1562.71,
        "is_in_ext_summ": false,
        "start_time": 1557.68
      },
      {
        "act": "To produce it, yeah.",
        "end_time": 1561.97,
        "is_in_ext_summ": false,
        "start_time": 1561.08
      },
      {
        "act": "To produce it, yes.",
        "end_time": 1562.86,
        "is_in_ext_summ": false,
        "start_time": 1561.67
      }
    ],
    [
      {
        "act": "and that doesn't necessarily mean more technology,",
        "end_time": 1596.24,
        "is_in_ext_summ": false,
        "start_time": 1592.65
      },
      {
        "act": "That's a good thing to keep in mind.",
        "end_time": 1597.87,
        "is_in_ext_summ": false,
        "start_time": 1596.27
      }
    ],
    [
      {
        "act": "If someone's looking to buy a new remote, don't they want like an upgrade?",
        "end_time": 1608.69,
        "is_in_ext_summ": true,
        "start_time": 1605.51
      },
      {
        "act": "I dunno.",
        "end_time": 1609.21,
        "is_in_ext_summ": false,
        "start_time": 1608.69
      },
      {
        "act": "Upgrade?",
        "end_time": 1610.98,
        "is_in_ext_summ": false,
        "start_time": 1610.08
      }
    ],
    [
      {
        "act": "or we can look at um user-friendly.",
        "end_time": 1614.7,
        "is_in_ext_summ": true,
        "start_time": 1613.07
      },
      {
        "act": "Yeah, simplification.",
        "end_time": 1616.66,
        "is_in_ext_summ": false,
        "start_time": 1615.08
      },
      {
        "act": "Simplification,",
        "end_time": 1617.36,
        "is_in_ext_summ": false,
        "start_time": 1616.56
      }
    ],
    [
      {
        "act": "Do you know what I'm saying?",
        "end_time": 1650.15,
        "is_in_ext_summ": false,
        "start_time": 1649.21
      },
      {
        "act": "yeah.",
        "end_time": 1652.12,
        "is_in_ext_summ": false,
        "start_time": 1651.53
      }
    ],
    [
      {
        "act": "that hides all the complicated buttons.",
        "end_time": 1659.8,
        "is_in_ext_summ": false,
        "start_time": 1657.55
      },
      {
        "act": "Ooh.",
        "end_time": 1659.7,
        "is_in_ext_summ": false,
        "start_time": 1659.3
      }
    ],
    [
      {
        "act": "and everyone else doesn't have to have like two remotes,",
        "end_time": 1683.61,
        "is_in_ext_summ": false,
        "start_time": 1681.49
      },
      {
        "act": "Yeah, that's a good idea.",
        "end_time": 1687.41,
        "is_in_ext_summ": false,
        "start_time": 1685.73
      },
      {
        "act": "I think that's a good idea, yeah.",
        "end_time": 1688.47,
        "is_in_ext_summ": false,
        "start_time": 1687.33
      }
    ],
    [
      {
        "act": "Um we have to be careful that that that doesn't impede um the chip transmitting information,",
        "end_time": 1696.36,
        "is_in_ext_summ": false,
        "start_time": 1690.93
      },
      {
        "act": "Yeah.",
        "end_time": 1696.22,
        "is_in_ext_summ": false,
        "start_time": 1695.91
      },
      {
        "act": "Good point.",
        "end_time": 1698.88,
        "is_in_ext_summ": false,
        "start_time": 1696.69
      },
      {
        "act": "Yeah.",
        "end_time": 1699.2,
        "is_in_ext_summ": false,
        "start_time": 1698.88
      },
      {
        "act": "Yeah.",
        "end_time": 1697.07,
        "is_in_ext_summ": false,
        "start_time": 1696.71
      }
    ],
    [
      {
        "act": "what are we emphasising? I what in this project?",
        "end_time": 1709.8,
        "is_in_ext_summ": true,
        "start_time": 1705.74
      },
      {
        "act": "I think simplicity, fashion.",
        "end_time": 1712.87,
        "is_in_ext_summ": false,
        "start_time": 1711.32
      }
    ],
    [
      {
        "act": "Si simplicity and fashion.",
        "end_time": 1711.54,
        "is_in_ext_summ": true,
        "start_time": 1709.28
      },
      {
        "act": "Simplicity and fashion.",
        "end_time": 1712.84,
        "is_in_ext_summ": false,
        "start_time": 1711.72
      },
      {
        "act": "Yeah mm.",
        "end_time": 1713.17,
        "is_in_ext_summ": false,
        "start_time": 1712.07
      },
      {
        "act": "those are very good goals, I think,",
        "end_time": 1716.74,
        "is_in_ext_summ": false,
        "start_time": 1715.03
      }
    ],
    [
      {
        "act": "What can you do to like make the infra-red more functional,",
        "end_time": 1739.11,
        "is_in_ext_summ": true,
        "start_time": 1735.43
      },
      {
        "act": "I think it's a lot to do with battery,",
        "end_time": 1744.71,
        "is_in_ext_summ": true,
        "start_time": 1741.76
      },
      {
        "act": "Okay.",
        "end_time": 1744.85,
        "is_in_ext_summ": false,
        "start_time": 1744.52
      },
      {
        "act": "The battery and that I think that the chip takes the data and presents it well, without sort of scattering.",
        "end_time": 1752.17,
        "is_in_ext_summ": false,
        "start_time": 1745.52
      }
    ],
    [
      {
        "act": "So 's just the quality of the chip.",
        "end_time": 1753.95,
        "is_in_ext_summ": true,
        "start_time": 1752.84
      },
      {
        "act": "Yeah. I think so.",
        "end_time": 1756.19,
        "is_in_ext_summ": false,
        "start_time": 1754.6
      },
      {
        "act": "Okay.",
        "end_time": 1756.38,
        "is_in_ext_summ": false,
        "start_time": 1756.15
      }
    ],
    [
      {
        "act": "So our target group, we're saying, fifteen to thirty five?",
        "end_time": 1772.57,
        "is_in_ext_summ": true,
        "start_time": 1769.59
      },
      {
        "act": "I dunno how useful that number is if we're not doing",
        "end_time": 1775.69,
        "is_in_ext_summ": true,
        "start_time": 1773.51
      }
    ],
    [
      {
        "act": "S voice recognition,",
        "end_time": 1777.13,
        "is_in_ext_summ": true,
        "start_time": 1775.84
      },
      {
        "act": "Yeah.",
        "end_time": 1777.18,
        "is_in_ext_summ": false,
        "start_time": 1776.84
      },
      {
        "act": "and it might be too expensive.",
        "end_time": 1789.62,
        "is_in_ext_summ": false,
        "start_time": 1788.41
      }
    ],
    [
      {
        "act": "which I kind of I kind of feel like voice recognition is not necessary in a remote control,",
        "end_time": 1782.37,
        "is_in_ext_summ": false,
        "start_time": 1777.13
      },
      {
        "act": ". I don't.",
        "end_time": 1782.11,
        "is_in_ext_summ": false,
        "start_time": 1781.73
      },
      {
        "act": "Yeah",
        "end_time": 1781.73,
        "is_in_ext_summ": false,
        "start_time": 1781.49
      }
    ],
    [
      {
        "act": "It's, yeah, it's pretty it's pretty high-tech.",
        "end_time": 1786.85,
        "is_in_ext_summ": false,
        "start_time": 1784.47
      },
      {
        "act": "Mm-hmm. Yeah,",
        "end_time": 1788.41,
        "is_in_ext_summ": false,
        "start_time": 1787.83
      }
    ],
    [
      {
        "act": "like you know what I mean and then it's like you wouldn't need a remote",
        "end_time": 1795.05,
        "is_in_ext_summ": true,
        "start_time": 1793.41
      },
      {
        "act": "Yeah.",
        "end_time": 1797.0,
        "is_in_ext_summ": false,
        "start_time": 1796.33
      }
    ],
    [
      {
        "act": "And if the whole idea is you're using a remote then why would you have voice,",
        "end_time": 1793.41,
        "is_in_ext_summ": true,
        "start_time": 1789.65
      },
      {
        "act": "It's for, like, the ultimately lazy people,",
        "end_time": 1799.01,
        "is_in_ext_summ": true,
        "start_time": 1796.88
      }
    ],
    [
      {
        "act": "but I th I think regardless we're we're aiming for the under sixty five or something.",
        "end_time": 1828.72,
        "is_in_ext_summ": true,
        "start_time": 1823.79
      },
      {
        "act": "Under sixty five, okay,",
        "end_time": 1830.23,
        "is_in_ext_summ": false,
        "start_time": 1828.95
      },
      {
        "act": "that's a good start. Um.",
        "end_time": 1832.13,
        "is_in_ext_summ": false,
        "start_time": 1830.23
      }
    ],
    [
      {
        "act": "Or like single professionals or something.",
        "end_time": 1843.2,
        "is_in_ext_summ": false,
        "start_time": 1840.73
      },
      {
        "act": "Okay, single",
        "end_time": 1844.27,
        "is_in_ext_summ": false,
        "start_time": 1843.76
      }
    ],
    [
      {
        "act": "Twenty to like fifty five.",
        "end_time": 1846.12,
        "is_in_ext_summ": false,
        "start_time": 1843.75
      },
      {
        "act": "I dunno.",
        "end_time": 1848.61,
        "is_in_ext_summ": false,
        "start_time": 1848.02
      },
      {
        "act": "Yeah.",
        "end_time": 1848.25,
        "is_in_ext_summ": false,
        "start_time": 1848.0
      },
      {
        "act": "It's it's hard to narrow it down.",
        "end_time": 1851.92,
        "is_in_ext_summ": true,
        "start_time": 1850.0
      },
      {
        "act": "It's really hard to figure out right now.",
        "end_time": 1852.81,
        "is_in_ext_summ": false,
        "start_time": 1850.84
      }
    ],
    [
      {
        "act": "I think the product appeals across a quite a broad range of ages.",
        "end_time": 1858.12,
        "is_in_ext_summ": true,
        "start_time": 1854.0
      },
      {
        "act": "Mm-hmm.",
        "end_time": 1858.37,
        "is_in_ext_summ": false,
        "start_time": 1857.71
      }
    ],
    [
      {
        "act": "so it's going to appeal to people, maybe people who have problems with technology, you know, people who get scared by having lots of buttons,",
        "end_time": 1869.85,
        "is_in_ext_summ": true,
        "start_time": 1862.01
      },
      {
        "act": "Okay.",
        "end_time": 1868.52,
        "is_in_ext_summ": false,
        "start_time": 1868.19
      }
    ],
    [
      {
        "act": "maybe we don't have to defi define the target group by the demographic of age,",
        "end_time": 1878.67,
        "is_in_ext_summ": true,
        "start_time": 1875.8
      },
      {
        "act": "Right.",
        "end_time": 1879.22,
        "is_in_ext_summ": false,
        "start_time": 1878.92
      }
    ],
    [
      {
        "act": "like h t how much money they have to spend or something like that,",
        "end_time": 1885.18,
        "is_in_ext_summ": false,
        "start_time": 1882.29
      },
      {
        "act": "Yeah. Yeah aim for a an income group.",
        "end_time": 1886.94,
        "is_in_ext_summ": false,
        "start_time": 1884.23
      },
      {
        "act": "That's a good point.",
        "end_time": 1886.02,
        "is_in_ext_summ": false,
        "start_time": 1885.3
      }
    ],
    [
      {
        "act": "So maybe it's more useful to d d to define objectives like fashion and simplicity than to find specific target group as far as age is",
        "end_time": 1901.76,
        "is_in_ext_summ": true,
        "start_time": 1893.05
      },
      {
        "act": "Yeah, t probably.",
        "end_time": 1898.09,
        "is_in_ext_summ": false,
        "start_time": 1896.66
      }
    ],
    [
      {
        "act": "do we want some kind of thing to find it if it's lost?",
        "end_time": 1914.93,
        "is_in_ext_summ": true,
        "start_time": 1911.32
      },
      {
        "act": "Yeah.",
        "end_time": 1916.86,
        "is_in_ext_summ": false,
        "start_time": 1916.39
      }
    ],
    [
      {
        "act": "and it'll ring or something,",
        "end_time": 1919.49,
        "is_in_ext_summ": false,
        "start_time": 1918.25
      },
      {
        "act": "I don't know",
        "end_time": 1920.08,
        "is_in_ext_summ": false,
        "start_time": 1919.49
      }
    ],
    [
      {
        "act": "It would be relevant to like the overall goal I think,",
        "end_time": 1944.04,
        "is_in_ext_summ": true,
        "start_time": 1941.83
      },
      {
        "act": "Yeah, that'll probably be good.",
        "end_time": 1945.29,
        "is_in_ext_summ": false,
        "start_time": 1943.91
      }
    ],
    [
      {
        "act": "Um so we want something to keep it from getting lost.",
        "end_time": 1953.55,
        "is_in_ext_summ": true,
        "start_time": 1951.13
      },
      {
        "act": "Yep.",
        "end_time": 1954.13,
        "is_in_ext_summ": false,
        "start_time": 1953.99
      },
      {
        "act": "Yeah.",
        "end_time": 1954.72,
        "is_in_ext_summ": false,
        "start_time": 1954.45
      }
    ],
    [
      {
        "act": "And we want um we want large buttons for the essential things.",
        "end_time": 1965.24,
        "is_in_ext_summ": true,
        "start_time": 1956.28
      },
      {
        "act": "Yeah.",
        "end_time": 1965.89,
        "is_in_ext_summ": false,
        "start_time": 1965.76
      },
      {
        "act": "Yeah.",
        "end_time": 1966.4,
        "is_in_ext_summ": false,
        "start_time": 1966.16
      }
    ],
    [
      {
        "act": "We want a possibility to um to get um a possibility to get the extra functions.",
        "end_time": 1981.95,
        "is_in_ext_summ": true,
        "start_time": 1972.47
      },
      {
        "act": "Mm-hmm.",
        "end_time": 1982.69,
        "is_in_ext_summ": false,
        "start_time": 1982.33
      },
      {
        "act": "Yeah.",
        "end_time": 1983.04,
        "is_in_ext_summ": false,
        "start_time": 1982.9
      }
    ],
    [
      {
        "act": "or well not hidden but they're uh they're not as prominent as the main features.",
        "end_time": 1994.19,
        "is_in_ext_summ": false,
        "start_time": 1988.36
      },
      {
        "act": "Mm-hmm.",
        "end_time": 1995.0,
        "is_in_ext_summ": false,
        "start_time": 1994.43
      },
      {
        "act": "Hmm.",
        "end_time": 1994.84,
        "is_in_ext_summ": false,
        "start_time": 1994.56
      },
      {
        "act": "Um, yeah, hidden way.",
        "end_time": 2000.81,
        "is_in_ext_summ": false,
        "start_time": 1999.03
      }
    ],
    [
      {
        "act": "it's not like an eye sore, that kind of thing.",
        "end_time": 2014.03,
        "is_in_ext_summ": false,
        "start_time": 2011.49
      },
      {
        "act": "Yeah.",
        "end_time": 2014.02,
        "is_in_ext_summ": false,
        "start_time": 2013.73
      }
    ],
    [
      {
        "act": "Any other essential functions that we need?",
        "end_time": 2023.42,
        "is_in_ext_summ": false,
        "start_time": 2021.68
      },
      {
        "act": "Battery battery use.",
        "end_time": 2028.74,
        "is_in_ext_summ": false,
        "start_time": 2026.47
      }
    ],
    [
      {
        "act": "Battery? Do we need a long-life battery?",
        "end_time": 2027.49,
        "is_in_ext_summ": true,
        "start_time": 2024.98
      },
      {
        "act": "Yeah,",
        "end_time": 2028.97,
        "is_in_ext_summ": false,
        "start_time": 2028.74
      }
    ],
    [
      {
        "act": "So you never have to change the battery.",
        "end_time": 2034.71,
        "is_in_ext_summ": false,
        "start_time": 2032.92
      },
      {
        "act": "Yeah.",
        "end_time": 2034.93,
        "is_in_ext_summ": false,
        "start_time": 2034.71
      }
    ],
    [
      {
        "act": "I suspect the remote control does need a battery,",
        "end_time": 2044.17,
        "is_in_ext_summ": false,
        "start_time": 2041.96
      },
      {
        "act": "Yeah.",
        "end_time": 2045.0,
        "is_in_ext_summ": false,
        "start_time": 2044.62
      },
      {
        "act": "Yeah, I would imagine.",
        "end_time": 2045.97,
        "is_in_ext_summ": false,
        "start_time": 2044.57
      },
      {
        "act": "I think it does.",
        "end_time": 2049.64,
        "is_in_ext_summ": false,
        "start_time": 2048.95
      }
    ],
    [
      {
        "act": "I don't I don't think of a way you can operate a chip and convert that much data without without one.",
        "end_time": 2055.75,
        "is_in_ext_summ": false,
        "start_time": 2049.64
      },
      {
        "act": "Yeah, without the energy, yeah.",
        "end_time": 2056.26,
        "is_in_ext_summ": false,
        "start_time": 2054.6
      }
    ],
    [
      {
        "act": "But you could maybe have it in a little charging station like a mobile phone, or like a little cradle for your iPod.",
        "end_time": 2061.98,
        "is_in_ext_summ": true,
        "start_time": 2055.75
      },
      {
        "act": "Yeah, that's that's possible. Yeah.",
        "end_time": 2064.3,
        "is_in_ext_summ": true,
        "start_time": 2062.52
      },
      {
        "act": "that's that's a good idea,",
        "end_time": 2085.26,
        "is_in_ext_summ": true,
        "start_time": 2084.13
      }
    ],
    [
      {
        "act": "that might contribute to less people losing it too if it it stays in one place.",
        "end_time": 2075.1,
        "is_in_ext_summ": true,
        "start_time": 2070.33
      },
      {
        "act": "I dunno,",
        "end_time": 2070.33,
        "is_in_ext_summ": false,
        "start_time": 2070.0
      }
    ],
    [
      {
        "act": "I mean, would you put it on top of the T_V_?",
        "end_time": 2082.78,
        "is_in_ext_summ": false,
        "start_time": 2081.07
      },
      {
        "act": "I don't know,",
        "end_time": 2083.51,
        "is_in_ext_summ": false,
        "start_time": 2082.78
      }
    ],
    [
      {
        "act": "has everyone said their functions",
        "end_time": 2095.77,
        "is_in_ext_summ": false,
        "start_time": 2093.91
      },
      {
        "act": "Yep.",
        "end_time": 2096.05,
        "is_in_ext_summ": false,
        "start_time": 2095.96
      },
      {
        "act": "'kay.",
        "end_time": 2096.32,
        "is_in_ext_summ": false,
        "start_time": 2096.01
      }
    ],
    [
      {
        "act": "Um after the meeting we're gonna each complete a sks um a questionnaire and a summaries summary.",
        "end_time": 2102.84,
        "is_in_ext_summ": true,
        "start_time": 2097.7
      },
      {
        "act": "I don't know what summarisation.",
        "end_time": 2104.59,
        "is_in_ext_summ": false,
        "start_time": 2102.84
      }
    ],
    [
      {
        "act": "And hopefully, I hope, next time you'll be able to access more of the web site",
        "end_time": 2139.9,
        "is_in_ext_summ": false,
        "start_time": 2136.88
      },
      {
        "act": "It's kinda frustrating,",
        "end_time": 2143.82,
        "is_in_ext_summ": false,
        "start_time": 2142.73
      }
    ],
    [
      {
        "act": "Be sure to note any frustrations or any um issues that come up in your um in your um summary.",
        "end_time": 2154.86,
        "is_in_ext_summ": false,
        "start_time": 2147.09
      },
      {
        "act": "Okay",
        "end_time": 2157.42,
        "is_in_ext_summ": false,
        "start_time": 2157.05
      }
    ],
    [
      {
        "act": "Mm 'kay?",
        "end_time": 2159.15,
        "is_in_ext_summ": false,
        "start_time": 2158.95
      },
      {
        "act": "Sounds good.",
        "end_time": 2160.04,
        "is_in_ext_summ": false,
        "start_time": 2159.46
      }
    ],
    [
      {
        "act": "were you able to like put yours in the group folder?",
        "end_time": 2170.43,
        "is_in_ext_summ": false,
        "start_time": 2167.54
      },
      {
        "act": "Yes, I just did that.",
        "end_time": 2171.6,
        "is_in_ext_summ": false,
        "start_time": 2169.92
      },
      {
        "act": "Okay.",
        "end_time": 2171.07,
        "is_in_ext_summ": false,
        "start_time": 2170.43
      }
    ],
    [
      {
        "act": "Hopefully it is there for people.",
        "end_time": 2174.56,
        "is_in_ext_summ": false,
        "start_time": 2171.6
      },
      {
        "act": "Yep.",
        "end_time": 2173.83,
        "is_in_ext_summ": false,
        "start_time": 2173.62
      }
    ],
    [
      {
        "act": "it's from like an earlier project, I think so um",
        "end_time": 2185.97,
        "is_in_ext_summ": false,
        "start_time": 2182.72
      },
      {
        "act": "Okay.",
        "end_time": 2185.2,
        "is_in_ext_summ": false,
        "start_time": 2184.9
      }
    ],
    [
      {
        "act": "Where is that?",
        "end_time": 2188.17,
        "is_in_ext_summ": false,
        "start_time": 2186.77
      },
      {
        "act": "Under the shared folder,",
        "end_time": 2190.23,
        "is_in_ext_summ": false,
        "start_time": 2188.85
      },
      {
        "act": "Projects.",
        "end_time": 2193.04,
        "is_in_ext_summ": false,
        "start_time": 2192.4
      }
    ],
    [
      {
        "act": "I only have three, I just have like our three. Yeah.",
        "end_time": 2201.15,
        "is_in_ext_summ": false,
        "start_time": 2198.67
      },
      {
        "act": "Yeah,",
        "end_time": 2200.98,
        "is_in_ext_summ": false,
        "start_time": 2200.4
      },
      {
        "act": "Okay.",
        "end_time": 2203.06,
        "is_in_ext_summ": false,
        "start_time": 2201.93
      }
    ],
    [
      {
        "act": "You don't have mine?",
        "end_time": 2203.76,
        "is_in_ext_summ": false,
        "start_time": 2203.06
      },
      {
        "act": "No,",
        "end_time": 2205.28,
        "is_in_ext_summ": false,
        "start_time": 2205.1
      }
    ],
    [
      {
        "act": "but that's 'cause I think yours is in the e-mail separate,",
        "end_time": 2207.82,
        "is_in_ext_summ": false,
        "start_time": 2205.28
      },
      {
        "act": "Yeah.",
        "end_time": 2211.07,
        "is_in_ext_summ": false,
        "start_time": 2210.84
      }
    ],
    [
      {
        "act": "I'll figure that out in the meantime.",
        "end_time": 2227.57,
        "is_in_ext_summ": false,
        "start_time": 2226.31
      },
      {
        "act": "Okay.",
        "end_time": 2228.24,
        "is_in_ext_summ": false,
        "start_time": 2227.94
      },
      {
        "act": "Okay.",
        "end_time": 2228.51,
        "is_in_ext_summ": false,
        "start_time": 2228.26
      }
    ]
  ],
  "ap_meta": {
    "far_than_3s": 12,
    "total": 253,
    "total_sequences": 100,
    "values": [
      [
        9,
        370.82
      ],
      [
        18,
        945.03
      ],
      [
        21,
        1177.53
      ],
      [
        25,
        1232.09
      ],
      [
        44,
        1540.53
      ],
      [
        44,
        1547.52
      ],
      [
        58,
        1777.18
      ],
      [
        62,
        1793.41
      ],
      [
        77,
        1994.84
      ],
      [
        79,
        2023.42
      ],
      [
        84,
        2064.3
      ],
      [
        98,
        2207.82
      ]
    ]
  },
  "args": [
    [
      {
        "act": "Okay, we need to talk about our functions and our target group. We need to decide who our target group is. You um in your analysis of different market um of the marketing, you identified that different groups wanted different things or had certain preferences, for example that um that older people didn't really care for um voice recognition, but younger people did. Um and so who are we aiming this at?",
        "ae_type": "Open issue",
        "end_time": 1453.04,
        "speaker_id": "A",
        "start_time": 1427.43
      },
      {
        "act": "Well if we're gonna say that function um fashion we put the fashion in in electronics then you automatically, I think, a sort of younger group that that's who's gonna be attracted to this.",
        "ae_type": "Statement",
        "end_time": 1467.77,
        "speaker_id": "B",
        "start_time": 1456.0
      },
      {
        "act": "Yes, I do think, who's gonna have the money to buy that also, that one?",
        "ae_type": "Yes/No issue",
        "end_time": 1473.08,
        "speaker_id": "D",
        "start_time": 1469.78
      },
      {
        "act": "It's gonna be twenty five Euro remember, so um it has to be avai marketable to um whomever it is.",
        "ae_type": "Statement",
        "end_time": 1480.15,
        "speaker_id": "A",
        "start_time": 1473.49
      },
      {
        "act": "Is it is it something that's gonna be sold separately from the television or is it something that comes w with a television? 'Cause that would affect the way that we market it.",
        "ae_type": "A/B issue",
        "end_time": 1489.42,
        "speaker_id": "C",
        "start_time": 1481.46
      },
      {
        "act": "Well at least right now what we're doing is um deciding on just the remote itself, so it will probably be sold separately, twenty five Euro by itself.",
        "ae_type": "Statement",
        "end_time": 1499.79,
        "speaker_id": "A",
        "start_time": 1490.12
      },
      {
        "act": "Right, okay.",
        "ae_type": "Statement",
        "end_time": 1498.23,
        "speaker_id": "C",
        "start_time": 1497.62
      },
      {
        "act": "The only break-down that I was given in terms of age was the voice activation and basically there's a big jump, after thirty five people don't really care if it has voice, so it's like basically fifteen to thirty five that think that that's a good idea. I dunno I'm gonna be given any other numbers broken down in terms of age later, but if that's sort of the only quality that we have that is divided into age then we would wanna stick between the fifteen and thirty five range.",
        "ae_type": "Statement",
        "end_time": 1525.16,
        "speaker_id": "D",
        "start_time": 1500.08
      },
      {
        "act": "Yeah, that's probably uh a population w quite a little bit of disposable income for use on technology anyway, so that might be a fairly good target group for us.",
        "ae_type": "Statement",
        "end_time": 1535.05,
        "speaker_id": "B",
        "start_time": 1525.7
      },
      {
        "act": "Yeah.",
        "ae_type": "Statement",
        "end_time": 1532.73,
        "speaker_id": "C",
        "start_time": 1532.53
      }
    ],
    [
      {
        "act": "Can you like I mean this may be too complicated, but, I wish I had something to explain it, like if it was just a simple, either this way or this way, that had like the main buttons and then you could like pull something out, kind of and like you got the rest the buttons, but the rest of them like went in. Do you know what I'm saying?",
        "ae_type": "Yes/No issue",
        "end_time": 1650.15,
        "speaker_id": "D",
        "start_time": 1635.46
      },
      {
        "act": "Yeah.",
        "ae_type": "Statement",
        "end_time": 1636.16,
        "speaker_id": "C",
        "start_time": 1635.94
      },
      {
        "act": "The remote There are remote controls like that, yeah. Like some T_V_s they have a sort of uh a sliding screen on the remote control of it that hides all the complicated buttons. So if you wanna do something complicated like programme your television or re-tune it, then you you open up this little hatch or or slide the screen down and there's all the all the special buttons.",
        "ae_type": "Statement",
        "end_time": 1670.04,
        "speaker_id": "C",
        "start_time": 1649.1
      },
      {
        "act": "Kind of pull out of the side.",
        "ae_type": "Statement",
        "end_time": 1651.39,
        "speaker_id": "A",
        "start_time": 1650.25
      },
      {
        "act": "more complicated ones, but 's all still in one.",
        "ae_type": "Statement",
        "end_time": 1688.03,
        "speaker_id": "D",
        "start_time": 1685.76
      },
      {
        "act": "Yeah.",
        "ae_type": "Statement",
        "end_time": 1674.58,
        "speaker_id": "C",
        "start_time": 1674.32
      },
      {
        "act": "Yeah, that's a good idea.",
        "ae_type": "Statement",
        "end_time": 1687.41,
        "speaker_id": "B",
        "start_time": 1685.73
      },
      {
        "act": "I think that's a good idea, yeah.",
        "ae_type": "Statement",
        "end_time": 1688.47,
        "speaker_id": "C",
        "start_time": 1687.33
      },
      {
        "act": "Um we have to be careful that that that doesn't impede um the chip transmitting information, but um that's gonna be mostly technological thing. Um.",
        "ae_type": "Statement",
        "end_time": 1700.72,
        "speaker_id": "A",
        "start_time": 1690.93
      },
      {
        "act": "Yeah.",
        "ae_type": "Statement",
        "end_time": 1696.22,
        "speaker_id": "D",
        "start_time": 1695.91
      },
      {
        "act": "Good point. Yeah.",
        "ae_type": "Statement",
        "end_time": 1699.2,
        "speaker_id": "B",
        "start_time": 1696.69
      },
      {
        "act": "Yeah.",
        "ae_type": "Statement",
        "end_time": 1697.07,
        "speaker_id": "C",
        "start_time": 1696.71
      }
    ],
    [
      {
        "act": "Any other essential functions that we need?",
        "ae_type": "Open issue",
        "end_time": 2023.42,
        "speaker_id": "A",
        "start_time": 2021.68
      },
      {
        "act": "Battery? Do we need a long-life battery?",
        "ae_type": "Yes/No issue",
        "end_time": 2027.49,
        "speaker_id": "A",
        "start_time": 2024.98
      },
      {
        "act": "Battery battery use. Yeah, but I think that goes in with simplicity and ease of use really.",
        "ae_type": "Statement",
        "end_time": 2031.56,
        "speaker_id": "B",
        "start_time": 2026.47
      },
      {
        "act": "Yeah.",
        "ae_type": "Statement",
        "end_time": 2029.36,
        "speaker_id": "D",
        "start_time": 2029.09
      },
      {
        "act": "But we might as well.",
        "ae_type": "Statement",
        "end_time": 2033.51,
        "speaker_id": "A",
        "start_time": 2032.84
      },
      {
        "act": "So you never have to change the battery.",
        "ae_type": "Statement",
        "end_time": 2034.71,
        "speaker_id": "D",
        "start_time": 2032.92
      },
      {
        "act": "Yeah.",
        "ae_type": "Statement",
        "end_time": 2034.93,
        "speaker_id": "B",
        "start_time": 2034.71
      },
      {
        "act": "We should maybe investigate whether it needs a battery at all.",
        "ae_type": "Statement",
        "end_time": 2040.86,
        "speaker_id": "C",
        "start_time": 2038.48
      },
      {
        "act": "I suspect the remote control does need a battery, but I dunno if you can",
        "ae_type": "Statement",
        "end_time": 2046.08,
        "speaker_id": "C",
        "start_time": 2041.96
      },
      {
        "act": "Yeah, I would imagine. Just 'cause it is an electronic device, the",
        "ae_type": "Statement",
        "end_time": 2048.14,
        "speaker_id": "A",
        "start_time": 2044.57
      },
      {
        "act": "Yeah.",
        "ae_type": "Statement",
        "end_time": 2045.0,
        "speaker_id": "B",
        "start_time": 2044.62
      },
      {
        "act": "Yeah.",
        "ae_type": "Statement",
        "end_time": 2048.38,
        "speaker_id": "C",
        "start_time": 2048.18
      },
      {
        "act": "Mm. It I think it does.",
        "ae_type": "Statement",
        "end_time": 2049.64,
        "speaker_id": "B",
        "start_time": 2048.3
      },
      {
        "act": "I don't I don't think of a way you can operate a chip and convert that much data without without one. But you could maybe have it in a little charging station like a mobile phone, or like a little cradle for your iPod.",
        "ae_type": "Statement",
        "end_time": 2061.98,
        "speaker_id": "B",
        "start_time": 2049.64
      },
      {
        "act": "Yeah, without the energy, yeah.",
        "ae_type": "Statement",
        "end_time": 2056.26,
        "speaker_id": "C",
        "start_time": 2054.6
      },
      {
        "act": "Yeah, that's that's possible. Yeah.",
        "ae_type": "Statement",
        "end_time": 2064.3,
        "speaker_id": "C",
        "start_time": 2062.52
      },
      {
        "act": "You could we could maybe do that instead. So you don't ha you got like a rechargeable battery.",
        "ae_type": "Statement",
        "end_time": 2068.32,
        "speaker_id": "B",
        "start_time": 2063.16
      },
      {
        "act": "Yeah.",
        "ae_type": "Statement",
        "end_time": 2068.88,
        "speaker_id": "C",
        "start_time": 2068.72
      },
      {
        "act": "I dunno, that might contribute to less people losing it too if it it stays in one place",
        "ae_type": "Statement",
        "end_time": 2075.1,
        "speaker_id": "B",
        "start_time": 2070.0
      }
    ]
  ],
  "da": {
    "types": {
      "Assess": 116,
      "Backchannel": 83,
      "Be-Negative": 2,
      "Be-Positive": 11,
      "Comment-About-Understanding": 41,
      "Elicit-Assessment": 21,
      "Elicit-Comment-Understanding": 2,
      "Elicit-Inform": 39,
      "Elicit-Offer-Or-Suggestion": 13,
      "Fragment": 64,
      "Inform": 345,
      "Offer": 7,
      "Other": 16,
      "Stall": 72,
      "Suggest": 91
    }
  },
  "dialog_acts": 923,
  "ext_sentense_count": 132,
  "ext_sentense_da_count": 180,
  "ext_summ": {
    "types": {
      "Assess": 5,
      "Elicit-Assessment": 5,
      "Elicit-Inform": 12,
      "Elicit-Offer-Or-Suggestion": 3,
      "Fragment": 1,
      "Inform": 80,
      "Offer": 2,
      "Suggest": 24
    }
  },
  "segmants": 439
}