[
  {
    "segments": [
      {
        "end_time": 534.672,
        "segment": "What kinda battery would we want to use? Because battery changing is usually Okay.",
        "start_time": 529.04
      },
      {
        "end_time": 533.456,
        "segment": "D Double A_.",
        "start_time": 531.573
      },
      {
        "end_time": 534.112,
        "segment": "Double A_.",
        "start_time": 533.376
      },
      {
        "end_time": 537.392,
        "segment": "Do some of them use triple A_s though?",
        "start_time": 535.504
      },
      {
        "end_time": 540.096,
        "segment": "Yeah some use triple A_s. So double or triple?",
        "start_time": 537.344
      },
      {
        "end_time": 539.472,
        "segment": "Some but",
        "start_time": 538.523
      },
      {
        "end_time": 539.168,
        "segment": "Okay.",
        "start_time": 538.592
      },
      {
        "end_time": 547.488,
        "segment": "Yeah, I guess then it's If we need to do triple A_ we can, but most people usually have double A_s around.",
        "start_time": 540.48
      },
      {
        "end_time": 554.528,
        "segment": "Okay. Yeah. But that has to do with the size of it too. Well, w as long as we know that issue is",
        "start_time": 547.6
      },
      {
        "end_time": 552.026,
        "segment": "Right.",
        "start_time": 551.172
      },
      {
        "end_time": 552.239,
        "segment": "Yeah.",
        "start_time": 551.84
      },
      {
        "end_time": 558.24,
        "segment": "Yeah, if we want it to be more thin, then we'd probably wanna go with a triple A_.",
        "start_time": 555.232
      },
      {
        "end_time": 569.568,
        "segment": "Here we can Triple A. But it's okay, we don't have to decide about it now, just as long as we remember battery type and size is important. Hey. Anything else?",
        "start_time": 555.6
      }
    ],
    "type": "Batteries"
  }
]