[
  {
    "act": "I am worried about like um using a menu.",
    "ae_type": "Statement",
    "end_time": 621.82,
    "speaker_id": "A",
    "start_time": 619.51
  },
  {
    "act": "Um in that like i withing menus there are submenus, and so how do you get back to the main menu?",
    "ae_type": "Open issue",
    "end_time": 630.69,
    "speaker_id": "A",
    "start_time": 622.99
  },
  {
    "act": "But that has a menu button separate from a select button, whereas if this one's both the menu and the select button?",
    "ae_type": "Open issue",
    "end_time": 642.28,
    "speaker_id": "A",
    "start_time": 637.17
  },
  {
    "act": "Okay.",
    "ae_type": "Statement",
    "end_time": 648.88,
    "speaker_id": "A",
    "start_time": 648.53
  },
  {
    "act": "Could these be used for going to submenus or",
    "ae_type": "Yes/No issue",
    "end_time": 659.94,
    "speaker_id": "A",
    "start_time": 656.97
  },
  {
    "act": "Okay.",
    "ae_type": "Statement",
    "end_time": 662.67,
    "speaker_id": "A",
    "start_time": 662.27
  },
  {
    "act": "Well, the kinetic battery.",
    "ae_type": "Statement",
    "end_time": 830.88,
    "speaker_id": "A",
    "start_time": 829.84
  },
  {
    "act": "But they'll notice it after like a year, they'll be like hey, I have never changed the battery.",
    "ae_type": "Statement",
    "end_time": 841.11,
    "speaker_id": "A",
    "start_time": 837.38
  },
  {
    "act": "Just the material.",
    "ae_type": "Statement",
    "end_time": 844.73,
    "speaker_id": "A",
    "start_time": 844.0
  },
  {
    "act": "Think I'm gonna go with the four as well.",
    "ae_type": "Statement",
    "end_time": 878.94,
    "speaker_id": "A",
    "start_time": 877.71
  },
  {
    "act": "I really like that kinetic battery though.",
    "ae_type": "Statement",
    "end_time": 881.91,
    "speaker_id": "A",
    "start_time": 880.48
  },
  {
    "act": "That's right, yeah, corporate colour, we didn't keep that in um well if we I know it would make it a little less c a little more confusing, but if we had all the buttons in black, and a design in and the outside in yellow, that'd be our corporate one and we could also have alternative colours, one a more conservative one, one that's more fruity.",
    "ae_type": "Statement",
    "end_time": 958.86,
    "speaker_id": "A",
    "start_time": 940.28
  },
  {
    "act": "Um and can we have like an R_R_ inscribed on the bottom or something?",
    "ae_type": "Yes/No issue",
    "end_time": 965.77,
    "speaker_id": "A",
    "start_time": 962.34
  },
  {
    "act": "I think i it's kind of mangoey too.",
    "ae_type": "Statement",
    "end_time": 974.21,
    "speaker_id": "A",
    "start_time": 972.49
  },
  {
    "act": "Yes.",
    "ae_type": "Statement",
    "end_time": 975.88,
    "speaker_id": "A",
    "start_time": 975.54
  },
  {
    "act": "One.",
    "ae_type": "Statement",
    "end_time": 986.09,
    "speaker_id": "A",
    "start_time": 985.74
  },
  {
    "act": "Mm-hmm.",
    "ae_type": "Other (unlabeled)",
    "end_time": 619.51,
    "speaker_id": "A",
    "start_time": 618.32
  },
  {
    "act": "Mm-hmm.",
    "ae_type": "Other (unlabeled)",
    "end_time": 669.01,
    "speaker_id": "A",
    "start_time": 668.49
  },
  {
    "act": "Mm.",
    "ae_type": "Other (unlabeled)",
    "end_time": 842.84,
    "speaker_id": "A",
    "start_time": 842.42
  },
  {
    "act": "Okay. Fruity, so fruity.",
    "ae_type": "Other (unlabeled)",
    "end_time": 970.15,
    "speaker_id": "A",
    "start_time": 965.77
  },
  {
    "act": "Mm.",
    "ae_type": "Other (unlabeled)",
    "end_time": 978.37,
    "speaker_id": "A",
    "start_time": 978.04
  },
  {
    "act": "Well that on the iPod, for example, you just every time you wanna go back you hit the menu button again and it brings you back one level.",
    "ae_type": "Statement",
    "end_time": 636.81,
    "speaker_id": "B",
    "start_time": 631.08
  },
  {
    "act": "Good point.",
    "ae_type": "Statement",
    "end_time": 641.85,
    "speaker_id": "B",
    "start_time": 641.16
  },
  {
    "act": "for two seconds, then it brings you back one level or something.",
    "ae_type": "Statement",
    "end_time": 668.51,
    "speaker_id": "B",
    "start_time": 665.81
  },
  {
    "act": "In the battery, that's it.",
    "ae_type": "Statement",
    "end_time": 832.13,
    "speaker_id": "B",
    "start_time": 830.85
  },
  {
    "act": "How many people would notice that, though?",
    "ae_type": "Open issue",
    "end_time": 836.19,
    "speaker_id": "B",
    "start_time": 834.71
  },
  {
    "act": "Yeah. I I would say that it's",
    "ae_type": "Statement",
    "end_time": 852.96,
    "speaker_id": "B",
    "start_time": 848.71
  },
  {
    "act": "different. But does that equal innovative? I dunno. I'll give it a three.",
    "ae_type": "Statement",
    "end_time": 862.88,
    "speaker_id": "B",
    "start_time": 858.68
  },
  {
    "act": "It it might be, 'cause that's our corporate colour, isn't it?",
    "ae_type": "Yes/No issue",
    "end_time": 939.74,
    "speaker_id": "B",
    "start_time": 937.56
  },
  {
    "act": "We might wanna keep it yellow.",
    "ae_type": "Weak statement",
    "end_time": 944.37,
    "speaker_id": "B",
    "start_time": 943.22
  },
  {
    "act": "Yeah.",
    "ae_type": "Statement",
    "end_time": 960.85,
    "speaker_id": "B",
    "start_time": 960.52
  },
  {
    "act": "Sure.",
    "ae_type": "Statement",
    "end_time": 965.63,
    "speaker_id": "B",
    "start_time": 965.25
  },
  {
    "act": "So it was inspired by the potato, so I think it's pretty fruity.",
    "ae_type": "Statement",
    "end_time": 972.94,
    "speaker_id": "B",
    "start_time": 968.68
  },
  {
    "act": "That's a much more trendy than a potato one.",
    "ae_type": "Statement",
    "end_time": 983.59,
    "speaker_id": "B",
    "start_time": 978.28
  },
  {
    "act": "Hmm.",
    "ae_type": "Other (unlabeled)",
    "end_time": 628.62,
    "speaker_id": "B",
    "start_time": 628.36
  },
  {
    "act": "Maybe",
    "ae_type": "Other (unlabeled)",
    "end_time": 661.56,
    "speaker_id": "B",
    "start_time": 660.58
  },
  {
    "act": "Yeah, like fancy versus creative it's it's",
    "ae_type": "Other (unlabeled)",
    "end_time": 857.82,
    "speaker_id": "B",
    "start_time": 854.56
  },
  {
    "act": "If we had a yellow",
    "ae_type": "Other (unlabeled)",
    "end_time": 963.69,
    "speaker_id": "B",
    "start_time": 962.71
  },
  {
    "act": "Oh, mango that that",
    "ae_type": "Other (unlabeled)",
    "end_time": 976.53,
    "speaker_id": "B",
    "start_time": 974.5
  },
  {
    "act": "Yeah.",
    "ae_type": "Statement",
    "end_time": 629.1,
    "speaker_id": "C",
    "start_time": 628.96
  },
  {
    "act": "Yeah.",
    "ae_type": "Statement",
    "end_time": 640.65,
    "speaker_id": "C",
    "start_time": 640.48
  },
  {
    "act": "This is, it's the up and down buttons are used for scrolling up and down for a list of choices. You find the choice that you want and you press uh you press the right button uh.",
    "ae_type": "Statement",
    "end_time": 654.75,
    "speaker_id": "C",
    "start_time": 642.9
  },
  {
    "act": "Yeah, so they're used for going into and out of your submenus, yeah.",
    "ae_type": "Statement",
    "end_time": 661.96,
    "speaker_id": "C",
    "start_time": 658.95
  },
  {
    "act": "I'd say it's technologically it's not it's not unique, I mean it's it's just it is just pushbuttons um, so I I'd give it a four.",
    "ae_type": "Statement",
    "end_time": 875.45,
    "speaker_id": "C",
    "start_time": 866.27
  },
  {
    "act": "Yeah.",
    "ae_type": "Statement",
    "end_time": 941.61,
    "speaker_id": "C",
    "start_time": 941.46
  },
  {
    "act": "Yeah",
    "ae_type": "Statement",
    "end_time": 962.34,
    "speaker_id": "C",
    "start_time": 961.72
  },
  {
    "act": "Yeah.",
    "ae_type": "Statement",
    "end_time": 966.21,
    "speaker_id": "C",
    "start_time": 966.07
  },
  {
    "act": "Mangoey is better, yeah. I like mangoes.",
    "ae_type": "Statement",
    "end_time": 980.15,
    "speaker_id": "C",
    "start_time": 974.8
  },
  {
    "act": "Uh two.",
    "ae_type": "Statement",
    "end_time": 985.01,
    "speaker_id": "C",
    "start_time": 984.64
  },
  {
    "act": "Yeah.",
    "ae_type": "Other (unlabeled)",
    "end_time": 657.9,
    "speaker_id": "C",
    "start_time": 657.72
  },
  {
    "act": "Uh um",
    "ae_type": "Other (unlabeled)",
    "end_time": 933.39,
    "speaker_id": "C",
    "start_time": 932.04
  },
  {
    "act": ",",
    "ae_type": "Other (unlabeled)",
    "end_time": 962.34,
    "speaker_id": "C",
    "start_time": 962.34
  },
  {
    "act": "Um is it technologically innovative?",
    "ae_type": "Yes/No issue",
    "end_time": 816.81,
    "speaker_id": "D",
    "start_time": 814.79
  },
  {
    "act": "Not really, I mean not so much, 'cause we we don't have the L_C_D_ screen, we don't have fancy chip. Other than what it looks like, I dunno if it's really",
    "ae_type": "Statement",
    "end_time": 830.4,
    "speaker_id": "D",
    "start_time": 820.2
  },
  {
    "act": "I kinetic battery is a big one, so.",
    "ae_type": "Statement",
    "end_time": 833.7,
    "speaker_id": "D",
    "start_time": 831.67
  },
  {
    "act": "But it but we know it's there.",
    "ae_type": "Statement",
    "end_time": 838.73,
    "speaker_id": "D",
    "start_time": 836.87
  },
  {
    "act": "And if it's made of like latex, that whole idea, that's pretty cool. I'll give it a three.",
    "ae_type": "Statement",
    "end_time": 844.65,
    "speaker_id": "D",
    "start_time": 840.56
  },
  {
    "act": "'Cause it we could've picked a lot of features that would've made it really",
    "ae_type": "Statement",
    "end_time": 848.4,
    "speaker_id": "D",
    "start_time": 845.81
  },
  {
    "act": "Alright.",
    "ae_type": "Statement",
    "end_time": 863.86,
    "speaker_id": "D",
    "start_time": 863.58
  },
  {
    "act": "Everyone else?",
    "ae_type": "Open issue",
    "end_time": 865.57,
    "speaker_id": "D",
    "start_time": 865.27
  },
  {
    "act": "Mm 'kay.",
    "ae_type": "Statement",
    "end_time": 879.88,
    "speaker_id": "D",
    "start_time": 879.42
  },
  {
    "act": "Alright and the next is, does it integrate some notion of fruits and vegetables?",
    "ae_type": "Yes/No issue",
    "end_time": 934.51,
    "speaker_id": "D",
    "start_time": 926.83
  },
  {
    "act": "Well, is it gonna be yellow?",
    "ae_type": "Yes/No issue",
    "end_time": 936.37,
    "speaker_id": "D",
    "start_time": 934.51
  },
  {
    "act": "Yeah, but if you had like a silvery kind of white or something.",
    "ae_type": "Statement",
    "end_time": 960.54,
    "speaker_id": "D",
    "start_time": 957.86
  },
  {
    "act": "Oh, yeah.",
    "ae_type": "Statement",
    "end_time": 966.38,
    "speaker_id": "D",
    "start_time": 965.87
  },
  {
    "act": "Alright, so I think it it's",
    "ae_type": "Statement",
    "end_time": 969.99,
    "speaker_id": "D",
    "start_time": 968.31
  },
  {
    "act": "Yeah.",
    "ae_type": "Statement",
    "end_time": 972.14,
    "speaker_id": "D",
    "start_time": 971.91
  },
  {
    "act": "Yeah. I okay, I'm giving it a one the mango put me over.",
    "ae_type": "Statement",
    "end_time": 977.96,
    "speaker_id": "D",
    "start_time": 974.5
  },
  {
    "act": "What are what's everyone's numbers?",
    "ae_type": "Open issue",
    "end_time": 982.75,
    "speaker_id": "D",
    "start_time": 981.12
  },
  {
    "act": "Yeah, she said it was one.",
    "ae_type": "Other (unlabeled)",
    "end_time": 814.79,
    "speaker_id": "D",
    "start_time": 813.0
  },
  {
    "act": "Mm.",
    "ae_type": "Other (unlabeled)",
    "end_time": 818.53,
    "speaker_id": "D",
    "start_time": 818.5
  },
  {
    "act": "Mm.",
    "ae_type": "Other (unlabeled)",
    "end_time": 835.04,
    "speaker_id": "D",
    "start_time": 835.01
  }
]