[
  {
    "dialog_act": "Okay we're back for the conceptual design meeting.",
    "dialog_act_end_id": 4,
    "dialog_act_start_id": 4,
    "speaker_id": "A",
    "type": {
      "main_type": "Task",
      "sub_type": "Inform"
    }
  },
  {
    "dialog_act": "Um we're gonna open it and I'm gonna keep the minutes as Project Manager. We're gonna have three presentations, And then we are going to come to decision on the remote control concepts",
    "dialog_act_end_id": 9,
    "dialog_act_start_id": 7,
    "speaker_id": "A",
    "type": {
      "main_type": "Task",
      "sub_type": "Inform"
    }
  },
  {
    "dialog_act": "Okay, so trend watching.",
    "dialog_act_end_id": 4,
    "dialog_act_start_id": 4,
    "speaker_id": "D",
    "type": {
      "main_type": "Task",
      "sub_type": "Inform"
    }
  },
  {
    "dialog_act": "fifty eight per cent of the decision of what it should look like, fancy versus functional, and then it has to also be technologically innovative, and yet easy to use. So the customer basically is confused.",
    "dialog_act_end_id": 13,
    "dialog_act_start_id": 11,
    "speaker_id": "D",
    "type": {
      "main_type": "Task",
      "sub_type": "Inform"
    }
  },
  {
    "dialog_act": "So in Milan and Paris recently the trends have been showing that clothing, shoes and furniture are basically just covered with fruits and vegetable patterns.",
    "dialog_act_end_id": 19,
    "dialog_act_start_id": 19,
    "speaker_id": "D",
    "type": {
      "main_type": "Task",
      "sub_type": "Inform"
    }
  },
  {
    "dialog_act": "um and also the spongy feel is in in contrast to last year.",
    "dialog_act_end_id": 21,
    "dialog_act_start_id": 21,
    "speaker_id": "D",
    "type": {
      "main_type": "Task",
      "sub_type": "Inform"
    }
  },
  {
    "dialog_act": "Um. But as for the fruits and vegetable patterns, I don't know if we really want to go with that,",
    "dialog_act_end_id": 27,
    "dialog_act_start_id": 27,
    "speaker_id": "D",
    "type": {
      "main_type": "Task",
      "sub_type": "Assess"
    }
  },
  {
    "dialog_act": "um we need easy to read like large buttons, clearly labelled",
    "dialog_act_end_id": 35,
    "dialog_act_start_id": 35,
    "speaker_id": "D",
    "type": {
      "main_type": "Task",
      "sub_type": "Suggest"
    }
  },
  {
    "dialog_act": "And I was thinking about different types of designs and I came up with something.",
    "dialog_act_end_id": 43,
    "dialog_act_start_id": 43,
    "speaker_id": "D",
    "type": {
      "main_type": "Task",
      "sub_type": "Inform"
    }
  },
  {
    "dialog_act": "So what we could do is something like an old-fashioned telephone",
    "dialog_act_end_id": 45,
    "dialog_act_start_id": 45,
    "speaker_id": "D",
    "type": {
      "main_type": "Task",
      "sub_type": "Suggest"
    }
  },
  {
    "dialog_act": "where we put the buttons around, like we'd put a big on-off button or something else in the middle,",
    "dialog_act_end_id": 47,
    "dialog_act_start_id": 47,
    "speaker_id": "D",
    "type": {
      "main_type": "Task",
      "sub_type": "Suggest"
    }
  },
  {
    "dialog_act": "So it's classically retro.",
    "dialog_act_end_id": 52,
    "dialog_act_start_id": 52,
    "speaker_id": "D",
    "type": {
      "main_type": "Task",
      "sub_type": "Assess"
    }
  },
  {
    "dialog_act": "looking at the interface concept, it's gonna be mostly examples of possibilities of where we can go with this.",
    "dialog_act_end_id": 21,
    "dialog_act_start_id": 21,
    "speaker_id": "C",
    "type": {
      "main_type": "Task",
      "sub_type": "Inform"
    }
  },
  {
    "dialog_act": "Um uh can't really see, but there's two possible ways, on the r left, if you see on th on the sides of of the remote, you have the sort of scroll down,",
    "dialog_act_end_id": 24,
    "dialog_act_start_id": 23,
    "speaker_id": "C",
    "type": {
      "main_type": "Task",
      "sub_type": "Inform"
    }
  },
  {
    "dialog_act": "And then on the right, we have what's really big trend right now, it's the iPod.",
    "dialog_act_end_id": 28,
    "dialog_act_start_id": 28,
    "speaker_id": "C",
    "type": {
      "main_type": "Task",
      "sub_type": "Inform"
    }
  },
  {
    "dialog_act": "and it's sort of like you have the both kind of trendy and hip, but also very sleek and um and very simple, but technologically advanced.",
    "dialog_act_end_id": 31,
    "dialog_act_start_id": 31,
    "speaker_id": "C",
    "type": {
      "main_type": "Task",
      "sub_type": "Inform"
    }
  },
  {
    "dialog_act": "Um there's the idea of like being able to do it by feel as well as by um by sight.",
    "dialog_act_end_id": 35,
    "dialog_act_start_id": 35,
    "speaker_id": "C",
    "type": {
      "main_type": "Task",
      "sub_type": "Inform"
    }
  },
  {
    "dialog_act": "for example you have a specific triangular shape that you know you're looking at the up and down arrow.",
    "dialog_act_end_id": 45,
    "dialog_act_start_id": 45,
    "speaker_id": "C",
    "type": {
      "main_type": "Task",
      "sub_type": "Inform"
    }
  },
  {
    "dialog_act": "Um this is particularly geared towards children.",
    "dialog_act_end_id": 50,
    "dialog_act_start_id": 50,
    "speaker_id": "C",
    "type": {
      "main_type": "Task",
      "sub_type": "Inform"
    }
  },
  {
    "dialog_act": "Um and you have the shapes and it's very simplistic and friendly looking.",
    "dialog_act_end_id": 53,
    "dialog_act_start_id": 53,
    "speaker_id": "C",
    "type": {
      "main_type": "Task",
      "sub_type": "Inform"
    }
  },
  {
    "dialog_act": "and then down at the bottom you have the logos and that's where you could put the R_R_, Real Reaction.",
    "dialog_act_end_id": 67,
    "dialog_act_start_id": 66,
    "speaker_id": "C",
    "type": {
      "main_type": "Task",
      "sub_type": "Inform"
    }
  },
  {
    "dialog_act": "But it's sort of like just taking aspects out of that and saying, well out of this one we like, you know the round section of um, b or we'd like the the button size on this.",
    "dialog_act_end_id": 71,
    "dialog_act_start_id": 71,
    "speaker_id": "C",
    "type": {
      "main_type": "Task",
      "sub_type": "Inform"
    }
  },
  {
    "dialog_act": "So basic remote operation runs as follows,",
    "dialog_act_end_id": 17,
    "dialog_act_start_id": 17,
    "speaker_id": "B",
    "type": {
      "main_type": "Task",
      "sub_type": "Inform"
    }
  },
  {
    "dialog_act": "we need rubber for buttons, aluminium for battery y contacts, integrated circuit which consists of a diode, transistor, resonator, resistors, and a capacitator,",
    "dialog_act_end_id": 27,
    "dialog_act_start_id": 27,
    "speaker_id": "B",
    "type": {
      "main_type": "Elicit",
      "sub_type": "Elicit-Inform"
    }
  },
  {
    "dialog_act": "um contact discs for the buttons, plastic for the casing, and a power-source, whatever power-source we've actually determined we want.",
    "dialog_act_end_id": 32,
    "dialog_act_start_id": 31,
    "speaker_id": "B",
    "type": {
      "main_type": "Task",
      "sub_type": "Inform"
    }
  },
  {
    "dialog_act": "They suggested power options, solar cells, hand dynamo, and kinetic power,",
    "dialog_act_end_id": 41,
    "dialog_act_start_id": 41,
    "speaker_id": "B",
    "type": {
      "main_type": "Task",
      "sub_type": "Inform"
    }
  },
  {
    "dialog_act": "Um I'm not sure how the hand dynamo works,",
    "dialog_act_end_id": 43,
    "dialog_act_start_id": 43,
    "speaker_id": "B",
    "type": {
      "main_type": "Task",
      "sub_type": "Inform"
    }
  },
  {
    "dialog_act": "We can offer options for casing such as straight, curved, double-curved, you know, very specific to the customer.",
    "dialog_act_end_id": 50,
    "dialog_act_start_id": 49,
    "speaker_id": "B",
    "type": {
      "main_type": "Task",
      "sub_type": "Inform"
    }
  },
  {
    "dialog_act": "Um certain restrictions do apply here though.",
    "dialog_act_end_id": 54,
    "dialog_act_start_id": 54,
    "speaker_id": "B",
    "type": {
      "main_type": "Task",
      "sub_type": "Inform"
    }
  },
  {
    "dialog_act": "And uh so you functions what for the buttons, scrolling function could be very beneficial to us instead of actual buttons themselves.",
    "dialog_act_end_id": 61,
    "dialog_act_start_id": 61,
    "speaker_id": "B",
    "type": {
      "main_type": "Task",
      "sub_type": "Suggest"
    }
  },
  {
    "dialog_act": "Um the manufacturing division also has said that um they have several types of chips and they've just developed a sample sensor or sample speaker chip, which we could utilise. Um push button requires a simple chip and scroll requires more complicated chip.",
    "dialog_act_end_id": 66,
    "dialog_act_start_id": 64,
    "speaker_id": "B",
    "type": {
      "main_type": "Task",
      "sub_type": "Inform"
    }
  },
  {
    "dialog_act": "Let me just add one more thing that I couldn't say before, and that's just that there's the new technology that they've developed on the voice recognition.",
    "dialog_act_end_id": 78,
    "dialog_act_start_id": 77,
    "speaker_id": "C",
    "type": {
      "main_type": "Other",
      "sub_type": "Offer"
    }
  },
  {
    "dialog_act": "um there's a sample sensor and there's a sample speaker unit for So, you would say like, good morning, coffeemaker, and it would respond, good morning, Jill,",
    "dialog_act_end_id": 84,
    "dialog_act_start_id": 83,
    "speaker_id": "C",
    "type": {
      "main_type": "Task",
      "sub_type": "Inform"
    }
  },
  {
    "dialog_act": "I'm not sure exactly how it's gonna work, 'cause do you programme do we program the responses and the questions.",
    "dialog_act_end_id": 89,
    "dialog_act_start_id": 89,
    "speaker_id": "C",
    "type": {
      "main_type": "Task",
      "sub_type": "Inform"
    }
  },
  {
    "dialog_act": "I feel like voice recognition would be, I don't know, w it would be too hard to really",
    "dialog_act_end_id": 75,
    "dialog_act_start_id": 75,
    "speaker_id": "D",
    "type": {
      "main_type": "Task",
      "sub_type": "Assess"
    }
  },
  {
    "dialog_act": "If it's within our price to get that kind of chip that would, you know, technology",
    "dialog_act_end_id": 88,
    "dialog_act_start_id": 88,
    "speaker_id": "A",
    "type": {
      "main_type": "Task",
      "sub_type": "Assess"
    }
  },
  {
    "dialog_act": "But, I guess, we have to look at w what our production cost is for the chip itself anyway.",
    "dialog_act_end_id": 76,
    "dialog_act_start_id": 76,
    "speaker_id": "B",
    "type": {
      "main_type": "Task",
      "sub_type": "Suggest"
    }
  },
  {
    "dialog_act": "let's let's see if we can decide what kind of energy source we want to have first and foremost. Um.",
    "dialog_act_end_id": 92,
    "dialog_act_start_id": 92,
    "speaker_id": "A",
    "type": {
      "main_type": "Task",
      "sub_type": "Suggest"
    }
  },
  {
    "dialog_act": "It's not gonna be a huge universal remote.",
    "dialog_act_end_id": 98,
    "dialog_act_start_id": 98,
    "speaker_id": "A",
    "type": {
      "main_type": "Task",
      "sub_type": "Inform"
    }
  },
  {
    "dialog_act": "'cause it still fits in your hand, so you still wanted something that's comfortable and substantial, but not necessarily full of buttons.",
    "dialog_act_end_id": 103,
    "dialog_act_start_id": 103,
    "speaker_id": "C",
    "type": {
      "main_type": "Task",
      "sub_type": "Assess"
    }
  },
  {
    "dialog_act": "If we do a voice-activated locator, though, we're gonna be looking at a more substantial chip.",
    "dialog_act_end_id": 85,
    "dialog_act_start_id": 85,
    "speaker_id": "B",
    "type": {
      "main_type": "Task",
      "sub_type": "Inform"
    }
  },
  {
    "dialog_act": "Honestly, I think the customer would be kind of irritated by the fact that it has a base",
    "dialog_act_end_id": 87,
    "dialog_act_start_id": 87,
    "speaker_id": "B",
    "type": {
      "main_type": "Task",
      "sub_type": "Assess"
    }
  },
  {
    "dialog_act": "I think if we had a a locating device with the small one, I think that seems way more advanced.",
    "dialog_act_end_id": 101,
    "dialog_act_start_id": 101,
    "speaker_id": "D",
    "type": {
      "main_type": "Task",
      "sub_type": "Assess"
    }
  },
  {
    "dialog_act": "Okay, so what kind of material do we want to be made out of?",
    "dialog_act_end_id": 112,
    "dialog_act_start_id": 112,
    "speaker_id": "A",
    "type": {
      "main_type": "Elicit",
      "sub_type": "Elicit-Assessment"
    }
  },
  {
    "dialog_act": "I don't think wood is a viable option.",
    "dialog_act_end_id": 97,
    "dialog_act_start_id": 97,
    "speaker_id": "B",
    "type": {
      "main_type": "Task",
      "sub_type": "Assess"
    }
  },
  {
    "dialog_act": "'Cause I was thinking if we wanted to get the high in market then you could produce a few in titanium,",
    "dialog_act_end_id": 102,
    "dialog_act_start_id": 102,
    "speaker_id": "B",
    "type": {
      "main_type": "Task",
      "sub_type": "Suggest"
    }
  },
  {
    "dialog_act": "I I think we should just focus on one design and one concept right now.I'm not sure that we'll have the time and money to produce a whole array of",
    "dialog_act_end_id": 121,
    "dialog_act_start_id": 120,
    "speaker_id": "A",
    "type": {
      "main_type": "Task",
      "sub_type": "Suggest"
    }
  },
  {
    "dialog_act": "uh since we're going with batteries instead of solar power, I'd recommend maybe a uh soft like latex, because we could produce, you know how cellphones have those overlays that you can change the colour.",
    "dialog_act_end_id": 110,
    "dialog_act_start_id": 109,
    "speaker_id": "B",
    "type": {
      "main_type": "Task",
      "sub_type": "Suggest"
    }
  },
  {
    "dialog_act": "um we could do f a cherry cover for this year",
    "dialog_act_end_id": 114,
    "dialog_act_start_id": 114,
    "speaker_id": "B",
    "type": {
      "main_type": "Task",
      "sub_type": "Suggest"
    }
  },
  {
    "dialog_act": "So we could do like a b a hard base plastic, and then we could give two latex covers to start.",
    "dialog_act_end_id": 117,
    "dialog_act_start_id": 117,
    "speaker_id": "B",
    "type": {
      "main_type": "Task",
      "sub_type": "Suggest"
    }
  },
  {
    "dialog_act": "Are we gonna go with the voice activated",
    "dialog_act_end_id": 120,
    "dialog_act_start_id": 120,
    "speaker_id": "B",
    "type": {
      "main_type": "Elicit",
      "sub_type": "Elicit-Inform"
    }
  },
  {
    "dialog_act": "I think we should just do um the recognition for when it's lost, you know.",
    "dialog_act_end_id": 139,
    "dialog_act_start_id": 139,
    "speaker_id": "A",
    "type": {
      "main_type": "Task",
      "sub_type": "Suggest"
    }
  },
  {
    "dialog_act": "because people could just be talking and we don't want it going off all the time.",
    "dialog_act_end_id": 131,
    "dialog_act_start_id": 131,
    "speaker_id": "D",
    "type": {
      "main_type": "Task",
      "sub_type": "Assess"
    }
  },
  {
    "dialog_act": "Uh and what size batteries, double A_, triple A_?",
    "dialog_act_end_id": 154,
    "dialog_act_start_id": 154,
    "speaker_id": "A",
    "type": {
      "main_type": "Elicit",
      "sub_type": "Elicit-Assessment"
    }
  },
  {
    "dialog_act": "or we could do one small lithium,",
    "dialog_act_end_id": 131,
    "dialog_act_start_id": 131,
    "speaker_id": "B",
    "type": {
      "main_type": "Task",
      "sub_type": "Suggest"
    }
  },
  {
    "dialog_act": "I ki I kind of like your idea about the retro phone dial,",
    "dialog_act_end_id": 167,
    "dialog_act_start_id": 167,
    "speaker_id": "A",
    "type": {
      "main_type": "Task",
      "sub_type": "Assess"
    }
  },
  {
    "dialog_act": "because w And then would the buttons be too small if it was enough to fit on it?",
    "dialog_act_end_id": 151,
    "dialog_act_start_id": 151,
    "speaker_id": "C",
    "type": {
      "main_type": "Elicit",
      "sub_type": "Elicit-Assessment"
    }
  },
  {
    "dialog_act": "'cause if you have the circle and the button in the middle, then is it gonna get wider than your your hands are,",
    "dialog_act_end_id": 150,
    "dialog_act_start_id": 150,
    "speaker_id": "C",
    "type": {
      "main_type": "Elicit",
      "sub_type": "Elicit-Assessment"
    }
  },
  {
    "dialog_act": "which I think if we make it curved like a hand like a hand-shape like if we put the the scroll-button on the side,",
    "dialog_act_end_id": 141,
    "dialog_act_start_id": 141,
    "speaker_id": "B",
    "type": {
      "main_type": "Task",
      "sub_type": "Suggest"
    }
  },
  {
    "dialog_act": "Well, the other option is in instead of a scroll you just have the buttons up on the side which are on the side.",
    "dialog_act_end_id": 158,
    "dialog_act_start_id": 158,
    "speaker_id": "C",
    "type": {
      "main_type": "Task",
      "sub_type": "Suggest"
    }
  },
  {
    "dialog_act": "Well I sort of like having the a yellow strip at the bottom with the R_R_ like that.",
    "dialog_act_end_id": 156,
    "dialog_act_start_id": 156,
    "speaker_id": "C",
    "type": {
      "main_type": "Task",
      "sub_type": "Assess"
    }
  },
  {
    "dialog_act": "I think maybe we should do it on a b button itself though,",
    "dialog_act_end_id": 189,
    "dialog_act_start_id": 189,
    "speaker_id": "A",
    "type": {
      "main_type": "Task",
      "sub_type": "Suggest"
    }
  },
  {
    "dialog_act": "or if we're going for the retro look, I think, like a really shiny black would be cool.",
    "dialog_act_end_id": 206,
    "dialog_act_start_id": 206,
    "speaker_id": "A",
    "type": {
      "main_type": "Task",
      "sub_type": "Assess"
    }
  },
  {
    "dialog_act": "or like a gun-metal grey,",
    "dialog_act_end_id": 170,
    "dialog_act_start_id": 170,
    "speaker_id": "D",
    "type": {
      "main_type": "Task",
      "sub_type": "Suggest"
    }
  },
  {
    "dialog_act": "I'm just really wary of the putting anything on a button.",
    "dialog_act_end_id": 164,
    "dialog_act_start_id": 164,
    "speaker_id": "C",
    "type": {
      "main_type": "Task",
      "sub_type": "Assess"
    }
  },
  {
    "dialog_act": "It'll wear off.",
    "dialog_act_end_id": 160,
    "dialog_act_start_id": 160,
    "speaker_id": "B",
    "type": {
      "main_type": "Task",
      "sub_type": "Inform"
    }
  },
  {
    "dialog_act": "so I was thinking maybe instead of doing that what we could do is leave a space for where the logo should be.",
    "dialog_act_end_id": 163,
    "dialog_act_start_id": 163,
    "speaker_id": "B",
    "type": {
      "main_type": "Task",
      "sub_type": "Suggest"
    }
  },
  {
    "dialog_act": "Like a little cut-out kind of",
    "dialog_act_end_id": 228,
    "dialog_act_start_id": 228,
    "speaker_id": "A",
    "type": {
      "main_type": "Task",
      "sub_type": "Suggest"
    }
  },
  {
    "dialog_act": "Um and then if v we do have them illuminate upon contact, they could illuminate yellow.",
    "dialog_act_end_id": 182,
    "dialog_act_start_id": 182,
    "speaker_id": "D",
    "type": {
      "main_type": "Task",
      "sub_type": "Suggest"
    }
  },
  {
    "dialog_act": "The I_D_ is going to do the look and feel design, the U_I_D_ the user interface design.",
    "dialog_act_end_id": 245,
    "dialog_act_start_id": 244,
    "speaker_id": "A",
    "type": {
      "main_type": "Task",
      "sub_type": "Inform"
    }
  },
  {
    "dialog_act": "Okay, and right now, the I_D_ and U_I_D_, you two are going to work together on a prototype using modelling clay.",
    "dialog_act_end_id": 252,
    "dialog_act_start_id": 252,
    "speaker_id": "A",
    "type": {
      "main_type": "Task",
      "sub_type": "Inform"
    }
  },
  {
    "dialog_act": "I think you're going to get a lot of, I mean, the final say on what buttons get put",
    "dialog_act_end_id": 246,
    "dialog_act_start_id": 246,
    "speaker_id": "A",
    "type": {
      "main_type": "Task",
      "sub_type": "Inform"
    }
  },
  {
    "dialog_act": "'Kay. And you're gonna do some product evaluation.",
    "dialog_act_end_id": 251,
    "dialog_act_start_id": 251,
    "speaker_id": "A",
    "type": {
      "main_type": "Task",
      "sub_type": "Inform"
    }
  }
]