[
  {
    "acts": [
      {
        "act": "Okay. Hi Team. Hope you had a good lunch. Okay we're back for the conceptual design meeting. Um let's get started.",
        "end_time": 41.46,
        "start_time": 33.3
      },
      {
        "act": "'Kay, here is the agenda for today's meeting. Um we're gonna open it and I'm gonna keep the minutes as Project Manager. We're gonna have three presentations, one from each of you again. And then we are going to come to decision on the remote control concepts and then we're gonna close it up. And we have forty minutes again. 'Kay, and just to reiterate um after this meeting the team will reach a decision on the concepts of the remote control.",
        "end_time": 68.1,
        "start_time": 42.9
      }
    ],
    "other_description": null,
    "topic": "opening"
  },
  {
    "acts": [
      {
        "act": "Okay. Let's go ahead and start off with your presentations. Who would like to go first?",
        "end_time": 76.65,
        "start_time": 70.9
      },
      {
        "act": "Just trying to move mine right now.",
        "end_time": 80.88,
        "start_time": 79.39
      },
      {
        "act": "Okay. Um Courtney would you mind starting us off? Okay.",
        "end_time": 84.35,
        "start_time": 80.89
      },
      {
        "act": "Yeah.",
        "end_time": 84.12,
        "start_time": 83.11
      },
      {
        "act": "Trend watching?",
        "end_time": 90.07,
        "start_time": 89.15
      },
      {
        "act": "Yeah.",
        "end_time": 90.59,
        "start_time": 90.27
      },
      {
        "act": "'Kay.",
        "end_time": 90.95,
        "start_time": 90.75
      },
      {
        "act": "Okay, so trend watching. Uh since we do put the fashion in electronics, it is kind of important how our product looks. So I guess we can go ahead and go to the next.",
        "end_time": 111.92,
        "start_time": 100.47
      },
      {
        "act": "And, yep. And that's it.",
        "end_time": 267.02,
        "start_time": 262.9
      },
      {
        "act": "Hmm. Very good. I like it. Okay, ready for the next slide? Op mm 'kay.",
        "end_time": 266.77,
        "start_time": 258.39
      },
      {
        "act": "Okay.",
        "end_time": 267.74,
        "start_time": 267.39
      },
      {
        "act": "Great. Great presentation.",
        "end_time": 269.23,
        "start_time": 267.81
      }
    ],
    "other_description": null,
    "topic": "marketing expert presentation"
  },
  {
    "acts": [
      {
        "act": "Ready?",
        "end_time": 272.19,
        "start_time": 271.94
      },
      {
        "act": "Okay hang on.",
        "end_time": 274.92,
        "start_time": 274.0
      },
      {
        "act": "'Kay.",
        "end_time": 275.54,
        "start_time": 274.9
      },
      {
        "act": "See if it's there.",
        "end_time": 277.2,
        "start_time": 276.52
      },
      {
        "act": "Which one is it?",
        "end_time": 290.98,
        "start_time": 289.65
      },
      {
        "act": "I don't know. Hang on. Interface concepts, no?",
        "end_time": 295.17,
        "start_time": 291.99
      },
      {
        "act": "Interface concepts new.",
        "end_time": 298.4,
        "start_time": 296.2
      },
      {
        "act": "Either refresh it, or it sh Oh wait, maybe I didn't put it there. Hang on.",
        "end_time": 302.62,
        "start_time": 298.34
      },
      {
        "act": "Y 'Kay.",
        "end_time": 303.17,
        "start_time": 300.09
      },
      {
        "act": "Mine will always read copy of something or other. I I copied mine before I sent it over.",
        "end_time": 308.83,
        "start_time": 303.12
      },
      {
        "act": "Sorry? Oh okay.",
        "end_time": 309.5,
        "start_time": 305.48
      },
      {
        "act": "Sorry, hang on. Don't know.",
        "end_time": 314.04,
        "start_time": 309.98
      },
      {
        "act": "Oh there we go.",
        "end_time": 329.53,
        "start_time": 328.6
      },
      {
        "act": "Okay. Okay, um looking at the interface concept, it's gonna be mostly examples of possibilities of where we can go with this. Uh if you wanna start the next slide.",
        "end_time": 353.13,
        "start_time": 329.6
      },
      {
        "act": "Sure.",
        "end_time": 353.64,
        "start_time": 353.09
      },
      {
        "act": "I have four of those remotes.",
        "end_time": 558.21,
        "start_time": 556.56
      },
      {
        "act": "Good lord. Okay. Ready? Oh, yeah. Okay.",
        "end_time": 563.42,
        "start_time": 559.15
      },
      {
        "act": "That's it.",
        "end_time": 562.23,
        "start_time": 561.62
      },
      {
        "act": "Great job.",
        "end_time": 565.22,
        "start_time": 564.63
      }
    ],
    "other_description": null,
    "topic": "interface specialist presentation"
  },
  {
    "acts": [
      {
        "act": "Okay, my turn.",
        "end_time": 566.86,
        "start_time": 566.19
      },
      {
        "act": "Okay.",
        "end_time": 568.8,
        "start_time": 568.36
      },
      {
        "act": "Okay.",
        "end_time": 568.16,
        "start_time": 567.82
      },
      {
        "act": "Whoo.",
        "end_time": 569.89,
        "start_time": 569.2
      },
      {
        "act": "What's the title?",
        "end_time": 571.0,
        "start_time": 569.88
      },
      {
        "act": "It'll be copy of component design.",
        "end_time": 574.48,
        "start_time": 571.19
      },
      {
        "act": "Got it.",
        "end_time": 574.86,
        "start_time": 574.18
      },
      {
        "act": "Yeah. Th that looks like it.",
        "end_time": 581.18,
        "start_time": 579.35
      },
      {
        "act": "In addition to that if we're offering all those different options to the customer for producing their remote, we're going to have to have multiples of each type, like a double-curved in rubber, um you know, each option should have a certain select number produced with all those options. So we'll have to mix it up, make sure we produce enough of everyone. But that could also drive up the price of the actual remote itself if they know that we only produced five thousand, you know, double-curved wooden remotes.",
        "end_time": 823.92,
        "start_time": 788.75
      },
      {
        "act": "Mm.",
        "end_time": 816.18,
        "start_time": 815.84
      },
      {
        "act": "Right. Okay.",
        "end_time": 826.36,
        "start_time": 821.31
      },
      {
        "act": "Hmm. Okay. Alright, well thank you for those informative presentations. Let's go back to um Now we have to make some decisions.",
        "end_time": 835.68,
        "start_time": 826.04
      },
      {
        "act": "And that's all I got.",
        "end_time": 827.34,
        "start_time": 826.58
      },
      {
        "act": "Where were we?",
        "end_time": 836.75,
        "start_time": 836.2
      }
    ],
    "other_description": null,
    "topic": "industrial designer presentation"
  },
  {
    "acts": [
      {
        "act": "Let me just add one more thing that I couldn't say before, and that's just that there's the new technology that they've developed on the voice recognition.",
        "end_time": 845.24,
        "start_time": 837.46
      },
      {
        "act": "Sure.",
        "end_time": 839.82,
        "start_time": 839.35
      },
      {
        "act": "Um.",
        "end_time": 846.53,
        "start_time": 846.06
      },
      {
        "act": "Oh this the thing we were talking about earlier.",
        "end_time": 848.44,
        "start_time": 846.62
      },
      {
        "act": "Right except that it's sort of odd, and I'm no not exactly sure why they are explaining it in the way they are, um there's a sample sensor and there's a sample speaker unit for So, you would say like, good morning, coffeemaker, and it would respond, good morning, Jill, but",
        "end_time": 865.74,
        "start_time": 848.59
      },
      {
        "act": "I'm not sure exactly how it's gonna work, 'cause do you programme do we program the responses and the questions. So does that mean that the user then has to ask the specific question, and can't change it in order for it to be recognised, or can it be altered in a certain way, or does the actually user program it, to say a channel means this.",
        "end_time": 885.25,
        "start_time": 866.82
      },
      {
        "act": "Mm. Right. Right.",
        "end_time": 885.65,
        "start_time": 878.14
      },
      {
        "act": "Yeah, like using the menu to be like, enter your name into the screen like on the menu options. So that way the remote reads it.",
        "end_time": 891.69,
        "start_time": 885.11
      },
      {
        "act": "Right, so it's got like a limited memory and programme it. So it's sort of iffy, but that's kind of what you'd say.",
        "end_time": 897.69,
        "start_time": 889.75
      },
      {
        "act": "Mm.",
        "end_time": 895.57,
        "start_time": 895.19
      },
      {
        "act": "I feel like voice recognition would be, I don't know, w it would be too hard to really I mean we could do it, but",
        "end_time": 907.1,
        "start_time": 898.38
      },
      {
        "act": "Hmm. Programme. If it's within our price to get that kind of chip that would, you know, technology",
        "end_time": 913.28,
        "start_time": 902.95
      },
      {
        "act": "Technology.",
        "end_time": 912.07,
        "start_time": 911.54
      },
      {
        "act": "Well, we are making the chip. So, I mean",
        "end_time": 917.98,
        "start_time": 912.92
      },
      {
        "act": "Hmm.",
        "end_time": 915.49,
        "start_time": 914.97
      },
      {
        "act": "But, I guess, we have to look at w what our production cost is for the chip itself anyway. Yeah.",
        "end_time": 927.34,
        "start_time": 919.82
      },
      {
        "act": "And it is a growing trend, the higher technological, like",
        "end_time": 929.03,
        "start_time": 924.72
      },
      {
        "act": "Mm.",
        "end_time": 926.94,
        "start_time": 926.48
      },
      {
        "act": "the, I mean just like the more advanced it is,",
        "end_time": 932.24,
        "start_time": 930.05
      },
      {
        "act": "Yeah.",
        "end_time": 933.36,
        "start_time": 933.03
      },
      {
        "act": "the better it'll sell.",
        "end_time": 934.56,
        "start_time": 933.28
      },
      {
        "act": "I I thought offering some of those options for different materials that it could be made of different, you know I think we'd have to decide on the power options, maybe. So that we could reduce cost. Yeah.",
        "end_time": 947.41,
        "start_time": 934.16
      },
      {
        "act": "Hmm.",
        "end_time": 945.37,
        "start_time": 945.15
      },
      {
        "act": "Yeah, 'cause we need to know how big it's gonna be and how heavy.",
        "end_time": 948.29,
        "start_time": 945.35
      }
    ],
    "other_description": null,
    "topic": "interface specialist presentation"
  },
  {
    "acts": [],
    "other_description": null,
    "topic": "discussion"
  },
  {
    "acts": [
      {
        "act": "'Kay, well we're gonna wrap this up. Um next meeting is gonna start in thirty minutes, and here's what we're each of us going to do. The I_D_ is going to do the look and feel design, the U_I_D_ the user interface design. I think you're going to get a lot of, I mean, the final say on what buttons get put We'll all talk about it, but I think, that's pretty much what you're gonna do, right?",
        "end_time": 1809.82,
        "start_time": 1788.73
      },
      {
        "act": "Yeah.",
        "end_time": 1811.45,
        "start_time": 1810.5
      },
      {
        "act": "I guess. 'Kay. And you're gonna do some product evaluation. Okay, and right now, the I_D_ and U_I_D_, you two are going to work together on a prototype using modelling clay.",
        "end_time": 1821.83,
        "start_time": 1811.15
      },
      {
        "act": "Great. Play Doh.",
        "end_time": 1824.58,
        "start_time": 1822.99
      },
      {
        "act": "Yeah. Okay, and you should all be getting an email pretty soon. Alright. Well, thank you for a very productive meeting.",
        "end_time": 1831.62,
        "start_time": 1824.91
      },
      {
        "act": "Fun.",
        "end_time": 1824.53,
        "start_time": 1824.1
      },
      {
        "act": "Wonderful Ooh.",
        "end_time": 1832.44,
        "start_time": 1829.87
      }
    ],
    "other_description": null,
    "topic": "closing"
  }
]