[
  {
    "act": "It does make sense from maybe the design point of view 'cause you have more complicated characters like European languages, then you need more buttons.",
    "ae_type": "Statement",
    "end_time": 580.21,
    "speaker_id": "A",
    "start_time": 571.74
  },
  {
    "act": "I think one factor would be production cost.",
    "ae_type": "Statement",
    "end_time": 1086.91,
    "speaker_id": "A",
    "start_time": 1084.36
  },
  {
    "act": "Because there's a cap there, so um depends on how much you can cram into that price.",
    "ae_type": "Statement",
    "end_time": 1094.65,
    "speaker_id": "A",
    "start_time": 1087.57
  },
  {
    "act": "I think that that's the main factor.",
    "ae_type": "Statement",
    "end_time": 1098.43,
    "speaker_id": "A",
    "start_time": 1096.03
  },
  {
    "act": "Yeah.",
    "ae_type": "Statement",
    "end_time": 778.02,
    "speaker_id": "A",
    "start_time": 777.7
  },
  {
    "act": "And you keep losing them.",
    "ae_type": "Statement",
    "end_time": 903.98,
    "speaker_id": "A",
    "start_time": 903.08
  },
  {
    "act": "Finding them is really a pain, you know. I mean it's usually quite small, or when you want it right, it slipped behind the couch or it's kicked under the table.",
    "ae_type": "Statement",
    "end_time": 914.44,
    "speaker_id": "A",
    "start_time": 906.45
  },
  {
    "act": "Hmm.",
    "ae_type": "Other (unlabeled)",
    "end_time": 565.32,
    "speaker_id": "A",
    "start_time": 565.05
  },
  {
    "act": "Um.",
    "ae_type": "Other (unlabeled)",
    "end_time": 1094.9,
    "speaker_id": "A",
    "start_time": 1094.65
  },
  {
    "act": "You know.",
    "ae_type": "Other (unlabeled)",
    "end_time": 916.11,
    "speaker_id": "A",
    "start_time": 915.45
  },
  {
    "act": "Well for a remote control, do you think that will be I suppose it's depends on how complicated our remote control is.",
    "ae_type": "Weak statement",
    "end_time": 571.01,
    "speaker_id": "B",
    "start_time": 565.93
  },
  {
    "act": "Yeah, yeah. Okay.",
    "ae_type": "Statement",
    "end_time": 583.9,
    "speaker_id": "B",
    "start_time": 580.42
  },
  {
    "act": "Oh yeah, regions and stuff, yeah. Yeah. Okay.",
    "ae_type": "Statement",
    "end_time": 558.06,
    "speaker_id": "B",
    "start_time": 553.78
  },
  {
    "act": "Um I guess that's up to us, I mean you probably want some kind of unique selling point of it, so um, you know",
    "ae_type": "Weak statement",
    "end_time": 1084.8,
    "speaker_id": "B",
    "start_time": 1076.64
  },
  {
    "act": "Yeah.",
    "ae_type": "Statement",
    "end_time": 1088.2,
    "speaker_id": "B",
    "start_time": 1087.59
  },
  {
    "act": "Okay. Right, okay, we'll that's that's the end of the meeting, then.",
    "ae_type": "Statement",
    "end_time": 1102.48,
    "speaker_id": "B",
    "start_time": 1098.51
  },
  {
    "act": "Yeah, yeah.",
    "ae_type": "Statement",
    "end_time": 768.25,
    "speaker_id": "B",
    "start_time": 767.69
  },
  {
    "act": "Yeah.",
    "ae_type": "Statement",
    "end_time": 806.98,
    "speaker_id": "B",
    "start_time": 806.46
  },
  {
    "act": "Right, so do you think that should be like a main design aim of our remote control d you know, do your your satellite and your regular telly and your V_C_R_ and everything?",
    "ae_type": "Yes/No issue",
    "end_time": 820.83,
    "speaker_id": "B",
    "start_time": 811.51
  },
  {
    "act": "Yeah.",
    "ae_type": "Statement",
    "end_time": 840.69,
    "speaker_id": "B",
    "start_time": 840.25
  },
  {
    "act": "Or even like, you know, notes about um what you wanna watch. Like you might put in there oh I want to watch such and such and look a Oh that's a good idea. So extra functionalities.",
    "ae_type": "Statement",
    "end_time": 853.03,
    "speaker_id": "B",
    "start_time": 843.99
  },
  {
    "act": "Okay. Um so anything else anybody wants to add about what they don't like about remote controls they've used, what they would really like to be part of this new one at all?",
    "ae_type": "Open issue",
    "end_time": 902.62,
    "speaker_id": "B",
    "start_time": 891.96
  },
  {
    "act": "You keep losing them. Okay.",
    "ae_type": "Statement",
    "end_time": 906.08,
    "speaker_id": "B",
    "start_time": 904.6
  },
  {
    "act": "Yeah. W You get those ones where you can, if you like, whistle or make a really high pitched noise they beep. There I mean is that something we'd want to include, do you think?",
    "ae_type": "Yes/No issue",
    "end_time": 922.53,
    "speaker_id": "B",
    "start_time": 913.17
  },
  {
    "act": "Dunno. Okay maybe.",
    "ae_type": "Weak statement",
    "end_time": 927.4,
    "speaker_id": "B",
    "start_time": 925.37
  },
  {
    "act": "Maybe like a touch screen or something?",
    "ae_type": "Yes/No issue",
    "end_time": 952.78,
    "speaker_id": "B",
    "start_time": 951.41
  },
  {
    "act": "Uh-huh, okay. Well I guess that's up to our industrial designer.",
    "ae_type": "Statement",
    "end_time": 959.3,
    "speaker_id": "B",
    "start_time": 956.36
  },
  {
    "act": "It looks better.",
    "ae_type": "Statement",
    "end_time": 963.35,
    "speaker_id": "B",
    "start_time": 962.22
  },
  {
    "act": "Yeah.",
    "ae_type": "Statement",
    "end_time": 969.47,
    "speaker_id": "B",
    "start_time": 969.0
  },
  {
    "act": "Yeah.",
    "ae_type": "Other (unlabeled)",
    "end_time": 565.93,
    "speaker_id": "B",
    "start_time": 565.13
  },
  {
    "act": "Th Okay, well just very quickly 'cause this",
    "ae_type": "Other (unlabeled)",
    "end_time": 1075.49,
    "speaker_id": "B",
    "start_time": 1068.76
  },
  {
    "act": "Mm-hmm. Yeah.",
    "ae_type": "Other (unlabeled)",
    "end_time": 1096.16,
    "speaker_id": "B",
    "start_time": 1093.82
  },
  {
    "act": "Um.",
    "ae_type": "Other (unlabeled)",
    "end_time": 1103.2,
    "speaker_id": "B",
    "start_time": 1102.48
  },
  {
    "act": "Oh. Five minutes to end of meeting. Oh, okay. We're a bit behind.",
    "ae_type": "Other (unlabeled)",
    "end_time": 776.97,
    "speaker_id": "B",
    "start_time": 772.01
  },
  {
    "act": "Mm-hmm.",
    "ae_type": "Other (unlabeled)",
    "end_time": 833.2,
    "speaker_id": "B",
    "start_time": 832.76
  },
  {
    "act": "Mm-hmm. Hmm. Um okay, uh I'd wel we're gonna have to wrap up pretty quickly in the next couple of minutes. Um I'll just check we've nothing else.",
    "ae_type": "Other (unlabeled)",
    "end_time": 891.96,
    "speaker_id": "B",
    "start_time": 866.59
  },
  {
    "act": "My goodness. Still feels quite primitive.",
    "ae_type": "Other (unlabeled)",
    "end_time": 948.04,
    "speaker_id": "B",
    "start_time": 937.0
  },
  {
    "act": "Okay.",
    "ae_type": "Other (unlabeled)",
    "end_time": 954.42,
    "speaker_id": "B",
    "start_time": 954.09
  },
  {
    "act": "Okay. Okay.",
    "ae_type": "Other (unlabeled)",
    "end_time": 975.63,
    "speaker_id": "B",
    "start_time": 971.85
  },
  {
    "act": "Yeah.",
    "ae_type": "Statement",
    "end_time": 777.89,
    "speaker_id": "C",
    "start_time": 777.32
  },
  {
    "act": "My parents went out and bought um remote controls because um they got fed up of having four or five different remote controls for each things the house. So um for them it was just how many devices control.",
    "ae_type": "Statement",
    "end_time": 804.33,
    "speaker_id": "C",
    "start_time": 794.52
  },
  {
    "act": "I know um",
    "ae_type": "Other (unlabeled)",
    "end_time": 793.22,
    "speaker_id": "C",
    "start_time": 792.52
  },
  {
    "act": "Uh.",
    "ae_type": "Other (unlabeled)",
    "end_time": 976.73,
    "speaker_id": "C",
    "start_time": 976.66
  },
  {
    "act": "Well right away I'm wondering if there's um th th uh, like with D_V_D_ players, if there are zones. Um f frequencies or something um as well as uh characters, um different uh keypad styles and s symbols.",
    "ae_type": "Open issue",
    "end_time": 565.35,
    "speaker_id": "D",
    "start_time": 548.28
  },
  {
    "act": "I don't know.",
    "ae_type": "Statement",
    "end_time": 568.83,
    "speaker_id": "D",
    "start_time": 568.46
  },
  {
    "act": "Yeah.",
    "ae_type": "Statement",
    "end_time": 571.58,
    "speaker_id": "D",
    "start_time": 571.22
  },
  {
    "act": "Yeah.",
    "ae_type": "Statement",
    "end_time": 580.94,
    "speaker_id": "D",
    "start_time": 580.66
  },
  {
    "act": "are we at ma right now on the assumption that our television remote control may have features which go beyond the television? Or are we keeping sort of like a a design commitment to television features?",
    "ae_type": "Yes/No issue",
    "end_time": 1073.79,
    "speaker_id": "D",
    "start_time": 1060.99
  },
  {
    "act": "I I don't know.",
    "ae_type": "Statement",
    "end_time": 1074.44,
    "speaker_id": "D",
    "start_time": 1073.79
  },
  {
    "act": "Yep. Yeah, sure.",
    "ae_type": "Statement",
    "end_time": 1078.06,
    "speaker_id": "D",
    "start_time": 1076.56
  },
  {
    "act": "Okay.",
    "ae_type": "Statement",
    "end_time": 1082.38,
    "speaker_id": "D",
    "start_time": 1081.99
  },
  {
    "act": "Okay, yeah.",
    "ae_type": "Statement",
    "end_time": 1087.76,
    "speaker_id": "D",
    "start_time": 1086.96
  },
  {
    "act": "Okay.",
    "ae_type": "Statement",
    "end_time": 1090.23,
    "speaker_id": "D",
    "start_time": 1089.89
  },
  {
    "act": "Okay.",
    "ae_type": "Statement",
    "end_time": 1098.85,
    "speaker_id": "D",
    "start_time": 1098.52
  },
  {
    "act": "Alright.",
    "ae_type": "Statement",
    "end_time": 1102.86,
    "speaker_id": "D",
    "start_time": 1102.4
  },
  {
    "act": "Yeah, interesting thing about discussing um production of a remote control for me is that l as you point out, I just don't think of remote controls as somethin something people consciously assess in their purchasing habits. It's just like getting shoelaces with shoes or something. It just comes along.",
    "ae_type": "Statement",
    "end_time": 773.41,
    "speaker_id": "D",
    "start_time": 753.67
  },
  {
    "act": "Do you know what I mean? Like so sort of like how do you I I mean one one way of looking at it would be, well the people producing television sets, maybe they have to buy remote controls. Or another way is maybe people who have T_V_ sets are really fed up with their remote control and they really want a better one or something.",
    "ae_type": "Statement",
    "end_time": 793.63,
    "speaker_id": "D",
    "start_time": 776.12
  },
  {
    "act": "Right. Right. Okay so",
    "ae_type": "Statement",
    "end_time": 802.2,
    "speaker_id": "D",
    "start_time": 799.88
  },
  {
    "act": "Right, so in function one of the priorities might be to combine as many uses",
    "ae_type": "Statement",
    "end_time": 810.39,
    "speaker_id": "D",
    "start_time": 804.47
  },
  {
    "act": "I think so. Yeah, yeah.",
    "ae_type": "Statement",
    "end_time": 817.04,
    "speaker_id": "D",
    "start_time": 814.98
  },
  {
    "act": "Well like um, maybe what we could use is a sort of like a example of a successful other piece technology is palm palm pilots. They're gone from being just like little sort of scribble boards to cameras, M_P_ three players, telephones, everything, agenda. So, like, I wonder if we might add something new to the to the remote control market, such as the lighting in your house",
    "ae_type": "Weak statement",
    "end_time": 842.44,
    "speaker_id": "D",
    "start_time": 819.79
  },
  {
    "act": "Yeah, yeah.",
    "ae_type": "Statement",
    "end_time": 851.06,
    "speaker_id": "D",
    "start_time": 849.08
  },
  {
    "act": "Yeah. Like, p personally for me, at home I've I've combined the um the audio video of my television set and my D_V_D_ player and my C_D_ player. So they w all work actually function together but I have different remote controls for each of them. So it's sort of ironic that that then they're in there um you know, the sound and everything it's just one system. But each one's got its own little part.",
    "ae_type": "Statement",
    "end_time": 879.22,
    "speaker_id": "D",
    "start_time": 852.79
  },
  {
    "act": "Yeah.",
    "ae_type": "Statement",
    "end_time": 913.58,
    "speaker_id": "D",
    "start_time": 913.22
  },
  {
    "act": "That's just really good id",
    "ae_type": "Statement",
    "end_time": 916.97,
    "speaker_id": "D",
    "start_time": 916.12
  },
  {
    "act": "Uh, sure. I remember when the first remote control my my family had was on a cable. Actually had a cable between it and the T_V_ and big like buttons that sort of like, like on a blender or something. And um, you know, when I think about what they are now, it's better, but actually it's still kind of, I dunno, like a massive junky thing on the table. Maybe we could think about how, could be more, you know, streamlined. S",
    "ae_type": "Yes/No issue",
    "end_time": 952.63,
    "speaker_id": "D",
    "start_time": 924.35
  },
  {
    "act": "Something like that, yeah. Or whatever would be technologically reasonable.",
    "ae_type": "Statement",
    "end_time": 956.35,
    "speaker_id": "D",
    "start_time": 953.06
  },
  {
    "act": "'Cause it could b it could it could be that f it could be that functionally that doesn't make it any better, but that just the appeal of of not having You know, these days there's a r pe things in people's homes are becoming more and more like chic, you know. Um, nicer materials and might be be worth exploring anyway.",
    "ae_type": "Statement",
    "end_time": 976.83,
    "speaker_id": "D",
    "start_time": 957.54
  },
  {
    "act": "Um.",
    "ae_type": "Other (unlabeled)",
    "end_time": 566.7,
    "speaker_id": "D",
    "start_time": 566.17
  },
  {
    "act": "Okay.",
    "ae_type": "Other (unlabeled)",
    "end_time": 1094.13,
    "speaker_id": "D",
    "start_time": 1093.83
  },
  {
    "act": "But",
    "ae_type": "Other (unlabeled)",
    "end_time": 794.97,
    "speaker_id": "D",
    "start_time": 794.53
  },
  {
    "act": "Yeah.",
    "ae_type": "Other (unlabeled)",
    "end_time": 818.67,
    "speaker_id": "D",
    "start_time": 818.45
  },
  {
    "act": ", or um",
    "ae_type": "Other (unlabeled)",
    "end_time": 844.06,
    "speaker_id": "D",
    "start_time": 842.44
  },
  {
    "act": "An",
    "ae_type": "Other (unlabeled)",
    "end_time": 851.42,
    "speaker_id": "D",
    "start_time": 851.06
  },
  {
    "act": "Mm. Mm. Mm. Mm-hmm. Mm-hmm.",
    "ae_type": "Other (unlabeled)",
    "end_time": 912.1,
    "speaker_id": "D",
    "start_time": 904.75
  },
  {
    "act": "Yeah.",
    "ae_type": "Other (unlabeled)",
    "end_time": 915.13,
    "speaker_id": "D",
    "start_time": 914.77
  },
  {
    "act": "Yep.",
    "ae_type": "Other (unlabeled)",
    "end_time": 919.69,
    "speaker_id": "D",
    "start_time": 919.28
  }
]