[
  {
    "segments": [
      {
        "end_time": 565.629,
        "segment": "Well right away I'm wondering if there's um th th uh, like with D_V_D_ players, if there are zones. Um f frequencies or something um as well as uh characters, um different uh keypad styles and s symbols.",
        "start_time": 548.256
      },
      {
        "end_time": 558.096,
        "segment": "Oh yeah, regions and stuff, yeah. Yeah. Okay.",
        "start_time": 553.712
      },
      {
        "end_time": 565.506,
        "segment": "Hmm.",
        "start_time": 564.988
      },
      {
        "end_time": 571.04,
        "segment": "Yeah. Well for a remote control, do you think that will be I suppose it's depends on how complicated our remote control is.",
        "start_time": 564.961
      },
      {
        "end_time": 571.868,
        "segment": "Um. I don't know. Yeah.",
        "start_time": 565.629
      },
      {
        "end_time": 580.249,
        "segment": "It does make sense from maybe the design point of view 'cause you have more complicated characters like European languages, then you need more buttons.",
        "start_time": 571.68
      },
      {
        "end_time": 584.224,
        "segment": "Yeah, yeah. Okay.",
        "start_time": 580.4
      },
      {
        "end_time": 580.976,
        "segment": "Yeah.",
        "start_time": 580.64
      }
    ],
    "type": "Regions"
  },
  {
    "segments": [
      {
        "end_time": 1074.576,
        "segment": "are we at ma right now on the assumption that our television remote control may have features which go beyond the television? Or are we keeping sort of like a a design commitment to television features? I I don't know.",
        "start_time": 1060.88
      },
      {
        "end_time": 1084.848,
        "segment": "Th Okay, well just very quickly 'cause this we're supposed to finish now. Um I guess that's up to us, I mean you probably want some kind of unique selling point of it, so um, you know",
        "start_time": 1068.641
      },
      {
        "end_time": 1082.416,
        "segment": "Yep. Yeah, sure. Okay.",
        "start_time": 1076.544
      },
      {
        "end_time": 1087.173,
        "segment": "I think one factor would be production cost.",
        "start_time": 1084.102
      },
      {
        "end_time": 1087.792,
        "segment": "Okay, yeah.",
        "start_time": 1086.944
      },
      {
        "end_time": 1095.199,
        "segment": "Because there's a cap there, so um depends on how much you can cram into that price. Um.",
        "start_time": 1087.173
      },
      {
        "end_time": 1088.266,
        "segment": "Yeah.",
        "start_time": 1087.563
      },
      {
        "end_time": 1090.288,
        "segment": "Okay.",
        "start_time": 1089.856
      },
      {
        "end_time": 1094.496,
        "segment": "Mm-hmm.",
        "start_time": 1093.76
      },
      {
        "end_time": 1094.16,
        "segment": "Okay.",
        "start_time": 1093.808
      },
      {
        "end_time": 1096.192,
        "segment": "Yeah.",
        "start_time": 1095.76
      },
      {
        "end_time": 1098.464,
        "segment": "I think that that's the main factor.",
        "start_time": 1095.643
      },
      {
        "end_time": 1103.232,
        "segment": "Okay. Right, okay, we'll that's that's the end of the meeting, then. Um.",
        "start_time": 1098.39
      },
      {
        "end_time": 1102.998,
        "segment": "Okay. Alright.",
        "start_time": 1098.48
      }
    ],
    "type": "Remote design wrap up"
  },
  {
    "segments": [
      {
        "end_time": 773.488,
        "segment": "Yeah, interesting thing about discussing um production of a remote control for me is that l as you point out, I just don't think of remote controls as somethin something people consciously assess in their purchasing habits. It's just like getting shoelaces with shoes or something. It just comes along.",
        "start_time": 753.648
      },
      {
        "end_time": 777.088,
        "segment": "Yeah, yeah. Oh. Five minutes to end of meeting. Oh, okay. We're a bit behind.",
        "start_time": 767.535
      },
      {
        "end_time": 793.664,
        "segment": "Do you know what I mean? Like so sort of like how do you I I mean one one way of looking at it would be, well the people producing television sets, maybe they have to buy remote controls. Or another way is maybe people who have T_V_ sets are really fed up with their remote control and they really want a better one or something.",
        "start_time": 776.096
      },
      {
        "end_time": 777.955,
        "segment": "Yeah.",
        "start_time": 776.735
      },
      {
        "end_time": 778.268,
        "segment": "Yeah.",
        "start_time": 777.676
      },
      {
        "end_time": 804.368,
        "segment": "I know um My parents went out and bought um remote controls because um they got fed up of having four or five different remote controls for each things the house. So um for them it was just how many devices control.",
        "start_time": 792.33
      },
      {
        "end_time": 810.448,
        "segment": "But Right. Right. Okay so Right, so in function one of the priorities might be to combine as many uses",
        "start_time": 794.262
      },
      {
        "end_time": 821.12,
        "segment": "Yeah. Right, so do you think that should be like a main design aim of our remote control d you know, do your your satellite and your regular telly and your V_C_R_ and everything?",
        "start_time": 806.193
      },
      {
        "end_time": 834.128,
        "segment": "I think so. Yeah, yeah. Yeah. Well like um, maybe what we could use is a sort of like a example of a successful other piece technology is palm palm pilots. They're gone from being just like little sort of scribble boards to cameras, M_P_ three players, telephones,",
        "start_time": 814.779
      },
      {
        "end_time": 833.36,
        "segment": "Mm-hmm.",
        "start_time": 832.604
      },
      {
        "end_time": 844.096,
        "segment": "everything, agenda. So, like, I wonder if we might add something new to the to the remote control market, such as the lighting in your house, or um",
        "start_time": 835.2
      },
      {
        "end_time": 853.222,
        "segment": "Yeah. Or even like, you know, notes about um what you wanna watch. Like you might put in there oh I want to watch such and such and look a Oh that's a good idea. So extra functionalities.",
        "start_time": 839.536
      },
      {
        "end_time": 870.336,
        "segment": "Yeah, yeah. An Yeah. Like, p personally for me, at home I've I've combined the um the audio video of my television set and my D_V_D_ player and my C_D_ player. So they w all work actually function together but I have different remote controls for each of them. So it's sort of ironic that that then they're in there",
        "start_time": 849.056
      },
      {
        "end_time": 867.448,
        "segment": "Mm-hmm.",
        "start_time": 866.257
      },
      {
        "end_time": 877.808,
        "segment": "um you know, the sound and everything it's just one system. But each one's got its own little",
        "start_time": 871.968
      },
      {
        "end_time": 877.747,
        "segment": "Hmm.",
        "start_time": 876.643
      },
      {
        "end_time": 879.328,
        "segment": "part.",
        "start_time": 878.928
      },
      {
        "end_time": 903.096,
        "segment": "Um okay, uh I'd wel we're gonna have to wrap up pretty quickly in the next couple of minutes. Um I'll just check we've nothing else. Okay. Um so anything else anybody wants to add about what they don't like about remote controls they've used, what they would really like to be part of this new one at all?",
        "start_time": 881.872
      },
      {
        "end_time": 904.016,
        "segment": "And you keep losing them.",
        "start_time": 903.056
      },
      {
        "end_time": 906.112,
        "segment": "You keep losing them. Okay.",
        "start_time": 904.384
      },
      {
        "end_time": 905.324,
        "segment": "Mm.",
        "start_time": 904.547
      },
      {
        "end_time": 914.496,
        "segment": "Finding them is really a pain, you know. I mean it's usually quite small, or when you want it right, it slipped behind the couch or it's kicked under the table.",
        "start_time": 906.432
      },
      {
        "end_time": 912.144,
        "segment": "Mm. Mm. Mm-hmm. Mm-hmm.",
        "start_time": 907.44
      },
      {
        "end_time": 922.576,
        "segment": "Yeah. W You get those ones where you can, if you like, whistle or make a really high pitched noise they beep. There I mean is that something we'd want to include, do you think?",
        "start_time": 912.985
      },
      {
        "end_time": 915.168,
        "segment": "Yeah. Yeah.",
        "start_time": 913.2
      },
      {
        "end_time": 916.194,
        "segment": "You know.",
        "start_time": 915.38
      },
      {
        "end_time": 953.04,
        "segment": "That's just really good id Yep. Uh, sure. I remember when the first remote control my my family had was on a cable. Actually had a cable between it and the T_V_ and big like buttons that sort of like, like on a blender or something. And um, you know, when I think about what they are now, it's better, but actually it's still kind of, I dunno, like a massive junky thing on the table. Maybe we could think about how, could be more, you know, streamlined. S",
        "start_time": 915.825
      },
      {
        "end_time": 952.816,
        "segment": "Dunno. Okay maybe. My goodness. Still feels quite primitive. Maybe like a touch screen or something?",
        "start_time": 925.314
      },
      {
        "end_time": 956.384,
        "segment": "Something like that, yeah. Or whatever would be technologically reasonable.",
        "start_time": 953.04
      },
      {
        "end_time": 959.64,
        "segment": "Okay. Uh-huh, okay. Well I guess that's up to our industrial designer.",
        "start_time": 953.925
      },
      {
        "end_time": 972.992,
        "segment": "'Cause it could b it could it could be that f it could be that functionally that doesn't make it any better, but that just the appeal of of not having You know, these days there's a r pe things in people's homes are becoming more and more like chic, you know. Um, nicer materials and might be",
        "start_time": 957.52
      },
      {
        "end_time": 975.664,
        "segment": "It looks better. Yeah. Okay. Okay.",
        "start_time": 961.692
      },
      {
        "end_time": 976.864,
        "segment": "be worth exploring anyway.",
        "start_time": 975.552
      },
      {
        "end_time": 977.09,
        "segment": "Uh.",
        "start_time": 976.313
      }
    ],
    "type": "Remote functionality"
  }
]