[
  {
    "source": null,
    "target": {
      "act": "Oh,",
      "count": 1,
      "end_time": 173.25,
      "start_time": 172.44
    },
    "type": "Support/Possitive Assessment"
  },
  {
    "source": {
      "act": "Who would like to start us off?",
      "count": 1,
      "end_time": 186.19,
      "start_time": 185.25
    },
    "target": {
      "act": "I don't mind going first.",
      "count": 1,
      "end_time": 191.25,
      "start_time": 190.18
    },
    "type": "Support/Possitive Assessment"
  },
  {
    "source": {
      "act": "I don't mind going first.",
      "count": 1,
      "end_time": 191.25,
      "start_time": 190.18
    },
    "target": {
      "act": "Okay.",
      "count": 1,
      "end_time": 193.04,
      "start_time": 191.61
    },
    "type": "Support/Possitive Assessment"
  },
  {
    "source": {
      "act": "Um do you have a PowerPoint or no?",
      "count": 1,
      "end_time": 194.89,
      "start_time": 193.04
    },
    "target": {
      "act": "Yeah,",
      "count": 1,
      "end_time": 195.27,
      "start_time": 194.88
    },
    "type": "Support/Possitive Assessment"
  },
  {
    "source": {
      "act": "Um do you have a PowerPoint or no?",
      "count": 1,
      "end_time": 194.89,
      "start_time": 193.04
    },
    "target": {
      "act": "it's in the should be in the m Project.",
      "count": 1,
      "end_time": 197.2,
      "start_time": 195.27
    },
    "type": "Support/Possitive Assessment"
  },
  {
    "source": {
      "act": "it's in the should be in the m Project.",
      "count": 1,
      "end_time": 197.2,
      "start_time": 195.27
    },
    "target": {
      "act": "Okay.",
      "count": 1,
      "end_time": 196.91,
      "start_time": 196.58
    },
    "type": "Support/Possitive Assessment"
  },
  {
    "source": {
      "act": "Do you want us to do our PowerPoints now or",
      "count": 1,
      "end_time": 198.45,
      "start_time": 196.88
    },
    "target": {
      "act": "You know you could you could do it yourself actually.",
      "count": 1,
      "end_time": 201.1,
      "start_time": 198.23
    },
    "type": "Support/Possitive Assessment"
  },
  {
    "source": {
      "act": "You know you could you could do it yourself actually.",
      "count": 1,
      "end_time": 201.1,
      "start_time": 198.23
    },
    "target": {
      "act": "Oh.",
      "count": 1,
      "end_time": 201.67,
      "start_time": 201.34
    },
    "type": "Support/Possitive Assessment"
  },
  {
    "source": {
      "act": "You know you could you could do it yourself actually.",
      "count": 1,
      "end_time": 201.1,
      "start_time": 198.23
    },
    "target": {
      "act": "Save it in the project documents.",
      "count": 1,
      "end_time": 205.0,
      "start_time": 203.16
    },
    "type": "Uncertain"
  },
  {
    "source": {
      "act": "Oh.",
      "count": 1,
      "end_time": 201.67,
      "start_time": 201.34
    },
    "target": {
      "act": "Put it in Project Documents,",
      "count": 1,
      "end_time": 204.72,
      "start_time": 203.24
    },
    "type": "Support/Possitive Assessment"
  },
  {
    "source": {
      "act": "Save it in the project documents.",
      "count": 1,
      "end_time": 205.0,
      "start_time": 203.16
    },
    "target": {
      "act": "yeah.",
      "count": 1,
      "end_time": 204.98,
      "start_time": 204.72
    },
    "type": "Support/Possitive Assessment"
  },
  {
    "source": {
      "act": "yeah.",
      "count": 1,
      "end_time": 204.98,
      "start_time": 204.72
    },
    "target": {
      "act": "Okay.",
      "count": 1,
      "end_time": 205.25,
      "start_time": 205.0
    },
    "type": "Support/Possitive Assessment"
  },
  {
    "source": {
      "act": "This one?",
      "count": 1,
      "end_time": 218.95,
      "start_time": 217.03
    },
    "target": {
      "act": "Sure.",
      "count": 1,
      "end_time": 218.6,
      "start_time": 218.2
    },
    "type": "Support/Possitive Assessment"
  },
  {
    "source": {
      "act": "Sure.",
      "count": 1,
      "end_time": 218.6,
      "start_time": 218.2
    },
    "target": {
      "act": "Okay.",
      "count": 1,
      "end_time": 219.66,
      "start_time": 218.95
    },
    "type": "Support/Possitive Assessment"
  },
  {
    "source": null,
    "target": {
      "act": "Yeah.",
      "count": 1,
      "end_time": 222.4,
      "start_time": 222.15
    },
    "type": "Support/Possitive Assessment"
  },
  {
    "source": null,
    "target": {
      "act": "Okay. Great.",
      "count": 1,
      "end_time": 226.07,
      "start_time": 224.63
    },
    "type": "Support/Possitive Assessment"
  },
  {
    "source": null,
    "target": {
      "act": "Okay.",
      "count": 1,
      "end_time": 225.26,
      "start_time": 224.9
    },
    "type": "Support/Possitive Assessment"
  },
  {
    "source": {
      "act": "So that's it.",
      "count": 1,
      "end_time": 379.38,
      "start_time": 378.79
    },
    "target": {
      "act": "Alright.",
      "count": 1,
      "end_time": 381.65,
      "start_time": 380.73
    },
    "type": "Support/Possitive Assessment"
  },
  {
    "source": {
      "act": "So that's it.",
      "count": 1,
      "end_time": 379.38,
      "start_time": 378.79
    },
    "target": {
      "act": "Very good presentation.",
      "count": 1,
      "end_time": 382.91,
      "start_time": 381.65
    },
    "type": "Support/Possitive Assessment"
  },
  {
    "source": {
      "act": "Who would like to um follow that one up?",
      "count": 1,
      "end_time": 391.31,
      "start_time": 389.31
    },
    "target": {
      "act": "I can go.",
      "count": 1,
      "end_time": 393.38,
      "start_time": 392.84
    },
    "type": "Support/Possitive Assessment"
  },
  {
    "source": {
      "act": "I can go.",
      "count": 1,
      "end_time": 393.38,
      "start_time": 392.84
    },
    "target": {
      "act": "Okay.",
      "count": 1,
      "end_time": 394.27,
      "start_time": 393.59
    },
    "type": "Support/Possitive Assessment"
  },
  {
    "source": {
      "act": "Do you want me to run it or you wanna",
      "count": 1,
      "end_time": 396.47,
      "start_time": 394.27
    },
    "target": {
      "act": "Yeah, you should run it.",
      "count": 1,
      "end_time": 396.5,
      "start_time": 395.72
    },
    "type": "Support/Possitive Assessment"
  },
  {
    "source": {
      "act": "Yeah, you should run it.",
      "count": 1,
      "end_time": 396.5,
      "start_time": 395.72
    },
    "target": {
      "act": "Okay.",
      "count": 1,
      "end_time": 396.77,
      "start_time": 396.47
    },
    "type": "Support/Possitive Assessment"
  },
  {
    "source": {
      "act": "Functional requirements.",
      "count": 1,
      "end_time": 402.8,
      "start_time": 400.66
    },
    "target": {
      "act": "Mm yes.",
      "count": 1,
      "end_time": 403.13,
      "start_time": 402.02
    },
    "type": "Support/Possitive Assessment"
  },
  {
    "source": {
      "act": "Mm yes.",
      "count": 1,
      "end_time": 403.13,
      "start_time": 402.02
    },
    "target": {
      "act": "'Kay.",
      "count": 1,
      "end_time": 402.88,
      "start_time": 402.8
    },
    "type": "Support/Possitive Assessment"
  },
  {
    "source": {
      "act": "Now we have Courtney with the functional requirements.",
      "count": 1,
      "end_time": 414.03,
      "start_time": 411.2
    },
    "target": {
      "act": "Yes,",
      "count": 1,
      "end_time": 414.75,
      "start_time": 414.01
    },
    "type": "Support/Possitive Assessment"
  },
  {
    "source": null,
    "target": {
      "act": "And that meaning what?",
      "count": 1,
      "end_time": 458.84,
      "start_time": 457.28
    },
    "type": "Support/Possitive Assessment"
  },
  {
    "source": {
      "act": "And that meaning what?",
      "count": 1,
      "end_time": 458.84,
      "start_time": 457.28
    },
    "target": {
      "act": "They like I guess use the buttons a lot.",
      "count": 1,
      "end_time": 463.66,
      "start_time": 460.24
    },
    "type": "Support/Possitive Assessment"
  },
  {
    "source": {
      "act": "They like I guess use the buttons a lot.",
      "count": 1,
      "end_time": 463.66,
      "start_time": 460.24
    },
    "target": {
      "act": "Okay.",
      "count": 1,
      "end_time": 463.68,
      "start_time": 463.22
    },
    "type": "Support/Possitive Assessment"
  },
  {
    "source": {
      "act": "Okay.",
      "count": 1,
      "end_time": 463.68,
      "start_time": 463.22
    },
    "target": {
      "act": "Yeah.",
      "count": 1,
      "end_time": 463.9,
      "start_time": 463.66
    },
    "type": "Support/Possitive Assessment"
  },
  {
    "source": {
      "act": "What do you mean by um the current remote controls do not match well with the operating behaviour of the user, like they have to press the buttons.",
      "count": 1,
      "end_time": 479.29,
      "start_time": 471.67
    },
    "target": {
      "act": "I I think it's like the engineering versus user,",
      "count": 1,
      "end_time": 481.52,
      "start_time": 478.2
    },
    "type": "Support/Possitive Assessment"
  },
  {
    "source": null,
    "target": {
      "act": "Okay.",
      "count": 1,
      "end_time": 494.93,
      "start_time": 494.56
    },
    "type": "Support/Possitive Assessment"
  },
  {
    "source": {
      "act": "and users don't really need all of the buttons that are contained on there, because they only use ten percent of the buttons really.",
      "count": 1,
      "end_time": 493.37,
      "start_time": 486.35
    },
    "target": {
      "act": "We only use ten per cent of our brains.",
      "count": 1,
      "end_time": 497.06,
      "start_time": 494.66
    },
    "type": "Objection/Negative Assessment"
  },
  {
    "source": {
      "act": "We only use ten per cent of our brains.",
      "count": 1,
      "end_time": 497.06,
      "start_time": 494.66
    },
    "target": {
      "act": "Good point.",
      "count": 1,
      "end_time": 499.02,
      "start_time": 497.14
    },
    "type": "Support/Possitive Assessment"
  },
  {
    "source": {
      "act": "We only use ten per cent of our brains.",
      "count": 1,
      "end_time": 497.06,
      "start_time": 494.66
    },
    "target": {
      "act": "It works.",
      "count": 1,
      "end_time": 500.83,
      "start_time": 498.23
    },
    "type": "Support/Possitive Assessment"
  },
  {
    "source": {
      "act": "Ready for the next slide?",
      "count": 1,
      "end_time": 501.57,
      "start_time": 500.83
    },
    "target": {
      "act": "Mm-hmm.",
      "count": 1,
      "end_time": 502.94,
      "start_time": 501.54
    },
    "type": "Support/Possitive Assessment"
  },
  {
    "source": {
      "act": "and R_S_I_, I'm not very sure what that is.",
      "count": 1,
      "end_time": 533.15,
      "start_time": 530.37
    },
    "target": {
      "act": "It's okay.",
      "count": 1,
      "end_time": 534.34,
      "start_time": 533.41
    },
    "type": "Support/Possitive Assessment"
  },
  {
    "source": {
      "act": "ergonomics like your hand movements or something?",
      "count": 1,
      "end_time": 542.06,
      "start_time": 539.83
    },
    "target": {
      "act": "Could be, yeah.",
      "count": 1,
      "end_time": 543.28,
      "start_time": 542.4
    },
    "type": "Uncertain"
  },
  {
    "source": {
      "act": "ergonomics like your hand movements or something?",
      "count": 1,
      "end_time": 542.06,
      "start_time": 539.83
    },
    "target": {
      "act": "Uh possibly.",
      "count": 1,
      "end_time": 543.89,
      "start_time": 542.93
    },
    "type": "Uncertain"
  },
  {
    "source": {
      "act": "Do we really need t to provide more information on what R_S_I_ is?",
      "count": 1,
      "end_time": 548.78,
      "start_time": 545.0
    },
    "target": {
      "act": "Uh yeah, that's what my web site said,",
      "count": 1,
      "end_time": 550.64,
      "start_time": 549.01
    },
    "type": "Support/Possitive Assessment"
  },
  {
    "source": {
      "act": "ergonomics like your hand movements or something?",
      "count": 1,
      "end_time": 542.06,
      "start_time": 539.83
    },
    "target": {
      "act": "I think that's a pretty good guess though.",
      "count": 1,
      "end_time": 553.5,
      "start_time": 551.97
    },
    "type": "Support/Possitive Assessment"
  },
  {
    "source": {
      "act": "I think that's a pretty good guess though.",
      "count": 1,
      "end_time": 553.5,
      "start_time": 551.97
    },
    "target": {
      "act": "Yeah, I would assume so.",
      "count": 1,
      "end_time": 555.44,
      "start_time": 553.62
    },
    "type": "Support/Possitive Assessment"
  },
  {
    "source": null,
    "target": {
      "act": "Okay.",
      "count": 1,
      "end_time": 575.98,
      "start_time": 574.64
    },
    "type": "Support/Possitive Assessment"
  },
  {
    "source": {
      "act": "Next slide?",
      "count": 1,
      "end_time": 576.55,
      "start_time": 575.98
    },
    "target": {
      "act": "Yes.",
      "count": 1,
      "end_time": 576.72,
      "start_time": 576.31
    },
    "type": "Support/Possitive Assessment"
  },
  {
    "source": {
      "act": "just to clarify by speech recognition you mean they would say, channel five, and the thing would go to channel five?",
      "count": 1,
      "end_time": 655.22,
      "start_time": 650.06
    },
    "target": {
      "act": "I guess so, yeah.",
      "count": 1,
      "end_time": 655.27,
      "start_time": 654.37
    },
    "type": "Support/Possitive Assessment"
  },
  {
    "source": {
      "act": "I guess so, yeah.",
      "count": 1,
      "end_time": 655.27,
      "start_time": 654.37
    },
    "target": {
      "act": "Okay.",
      "count": 1,
      "end_time": 657.58,
      "start_time": 656.82
    },
    "type": "Support/Possitive Assessment"
  },
  {
    "source": {
      "act": "to just say, where are you, and thing beeps, you know.",
      "count": 1,
      "end_time": 661.19,
      "start_time": 657.93
    },
    "target": {
      "act": "Oh, that'd be lovely.",
      "count": 1,
      "end_time": 662.46,
      "start_time": 661.05
    },
    "type": "Support/Possitive Assessment"
  },
  {
    "source": {
      "act": "to just say, where are you, and thing beeps, you know.",
      "count": 1,
      "end_time": 661.19,
      "start_time": 657.93
    },
    "target": {
      "act": "Yeah,",
      "count": 1,
      "end_time": 660.74,
      "start_time": 660.39
    },
    "type": "Support/Possitive Assessment"
  },
  {
    "source": {
      "act": "Didn't they um didn't our rival companies manufacture a remote that you would press the button on the T_V_ and it would the remote would beep so if you have lost it",
      "count": 1,
      "end_time": 675.94,
      "start_time": 666.82
    },
    "target": {
      "act": "It's kinda like what the remote phone used to do.",
      "count": 1,
      "end_time": 677.1,
      "start_time": 675.14
    },
    "type": "Support/Possitive Assessment"
  },
  {
    "source": {
      "act": "It's kinda like what the remote phone used to do.",
      "count": 1,
      "end_time": 677.1,
      "start_time": 675.14
    },
    "target": {
      "act": "Mm. Oh, yeah, that's true.",
      "count": 1,
      "end_time": 679.56,
      "start_time": 677.27
    },
    "type": "Support/Possitive Assessment"
  },
  {
    "source": {
      "act": "We could definitely include that if we wanted to.",
      "count": 1,
      "end_time": 681.37,
      "start_time": 679.56
    },
    "target": {
      "act": "Yeah.",
      "count": 1,
      "end_time": 682.3,
      "start_time": 682.01
    },
    "type": "Support/Possitive Assessment"
  },
  {
    "source": {
      "act": "Are we ready for our last presentation, Amber?",
      "count": 1,
      "end_time": 687.93,
      "start_time": 685.99
    },
    "target": {
      "act": "Yeah,",
      "count": 1,
      "end_time": 688.45,
      "start_time": 688.21
    },
    "type": "Support/Possitive Assessment"
  },
  {
    "source": {
      "act": "I'm just trying to move it.",
      "count": 1,
      "end_time": 690.13,
      "start_time": 688.45
    },
    "target": {
      "act": "Okay.",
      "count": 1,
      "end_time": 689.96,
      "start_time": 689.63
    },
    "type": "Support/Possitive Assessment"
  },
  {
    "source": {
      "act": "'Kay. Uh I didn't get a chance to complete this one, 'cause some of the tools that I was given were frustrating.",
      "count": 1,
      "end_time": 714.92,
      "start_time": 706.11
    },
    "target": {
      "act": "Oh that's fine.",
      "count": 1,
      "end_time": 714.38,
      "start_time": 713.92
    },
    "type": "Support/Possitive Assessment"
  },
  {
    "source": {
      "act": "Either that or the smart chip will have to be extremely smart.",
      "count": 1,
      "end_time": 737.73,
      "start_time": 733.92
    },
    "target": {
      "act": "What exactly is a smart chip?",
      "count": 1,
      "end_time": 741.12,
      "start_time": 739.73
    },
    "type": "Uncertain"
  },
  {
    "source": {
      "act": "What exactly is a smart chip?",
      "count": 1,
      "end_time": 741.12,
      "start_time": 739.73
    },
    "target": {
      "act": "Usually a smart chip is just a chip that's been programmed and designed so that it can complete a fair range of functions.",
      "count": 1,
      "end_time": 749.17,
      "start_time": 741.46
    },
    "type": "Support/Possitive Assessment"
  },
  {
    "source": {
      "act": "Usually a smart chip is just a chip that's been programmed and designed so that it can complete a fair range of functions.",
      "count": 1,
      "end_time": 749.17,
      "start_time": 741.46
    },
    "target": {
      "act": "Well, how much extra would the additional chip be?",
      "count": 1,
      "end_time": 752.46,
      "start_time": 749.57
    },
    "type": "Support/Possitive Assessment"
  },
  {
    "source": {
      "act": "Is that gonna push us over our production costs?",
      "count": 1,
      "end_time": 754.61,
      "start_time": 752.46
    },
    "target": {
      "act": "I wouldn't think so,",
      "count": 1,
      "end_time": 755.97,
      "start_time": 754.98
    },
    "type": "Support/Possitive Assessment"
  },
  {
    "source": {
      "act": "Ready?",
      "count": 1,
      "end_time": 766.11,
      "start_time": 765.78
    },
    "target": {
      "act": "Um yep,",
      "count": 1,
      "end_time": 767.61,
      "start_time": 765.86
    },
    "type": "Support/Possitive Assessment"
  },
  {
    "source": {
      "act": "nothing here.",
      "count": 1,
      "end_time": 768.27,
      "start_time": 767.61
    },
    "target": {
      "act": "That's okay.",
      "count": 1,
      "end_time": 769.36,
      "start_time": 768.55
    },
    "type": "Support/Possitive Assessment"
  },
  {
    "source": {
      "act": "So what exactly we are looking at, is this like the front of the remote?",
      "count": 1,
      "end_time": 859.7,
      "start_time": 855.91
    },
    "target": {
      "act": "This is just like a rough schematic.",
      "count": 1,
      "end_time": 860.82,
      "start_time": 858.39
    },
    "type": "Support/Possitive Assessment"
  },
  {
    "source": {
      "act": "So what exactly we are looking at, is this like the front of the remote?",
      "count": 1,
      "end_time": 859.7,
      "start_time": 855.91
    },
    "target": {
      "act": "So this is the internal workings.",
      "count": 1,
      "end_time": 862.62,
      "start_time": 860.82
    },
    "type": "Support/Possitive Assessment"
  },
  {
    "source": {
      "act": "So the red would be the front of the remote though, right?",
      "count": 1,
      "end_time": 865.5,
      "start_time": 862.81
    },
    "target": {
      "act": "Yeah.",
      "count": 1,
      "end_time": 865.32,
      "start_time": 864.92
    },
    "type": "Support/Possitive Assessment"
  },
  {
    "source": {
      "act": "Yeah.",
      "count": 1,
      "end_time": 865.32,
      "start_time": 864.92
    },
    "target": {
      "act": "Okay.",
      "count": 1,
      "end_time": 865.76,
      "start_time": 865.5
    },
    "type": "Support/Possitive Assessment"
  },
  {
    "source": {
      "act": "So the red would be the front of the remote though, right?",
      "count": 1,
      "end_time": 865.5,
      "start_time": 862.81
    },
    "target": {
      "act": "Yeah, that's gonna be what's communicating with the T_V_,",
      "count": 1,
      "end_time": 867.96,
      "start_time": 865.43
    },
    "type": "Support/Possitive Assessment"
  },
  {
    "source": {
      "act": "but the other bulb, I think, is good to just to indicate, I'm doing something, it's sort of like a reassurance.",
      "count": 1,
      "end_time": 873.67,
      "start_time": 867.96
    },
    "target": {
      "act": "Like that we know the battery's working.",
      "count": 1,
      "end_time": 874.49,
      "start_time": 872.84
    },
    "type": "Support/Possitive Assessment"
  },
  {
    "source": {
      "act": "but the other bulb, I think, is good to just to indicate, I'm doing something, it's sort of like a reassurance.",
      "count": 1,
      "end_time": 873.67,
      "start_time": 867.96
    },
    "target": {
      "act": "The l the light up kind of",
      "count": 1,
      "end_time": 875.93,
      "start_time": 872.56
    },
    "type": "Support/Possitive Assessment"
  },
  {
    "source": {
      "act": "but the other bulb, I think, is good to just to indicate, I'm doing something, it's sort of like a reassurance.",
      "count": 1,
      "end_time": 873.67,
      "start_time": 867.96
    },
    "target": {
      "act": "Yeah, so you don't have to stare at that infra-red,",
      "count": 1,
      "end_time": 875.73,
      "start_time": 873.32
    },
    "type": "Support/Possitive Assessment"
  },
  {
    "source": {
      "act": "right?",
      "count": 1,
      "end_time": 885.88,
      "start_time": 885.57
    },
    "target": {
      "act": "Yep.",
      "count": 1,
      "end_time": 886.36,
      "start_time": 886.12
    },
    "type": "Support/Possitive Assessment"
  },
  {
    "source": {
      "act": "right?",
      "count": 1,
      "end_time": 885.88,
      "start_time": 885.57
    },
    "target": {
      "act": "Yeah.",
      "count": 1,
      "end_time": 886.61,
      "start_time": 886.26
    },
    "type": "Support/Possitive Assessment"
  },
  {
    "source": {
      "act": "right?",
      "count": 1,
      "end_time": 885.88,
      "start_time": 885.57
    },
    "target": {
      "act": "Yeah.",
      "count": 1,
      "end_time": 886.83,
      "start_time": 886.58
    },
    "type": "Support/Possitive Assessment"
  },
  {
    "source": {
      "act": "It'd probably be lighting up the key too,",
      "count": 1,
      "end_time": 885.57,
      "start_time": 883.99
    },
    "target": {
      "act": "So you can put it in the dark.",
      "count": 1,
      "end_time": 889.97,
      "start_time": 887.85
    },
    "type": "Support/Possitive Assessment"
  },
  {
    "source": {
      "act": "So you can put it in the dark.",
      "count": 1,
      "end_time": 889.97,
      "start_time": 887.85
    },
    "target": {
      "act": "Yeah, and that's good.",
      "count": 1,
      "end_time": 891.49,
      "start_time": 890.18
    },
    "type": "Support/Possitive Assessment"
  },
  {
    "source": {
      "act": "We should make it glow in the dark.",
      "count": 1,
      "end_time": 893.66,
      "start_time": 891.49
    },
    "target": {
      "act": "Yeah, definitely.",
      "count": 1,
      "end_time": 893.88,
      "start_time": 892.93
    },
    "type": "Support/Possitive Assessment"
  },
  {
    "source": {
      "act": "'Kay nex R Ready?",
      "count": 1,
      "end_time": 895.46,
      "start_time": 893.88
    },
    "target": {
      "act": "Yeah, that's it.",
      "count": 1,
      "end_time": 896.2,
      "start_time": 895.48
    },
    "type": "Support/Possitive Assessment"
  },
  {
    "source": {
      "act": "you f you said already that we needed a large on-off button, you think.",
      "count": 1,
      "end_time": 905.4,
      "start_time": 901.85
    },
    "target": {
      "act": "I think that that's a good idea,",
      "count": 1,
      "end_time": 906.7,
      "start_time": 905.33
    },
    "type": "Support/Possitive Assessment"
  },
  {
    "source": {
      "act": "because you know that's one of the most important buttons.",
      "count": 1,
      "end_time": 909.63,
      "start_time": 906.7
    },
    "target": {
      "act": "Well, should it be larger buttons in general,",
      "count": 1,
      "end_time": 912.32,
      "start_time": 910.18
    },
    "type": "Support/Possitive Assessment"
  },
  {
    "source": {
      "act": "So should we try and go for something that has l larger buttons?",
      "count": 1,
      "end_time": 919.11,
      "start_time": 915.25
    },
    "target": {
      "act": "I think we should.",
      "count": 1,
      "end_time": 919.96,
      "start_time": 919.19
    },
    "type": "Support/Possitive Assessment"
  },
  {
    "source": {
      "act": "I think we should do something like maybe bigger and round like bubbles.",
      "count": 1,
      "end_time": 933.47,
      "start_time": 929.85
    },
    "target": {
      "act": "Ovals.",
      "count": 1,
      "end_time": 931.72,
      "start_time": 931.26
    },
    "type": "Support/Possitive Assessment"
  },
  {
    "source": {
      "act": "And you know what teletext is?",
      "count": 1,
      "end_time": 995.05,
      "start_time": 992.59
    },
    "target": {
      "act": "Yeah.",
      "count": 1,
      "end_time": 995.89,
      "start_time": 995.73
    },
    "type": "Support/Possitive Assessment"
  },
  {
    "source": {
      "act": "in States we don't have it,",
      "count": 1,
      "end_time": 997.64,
      "start_time": 996.5
    },
    "target": {
      "act": "I know.",
      "count": 1,
      "end_time": 998.46,
      "start_time": 997.94
    },
    "type": "Support/Possitive Assessment"
  },
  {
    "source": {
      "act": "in States we don't have it,",
      "count": 1,
      "end_time": 997.64,
      "start_time": 996.5
    },
    "target": {
      "act": "What is it?",
      "count": 1,
      "end_time": 998.4,
      "start_time": 997.96
    },
    "type": "Uncertain"
  },
  {
    "source": {
      "act": "What is it?",
      "count": 1,
      "end_time": 998.4,
      "start_time": 997.96
    },
    "target": {
      "act": "but um it's like they just have this channel where just has news and weather, kind of sports,",
      "count": 1,
      "end_time": 1003.13,
      "start_time": 997.64
    },
    "type": "Support/Possitive Assessment"
  },
  {
    "source": {
      "act": "it's just text on the screen,",
      "count": 1,
      "end_time": 1008.02,
      "start_time": 1006.23
    },
    "target": {
      "act": "Yeah,",
      "count": 1,
      "end_time": 1007.73,
      "start_time": 1007.52
    },
    "type": "Support/Possitive Assessment"
  },
  {
    "source": {
      "act": "it's like black, black and white kind of",
      "count": 1,
      "end_time": 1009.61,
      "start_time": 1007.73
    },
    "target": {
      "act": "Yeah,",
      "count": 1,
      "end_time": 1009.02,
      "start_time": 1008.72
    },
    "type": "Support/Possitive Assessment"
  },
  {
    "source": {
      "act": "just black with just text.",
      "count": 1,
      "end_time": 1010.99,
      "start_time": 1009.02
    },
    "target": {
      "act": "Like running along the bottom?",
      "count": 1,
      "end_time": 1011.85,
      "start_time": 1010.36
    },
    "type": "Uncertain"
  },
  {
    "source": {
      "act": "Like running along the bottom?",
      "count": 1,
      "end_time": 1011.85,
      "start_time": 1010.36
    },
    "target": {
      "act": "Yeah.",
      "count": 1,
      "end_time": 1012.39,
      "start_time": 1011.93
    },
    "type": "Support/Possitive Assessment"
  },
  {
    "source": {
      "act": "You can also get the kind of the T_V_ guide so",
      "count": 1,
      "end_time": 1014.73,
      "start_time": 1012.23
    },
    "target": {
      "act": "is it like the Weather Channel where it's got like the ticker running on the bottom or something?",
      "count": 1,
      "end_time": 1019.48,
      "start_time": 1015.34
    },
    "type": "Uncertain"
  },
  {
    "source": {
      "act": "is it like the Weather Channel where it's got like the ticker running on the bottom or something?",
      "count": 1,
      "end_time": 1019.48,
      "start_time": 1015.34
    },
    "target": {
      "act": "Kind of.",
      "count": 1,
      "end_time": 1019.29,
      "start_time": 1018.76
    },
    "type": "Support/Possitive Assessment"
  },
  {
    "source": {
      "act": "is it like the Weather Channel where it's got like the ticker running on the bottom or something?",
      "count": 1,
      "end_time": 1019.48,
      "start_time": 1015.34
    },
    "target": {
      "act": "Except the entire screen.",
      "count": 1,
      "end_time": 1020.67,
      "start_time": 1018.84
    },
    "type": "Support/Possitive Assessment"
  },
  {
    "source": {
      "act": "Except the entire screen.",
      "count": 1,
      "end_time": 1020.67,
      "start_time": 1018.84
    },
    "target": {
      "act": "It's the entire screen is just running information at random.",
      "count": 1,
      "end_time": 1025.0,
      "start_time": 1020.31
    },
    "type": "Support/Possitive Assessment"
  },
  {
    "source": {
      "act": "Except the entire screen.",
      "count": 1,
      "end_time": 1020.67,
      "start_time": 1018.84
    },
    "target": {
      "act": "Yeah it's the whole screen.",
      "count": 1,
      "end_time": 1021.76,
      "start_time": 1020.71
    },
    "type": "Support/Possitive Assessment"
  },
  {
    "source": {
      "act": "You can pick sports, you can pick the news, you entertainment,",
      "count": 1,
      "end_time": 1027.5,
      "start_time": 1024.44
    },
    "target": {
      "act": "So it's like a separate channel from like what you're watching?",
      "count": 1,
      "end_time": 1030.22,
      "start_time": 1028.02
    },
    "type": "Uncertain"
  },
  {
    "source": {
      "act": "So it's like a separate channel from like what you're watching?",
      "count": 1,
      "end_time": 1030.22,
      "start_time": 1028.02
    },
    "target": {
      "act": "Yeah.",
      "count": 1,
      "end_time": 1030.63,
      "start_time": 1030.39
    },
    "type": "Support/Possitive Assessment"
  },
  {
    "source": {
      "act": "So it's like a separate channel from like what you're watching?",
      "count": 1,
      "end_time": 1030.22,
      "start_time": 1028.02
    },
    "target": {
      "act": "But it's becoming out-dated now, because of the Internet.",
      "count": 1,
      "end_time": 1032.81,
      "start_time": 1030.48
    },
    "type": "Support/Possitive Assessment"
  },
  {
    "source": {
      "act": "So, do we have to include the company colour within that?",
      "count": 1,
      "end_time": 1045.67,
      "start_time": 1041.96
    },
    "target": {
      "act": "Yes.",
      "count": 1,
      "end_time": 1046.94,
      "start_time": 1045.97
    },
    "type": "Support/Possitive Assessment"
  },
  {
    "source": {
      "act": "It's part of the logo.",
      "count": 1,
      "end_time": 1048.66,
      "start_time": 1046.94
    },
    "target": {
      "act": "Company colour being yellow.",
      "count": 1,
      "end_time": 1053.07,
      "start_time": 1051.03
    },
    "type": "Support/Possitive Assessment"
  },
  {
    "source": {
      "act": "Because I think even if something has large buttons, as long as they are not childishly large, like even technically",
      "count": 1,
      "end_time": 1100.54,
      "start_time": 1094.15
    },
    "target": {
      "act": "It's gonna make it nicer.",
      "count": 1,
      "end_time": 1098.58,
      "start_time": 1097.22
    },
    "type": "Support/Possitive Assessment"
  },
  {
    "source": {
      "act": "I mean they want something user-friendly, so",
      "count": 1,
      "end_time": 1107.13,
      "start_time": 1104.97
    },
    "target": {
      "act": "Mm well, even if we kept the regular standard size of remote, if we reduced the buttons down to the ones that people are saying that they use the most often and a couple extra,",
      "count": 1,
      "end_time": 1116.17,
      "start_time": 1106.93
    },
    "type": "Support/Possitive Assessment"
  },
  {
    "source": {
      "act": "right?",
      "count": 1,
      "end_time": 1133.08,
      "start_time": 1132.84
    },
    "target": {
      "act": "No,",
      "count": 1,
      "end_time": 1135.33,
      "start_time": 1135.13
    },
    "type": "Objection/Negative Assessment"
  },
  {
    "source": {
      "act": "right?",
      "count": 1,
      "end_time": 1133.08,
      "start_time": 1132.84
    },
    "target": {
      "act": "kids need to know how to use a remote, I would think.",
      "count": 1,
      "end_time": 1138.59,
      "start_time": 1135.33
    },
    "type": "Objection/Negative Assessment"
  },
  {
    "source": {
      "act": "kids need to know how to use a remote, I would think.",
      "count": 1,
      "end_time": 1138.59,
      "start_time": 1135.33
    },
    "target": {
      "act": "Most of them will intuitively pick it up though.",
      "count": 1,
      "end_time": 1139.68,
      "start_time": 1137.63
    },
    "type": "Objection/Negative Assessment"
  },
  {
    "source": {
      "act": "They gotta change between Disney Channel, Cartoon Network.",
      "count": 1,
      "end_time": 1141.57,
      "start_time": 1138.59
    },
    "target": {
      "act": "Okay,",
      "count": 1,
      "end_time": 1141.74,
      "start_time": 1141.29
    },
    "type": "Support/Possitive Assessment"
  },
  {
    "source": {
      "act": "so we're going to go anywhere from kids to adult in the age range",
      "count": 1,
      "end_time": 1146.91,
      "start_time": 1141.74
    },
    "target": {
      "act": "Yeah, I think we need it all.",
      "count": 1,
      "end_time": 1144.8,
      "start_time": 1143.4
    },
    "type": "Support/Possitive Assessment"
  },
  {
    "source": {
      "act": "like how how technically literate are these people who are going to be using our remote?",
      "count": 1,
      "end_time": 1158.66,
      "start_time": 1155.01
    },
    "target": {
      "act": "Um I would say we should say dumber than the average person.",
      "count": 1,
      "end_time": 1163.17,
      "start_time": 1159.54
    },
    "type": "Support/Possitive Assessment"
  },
  {
    "source": {
      "act": "Um I would say we should say dumber than the average person.",
      "count": 1,
      "end_time": 1163.17,
      "start_time": 1159.54
    },
    "target": {
      "act": "Okay.",
      "count": 1,
      "end_time": 1163.61,
      "start_time": 1163.36
    },
    "type": "Support/Possitive Assessment"
  },
  {
    "source": {
      "act": "Um I would say we should say dumber than the average person.",
      "count": 1,
      "end_time": 1163.17,
      "start_time": 1159.54
    },
    "target": {
      "act": "We should go for the lowest denominator.",
      "count": 1,
      "end_time": 1165.23,
      "start_time": 1163.32
    },
    "type": "Support/Possitive Assessment"
  },
  {
    "source": {
      "act": "We should go for the lowest denominator.",
      "count": 1,
      "end_time": 1165.23,
      "start_time": 1163.32
    },
    "target": {
      "act": "Yeah.",
      "count": 1,
      "end_time": 1165.72,
      "start_time": 1165.28
    },
    "type": "Support/Possitive Assessment"
  },
  {
    "source": {
      "act": "We should go for the lowest denominator.",
      "count": 1,
      "end_time": 1165.23,
      "start_time": 1163.32
    },
    "target": {
      "act": "Right, okay.",
      "count": 1,
      "end_time": 1167.18,
      "start_time": 1165.99
    },
    "type": "Support/Possitive Assessment"
  },
  {
    "source": null,
    "target": {
      "act": "So so they need no technical experience to operate",
      "count": 1,
      "end_time": 1171.5,
      "start_time": 1167.89
    },
    "type": "Support/Possitive Assessment"
  },
  {
    "source": {
      "act": "So so they need no technical experience to operate",
      "count": 1,
      "end_time": 1171.5,
      "start_time": 1167.89
    },
    "target": {
      "act": "how 'bout little to no,",
      "count": 1,
      "end_time": 1172.66,
      "start_time": 1171.48
    },
    "type": "Partial agreement/support"
  },
  {
    "source": {
      "act": "So if you have something just say it and we'll add it to my meeting minutes.",
      "count": 1,
      "end_time": 1210.04,
      "start_time": 1205.39
    },
    "target": {
      "act": "Well it's channel, on-off button, volume, mute.",
      "count": 1,
      "end_time": 1217.34,
      "start_time": 1213.14
    },
    "type": "Support/Possitive Assessment"
  },
  {
    "source": {
      "act": "Well it's channel, on-off button, volume, mute.",
      "count": 1,
      "end_time": 1217.34,
      "start_time": 1213.14
    },
    "target": {
      "act": "Mm-hmm, volume.",
      "count": 1,
      "end_time": 1216.66,
      "start_time": 1215.18
    },
    "type": "Support/Possitive Assessment"
  },
  {
    "source": {
      "act": "Well it's channel, on-off button, volume, mute.",
      "count": 1,
      "end_time": 1217.34,
      "start_time": 1213.14
    },
    "target": {
      "act": "And channel.",
      "count": 1,
      "end_time": 1218.22,
      "start_time": 1217.3
    },
    "type": "Support/Possitive Assessment"
  },
  {
    "source": {
      "act": "Well it's channel, on-off button, volume, mute.",
      "count": 1,
      "end_time": 1217.34,
      "start_time": 1213.14
    },
    "target": {
      "act": "Yeah.",
      "count": 1,
      "end_time": 1219.08,
      "start_time": 1218.22
    },
    "type": "Support/Possitive Assessment"
  },
  {
    "source": {
      "act": "Well it's channel, on-off button, volume, mute.",
      "count": 1,
      "end_time": 1217.34,
      "start_time": 1213.14
    },
    "target": {
      "act": "Those are the most important ones.",
      "count": 1,
      "end_time": 1220.4,
      "start_time": 1219.08
    },
    "type": "Support/Possitive Assessment"
  },
  {
    "source": {
      "act": "Those are the most important ones.",
      "count": 1,
      "end_time": 1220.4,
      "start_time": 1219.08
    },
    "target": {
      "act": "Right.",
      "count": 1,
      "end_time": 1221.25,
      "start_time": 1220.52
    },
    "type": "Support/Possitive Assessment"
  },
  {
    "source": {
      "act": "I'll make a note here that we wanna keep the number of buttons down.",
      "count": 1,
      "end_time": 1225.67,
      "start_time": 1222.92
    },
    "target": {
      "act": "Yeah.",
      "count": 1,
      "end_time": 1227.61,
      "start_time": 1227.35
    },
    "type": "Support/Possitive Assessment"
  },
  {
    "source": {
      "act": "Yeah.",
      "count": 1,
      "end_time": 1227.61,
      "start_time": 1227.35
    },
    "target": {
      "act": "'Kay.",
      "count": 1,
      "end_time": 1228.11,
      "start_time": 1227.9
    },
    "type": "Support/Possitive Assessment"
  },
  {
    "source": {
      "act": "Hey, what else?",
      "count": 1,
      "end_time": 1234.11,
      "start_time": 1233.23
    },
    "target": {
      "act": "Do we want this thing to be able to be found easily?",
      "count": 1,
      "end_time": 1249.54,
      "start_time": 1244.84
    },
    "type": "Support/Possitive Assessment"
  },
  {
    "source": {
      "act": "Do we want this thing to be able to be found easily?",
      "count": 1,
      "end_time": 1249.54,
      "start_time": 1244.84
    },
    "target": {
      "act": "I think so.",
      "count": 1,
      "end_time": 1251.01,
      "start_time": 1249.75
    },
    "type": "Support/Possitive Assessment"
  },
  {
    "source": {
      "act": "What do you",
      "count": 1,
      "end_time": 1251.37,
      "start_time": 1251.01
    },
    "target": {
      "act": "Sure, yeah.",
      "count": 1,
      "end_time": 1253.22,
      "start_time": 1252.7
    },
    "type": "Support/Possitive Assessment"
  },
  {
    "source": {
      "act": "we we need a like homing device.",
      "count": 1,
      "end_time": 1257.66,
      "start_time": 1255.7
    },
    "target": {
      "act": "Yeah, ho homing device.",
      "count": 1,
      "end_time": 1258.51,
      "start_time": 1256.69
    },
    "type": "Support/Possitive Assessment"
  },
  {
    "source": {
      "act": "like if this is gonna get lost underneath the coach, how are we going to accommodate the quick ability to find it?",
      "count": 1,
      "end_time": 1263.2,
      "start_time": 1256.4
    },
    "target": {
      "act": "What if we gave it a charger?",
      "count": 1,
      "end_time": 1274.37,
      "start_time": 1272.43
    },
    "type": "Support/Possitive Assessment"
  },
  {
    "source": {
      "act": "And on the charger, just like a phone, like you get a portable phone and it's got a charger,",
      "count": 1,
      "end_time": 1278.25,
      "start_time": 1274.37
    },
    "target": {
      "act": "But you got a base.",
      "count": 1,
      "end_time": 1278.89,
      "start_time": 1278.21
    },
    "type": "Objection/Negative Assessment"
  },
  {
    "source": {
      "act": "and if you d leave your phone somewhere, you push the button to find it, and it finds th the phone beeps for you.",
      "count": 1,
      "end_time": 1284.99,
      "start_time": 1278.25
    },
    "target": {
      "act": "Do you think people'll really go for that though?",
      "count": 1,
      "end_time": 1285.27,
      "start_time": 1283.85
    },
    "type": "Uncertain"
  },
  {
    "source": {
      "act": "Do you think people'll really go for that though?",
      "count": 1,
      "end_time": 1285.27,
      "start_time": 1283.85
    },
    "target": {
      "act": "It's useful for the remote phone.",
      "count": 1,
      "end_time": 1288.87,
      "start_time": 1287.01
    },
    "type": "Support/Possitive Assessment"
  },
  {
    "source": {
      "act": "What if we gave it a charger?",
      "count": 1,
      "end_time": 1274.37,
      "start_time": 1272.43
    },
    "target": {
      "act": "Would that add to our costs at all, I wonder?",
      "count": 1,
      "end_time": 1292.89,
      "start_time": 1291.02
    },
    "type": "Partial agreement/support"
  },
  {
    "source": {
      "act": "Would that add to our costs at all, I wonder?",
      "count": 1,
      "end_time": 1292.89,
      "start_time": 1291.02
    },
    "target": {
      "act": "I would think so, because you'd have to develop a base.",
      "count": 1,
      "end_time": 1295.59,
      "start_time": 1293.44
    },
    "type": "Support/Possitive Assessment"
  },
  {
    "source": {
      "act": "I would think so, because you'd have to develop a base.",
      "count": 1,
      "end_time": 1295.59,
      "start_time": 1293.44
    },
    "target": {
      "act": "Well, if you have the base, you could start putting in a charger and then you have a different kind of battery.",
      "count": 1,
      "end_time": 1300.01,
      "start_time": 1295.92
    },
    "type": "Support/Possitive Assessment"
  },
  {
    "source": {
      "act": "Well, if you have the base, you could start putting in a charger and then you have a different kind of battery.",
      "count": 1,
      "end_time": 1300.01,
      "start_time": 1295.92
    },
    "target": {
      "act": "Hmm.",
      "count": 1,
      "end_time": 1303.45,
      "start_time": 1302.77
    },
    "type": "Uncertain"
  },
  {
    "source": {
      "act": "Well, if you have the base, you could start putting in a charger and then you have a different kind of battery.",
      "count": 1,
      "end_time": 1300.01,
      "start_time": 1295.92
    },
    "target": {
      "act": "Rechargeable batteries are cheaper usually.",
      "count": 1,
      "end_time": 1306.1,
      "start_time": 1303.44
    },
    "type": "Support/Possitive Assessment"
  },
  {
    "source": {
      "act": "And we also need to deal with the issue you mentioned of speech recognition, if we want that.",
      "count": 1,
      "end_time": 1331.23,
      "start_time": 1325.72
    },
    "target": {
      "act": "If we have the speech recognition then we can start aiming at a like another kind of more handicapped disabled uh demo demographic.",
      "count": 1,
      "end_time": 1341.28,
      "start_time": 1332.38
    },
    "type": "Support/Possitive Assessment"
  },
  {
    "source": {
      "act": "If we have the speech recognition then we can start aiming at a like another kind of more handicapped disabled uh demo demographic.",
      "count": 1,
      "end_time": 1341.28,
      "start_time": 1332.38
    },
    "target": {
      "act": "Well, th there's the people who desire speech recognition, there's the different demog demographics have different desires,",
      "count": 1,
      "end_time": 1349.53,
      "start_time": 1341.71
    },
    "type": "Support/Possitive Assessment"
  },
  {
    "source": {
      "act": "we could hook it up.",
      "count": 1,
      "end_time": 1353.74,
      "start_time": 1352.54
    },
    "target": {
      "act": "It wouldn't copy onto the the thing 'cause it's black,",
      "count": 1,
      "end_time": 1356.03,
      "start_time": 1352.46
    },
    "type": "Objection/Negative Assessment"
  },
  {
    "source": {
      "act": "They're the ones that get addicted to soap operas and",
      "count": 1,
      "end_time": 1373.72,
      "start_time": 1370.66
    },
    "target": {
      "act": "And if and if we introduced it when they're this age, they're going to probably always buy a remote that has",
      "count": 1,
      "end_time": 1380.4,
      "start_time": 1375.11
    },
    "type": "Support/Possitive Assessment"
  },
  {
    "source": {
      "act": "And if and if we introduced it when they're this age, they're going to probably always buy a remote that has",
      "count": 1,
      "end_time": 1380.4,
      "start_time": 1375.11
    },
    "target": {
      "act": "Right.",
      "count": 1,
      "end_time": 1379.91,
      "start_time": 1379.67
    },
    "type": "Support/Possitive Assessment"
  },
  {
    "source": {
      "act": "whereas if you just speak in general and you don't have to have the remote in your hand and like talk at it.",
      "count": 1,
      "end_time": 1397.11,
      "start_time": 1392.46
    },
    "target": {
      "act": "and the speech recognition could be part of the lost and found device, too.",
      "count": 1,
      "end_time": 1402.89,
      "start_time": 1398.2
    },
    "type": "Support/Possitive Assessment"
  },
  {
    "source": {
      "act": "Okay, anything else we wanna discuss?",
      "count": 1,
      "end_time": 1430.09,
      "start_time": 1428.16
    },
    "target": {
      "act": "Well, do we wanna include the numbers like zero through nine?",
      "count": 1,
      "end_time": 1435.4,
      "start_time": 1431.0
    },
    "type": "Support/Possitive Assessment"
  },
  {
    "source": {
      "act": "Well, do we wanna include the numbers like zero through nine?",
      "count": 1,
      "end_time": 1435.4,
      "start_time": 1431.0
    },
    "target": {
      "act": "on the remote itself?",
      "count": 1,
      "end_time": 1440.37,
      "start_time": 1439.42
    },
    "type": "Uncertain"
  },
  {
    "source": {
      "act": "on the remote itself?",
      "count": 1,
      "end_time": 1440.37,
      "start_time": 1439.42
    },
    "target": {
      "act": "Yeah, like you have one, two, three, four, five, six, seven, eight, nine, zero.",
      "count": 1,
      "end_time": 1443.47,
      "start_time": 1440.34
    },
    "type": "Support/Possitive Assessment"
  },
  {
    "source": {
      "act": "Yeah, like you have one, two, three, four, five, six, seven, eight, nine, zero.",
      "count": 1,
      "end_time": 1443.47,
      "start_time": 1440.34
    },
    "target": {
      "act": "Well, we definitely need those.",
      "count": 1,
      "end_time": 1444.8,
      "start_time": 1443.57
    },
    "type": "Support/Possitive Assessment"
  },
  {
    "source": {
      "act": "Well, we definitely need those.",
      "count": 1,
      "end_time": 1444.8,
      "start_time": 1443.57
    },
    "target": {
      "act": "yeah,",
      "count": 1,
      "end_time": 1444.99,
      "start_time": 1444.8
    },
    "type": "Support/Possitive Assessment"
  },
  {
    "source": {
      "act": "how would you leave those out?",
      "count": 1,
      "end_time": 1445.8,
      "start_time": 1444.99
    },
    "target": {
      "act": "Well, I don't know,",
      "count": 1,
      "end_time": 1446.78,
      "start_time": 1446.26
    },
    "type": "Uncertain"
  },
  {
    "source": {
      "act": "how would you leave those out?",
      "count": 1,
      "end_time": 1445.8,
      "start_time": 1444.99
    },
    "target": {
      "act": "I don't know,",
      "count": 1,
      "end_time": 1449.89,
      "start_time": 1449.51
    },
    "type": "Uncertain"
  },
  {
    "source": {
      "act": "I mean, if you can like well",
      "count": 1,
      "end_time": 1449.51,
      "start_time": 1446.78
    },
    "target": {
      "act": "if there's just a way of leaving them out?",
      "count": 1,
      "end_time": 1451.45,
      "start_time": 1449.89
    },
    "type": "Uncertain"
  },
  {
    "source": {
      "act": "Well, I don't know,",
      "count": 1,
      "end_time": 1446.78,
      "start_time": 1446.26
    },
    "target": {
      "act": "Unless you could say the channel.",
      "count": 1,
      "end_time": 1450.93,
      "start_time": 1449.61
    },
    "type": "Support/Possitive Assessment"
  },
  {
    "source": {
      "act": "Unless you could say the channel.",
      "count": 1,
      "end_time": 1450.93,
      "start_time": 1449.61
    },
    "target": {
      "act": "I think people would find that too foreign.",
      "count": 1,
      "end_time": 1453.43,
      "start_time": 1451.8
    },
    "type": "Objection/Negative Assessment"
  },
  {
    "source": {
      "act": "I think people would find that too foreign.",
      "count": 1,
      "end_time": 1453.43,
      "start_time": 1451.8
    },
    "target": {
      "act": "Yeah.",
      "count": 1,
      "end_time": 1454.73,
      "start_time": 1453.73
    },
    "type": "Support/Possitive Assessment"
  },
  {
    "source": {
      "act": "I think people would find that too foreign.",
      "count": 1,
      "end_time": 1453.43,
      "start_time": 1451.8
    },
    "target": {
      "act": "Yeah, that's true.",
      "count": 1,
      "end_time": 1454.88,
      "start_time": 1454.12
    },
    "type": "Support/Possitive Assessment"
  },
  {
    "source": {
      "act": "So I couldn't whenever I got cable, I had to get a new T_V_.",
      "count": 1,
      "end_time": 1468.01,
      "start_time": 1465.23
    },
    "target": {
      "act": "It's when we get satellite.",
      "count": 1,
      "end_time": 1471.51,
      "start_time": 1470.14
    },
    "type": "Support/Possitive Assessment"
  },
  {
    "source": {
      "act": "I guess, we're gonna discuss the project financing later,",
      "count": 1,
      "end_time": 1484.73,
      "start_time": 1480.8
    },
    "target": {
      "act": "Yeah,",
      "count": 1,
      "end_time": 1493.89,
      "start_time": 1493.65
    },
    "type": "Support/Possitive Assessment"
  },
  {
    "source": {
      "act": "I guess, we're gonna discuss the project financing later,",
      "count": 1,
      "end_time": 1484.73,
      "start_time": 1480.8
    },
    "target": {
      "act": "'cause I don't have any material pricing information available to me at the moment, so",
      "count": 1,
      "end_time": 1497.61,
      "start_time": 1493.89
    },
    "type": "Support/Possitive Assessment"
  },
  {
    "source": {
      "act": "And don't forget we need to include the colour of our company and the logo.",
      "count": 1,
      "end_time": 1503.97,
      "start_time": 1498.42
    },
    "target": {
      "act": "The colour being yellow?",
      "count": 1,
      "end_time": 1506.4,
      "start_time": 1504.21
    },
    "type": "Uncertain"
  },
  {
    "source": {
      "act": "The colour being yellow?",
      "count": 1,
      "end_time": 1506.4,
      "start_time": 1504.21
    },
    "target": {
      "act": "I'm guessing.",
      "count": 1,
      "end_time": 1508.63,
      "start_time": 1506.82
    },
    "type": "Uncertain"
  },
  {
    "source": {
      "act": "I'm guessing.",
      "count": 1,
      "end_time": 1508.63,
      "start_time": 1506.82
    },
    "target": {
      "act": "I feel like a ye I feel like a yellow one would be too garish.",
      "count": 1,
      "end_time": 1511.52,
      "start_time": 1508.47
    },
    "type": "Support/Possitive Assessment"
  },
  {
    "source": {
      "act": "I feel like a ye I feel like a yellow one would be too garish.",
      "count": 1,
      "end_time": 1511.52,
      "start_time": 1508.47
    },
    "target": {
      "act": "We could just have the logo in yellow,",
      "count": 1,
      "end_time": 1513.84,
      "start_time": 1511.6
    },
    "type": "Support/Possitive Assessment"
  },
  {
    "source": {
      "act": "I feel like a ye I feel like a yellow one would be too garish.",
      "count": 1,
      "end_time": 1511.52,
      "start_time": 1508.47
    },
    "target": {
      "act": "Can't make it entirely",
      "count": 1,
      "end_time": 1513.25,
      "start_time": 1512.06
    },
    "type": "Support/Possitive Assessment"
  },
  {
    "source": {
      "act": "or maybe a yellow light for the keys.",
      "count": 1,
      "end_time": 1515.96,
      "start_time": 1513.84
    },
    "target": {
      "act": "Or put like stripes,",
      "count": 1,
      "end_time": 1516.69,
      "start_time": 1515.68
    },
    "type": "Support/Possitive Assessment"
  },
  {
    "source": {
      "act": "or maybe a yellow light for the keys.",
      "count": 1,
      "end_time": 1515.96,
      "start_time": 1513.84
    },
    "target": {
      "act": "oh yeah, yellow lights.",
      "count": 1,
      "end_time": 1518.62,
      "start_time": 1516.69
    },
    "type": "Support/Possitive Assessment"
  },
  {
    "source": {
      "act": "doesn't have to be huge.",
      "count": 1,
      "end_time": 1521.6,
      "start_time": 1520.32
    },
    "target": {
      "act": "If you have this sort of strip kind of down at the bottom the base of it, just like yellow with the R_R_.",
      "count": 1,
      "end_time": 1532.01,
      "start_time": 1525.37
    },
    "type": "Support/Possitive Assessment"
  },
  {
    "source": {
      "act": "If you have this sort of strip kind of down at the bottom the base of it, just like yellow with the R_R_.",
      "count": 1,
      "end_time": 1532.01,
      "start_time": 1525.37
    },
    "target": {
      "act": "Right.",
      "count": 1,
      "end_time": 1532.8,
      "start_time": 1532.19
    },
    "type": "Support/Possitive Assessment"
  },
  {
    "source": {
      "act": "I'm gonna look really quickly back at those",
      "count": 1,
      "end_time": 1566.53,
      "start_time": 1564.49
    },
    "target": {
      "act": "Two examples.",
      "count": 1,
      "end_time": 1568.67,
      "start_time": 1567.25
    },
    "type": "Support/Possitive Assessment"
  },
  {
    "source": {
      "act": "Two examples.",
      "count": 1,
      "end_time": 1568.67,
      "start_time": 1567.25
    },
    "target": {
      "act": "examples",
      "count": 1,
      "end_time": 1568.84,
      "start_time": 1567.95
    },
    "type": "Support/Possitive Assessment"
  },
  {
    "source": {
      "act": "examples",
      "count": 1,
      "end_time": 1568.84,
      "start_time": 1567.95
    },
    "target": {
      "act": "Yeah.",
      "count": 1,
      "end_time": 1568.89,
      "start_time": 1568.67
    },
    "type": "Support/Possitive Assessment"
  },
  {
    "source": {
      "act": "Which one is yours, technical functions",
      "count": 1,
      "end_time": 1571.92,
      "start_time": 1569.66
    },
    "target": {
      "act": "Yeah.",
      "count": 1,
      "end_time": 1572.33,
      "start_time": 1572.13
    },
    "type": "Support/Possitive Assessment"
  },
  {
    "source": {
      "act": "Yeah.",
      "count": 1,
      "end_time": 1572.33,
      "start_time": 1572.13
    },
    "target": {
      "act": "Okay.",
      "count": 1,
      "end_time": 1573.13,
      "start_time": 1572.95
    },
    "type": "Support/Possitive Assessment"
  },
  {
    "source": {
      "act": "or do we just want that accessed accessed from the television itself?",
      "count": 1,
      "end_time": 1586.17,
      "start_time": 1582.71
    },
    "target": {
      "act": "I think that that's fine just for the T_V_.",
      "count": 1,
      "end_time": 1588.09,
      "start_time": 1585.76
    },
    "type": "Support/Possitive Assessment"
  },
  {
    "source": {
      "act": "I think that that's fine just for the T_V_.",
      "count": 1,
      "end_time": 1588.09,
      "start_time": 1585.76
    },
    "target": {
      "act": "Well, the other option is sort of like down at the bottom, like farther away,",
      "count": 1,
      "end_time": 1597.12,
      "start_time": 1592.07
    },
    "type": "Objection/Negative Assessment"
  },
  {
    "source": {
      "act": "you just have this sort of box inset where it's like the buttons that you don't use as much, but occasionally you will use.",
      "count": 1,
      "end_time": 1602.72,
      "start_time": 1597.12
    },
    "target": {
      "act": "Yeah, 'cause we need to we definitely need to have buttons for like sub-titles and things like that.",
      "count": 1,
      "end_time": 1607.77,
      "start_time": 1603.45
    },
    "type": "Support/Possitive Assessment"
  },
  {
    "source": {
      "act": "Yeah, 'cause we need to we definitely need to have buttons for like sub-titles and things like that.",
      "count": 1,
      "end_time": 1607.77,
      "start_time": 1603.45
    },
    "target": {
      "act": "Couldn't we do that all through one button,",
      "count": 1,
      "end_time": 1622.97,
      "start_time": 1621.17
    },
    "type": "Support/Possitive Assessment"
  },
  {
    "source": {
      "act": "Couldn't we do that all through one button,",
      "count": 1,
      "end_time": 1622.97,
      "start_time": 1621.17
    },
    "target": {
      "act": "I don't well, I don't know.",
      "count": 1,
      "end_time": 1624.19,
      "start_time": 1623.06
    },
    "type": "Uncertain"
  },
  {
    "source": {
      "act": "you know?",
      "count": 1,
      "end_time": 1630.22,
      "start_time": 1629.76
    },
    "target": {
      "act": "Right.",
      "count": 1,
      "end_time": 1630.72,
      "start_time": 1630.4
    },
    "type": "Support/Possitive Assessment"
  },
  {
    "source": {
      "act": "something, a menu button, that pops up with a menu on the T_V_ that says, you know, audio, video, whatever, language,",
      "count": 1,
      "end_time": 1629.76,
      "start_time": 1622.97
    },
    "target": {
      "act": "So we need up, down, and side-to-side buttons.",
      "count": 1,
      "end_time": 1632.67,
      "start_time": 1630.64
    },
    "type": "Support/Possitive Assessment"
  },
  {
    "source": {
      "act": "So we need up, down, and side-to-side buttons.",
      "count": 1,
      "end_time": 1632.67,
      "start_time": 1630.64
    },
    "target": {
      "act": "No",
      "count": 1,
      "end_time": 1634.09,
      "start_time": 1633.86
    },
    "type": "Objection/Negative Assessment"
  },
  {
    "source": {
      "act": "So we need up, down, and side-to-side buttons.",
      "count": 1,
      "end_time": 1632.67,
      "start_time": 1630.64
    },
    "target": {
      "act": "For the menus.",
      "count": 1,
      "end_time": 1634.37,
      "start_time": 1633.46
    },
    "type": "Support/Possitive Assessment"
  },
  {
    "source": {
      "act": "So we need up, down, and side-to-side buttons.",
      "count": 1,
      "end_time": 1632.67,
      "start_time": 1630.64
    },
    "target": {
      "act": "you could just double up with like the channel or the volume buttons.",
      "count": 1,
      "end_time": 1637.44,
      "start_time": 1634.09
    },
    "type": "Objection/Negative Assessment"
  },
  {
    "source": {
      "act": "you could just double up with like the channel or the volume buttons.",
      "count": 1,
      "end_time": 1637.44,
      "start_time": 1634.09
    },
    "target": {
      "act": "That's true.",
      "count": 1,
      "end_time": 1639.15,
      "start_time": 1638.63
    },
    "type": "Support/Possitive Assessment"
  },
  {
    "source": {
      "act": "you could just double up with like the channel or the volume buttons.",
      "count": 1,
      "end_time": 1637.44,
      "start_time": 1634.09
    },
    "target": {
      "act": "Yeah, okay.",
      "count": 1,
      "end_time": 1640.09,
      "start_time": 1639.23
    },
    "type": "Support/Possitive Assessment"
  },
  {
    "source": {
      "act": "Channel is just up and down.",
      "count": 1,
      "end_time": 1640.88,
      "start_time": 1639.68
    },
    "target": {
      "act": "Okay, yeah.",
      "count": 1,
      "end_time": 1642.41,
      "start_time": 1641.84
    },
    "type": "Support/Possitive Assessment"
  },
  {
    "source": {
      "act": "And then add a",
      "count": 1,
      "end_time": 1643.6,
      "start_time": 1642.68
    },
    "target": {
      "act": "Something that looks mayb you know.",
      "count": 1,
      "end_time": 1648.04,
      "start_time": 1644.56
    },
    "type": "Support/Possitive Assessment"
  },
  {
    "source": {
      "act": "Something that looks mayb you know.",
      "count": 1,
      "end_time": 1648.04,
      "start_time": 1644.56
    },
    "target": {
      "act": "Such as, yeah, the one the one over there on the left the engineering centred one.",
      "count": 1,
      "end_time": 1650.42,
      "start_time": 1645.8
    },
    "type": "Support/Possitive Assessment"
  },
  {
    "source": {
      "act": "Such as, yeah, the one the one over there on the left the engineering centred one.",
      "count": 1,
      "end_time": 1650.42,
      "start_time": 1645.8
    },
    "target": {
      "act": "Y right, right right right.",
      "count": 1,
      "end_time": 1651.4,
      "start_time": 1649.52
    },
    "type": "Support/Possitive Assessment"
  },
  {
    "source": {
      "act": "So we just have it like add a menu button then for the various things needed,",
      "count": 1,
      "end_time": 1657.14,
      "start_time": 1651.95
    },
    "target": {
      "act": "Right.",
      "count": 1,
      "end_time": 1657.65,
      "start_time": 1657.03
    },
    "type": "Support/Possitive Assessment"
  },
  {
    "source": {
      "act": "So we just have it like add a menu button then for the various things needed,",
      "count": 1,
      "end_time": 1657.14,
      "start_time": 1651.95
    },
    "target": {
      "act": "In the middle perhaps.",
      "count": 1,
      "end_time": 1659.36,
      "start_time": 1657.65
    },
    "type": "Support/Possitive Assessment"
  },
  {
    "source": {
      "act": "I just got an idea for a design.",
      "count": 1,
      "end_time": 1669.39,
      "start_time": 1667.53
    },
    "target": {
      "act": "good.",
      "count": 1,
      "end_time": 1670.29,
      "start_time": 1669.96
    },
    "type": "Support/Possitive Assessment"
  },
  {
    "source": {
      "act": "Anybody have anything else they'd like to bring up in this meeting?",
      "count": 1,
      "end_time": 1685.84,
      "start_time": 1682.29
    },
    "target": {
      "act": "I had something, but I forgot.",
      "count": 1,
      "end_time": 1687.55,
      "start_time": 1686.43
    },
    "type": "Uncertain"
  },
  {
    "source": {
      "act": "I had something, but I forgot.",
      "count": 1,
      "end_time": 1687.55,
      "start_time": 1686.43
    },
    "target": {
      "act": "Okay.",
      "count": 1,
      "end_time": 1690.37,
      "start_time": 1689.07
    },
    "type": "Support/Possitive Assessment"
  }
]