[
  {
    "segments": [
      {
        "end_time": 1100.576,
        "segment": "So our target group is You mentioned um older people? Would it just be universal for everyone, you think? Because I think even if something has large buttons, as long as they are not childishly large, like even technically",
        "start_time": 1084.795
      },
      {
        "end_time": 1100.27,
        "segment": "Mm-hmm. It's gonna make it nicer. Yeah.",
        "start_time": 1090.869
      },
      {
        "end_time": 1107.168,
        "segment": "non-technically challenged people are gonna use it. I mean they want something user-friendly, so",
        "start_time": 1102.304
      },
      {
        "end_time": 1123.311,
        "segment": "Mm well, even if we kept the regular standard size of remote, if we reduced the buttons down to the ones that people are saying that they use the most often and a couple extra, 'cause they're saying they only use ten per cent of them, then we should be able to accommodate fairly decent sized buttons.",
        "start_time": 1106.846
      },
      {
        "end_time": 1134.736,
        "segment": "Yeah. Yeah. Okay, so we want um for our target group would we say, I mean, young and old, all age ranges, all um, not kids obviously, right? Or kids?",
        "start_time": 1116.176
      },
      {
        "end_time": 1141.664,
        "segment": "No, kids need to know how to use a remote, I would think. They gotta change between Disney Channel, Cartoon Network.",
        "start_time": 1134.928
      },
      {
        "end_time": 1139.958,
        "segment": "Most of them will intuitively pick it up though.",
        "start_time": 1137.6
      },
      {
        "end_time": 1150.72,
        "segment": "Okay, so we're going to go anywhere from kids to adult in the age range Um what about",
        "start_time": 1141.232
      },
      {
        "end_time": 1144.945,
        "segment": "Yeah, I think we need it all.",
        "start_time": 1143.376
      },
      {
        "end_time": 1159.088,
        "segment": "technic technical um specifications, like how how technically literate are these people who are going to be using our remote?",
        "start_time": 1151.856
      },
      {
        "end_time": 0.0,
        "segment": false,
        "start_time": 99999999.99
      },
      {
        "end_time": 1163.2,
        "segment": "Um I would say we should say dumber than the average person.",
        "start_time": 1159.52
      },
      {
        "end_time": 1165.344,
        "segment": "We should go for the lowest denominator.",
        "start_time": 1163.296
      },
      {
        "end_time": 1163.648,
        "segment": "Okay.",
        "start_time": 1163.152
      },
      {
        "end_time": 1165.76,
        "segment": "Yeah.",
        "start_time": 1165.264
      },
      {
        "end_time": 1167.392,
        "segment": "Right, okay.",
        "start_time": 1165.968
      },
      {
        "end_time": 1169.213,
        "segment": "High school educated.",
        "start_time": 1167.731
      },
      {
        "end_time": 1171.536,
        "segment": "So so they need no technical experience to operate",
        "start_time": 1167.867
      },
      {
        "end_time": 1176.676,
        "segment": "how 'bout little to no, because there is no way that you are gonna be able to make it no.",
        "start_time": 1170.852
      }
    ],
    "type": "Target group"
  },
  {
    "segments": [
      {
        "end_time": 1541.536,
        "segment": "So we've simplified, we don't need all those um play, fast-forward, rewind,",
        "start_time": 1537.232
      },
      {
        "end_time": 1542.528,
        "segment": "Right, yeah.",
        "start_time": 1541.6
      },
      {
        "end_time": 1543.008,
        "segment": "Yeah.",
        "start_time": 1542.448
      },
      {
        "end_time": 1556.151,
        "segment": "or no menu buttons. So we've pretty much pared it down to on-off, volume, mute, channel up and down, um the numbers Yeah.",
        "start_time": 1542.96
      },
      {
        "end_time": 0.0,
        "segment": false,
        "start_time": 99999999.99
      },
      {
        "end_time": 1557.088,
        "segment": "Yeah.",
        "start_time": 1556.688
      },
      {
        "end_time": 1566.56,
        "segment": "Um can we go back to I'm gonna look really quickly back at those",
        "start_time": 1562.216
      },
      {
        "end_time": 1568.928,
        "segment": "Two examples. Yeah.",
        "start_time": 1567.232
      },
      {
        "end_time": 1573.289,
        "segment": "examples and see if there is anything. Which one is yours, technical functions or functional requirement? Okay.",
        "start_time": 1567.92
      },
      {
        "end_time": 1572.368,
        "segment": "Oh, it's a Yeah.",
        "start_time": 1571.296
      },
      {
        "end_time": 1586.247,
        "segment": "Yeah, audi audio settings and screen settings, we need those like audio settings mono, stereo, pitch, screen settings like brightness, colour, or do we just want that accessed accessed from the television itself?",
        "start_time": 1574.384
      },
      {
        "end_time": 1591.856,
        "segment": "The T_V_. I think that that's fine just for the T_V_. I mean how often does the average user need to do that kind of stuff?",
        "start_time": 1584.89
      },
      {
        "end_time": 1602.752,
        "segment": "Well, the other option is sort of like down at the bottom, like farther away, you just have this sort of box inset where it's like the buttons that you don't use as much, but occasionally you will use.",
        "start_time": 1591.728
      },
      {
        "end_time": 1601.424,
        "segment": "Hmm.",
        "start_time": 1601.12
      },
      {
        "end_time": 1620.992,
        "segment": "Yeah, 'cause we need to we definitely need to have buttons for like sub-titles and things like that. It's 'cause the foreign film market is expanding and stuff, and like on television like I know f k living in Los Angeles it's tons of Spanish network television if it has English sub-titles it's definitely helpful.",
        "start_time": 1603.424
      },
      {
        "end_time": 1604.682,
        "segment": "and so it's like",
        "start_time": 1603.567
      },
      {
        "end_time": 1630.304,
        "segment": "Couldn't we do that all through one button, something, a menu button, that pops up with a menu on the T_V_ that says, you know, audio, video, whatever, language, you know?",
        "start_time": 1620.976
      },
      {
        "end_time": 1630.818,
        "segment": "I don't well, I don't know. Right.",
        "start_time": 1623.04
      },
      {
        "end_time": 1632.704,
        "segment": "So we need up, down, and side-to-side buttons.",
        "start_time": 1630.624
      },
      {
        "end_time": 1637.504,
        "segment": "Well, that could be No you could just double up with like the channel or the volume buttons.",
        "start_time": 1633.232
      },
      {
        "end_time": 1634.4,
        "segment": "For the menus.",
        "start_time": 1633.44
      },
      {
        "end_time": 1638.099,
        "segment": "Mm-hmm.",
        "start_time": 1637.44
      },
      {
        "end_time": 1639.184,
        "segment": "That's true.",
        "start_time": 1638.608
      },
      {
        "end_time": 1640.149,
        "segment": "Yeah, okay.",
        "start_time": 1639.136
      },
      {
        "end_time": 1640.912,
        "segment": "Channel is just up and down.",
        "start_time": 1639.664
      },
      {
        "end_time": 1642.448,
        "segment": "Okay, yeah.",
        "start_time": 1641.824
      },
      {
        "end_time": 1643.632,
        "segment": "And then add a",
        "start_time": 1642.656
      },
      {
        "end_time": 1648.08,
        "segment": "Something that looks mayb you know.",
        "start_time": 1644.544
      },
      {
        "end_time": 1650.52,
        "segment": "Such as, yeah, the one the one over there on the left the engineering centred one.",
        "start_time": 1645.728
      },
      {
        "end_time": 1652.032,
        "segment": "Y right, right right right. That one?",
        "start_time": 1649.315
      },
      {
        "end_time": 1661.616,
        "segment": "Yeah. So we just have it like add a menu button then for the various things needed, including v voice recognition if we have any like settings for voice recognition now",
        "start_time": 1650.498
      },
      {
        "end_time": 1659.497,
        "segment": "Right. In the middle perhaps.",
        "start_time": 1656.992
      },
      {
        "end_time": 1665.008,
        "segment": "included in the menu.",
        "start_time": 1663.232
      },
      {
        "end_time": 1665.44,
        "segment": "Yep.",
        "start_time": 1664.928
      }
    ],
    "type": "Button needs"
  }
]