[
  {
    "source": null,
    "target": {
      "act": "Um I think we uh made some definite progress at the last one",
      "count": 1,
      "end_time": 27.05,
      "start_time": 21.48
    },
    "type": "Support/Possitive Assessment"
  },
  {
    "source": null,
    "target": {
      "act": "um and come up with some interesting uh uh w suggestions for our our new remote control.",
      "count": 1,
      "end_time": 34.25,
      "start_time": 27.05
    },
    "type": "Support/Possitive Assessment"
  },
  {
    "source": {
      "act": "and uh um p perhaps you'd like to start uh k.",
      "count": 1,
      "end_time": 284.75,
      "start_time": 279.87
    },
    "target": {
      "act": "Okay. Um",
      "count": 1,
      "end_time": 285.77,
      "start_time": 283.8
    },
    "type": "Support/Possitive Assessment"
  },
  {
    "source": null,
    "target": {
      "act": "however uh to n not have buttons or to use a voice commands instead of buttons might make these connections more difficult",
      "count": 1,
      "end_time": 424.44,
      "start_time": 417.51
    },
    "type": "Objection/Negative Assessment"
  },
  {
    "source": null,
    "target": {
      "act": "and uh raise the production cost.",
      "count": 1,
      "end_time": 425.91,
      "start_time": 424.44
    },
    "type": "Objection/Negative Assessment"
  },
  {
    "source": {
      "act": "and the company has informed me via email that uh they're experts at pushbuttons",
      "count": 1,
      "end_time": 434.47,
      "start_time": 429.82
    },
    "target": {
      "act": "and that seems to be the most uh cost-effective way of producing it.",
      "count": 1,
      "end_time": 438.15,
      "start_time": 434.47
    },
    "type": "Support/Possitive Assessment"
  },
  {
    "source": null,
    "target": {
      "act": "and the custom-designed will give us much more flexibility",
      "count": 1,
      "end_time": 467.67,
      "start_time": 464.97
    },
    "type": "Support/Possitive Assessment"
  },
  {
    "source": null,
    "target": {
      "act": "Um, however that's gonna cost more,",
      "count": 1,
      "end_time": 473.85,
      "start_time": 472.4
    },
    "type": "Objection/Negative Assessment"
  },
  {
    "source": null,
    "target": {
      "act": "but uh the off the shelf is gonna be uh cheaper",
      "count": 1,
      "end_time": 476.65,
      "start_time": 473.85
    },
    "type": "Support/Possitive Assessment"
  },
  {
    "source": null,
    "target": {
      "act": "but it's going to be less flexible with the features, especially things like uh voice activation,",
      "count": 1,
      "end_time": 484.05,
      "start_time": 479.26
    },
    "type": "Objection/Negative Assessment"
  },
  {
    "source": {
      "act": "can you uh just put that one back up again, please? Um.",
      "count": 1,
      "end_time": 506.47,
      "start_time": 502.63
    },
    "target": {
      "act": "Mm. Oh yep,",
      "count": 1,
      "end_time": 503.44,
      "start_time": 502.62
    },
    "type": "Support/Possitive Assessment"
  },
  {
    "source": {
      "act": "can you uh just put that one back up again, please? Um.",
      "count": 1,
      "end_time": 506.47,
      "start_time": 502.63
    },
    "target": {
      "act": "Yep.",
      "count": 1,
      "end_time": 505.84,
      "start_time": 504.89
    },
    "type": "Support/Possitive Assessment"
  },
  {
    "source": {
      "act": "Um, however that's gonna cost more,",
      "count": 1,
      "end_time": 473.85,
      "start_time": 472.4
    },
    "target": {
      "act": "inevitably a b a custom design chip is gonna be more expensive.",
      "count": 1,
      "end_time": 513.02,
      "start_time": 510.23
    },
    "type": "Support/Possitive Assessment"
  },
  {
    "source": {
      "act": "Do we do we know uh by how much?",
      "count": 1,
      "end_time": 515.42,
      "start_time": 513.02
    },
    "target": {
      "act": "I don't actually have any price information,",
      "count": 1,
      "end_time": 517.88,
      "start_time": 515.55
    },
    "type": "Objection/Negative Assessment"
  },
  {
    "source": {
      "act": "Do we do we know uh by how much?",
      "count": 1,
      "end_time": 515.42,
      "start_time": 513.02
    },
    "target": {
      "act": "no.",
      "count": 1,
      "end_time": 518.77,
      "start_time": 517.88
    },
    "type": "Objection/Negative Assessment"
  },
  {
    "source": {
      "act": "And and do we know how long it'll take to uh develop a a custom chip.",
      "count": 1,
      "end_time": 522.48,
      "start_time": 518.39
    },
    "target": {
      "act": "a lot longer than an off the shelf chip.",
      "count": 1,
      "end_time": 526.21,
      "start_time": 524.5
    },
    "type": "Support/Possitive Assessment"
  },
  {
    "source": {
      "act": "And and do we know how long it'll take to uh develop a a custom chip.",
      "count": 1,
      "end_time": 522.48,
      "start_time": 518.39
    },
    "target": {
      "act": "it's hard to predict the time.",
      "count": 1,
      "end_time": 539.03,
      "start_time": 535.83
    },
    "type": "Support/Possitive Assessment"
  },
  {
    "source": {
      "act": "it's hard to predict the time.",
      "count": 1,
      "end_time": 539.03,
      "start_time": 535.83
    },
    "target": {
      "act": "Right,",
      "count": 1,
      "end_time": 539.05,
      "start_time": 537.99
    },
    "type": "Support/Possitive Assessment"
  },
  {
    "source": {
      "act": "Um does it make a difference if there are just a few commands,",
      "count": 1,
      "end_time": 571.31,
      "start_time": 567.19
    },
    "target": {
      "act": "just to to incorporate the voice activation in it is is sorta the trick.",
      "count": 1,
      "end_time": 594.29,
      "start_time": 590.47
    },
    "type": "Support/Possitive Assessment"
  },
  {
    "source": {
      "act": "Um does it make a difference if there are just a few commands,",
      "count": 1,
      "end_time": 571.31,
      "start_time": 567.19
    },
    "target": {
      "act": "the big step is to actually get the voice activation chips in there and working.",
      "count": 1,
      "end_time": 603.45,
      "start_time": 599.88
    },
    "type": "Support/Possitive Assessment"
  },
  {
    "source": {
      "act": "just to to incorporate the voice activation in it is is sorta the trick.",
      "count": 1,
      "end_time": 594.29,
      "start_time": 590.47
    },
    "target": {
      "act": "Okay.",
      "count": 1,
      "end_time": 595.74,
      "start_time": 594.35
    },
    "type": "Support/Possitive Assessment"
  },
  {
    "source": {
      "act": "Once you've got the whole voice chip in there, then it's pretty much the the world the the sky is your limit,",
      "count": 1,
      "end_time": 598.62,
      "start_time": 594.29
    },
    "target": {
      "act": "Okay.",
      "count": 1,
      "end_time": 597.3,
      "start_time": 596.71
    },
    "type": "Support/Possitive Assessment"
  },
  {
    "source": {
      "act": "the big step is to actually get the voice activation chips in there and working.",
      "count": 1,
      "end_time": 603.45,
      "start_time": 599.88
    },
    "target": {
      "act": "Cause uh I must say I find it slightly surprising",
      "count": 1,
      "end_time": 607.37,
      "start_time": 604.67
    },
    "type": "Support/Possitive Assessment"
  },
  {
    "source": {
      "act": "for slightly different",
      "count": 1,
      "end_time": 617.68,
      "start_time": 616.79
    },
    "target": {
      "act": "well no,",
      "count": 1,
      "end_time": 618.04,
      "start_time": 617.68
    },
    "type": "Objection/Negative Assessment"
  },
  {
    "source": {
      "act": "this is the internal company information, is it?",
      "count": 1,
      "end_time": 633.04,
      "start_time": 630.22
    },
    "target": {
      "act": "yeah.",
      "count": 1,
      "end_time": 633.58,
      "start_time": 633.17
    },
    "type": "Support/Possitive Assessment"
  },
  {
    "source": {
      "act": "this is the internal company information, is it?",
      "count": 1,
      "end_time": 633.04,
      "start_time": 630.22
    },
    "target": {
      "act": "Uh bits of it,",
      "count": 1,
      "end_time": 633.17,
      "start_time": 632.04
    },
    "type": "Support/Possitive Assessment"
  },
  {
    "source": {
      "act": "Of course mobile phones do tend to be more expensive,",
      "count": 1,
      "end_time": 638.46,
      "start_time": 635.07
    },
    "target": {
      "act": "Yes, as well.",
      "count": 1,
      "end_time": 638.27,
      "start_time": 637.56
    },
    "type": "Support/Possitive Assessment"
  },
  {
    "source": {
      "act": "Of course mobile phones do tend to be more expensive,",
      "count": 1,
      "end_time": 638.46,
      "start_time": 635.07
    },
    "target": {
      "act": "Yeah, mm true,",
      "count": 1,
      "end_time": 644.18,
      "start_time": 642.63
    },
    "type": "Support/Possitive Assessment"
  },
  {
    "source": null,
    "target": {
      "act": "uh decide.",
      "count": 1,
      "end_time": 652.64,
      "start_time": 651.58
    },
    "type": "Support/Possitive Assessment"
  },
  {
    "source": null,
    "target": {
      "act": "again but if it's without any without any uh p price informations that's uh difficult to uh",
      "count": 1,
      "end_time": 650.05,
      "start_time": 644.18
    },
    "type": "Support/Possitive Assessment"
  },
  {
    "source": {
      "act": "again but if it's without any without any uh p price informations that's uh difficult to uh",
      "count": 1,
      "end_time": 650.05,
      "start_time": 644.18
    },
    "target": {
      "act": "Yeah.",
      "count": 1,
      "end_time": 652.66,
      "start_time": 652.25
    },
    "type": "Support/Possitive Assessment"
  },
  {
    "source": {
      "act": "Also lots of mobile phones have got a lot of technology in them, not just that, so.",
      "count": 1,
      "end_time": 656.15,
      "start_time": 652.36
    },
    "target": {
      "act": "Mm.",
      "count": 1,
      "end_time": 655.23,
      "start_time": 654.9
    },
    "type": "Support/Possitive Assessment"
  },
  {
    "source": {
      "act": "Also lots of mobile phones have got a lot of technology in them, not just that, so.",
      "count": 1,
      "end_time": 656.15,
      "start_time": 652.36
    },
    "target": {
      "act": "Yeah, that's that's right.",
      "count": 1,
      "end_time": 656.67,
      "start_time": 655.44
    },
    "type": "Support/Possitive Assessment"
  },
  {
    "source": null,
    "target": {
      "act": "um th th the double risk,",
      "count": 1,
      "end_time": 679.48,
      "start_time": 677.14
    },
    "type": "Objection/Negative Assessment"
  },
  {
    "source": {
      "act": "I mean do w do we think that the voice technology is fundamental to the project?",
      "count": 1,
      "end_time": 717.67,
      "start_time": 713.45
    },
    "target": {
      "act": "so I th I think in in our in our minds it's it's fundamental,",
      "count": 1,
      "end_time": 729.82,
      "start_time": 726.92
    },
    "type": "Support/Possitive Assessment"
  },
  {
    "source": {
      "act": "Yeah,",
      "count": 1,
      "end_time": 856.38,
      "start_time": 856.08
    },
    "target": null,
    "type": "Support/Possitive Assessment"
  },
  {
    "source": {
      "act": "And we've been talking about it the whole time.",
      "count": 1,
      "end_time": 860.02,
      "start_time": 858.64
    },
    "target": {
      "act": "Yeah, yeah.",
      "count": 1,
      "end_time": 860.48,
      "start_time": 859.72
    },
    "type": "Support/Possitive Assessment"
  },
  {
    "source": {
      "act": "Anyway, I'm I'm incli kinda inclined to say that we should just go for it.",
      "count": 1,
      "end_time": 863.32,
      "start_time": 860.02
    },
    "target": {
      "act": "Mm, right, okay.",
      "count": 1,
      "end_time": 863.71,
      "start_time": 862.6
    },
    "type": "Support/Possitive Assessment"
  },
  {
    "source": {
      "act": "From uh my presentation show, so.",
      "count": 1,
      "end_time": 874.74,
      "start_time": 871.99
    },
    "target": {
      "act": "Yeah,",
      "count": 1,
      "end_time": 873.77,
      "start_time": 873.19
    },
    "type": "Support/Possitive Assessment"
  },
  {
    "source": {
      "act": "it's the second most important aspect to users that the device should be technologically innovative.",
      "count": 1,
      "end_time": 870.05,
      "start_time": 864.3
    },
    "target": {
      "act": "it should be",
      "count": 1,
      "end_time": 874.23,
      "start_time": 873.77
    },
    "type": "Objection/Negative Assessment"
  },
  {
    "source": {
      "act": "it should be",
      "count": 1,
      "end_time": 874.23,
      "start_time": 873.77
    },
    "target": {
      "act": "Uh technologically innovative.",
      "count": 1,
      "end_time": 876.27,
      "start_time": 874.74
    },
    "type": "Support/Possitive Assessment"
  },
  {
    "source": {
      "act": "Uh technologically innovative.",
      "count": 1,
      "end_time": 876.27,
      "start_time": 874.74
    },
    "target": {
      "act": "Right, okay,",
      "count": 1,
      "end_time": 877.42,
      "start_time": 876.45
    },
    "type": "Support/Possitive Assessment"
  },
  {
    "source": null,
    "target": {
      "act": "that sounds good. Mm.",
      "count": 1,
      "end_time": 880.06,
      "start_time": 878.93
    },
    "type": "Support/Possitive Assessment"
  },
  {
    "source": {
      "act": "Anyway, I'm I'm incli kinda inclined to say that we should just go for it.",
      "count": 1,
      "end_time": 863.32,
      "start_time": 860.02
    },
    "target": {
      "act": "Fine. Okay.",
      "count": 1,
      "end_time": 880.53,
      "start_time": 879.03
    },
    "type": "Support/Possitive Assessment"
  },
  {
    "source": {
      "act": "it will have voice recognition um uh",
      "count": 1,
      "end_time": 883.98,
      "start_time": 880.73
    },
    "target": {
      "act": "Mm. Cool.",
      "count": 1,
      "end_time": 883.23,
      "start_time": 881.8
    },
    "type": "Support/Possitive Assessment"
  },
  {
    "source": {
      "act": "it will have voice recognition um uh",
      "count": 1,
      "end_time": 883.98,
      "start_time": 880.73
    },
    "target": {
      "act": "Okay.",
      "count": 1,
      "end_time": 883.05,
      "start_time": 882.66
    },
    "type": "Support/Possitive Assessment"
  },
  {
    "source": {
      "act": "do we need the five buttons for channel change, up down, volume up down and on off, just as a a backup or just so that people can uh j j just sit there pressing buttons?",
      "count": 1,
      "end_time": 903.82,
      "start_time": 891.82
    },
    "target": {
      "act": "Yeah.",
      "count": 1,
      "end_time": 902.25,
      "start_time": 901.85
    },
    "type": "Support/Possitive Assessment"
  },
  {
    "source": {
      "act": "do we need the five buttons for channel change, up down, volume up down and on off, just as a a backup or just so that people can uh j j just sit there pressing buttons?",
      "count": 1,
      "end_time": 903.82,
      "start_time": 891.82
    },
    "target": {
      "act": "Yeah, I I would say we do, yeah.",
      "count": 1,
      "end_time": 904.53,
      "start_time": 902.36
    },
    "type": "Support/Possitive Assessment"
  },
  {
    "source": {
      "act": "do we need the five buttons for channel change, up down, volume up down and on off, just as a a backup or just so that people can uh j j just sit there pressing buttons?",
      "count": 1,
      "end_time": 903.82,
      "start_time": 891.82
    },
    "target": {
      "act": "I think so.",
      "count": 1,
      "end_time": 905.21,
      "start_time": 904.21
    },
    "type": "Support/Possitive Assessment"
  },
  {
    "source": {
      "act": "d did you want to say anything?",
      "count": 1,
      "end_time": 915.93,
      "start_time": 914.72
    },
    "target": {
      "act": "Uh nope,",
      "count": 1,
      "end_time": 915.94,
      "start_time": 915.6
    },
    "type": "Objection/Negative Assessment"
  },
  {
    "source": {
      "act": "Uh nope,",
      "count": 1,
      "end_time": 915.94,
      "start_time": 915.6
    },
    "target": {
      "act": "No?",
      "count": 1,
      "end_time": 916.32,
      "start_time": 915.93
    },
    "type": "Support/Possitive Assessment"
  },
  {
    "source": {
      "act": "Shall we move rapidly on to uh Kendra?",
      "count": 1,
      "end_time": 919.68,
      "start_time": 916.66
    },
    "target": {
      "act": "Okay.",
      "count": 1,
      "end_time": 918.43,
      "start_time": 918.13
    },
    "type": "Support/Possitive Assessment"
  },
  {
    "source": {
      "act": "Is it gonna work?",
      "count": 1,
      "end_time": 950.84,
      "start_time": 950.02
    },
    "target": {
      "act": "Yeah,",
      "count": 1,
      "end_time": 951.09,
      "start_time": 950.95
    },
    "type": "Support/Possitive Assessment"
  },
  {
    "source": {
      "act": "Is it gonna work?",
      "count": 1,
      "end_time": 950.84,
      "start_time": 950.02
    },
    "target": {
      "act": "Mm yeah,",
      "count": 1,
      "end_time": 951.67,
      "start_time": 951.05
    },
    "type": "Support/Possitive Assessment"
  },
  {
    "source": {
      "act": "I mean I think the reason everybody uses pushbuttons is that they're they're si simple, cheap and reliable.",
      "count": 1,
      "end_time": 1040.01,
      "start_time": 1033.85
    },
    "target": {
      "act": "I think they're they're about the same cost really.",
      "count": 1,
      "end_time": 1041.09,
      "start_time": 1038.82
    },
    "type": "Partial agreement/support"
  },
  {
    "source": {
      "act": "I think it's pretty much the same sort of connection. Mm yeah.",
      "count": 1,
      "end_time": 1048.68,
      "start_time": 1045.55
    },
    "target": {
      "act": "Okay, fair enough, fine.",
      "count": 1,
      "end_time": 1048.68,
      "start_time": 1046.97
    },
    "type": "Support/Possitive Assessment"
  },
  {
    "source": {
      "act": "that possibly we could use that on the sides for volume, for example, have the slide button on the side,",
      "count": 1,
      "end_time": 1022.68,
      "start_time": 1017.27
    },
    "target": {
      "act": "so I thought it might be good for volume to just be able to kind of roll it and then have the up and down",
      "count": 1,
      "end_time": 1059.23,
      "start_time": 1054.06
    },
    "type": "Support/Possitive Assessment"
  },
  {
    "source": {
      "act": "so I thought it might be good for volume to just be able to kind of roll it and then have the up and down",
      "count": 1,
      "end_time": 1059.23,
      "start_time": 1054.06
    },
    "target": {
      "act": "Good, good.",
      "count": 1,
      "end_time": 1058.12,
      "start_time": 1056.7
    },
    "type": "Support/Possitive Assessment"
  },
  {
    "source": {
      "act": "so I thought it might be good for volume to just be able to kind of roll it and then have the up and down",
      "count": 1,
      "end_time": 1059.23,
      "start_time": 1054.06
    },
    "target": {
      "act": "So three three there's three buttons on a slider.",
      "count": 1,
      "end_time": 1065.01,
      "start_time": 1061.7
    },
    "type": "Uncertain"
  },
  {
    "source": {
      "act": "So three three there's three buttons on a slider.",
      "count": 1,
      "end_time": 1065.01,
      "start_time": 1061.7
    },
    "target": {
      "act": "Y yes, yes.",
      "count": 1,
      "end_time": 1066.84,
      "start_time": 1065.41
    },
    "type": "Support/Possitive Assessment"
  },
  {
    "source": {
      "act": "if you see what I mean.",
      "count": 1,
      "end_time": 1080.72,
      "start_time": 1079.43
    },
    "target": {
      "act": "Yeah.",
      "count": 1,
      "end_time": 1080.4,
      "start_time": 1080.05
    },
    "type": "Support/Possitive Assessment"
  },
  {
    "source": {
      "act": "if you see what I mean.",
      "count": 1,
      "end_time": 1080.72,
      "start_time": 1079.43
    },
    "target": {
      "act": "Mm.",
      "count": 1,
      "end_time": 1080.74,
      "start_time": 1080.49
    },
    "type": "Support/Possitive Assessment"
  },
  {
    "source": {
      "act": "So you kinda take it up one at a time.",
      "count": 1,
      "end_time": 1086.79,
      "start_time": 1085.37
    },
    "target": {
      "act": "Okay.",
      "count": 1,
      "end_time": 1089.12,
      "start_time": 1087.95
    },
    "type": "Support/Possitive Assessment"
  },
  {
    "source": {
      "act": "we have to come up with is the the actual shape",
      "count": 1,
      "end_time": 1115.78,
      "start_time": 1114.2
    },
    "target": {
      "act": "Yeah.",
      "count": 1,
      "end_time": 1120.86,
      "start_time": 1120.55
    },
    "type": "Support/Possitive Assessment"
  },
  {
    "source": {
      "act": "so we we're looking at sliders for both a uh volume and channel change",
      "count": 1,
      "end_time": 1127.93,
      "start_time": 1122.3
    },
    "target": {
      "act": "I was thinking kind of just for the volume,",
      "count": 1,
      "end_time": 1132.77,
      "start_time": 1130.92
    },
    "type": "Partial agreement/support"
  },
  {
    "source": {
      "act": "I was thinking kind of just for the volume,",
      "count": 1,
      "end_time": 1132.77,
      "start_time": 1130.92
    },
    "target": {
      "act": "Just for the volume, uh.",
      "count": 1,
      "end_time": 1133.69,
      "start_time": 1132.66
    },
    "type": "Support/Possitive Assessment"
  },
  {
    "source": {
      "act": "but what what do you guys think?",
      "count": 1,
      "end_time": 1135.33,
      "start_time": 1132.77
    },
    "target": {
      "act": "depending on the final shape of it,",
      "count": 1,
      "end_time": 1137.04,
      "start_time": 1135.33
    },
    "type": "Uncertain"
  },
  {
    "source": {
      "act": "'cause you could have like, I dunno, it looks like you can c control the volume with your thumb,",
      "count": 1,
      "end_time": 1142.12,
      "start_time": 1137.04
    },
    "target": {
      "act": "Yeah, yeah.",
      "count": 1,
      "end_time": 1144.4,
      "start_time": 1142.6
    },
    "type": "Support/Possitive Assessment"
  },
  {
    "source": {
      "act": "and then you could control the buttons with your fingers.",
      "count": 1,
      "end_time": 1143.94,
      "start_time": 1142.12
    },
    "target": {
      "act": "Fingers,",
      "count": 1,
      "end_time": 1143.89,
      "start_time": 1143.54
    },
    "type": "Support/Possitive Assessment"
  },
  {
    "source": {
      "act": "and then you could control the buttons with your fingers.",
      "count": 1,
      "end_time": 1143.94,
      "start_time": 1142.12
    },
    "target": {
      "act": "yeah.",
      "count": 1,
      "end_time": 1144.33,
      "start_time": 1143.89
    },
    "type": "Support/Possitive Assessment"
  },
  {
    "source": {
      "act": "and then you could control the buttons with your fingers.",
      "count": 1,
      "end_time": 1143.94,
      "start_time": 1142.12
    },
    "target": {
      "act": "Yeah,",
      "count": 1,
      "end_time": 1144.17,
      "start_time": 1143.19
    },
    "type": "Support/Possitive Assessment"
  },
  {
    "source": {
      "act": "it it it seems to me that uh it uh it al also has the advantage that it it the two are clearly different,",
      "count": 1,
      "end_time": 1154.06,
      "start_time": 1147.76
    },
    "target": {
      "act": "Mm yeah, yeah, yeah.",
      "count": 1,
      "end_time": 1155.12,
      "start_time": 1153.19
    },
    "type": "Support/Possitive Assessment"
  },
  {
    "source": {
      "act": "it it it seems to me that uh it uh it al also has the advantage that it it the two are clearly different,",
      "count": 1,
      "end_time": 1154.06,
      "start_time": 1147.76
    },
    "target": {
      "act": "Yeah.",
      "count": 1,
      "end_time": 1153.86,
      "start_time": 1153.53
    },
    "type": "Support/Possitive Assessment"
  },
  {
    "source": {
      "act": "it it it seems to me that uh it uh it al also has the advantage that it it the two are clearly different,",
      "count": 1,
      "end_time": 1154.06,
      "start_time": 1147.76
    },
    "target": {
      "act": "Oh yeah,",
      "count": 1,
      "end_time": 1154.58,
      "start_time": 1154.07
    },
    "type": "Support/Possitive Assessment"
  },
  {
    "source": {
      "act": "it it it seems to me that uh it uh it al also has the advantage that it it the two are clearly different,",
      "count": 1,
      "end_time": 1154.06,
      "start_time": 1147.76
    },
    "target": {
      "act": "yeah.",
      "count": 1,
      "end_time": 1154.89,
      "start_time": 1154.58
    },
    "type": "Support/Possitive Assessment"
  },
  {
    "source": {
      "act": "is that that all you want to say at the mo",
      "count": 1,
      "end_time": 1166.0,
      "start_time": 1163.79
    },
    "target": {
      "act": "Yes.",
      "count": 1,
      "end_time": 1165.81,
      "start_time": 1165.33
    },
    "type": "Support/Possitive Assessment"
  },
  {
    "source": {
      "act": "Yes.",
      "count": 1,
      "end_time": 1165.81,
      "start_time": 1165.33
    },
    "target": {
      "act": "okay, fine.",
      "count": 1,
      "end_time": 1166.56,
      "start_time": 1166.0
    },
    "type": "Support/Possitive Assessment"
  },
  {
    "source": {
      "act": "is that that all you want to say at the mo",
      "count": 1,
      "end_time": 1166.0,
      "start_time": 1163.79
    },
    "target": {
      "act": "Yeah.",
      "count": 1,
      "end_time": 1169.3,
      "start_time": 1167.72
    },
    "type": "Support/Possitive Assessment"
  },
  {
    "source": {
      "act": "I think that what we're suggesting ought to address all three of those.",
      "count": 1,
      "end_time": 1264.08,
      "start_time": 1260.61
    },
    "target": {
      "act": "Uh exactly, yeah.",
      "count": 1,
      "end_time": 1264.94,
      "start_time": 1264.0
    },
    "type": "Support/Possitive Assessment"
  },
  {
    "source": {
      "act": "I think that what we're suggesting ought to address all three of those.",
      "count": 1,
      "end_time": 1264.08,
      "start_time": 1260.61
    },
    "target": {
      "act": "Yeah.",
      "count": 1,
      "end_time": 1264.77,
      "start_time": 1264.17
    },
    "type": "Support/Possitive Assessment"
  },
  {
    "source": {
      "act": "I think that what we're suggesting ought to address all three of those.",
      "count": 1,
      "end_time": 1264.08,
      "start_time": 1260.61
    },
    "target": {
      "act": "Mm.",
      "count": 1,
      "end_time": 1265.34,
      "start_time": 1264.74
    },
    "type": "Support/Possitive Assessment"
  },
  {
    "source": null,
    "target": {
      "act": "Uh yeah,",
      "count": 1,
      "end_time": 1272.69,
      "start_time": 1271.98
    },
    "type": "Support/Possitive Assessment"
  },
  {
    "source": {
      "act": "and uh a spongy material to be used on the on the outside.",
      "count": 1,
      "end_time": 1290.46,
      "start_time": 1285.63
    },
    "target": {
      "act": "that's different, certainly.",
      "count": 1,
      "end_time": 1292.85,
      "start_time": 1291.45
    },
    "type": "Uncertain"
  },
  {
    "source": {
      "act": "if we're going for the it looks fancy, then fashion is obviously the line we gotta be going through.",
      "count": 1,
      "end_time": 1312.95,
      "start_time": 1308.47
    },
    "target": {
      "act": "But fashions do don't last very long.",
      "count": 1,
      "end_time": 1315.14,
      "start_time": 1312.95
    },
    "type": "Objection/Negative Assessment"
  },
  {
    "source": {
      "act": "like we could have the fruit and vegetable theme this year",
      "count": 1,
      "end_time": 1320.03,
      "start_time": 1317.77
    },
    "target": {
      "act": "Yeah.",
      "count": 1,
      "end_time": 1320.39,
      "start_time": 1320.01
    },
    "type": "Support/Possitive Assessment"
  },
  {
    "source": {
      "act": "like we could have the fruit and vegetable theme this year",
      "count": 1,
      "end_time": 1320.03,
      "start_time": 1317.77
    },
    "target": {
      "act": "Yeah.",
      "count": 1,
      "end_time": 1320.91,
      "start_time": 1320.34
    },
    "type": "Support/Possitive Assessment"
  },
  {
    "source": {
      "act": "we can have a sp like a spongy skin on it",
      "count": 1,
      "end_time": 1324.34,
      "start_time": 1322.2
    },
    "target": {
      "act": "yeah.",
      "count": 1,
      "end_time": 1323.31,
      "start_time": 1322.99
    },
    "type": "Support/Possitive Assessment"
  },
  {
    "source": {
      "act": "we can have a sp like a spongy skin on it",
      "count": 1,
      "end_time": 1324.34,
      "start_time": 1322.2
    },
    "target": {
      "act": "Yeah,",
      "count": 1,
      "end_time": 1325.95,
      "start_time": 1324.61
    },
    "type": "Support/Possitive Assessment"
  },
  {
    "source": {
      "act": "and then we can just whip that off and",
      "count": 1,
      "end_time": 1325.8,
      "start_time": 1324.34
    },
    "target": {
      "act": "yeah.",
      "count": 1,
      "end_time": 1326.28,
      "start_time": 1325.95
    },
    "type": "Support/Possitive Assessment"
  },
  {
    "source": {
      "act": "and then we can just whip that off and",
      "count": 1,
      "end_time": 1325.8,
      "start_time": 1324.34
    },
    "target": {
      "act": "Yeah",
      "count": 1,
      "end_time": 1326.24,
      "start_time": 1326.1
    },
    "type": "Support/Possitive Assessment"
  },
  {
    "source": {
      "act": "like the kind you get on like hand weights. You know, that kind of spongy",
      "count": 1,
      "end_time": 1331.55,
      "start_time": 1326.24
    },
    "target": {
      "act": "Mm, yeah,",
      "count": 1,
      "end_time": 1329.89,
      "start_time": 1329.27
    },
    "type": "Support/Possitive Assessment"
  },
  {
    "source": {
      "act": "like the kind you get on like hand weights. You know, that kind of spongy",
      "count": 1,
      "end_time": 1331.55,
      "start_time": 1326.24
    },
    "target": {
      "act": "but yeah.",
      "count": 1,
      "end_time": 1332.09,
      "start_time": 1331.52
    },
    "type": "Support/Possitive Assessment"
  },
  {
    "source": {
      "act": "Also means you can drop it without damaging it.",
      "count": 1,
      "end_time": 1336.17,
      "start_time": 1334.07
    },
    "target": {
      "act": "Yeah.",
      "count": 1,
      "end_time": 1336.54,
      "start_time": 1336.2
    },
    "type": "Support/Possitive Assessment"
  },
  {
    "source": {
      "act": "Also means you can drop it without damaging it.",
      "count": 1,
      "end_time": 1336.17,
      "start_time": 1334.07
    },
    "target": {
      "act": "That's c cool.",
      "count": 1,
      "end_time": 1337.36,
      "start_time": 1336.54
    },
    "type": "Support/Possitive Assessment"
  },
  {
    "source": {
      "act": "Also means you can drop it without damaging it.",
      "count": 1,
      "end_time": 1336.17,
      "start_time": 1334.07
    },
    "target": {
      "act": "Uh, yeah, it's good as well. Mm-hmm.",
      "count": 1,
      "end_time": 1339.15,
      "start_time": 1336.4
    },
    "type": "Support/Possitive Assessment"
  },
  {
    "source": {
      "act": "Also means you can drop it without damaging it.",
      "count": 1,
      "end_time": 1336.17,
      "start_time": 1334.07
    },
    "target": {
      "act": "Yeah, that's true.",
      "count": 1,
      "end_time": 1338.09,
      "start_time": 1336.75
    },
    "type": "Support/Possitive Assessment"
  },
  {
    "source": {
      "act": "depending on the cost of the product itself, you know, could we have uh a cheaper b cheaper power source and then just have it annually renewed? Instead of having a ten year guarantee?",
      "count": 1,
      "end_time": 1355.44,
      "start_time": 1343.07
    },
    "target": {
      "act": "I I mean it its uh I that's an interesting idea,",
      "count": 1,
      "end_time": 1366.24,
      "start_time": 1362.85
    },
    "type": "Support/Possitive Assessment"
  },
  {
    "source": {
      "act": "but it's just never been seen as a a fashion item before.",
      "count": 1,
      "end_time": 1378.62,
      "start_time": 1374.64
    },
    "target": {
      "act": "Yeah.",
      "count": 1,
      "end_time": 1378.63,
      "start_time": 1378.27
    },
    "type": "Support/Possitive Assessment"
  },
  {
    "source": {
      "act": "With interchangeable covers, could just buy a new one every year, a new one when new fashions come out.",
      "count": 1,
      "end_time": 1360.27,
      "start_time": 1355.44
    },
    "target": {
      "act": "yes if if if they're made in sufficient quantity",
      "count": 1,
      "end_time": 1383.26,
      "start_time": 1381.05
    },
    "type": "Partial agreement/support"
  },
  {
    "source": {
      "act": "With interchangeable covers, could just buy a new one every year, a new one when new fashions come out.",
      "count": 1,
      "end_time": 1360.27,
      "start_time": 1355.44
    },
    "target": {
      "act": "I I think it's easier sometimes to have them buy changeable covers for it than to buy a whole new one,",
      "count": 1,
      "end_time": 1388.53,
      "start_time": 1381.17
    },
    "type": "Partial agreement/support"
  },
  {
    "source": {
      "act": "depending on the cost of the product itself, you know, could we have uh a cheaper b cheaper power source and then just have it annually renewed? Instead of having a ten year guarantee?",
      "count": 1,
      "end_time": 1355.44,
      "start_time": 1343.07
    },
    "target": {
      "act": "Um but if we also make it cheap enough that people either change the cover every year or even buy a new one every year then it it's it's even better.",
      "count": 1,
      "end_time": 1409.73,
      "start_time": 1402.36
    },
    "type": "Support/Possitive Assessment"
  },
  {
    "source": {
      "act": "What if we included the batteries in the cover?",
      "count": 1,
      "end_time": 1412.8,
      "start_time": 1410.1
    },
    "target": {
      "act": "Oh yeah. I like that.",
      "count": 1,
      "end_time": 1415.83,
      "start_time": 1413.67
    },
    "type": "Support/Possitive Assessment"
  },
  {
    "source": {
      "act": "What if we included the batteries in the cover?",
      "count": 1,
      "end_time": 1412.8,
      "start_time": 1410.1
    },
    "target": {
      "act": "yeah.",
      "count": 1,
      "end_time": 1419.45,
      "start_time": 1419.01
    },
    "type": "Support/Possitive Assessment"
  },
  {
    "source": {
      "act": "can I see that thing?",
      "count": 1,
      "end_time": 1422.38,
      "start_time": 1420.15
    },
    "target": {
      "act": "Um.",
      "count": 1,
      "end_time": 1421.53,
      "start_time": 1421.21
    },
    "type": "Support/Possitive Assessment"
  },
  {
    "source": {
      "act": "What if we included the batteries in the cover?",
      "count": 1,
      "end_time": 1412.8,
      "start_time": 1410.1
    },
    "target": {
      "act": "and you've immediately got a sort of unreliability,",
      "count": 1,
      "end_time": 1433.47,
      "start_time": 1430.64
    },
    "type": "Objection/Negative Assessment"
  },
  {
    "source": {
      "act": "and you've immediately got a sort of unreliability,",
      "count": 1,
      "end_time": 1433.47,
      "start_time": 1430.64
    },
    "target": {
      "act": "Uh yeah.",
      "count": 1,
      "end_time": 1434.26,
      "start_time": 1433.53
    },
    "type": "Support/Possitive Assessment"
  },
  {
    "source": {
      "act": "whereas the advantage of having it plumbed in is that that the whole thing is all, you know, completely soldered together",
      "count": 1,
      "end_time": 1439.97,
      "start_time": 1433.47
    },
    "target": {
      "act": "and it it it you know, total reliability,",
      "count": 1,
      "end_time": 1442.61,
      "start_time": 1439.97
    },
    "type": "Support/Possitive Assessment"
  },
  {
    "source": {
      "act": "whereas the advantage of having it plumbed in is that that the whole thing is all, you know, completely soldered together",
      "count": 1,
      "end_time": 1439.97,
      "start_time": 1433.47
    },
    "target": {
      "act": "Yeah, I guess that's",
      "count": 1,
      "end_time": 1440.25,
      "start_time": 1439.27
    },
    "type": "Support/Possitive Assessment"
  },
  {
    "source": {
      "act": "whereas the advantage of having it plumbed in is that that the whole thing is all, you know, completely soldered together",
      "count": 1,
      "end_time": 1439.97,
      "start_time": 1433.47
    },
    "target": {
      "act": "Mm.",
      "count": 1,
      "end_time": 1439.86,
      "start_time": 1439.58
    },
    "type": "Support/Possitive Assessment"
  },
  {
    "source": {
      "act": "whereas the advantage of having it plumbed in is that that the whole thing is all, you know, completely soldered together",
      "count": 1,
      "end_time": 1439.97,
      "start_time": 1433.47
    },
    "target": {
      "act": "true.",
      "count": 1,
      "end_time": 1442.66,
      "start_time": 1441.43
    },
    "type": "Support/Possitive Assessment"
  },
  {
    "source": {
      "act": "What if we included the batteries in the cover?",
      "count": 1,
      "end_time": 1412.8,
      "start_time": 1410.1
    },
    "target": {
      "act": "I know what you're saying and uh understand where you're coming from.",
      "count": 1,
      "end_time": 1449.32,
      "start_time": 1446.24
    },
    "type": "Support/Possitive Assessment"
  },
  {
    "source": {
      "act": "and the bit everyone sees.",
      "count": 1,
      "end_time": 1464.91,
      "start_time": 1462.48
    },
    "target": {
      "act": "I think if we're gonna go down that route, then we're talking about uh even if it costs slightly more than that, um just building the whole thing in one,",
      "count": 1,
      "end_time": 1473.71,
      "start_time": 1466.63
    },
    "type": "Support/Possitive Assessment"
  },
  {
    "source": {
      "act": "and it it it you know, total reliability,",
      "count": 1,
      "end_time": 1442.61,
      "start_time": 1439.97
    },
    "target": {
      "act": "the advantage of a replaceable cover is that even if they don't it doesn't have a cover on at all, it will still work um totally.",
      "count": 1,
      "end_time": 1490.58,
      "start_time": 1482.84
    },
    "type": "Support/Possitive Assessment"
  },
  {
    "source": {
      "act": "I think if we're gonna go down that route, then we're talking about uh even if it costs slightly more than that, um just building the whole thing in one,",
      "count": 1,
      "end_time": 1473.71,
      "start_time": 1466.63
    },
    "target": {
      "act": "Yeah, you probably are right.",
      "count": 1,
      "end_time": 1475.06,
      "start_time": 1473.95
    },
    "type": "Support/Possitive Assessment"
  },
  {
    "source": {
      "act": "the advantage of a replaceable cover is that even if they don't it doesn't have a cover on at all, it will still work um totally.",
      "count": 1,
      "end_time": 1490.58,
      "start_time": 1482.84
    },
    "target": {
      "act": "Mm.",
      "count": 1,
      "end_time": 1488.5,
      "start_time": 1488.21
    },
    "type": "Support/Possitive Assessment"
  },
  {
    "source": {
      "act": "the advantage of a replaceable cover is that even if they don't it doesn't have a cover on at all, it will still work um totally.",
      "count": 1,
      "end_time": 1490.58,
      "start_time": 1482.84
    },
    "target": {
      "act": "Yeah, that's true.",
      "count": 1,
      "end_time": 1489.37,
      "start_time": 1488.26
    },
    "type": "Support/Possitive Assessment"
  },
  {
    "source": {
      "act": "the advantage of a replaceable cover is that even if they don't it doesn't have a cover on at all, it will still work um totally.",
      "count": 1,
      "end_time": 1490.58,
      "start_time": 1482.84
    },
    "target": {
      "act": "Yeah, yeah.",
      "count": 1,
      "end_time": 1492.04,
      "start_time": 1491.26
    },
    "type": "Support/Possitive Assessment"
  },
  {
    "source": {
      "act": "Um then if, you know, if people lose the cover, I mean they they might be well inclined to go out and spend however many Euros on a on a new one um rather than a a complete new re remote.",
      "count": 1,
      "end_time": 1504.17,
      "start_time": 1490.58
    },
    "target": {
      "act": "Yeah.",
      "count": 1,
      "end_time": 1500.7,
      "start_time": 1500.31
    },
    "type": "Support/Possitive Assessment"
  },
  {
    "source": {
      "act": "Um then if, you know, if people lose the cover, I mean they they might be well inclined to go out and spend however many Euros on a on a new one um rather than a a complete new re remote.",
      "count": 1,
      "end_time": 1504.17,
      "start_time": 1490.58
    },
    "target": {
      "act": "Yeah.",
      "count": 1,
      "end_time": 1503.92,
      "start_time": 1503.59
    },
    "type": "Support/Possitive Assessment"
  },
  {
    "source": {
      "act": "that that's just it with the covers, you're sort of tricking 'em into continuing to spend their money on our products without making 'em feel like they're being ripped off having to buy a new product.",
      "count": 1,
      "end_time": 1511.07,
      "start_time": 1503.44
    },
    "target": {
      "act": "Yeah,",
      "count": 1,
      "end_time": 1510.67,
      "start_time": 1510.4
    },
    "type": "Support/Possitive Assessment"
  },
  {
    "source": {
      "act": "the advantage of a replaceable cover is that even if they don't it doesn't have a cover on at all, it will still work um totally.",
      "count": 1,
      "end_time": 1490.58,
      "start_time": 1482.84
    },
    "target": {
      "act": "yeah.",
      "count": 1,
      "end_time": 1512.29,
      "start_time": 1511.88
    },
    "type": "Support/Possitive Assessment"
  },
  {
    "source": {
      "act": "that that's just it with the covers, you're sort of tricking 'em into continuing to spend their money on our products without making 'em feel like they're being ripped off having to buy a new product.",
      "count": 1,
      "end_time": 1511.07,
      "start_time": 1503.44
    },
    "target": {
      "act": "Yeah,",
      "count": 1,
      "end_time": 1511.2,
      "start_time": 1510.74
    },
    "type": "Support/Possitive Assessment"
  },
  {
    "source": {
      "act": "it's it's up to our marketing people to to ma to ma turn it into a a fashion item.",
      "count": 1,
      "end_time": 1518.8,
      "start_time": 1513.73
    },
    "target": {
      "act": "Right.",
      "count": 1,
      "end_time": 1515.93,
      "start_time": 1515.63
    },
    "type": "Support/Possitive Assessment"
  },
  {
    "source": {
      "act": "it's it's up to our marketing people to to ma to ma turn it into a a fashion item.",
      "count": 1,
      "end_time": 1518.8,
      "start_time": 1513.73
    },
    "target": {
      "act": "Mm, yeah.",
      "count": 1,
      "end_time": 1518.56,
      "start_time": 1517.9
    },
    "type": "Support/Possitive Assessment"
  },
  {
    "source": {
      "act": "Um and, you know, as as external fashions change, then we get new new covers on the market and, you know, readily available.",
      "count": 1,
      "end_time": 1526.78,
      "start_time": 1518.8
    },
    "target": {
      "act": "Mm.",
      "count": 1,
      "end_time": 1523.0,
      "start_time": 1522.84
    },
    "type": "Support/Possitive Assessment"
  },
  {
    "source": {
      "act": "Um and, you know, as as external fashions change, then we get new new covers on the market and, you know, readily available.",
      "count": 1,
      "end_time": 1526.78,
      "start_time": 1518.8
    },
    "target": {
      "act": "Yeah.",
      "count": 1,
      "end_time": 1524.01,
      "start_time": 1523.7
    },
    "type": "Support/Possitive Assessment"
  },
  {
    "source": {
      "act": "And that's the sort of thing, once you get the mould set, you can just whip out different colours, different pictures very very quickly.",
      "count": 1,
      "end_time": 1532.32,
      "start_time": 1526.85
    },
    "target": {
      "act": "that's that's right, yeah, yeah.",
      "count": 1,
      "end_time": 1533.91,
      "start_time": 1532.06
    },
    "type": "Support/Possitive Assessment"
  },
  {
    "source": {
      "act": "And that's the sort of thing, once you get the mould set, you can just whip out different colours, different pictures very very quickly.",
      "count": 1,
      "end_time": 1532.32,
      "start_time": 1526.85
    },
    "target": {
      "act": "Yeah,",
      "count": 1,
      "end_time": 1530.8,
      "start_time": 1530.55
    },
    "type": "Support/Possitive Assessment"
  },
  {
    "source": {
      "act": "like they have for mobile phones",
      "count": 1,
      "end_time": 1532.59,
      "start_time": 1530.8
    },
    "target": {
      "act": "Yeah, yeah, exactly, exactly.",
      "count": 1,
      "end_time": 1533.89,
      "start_time": 1532.32
    },
    "type": "Support/Possitive Assessment"
  },
  {
    "source": {
      "act": "Um and, you know, as as external fashions change, then we get new new covers on the market and, you know, readily available.",
      "count": 1,
      "end_time": 1526.78,
      "start_time": 1518.8
    },
    "target": {
      "act": "Yeah, okay.",
      "count": 1,
      "end_time": 1537.43,
      "start_time": 1536.4
    },
    "type": "Support/Possitive Assessment"
  },
  {
    "source": {
      "act": "This is fashionable",
      "count": 1,
      "end_time": 1565.17,
      "start_time": 1564.26
    },
    "target": {
      "act": "Um this is fashionable.",
      "count": 1,
      "end_time": 1566.15,
      "start_time": 1563.22
    },
    "type": "Support/Possitive Assessment"
  },
  {
    "source": {
      "act": "but um know sort of the the organic, you know, curved look,",
      "count": 1,
      "end_time": 1615.05,
      "start_time": 1610.07
    },
    "target": {
      "act": "Oh yeah.",
      "count": 1,
      "end_time": 1615.73,
      "start_time": 1615.09
    },
    "type": "Support/Possitive Assessment"
  },
  {
    "source": {
      "act": "and, you know, whether whether the you know, the the fixed part of it is the corporate yellow. Um",
      "count": 1,
      "end_time": 1633.38,
      "start_time": 1627.38
    },
    "target": {
      "act": "I dunno that we should make the whole thing yellow",
      "count": 1,
      "end_time": 1648.74,
      "start_time": 1647.47
    },
    "type": "Objection/Negative Assessment"
  },
  {
    "source": {
      "act": "I kinda thought with a you'd have like a yellow circle with the R_R_ in it somewhere on it,",
      "count": 1,
      "end_time": 1652.47,
      "start_time": 1648.74
    },
    "target": {
      "act": "Yeah",
      "count": 1,
      "end_time": 1651.9,
      "start_time": 1651.7
    },
    "type": "Support/Possitive Assessment"
  },
  {
    "source": {
      "act": "I kinda thought with a you'd have like a yellow circle with the R_R_ in it somewhere on it,",
      "count": 1,
      "end_time": 1652.47,
      "start_time": 1648.74
    },
    "target": {
      "act": "Yeah,",
      "count": 1,
      "end_time": 1652.36,
      "start_time": 1652.08
    },
    "type": "Support/Possitive Assessment"
  },
  {
    "source": {
      "act": "and, you know, whether whether the you know, the the fixed part of it is the corporate yellow. Um",
      "count": 1,
      "end_time": 1633.38,
      "start_time": 1627.38
    },
    "target": {
      "act": "yellow seems a bit of a strong colour",
      "count": 1,
      "end_time": 1654.33,
      "start_time": 1652.69
    },
    "type": "Objection/Negative Assessment"
  },
  {
    "source": {
      "act": "yellow seems a bit of a strong colour",
      "count": 1,
      "end_time": 1654.33,
      "start_time": 1652.69
    },
    "target": {
      "act": "Yeah,",
      "count": 1,
      "end_time": 1654.34,
      "start_time": 1654.18
    },
    "type": "Support/Possitive Assessment"
  },
  {
    "source": {
      "act": "yellow seems a bit of a strong colour",
      "count": 1,
      "end_time": 1654.33,
      "start_time": 1652.69
    },
    "target": {
      "act": "Yeah.",
      "count": 1,
      "end_time": 1656.23,
      "start_time": 1655.87
    },
    "type": "Support/Possitive Assessment"
  },
  {
    "source": {
      "act": "yellow seems a bit of a strong colour",
      "count": 1,
      "end_time": 1654.33,
      "start_time": 1652.69
    },
    "target": {
      "act": "I d I I agree,",
      "count": 1,
      "end_time": 1657.07,
      "start_time": 1656.38
    },
    "type": "Support/Possitive Assessment"
  },
  {
    "source": {
      "act": "I mean we're we're we're simply it's simply required to incorporate the the the the corporate logo prominently um.",
      "count": 1,
      "end_time": 1663.73,
      "start_time": 1657.07
    },
    "target": {
      "act": "Yeah, yeah.",
      "count": 1,
      "end_time": 1659.79,
      "start_time": 1658.94
    },
    "type": "Support/Possitive Assessment"
  },
  {
    "source": {
      "act": "I mean we're we're we're simply it's simply required to incorporate the the the the corporate logo prominently um.",
      "count": 1,
      "end_time": 1663.73,
      "start_time": 1657.07
    },
    "target": {
      "act": "Yeah.",
      "count": 1,
      "end_time": 1660.7,
      "start_time": 1660.37
    },
    "type": "Support/Possitive Assessment"
  },
  {
    "source": {
      "act": "And make that a fashion symbol as well.",
      "count": 1,
      "end_time": 1665.25,
      "start_time": 1663.19
    },
    "target": {
      "act": "yes,",
      "count": 1,
      "end_time": 1667.54,
      "start_time": 1667.1
    },
    "type": "Support/Possitive Assessment"
  },
  {
    "source": {
      "act": "my idea was something a b probably you know a bit fatter than this but sort of tha that sorta shape",
      "count": 1,
      "end_time": 1713.71,
      "start_time": 1709.56
    },
    "target": {
      "act": "Yeah. Yeah, maybe.",
      "count": 1,
      "end_time": 1715.59,
      "start_time": 1712.39
    },
    "type": "Support/Possitive Assessment"
  },
  {
    "source": {
      "act": "you want something you can definitely grip.",
      "count": 1,
      "end_time": 1719.41,
      "start_time": 1717.8
    },
    "target": {
      "act": "Yeah.",
      "count": 1,
      "end_time": 1720.49,
      "start_time": 1719.47
    },
    "type": "Support/Possitive Assessment"
  },
  {
    "source": {
      "act": "Sort of a combination.",
      "count": 1,
      "end_time": 1721.59,
      "start_time": 1720.49
    },
    "target": {
      "act": "Yeah, yeah.",
      "count": 1,
      "end_time": 1722.36,
      "start_time": 1721.37
    },
    "type": "Support/Possitive Assessment"
  },
  {
    "source": {
      "act": "it's sort of it's it's sort of uh a a mouse,",
      "count": 1,
      "end_time": 1722.48,
      "start_time": 1719.86
    },
    "target": {
      "act": "Yeah.",
      "count": 1,
      "end_time": 1724.08,
      "start_time": 1723.7
    },
    "type": "Support/Possitive Assessment"
  },
  {
    "source": {
      "act": "so it's you sorta hold it in your hand like that, i with, you know, and fiddling with the buttons.",
      "count": 1,
      "end_time": 1728.0,
      "start_time": 1724.06
    },
    "target": {
      "act": "Yeah.",
      "count": 1,
      "end_time": 1725.06,
      "start_time": 1724.65
    },
    "type": "Support/Possitive Assessment"
  },
  {
    "source": {
      "act": "so it's you sorta hold it in your hand like that, i with, you know, and fiddling with the buttons.",
      "count": 1,
      "end_time": 1728.0,
      "start_time": 1724.06
    },
    "target": {
      "act": "Yeah,",
      "count": 1,
      "end_time": 1726.13,
      "start_time": 1725.95
    },
    "type": "Support/Possitive Assessment"
  },
  {
    "source": {
      "act": "Maybe almost like a hairbrush, like you could get the about the width of that end of the pen",
      "count": 1,
      "end_time": 1736.72,
      "start_time": 1733.46
    },
    "target": {
      "act": "Yeah,",
      "count": 1,
      "end_time": 1737.57,
      "start_time": 1736.48
    },
    "type": "Support/Possitive Assessment"
  },
  {
    "source": {
      "act": "then wider up here.",
      "count": 1,
      "end_time": 1738.74,
      "start_time": 1737.57
    },
    "target": {
      "act": "yeah.",
      "count": 1,
      "end_time": 1739.46,
      "start_time": 1739.05
    },
    "type": "Support/Possitive Assessment"
  },
  {
    "source": {
      "act": "and the power could be wherever, up up the top or something.",
      "count": 1,
      "end_time": 1754.17,
      "start_time": 1747.98
    },
    "target": {
      "act": "Yeah, cool.",
      "count": 1,
      "end_time": 1753.22,
      "start_time": 1752.2
    },
    "type": "Support/Possitive Assessment"
  },
  {
    "source": {
      "act": "What do you guys think about that?",
      "count": 1,
      "end_time": 1756.14,
      "start_time": 1754.17
    },
    "target": {
      "act": "Okay, yeah, yeah.",
      "count": 1,
      "end_time": 1757.89,
      "start_time": 1756.53
    },
    "type": "Support/Possitive Assessment"
  },
  {
    "source": {
      "act": "I mean are we are we starting to get away from the the voice functionality of it?",
      "count": 1,
      "end_time": 1768.32,
      "start_time": 1764.77
    },
    "target": {
      "act": "It's a very good point.",
      "count": 1,
      "end_time": 1774.85,
      "start_time": 1773.95
    },
    "type": "Support/Possitive Assessment"
  },
  {
    "source": {
      "act": "It's a very good point.",
      "count": 1,
      "end_time": 1774.85,
      "start_time": 1773.95
    },
    "target": {
      "act": "It is a very good point.",
      "count": 1,
      "end_time": 1776.47,
      "start_time": 1775.06
    },
    "type": "Support/Possitive Assessment"
  },
  {
    "source": {
      "act": "It's a very good point.",
      "count": 1,
      "end_time": 1774.85,
      "start_time": 1773.95
    },
    "target": {
      "act": "Yeah.",
      "count": 1,
      "end_time": 1775.61,
      "start_time": 1775.3
    },
    "type": "Support/Possitive Assessment"
  },
  {
    "source": {
      "act": "I think we d I think we decided that w we're actually going down both routes.",
      "count": 1,
      "end_time": 1782.03,
      "start_time": 1776.61
    },
    "target": {
      "act": "Yeah, yeah.",
      "count": 1,
      "end_time": 1782.72,
      "start_time": 1781.64
    },
    "type": "Support/Possitive Assessment"
  },
  {
    "source": {
      "act": "I think we d I think we decided that w we're actually going down both routes.",
      "count": 1,
      "end_time": 1782.03,
      "start_time": 1776.61
    },
    "target": {
      "act": "Yeah.",
      "count": 1,
      "end_time": 1782.28,
      "start_time": 1781.76
    },
    "type": "Support/Possitive Assessment"
  },
  {
    "source": {
      "act": "What do you guys think about that?",
      "count": 1,
      "end_time": 1756.14,
      "start_time": 1754.17
    },
    "target": {
      "act": "But do you know, this shape also kind of les lend itself to to voice",
      "count": 1,
      "end_time": 1793.36,
      "start_time": 1790.0
    },
    "type": "Support/Possitive Assessment"
  },
  {
    "source": {
      "act": "but you can also bring it up like that",
      "count": 1,
      "end_time": 1796.49,
      "start_time": 1794.96
    },
    "target": {
      "act": "Yeah,",
      "count": 1,
      "end_time": 1797.14,
      "start_time": 1796.96
    },
    "type": "Support/Possitive Assessment"
  },
  {
    "source": {
      "act": "and just speak to it,",
      "count": 1,
      "end_time": 1797.86,
      "start_time": 1796.69
    },
    "target": {
      "act": "yeah, yeah.",
      "count": 1,
      "end_time": 1799.84,
      "start_time": 1798.12
    },
    "type": "Support/Possitive Assessment"
  },
  {
    "source": {
      "act": "but you can also bring it up like that",
      "count": 1,
      "end_time": 1796.49,
      "start_time": 1794.96
    },
    "target": {
      "act": "yeah, yeah.",
      "count": 1,
      "end_time": 1798.79,
      "start_time": 1797.86
    },
    "type": "Support/Possitive Assessment"
  },
  {
    "source": {
      "act": "my personal view is that if it's not there, people wouldn't use it anyway um.",
      "count": 1,
      "end_time": 1814.78,
      "start_time": 1809.93
    },
    "target": {
      "act": "Mm I suppose,",
      "count": 1,
      "end_time": 1814.11,
      "start_time": 1813.56
    },
    "type": "Support/Possitive Assessment"
  },
  {
    "source": {
      "act": "but t there is the off chance that, you know, th the brightness is wrong on your T_V_",
      "count": 1,
      "end_time": 1818.23,
      "start_time": 1814.11
    },
    "target": {
      "act": "It's cer it's certainly possible I mean,",
      "count": 1,
      "end_time": 1821.55,
      "start_time": 1819.97
    },
    "type": "Support/Possitive Assessment"
  },
  {
    "source": {
      "act": "but maybe we could incorporate that into the voice.",
      "count": 1,
      "end_time": 1806.8,
      "start_time": 1804.74
    },
    "target": {
      "act": "given the state of the technology we want something that we kno we know will will work um.",
      "count": 1,
      "end_time": 1832.69,
      "start_time": 1824.47
    },
    "type": "Objection/Negative Assessment"
  },
  {
    "source": {
      "act": "given the state of the technology we want something that we kno we know will will work um.",
      "count": 1,
      "end_time": 1832.69,
      "start_time": 1824.47
    },
    "target": {
      "act": "Hmm yeah.",
      "count": 1,
      "end_time": 1832.08,
      "start_time": 1831.32
    },
    "type": "Support/Possitive Assessment"
  },
  {
    "source": {
      "act": "and then you can you can minimise the buttons",
      "count": 1,
      "end_time": 1849.32,
      "start_time": 1847.12
    },
    "target": {
      "act": "that's a good idea.",
      "count": 1,
      "end_time": 1846.87,
      "start_time": 1846.21
    },
    "type": "Support/Possitive Assessment"
  },
  {
    "source": {
      "act": "and either volume thing could also be to scroll through other options like y and you could scroll through brightness",
      "count": 1,
      "end_time": 1846.69,
      "start_time": 1840.94
    },
    "target": {
      "act": "Yeah,",
      "count": 1,
      "end_time": 1846.21,
      "start_time": 1845.92
    },
    "type": "Support/Possitive Assessment"
  },
  {
    "source": {
      "act": "and either volume thing could also be to scroll through other options like y and you could scroll through brightness",
      "count": 1,
      "end_time": 1846.69,
      "start_time": 1840.94
    },
    "target": {
      "act": "Yeah,",
      "count": 1,
      "end_time": 1846.9,
      "start_time": 1846.75
    },
    "type": "Support/Possitive Assessment"
  },
  {
    "source": {
      "act": "and then you can you can minimise the buttons",
      "count": 1,
      "end_time": 1849.32,
      "start_time": 1847.12
    },
    "target": {
      "act": "Yeah.",
      "count": 1,
      "end_time": 1850.87,
      "start_time": 1850.61
    },
    "type": "Support/Possitive Assessment"
  },
  {
    "source": {
      "act": "and either volume thing could also be to scroll through other options like y and you could scroll through brightness",
      "count": 1,
      "end_time": 1846.69,
      "start_time": 1840.94
    },
    "target": {
      "act": "I'm getting a clear message that we think that we should have those facilities available.",
      "count": 1,
      "end_time": 1857.17,
      "start_time": 1853.51
    },
    "type": "Support/Possitive Assessment"
  },
  {
    "source": {
      "act": "We could have the channels and the power and then a menu button and then the volume.",
      "count": 1,
      "end_time": 1863.71,
      "start_time": 1859.25
    },
    "target": {
      "act": "Yeah.",
      "count": 1,
      "end_time": 1863.11,
      "start_time": 1862.31
    },
    "type": "Support/Possitive Assessment"
  },
  {
    "source": {
      "act": "Do we need some sort of display?",
      "count": 1,
      "end_time": 1877.62,
      "start_time": 1876.43
    },
    "target": {
      "act": "But the television would be the display",
      "count": 1,
      "end_time": 1878.03,
      "start_time": 1876.59
    },
    "type": "Support/Possitive Assessment"
  },
  {
    "source": {
      "act": "But the television would be the display",
      "count": 1,
      "end_time": 1878.03,
      "start_time": 1876.59
    },
    "target": {
      "act": "Yeah, that's on the T_V_, yeah.",
      "count": 1,
      "end_time": 1878.6,
      "start_time": 1877.33
    },
    "type": "Support/Possitive Assessment"
  },
  {
    "source": {
      "act": "But the television would be the display",
      "count": 1,
      "end_time": 1878.03,
      "start_time": 1876.59
    },
    "target": {
      "act": "We actually use the television, okay. Okay, okay, okay.",
      "count": 1,
      "end_time": 1882.74,
      "start_time": 1877.62
    },
    "type": "Support/Possitive Assessment"
  },
  {
    "source": {
      "act": "onto like a mouse, the ru the scrolling button, is actually a button as well,",
      "count": 1,
      "end_time": 1888.03,
      "start_time": 1884.5
    },
    "target": {
      "act": "Yeah,",
      "count": 1,
      "end_time": 1889.74,
      "start_time": 1888.6
    },
    "type": "Support/Possitive Assessment"
  },
  {
    "source": {
      "act": "you could press it, you could press that and have it as a menu button.",
      "count": 1,
      "end_time": 1891.11,
      "start_time": 1888.03
    },
    "target": {
      "act": "yeah, that's true.",
      "count": 1,
      "end_time": 1890.71,
      "start_time": 1889.74
    },
    "type": "Support/Possitive Assessment"
  },
  {
    "source": {
      "act": "you could press it, you could press that and have it as a menu button.",
      "count": 1,
      "end_time": 1891.11,
      "start_time": 1888.03
    },
    "target": {
      "act": "Yeah, press that",
      "count": 1,
      "end_time": 1891.12,
      "start_time": 1889.5
    },
    "type": "Support/Possitive Assessment"
  },
  {
    "source": {
      "act": "you could press it, you could press that and have it as a menu button.",
      "count": 1,
      "end_time": 1891.11,
      "start_time": 1888.03
    },
    "target": {
      "act": "yeah,",
      "count": 1,
      "end_time": 1892.57,
      "start_time": 1892.38
    },
    "type": "Support/Possitive Assessment"
  },
  {
    "source": {
      "act": "you could press it, you could press that and have it as a menu button.",
      "count": 1,
      "end_time": 1891.11,
      "start_time": 1888.03
    },
    "target": {
      "act": "that might work.",
      "count": 1,
      "end_time": 1894.55,
      "start_time": 1892.57
    },
    "type": "Support/Possitive Assessment"
  },
  {
    "source": {
      "act": "you could press it, you could press that and have it as a menu button.",
      "count": 1,
      "end_time": 1891.11,
      "start_time": 1888.03
    },
    "target": {
      "act": "but yeah.",
      "count": 1,
      "end_time": 1894.78,
      "start_time": 1893.85
    },
    "type": "Support/Possitive Assessment"
  },
  {
    "source": {
      "act": "I never understood how that worked though,",
      "count": 1,
      "end_time": 1893.85,
      "start_time": 1892.74
    },
    "target": {
      "act": "it's like the mouse where you just kinda click it. You just press it.",
      "count": 1,
      "end_time": 1898.82,
      "start_time": 1895.97
    },
    "type": "Support/Possitive Assessment"
  },
  {
    "source": {
      "act": "so if you had like the menu then you could scroll through and then click it to select.",
      "count": 1,
      "end_time": 1906.45,
      "start_time": 1902.0
    },
    "target": {
      "act": "Mm, oka yeah. Yeah.",
      "count": 1,
      "end_time": 1907.64,
      "start_time": 1905.14
    },
    "type": "Support/Possitive Assessment"
  },
  {
    "source": {
      "act": "so if you had like the menu then you could scroll through and then click it to select.",
      "count": 1,
      "end_time": 1906.45,
      "start_time": 1902.0
    },
    "target": {
      "act": "Uh yeah.",
      "count": 1,
      "end_time": 1908.04,
      "start_time": 1907.54
    },
    "type": "Support/Possitive Assessment"
  },
  {
    "source": {
      "act": "You know what I mean?",
      "count": 1,
      "end_time": 1908.59,
      "start_time": 1908.01
    },
    "target": {
      "act": "Mm yeah.",
      "count": 1,
      "end_time": 1910.63,
      "start_time": 1908.97
    },
    "type": "Support/Possitive Assessment"
  },
  {
    "source": {
      "act": "I think we've actually very conveniently just uh come to uh a good point to s to sum up um.",
      "count": 1,
      "end_time": 1925.09,
      "start_time": 1916.54
    },
    "target": {
      "act": "Cool.",
      "count": 1,
      "end_time": 1922.99,
      "start_time": 1922.59
    },
    "type": "Support/Possitive Assessment"
  },
  {
    "source": {
      "act": "Uh can I just get some things clear just for my sake.",
      "count": 1,
      "end_time": 1968.86,
      "start_time": 1966.35
    },
    "target": {
      "act": "Yeah, certainly, of course.",
      "count": 1,
      "end_time": 1969.14,
      "start_time": 1967.89
    },
    "type": "Support/Possitive Assessment"
  },
  {
    "source": {
      "act": "Our energy source is gonna be",
      "count": 1,
      "end_time": 1970.75,
      "start_time": 1968.86
    },
    "target": {
      "act": "for simplicity of, you know, manufacturing and uh maintenance that we will go for a a long term battery source um,",
      "count": 1,
      "end_time": 1984.45,
      "start_time": 1975.0
    },
    "type": "Support/Possitive Assessment"
  },
  {
    "source": {
      "act": "for simplicity of, you know, manufacturing and uh maintenance that we will go for a a long term battery source um,",
      "count": 1,
      "end_time": 1984.45,
      "start_time": 1975.0
    },
    "target": {
      "act": "Cool. Uh",
      "count": 1,
      "end_time": 1984.3,
      "start_time": 1983.05
    },
    "type": "Support/Possitive Assessment"
  },
  {
    "source": {
      "act": "We're having a a custom chip,",
      "count": 1,
      "end_time": 2017.11,
      "start_time": 2012.78
    },
    "target": {
      "act": "um that will hopefully not be too problematic,",
      "count": 1,
      "end_time": 2025.82,
      "start_time": 2020.84
    },
    "type": "Support/Possitive Assessment"
  },
  {
    "source": {
      "act": "And interchangeable case?",
      "count": 1,
      "end_time": 2048.7,
      "start_time": 2046.87
    },
    "target": {
      "act": "I i interchangeable case seems to be um um important to the concept.",
      "count": 1,
      "end_time": 2055.9,
      "start_time": 2049.33
    },
    "type": "Support/Possitive Assessment"
  },
  {
    "source": {
      "act": "I i interchangeable case seems to be um um important to the concept.",
      "count": 1,
      "end_time": 2055.9,
      "start_time": 2049.33
    },
    "target": {
      "act": "i if we can come up with some way of of allowing people to actually personalise it uh to whatever they want, then uh I mean uh uh this is totally new.",
      "count": 1,
      "end_time": 2073.08,
      "start_time": 2063.0
    },
    "type": "Support/Possitive Assessment"
  },
  {
    "source": {
      "act": "so they can get them in the supermarket when they go down to um a any of the famous supermarkets,",
      "count": 1,
      "end_time": 2093.22,
      "start_time": 2087.02
    },
    "target": {
      "act": "um it's uh it's good for the supermarket",
      "count": 1,
      "end_time": 2098.81,
      "start_time": 2095.21
    },
    "type": "Support/Possitive Assessment"
  },
  {
    "source": {
      "act": "so they can get them in the supermarket when they go down to um a any of the famous supermarkets,",
      "count": 1,
      "end_time": 2093.22,
      "start_time": 2087.02
    },
    "target": {
      "act": "and it's good for us",
      "count": 1,
      "end_time": 2099.63,
      "start_time": 2098.81
    },
    "type": "Support/Possitive Assessment"
  },
  {
    "source": {
      "act": "so they can get them in the supermarket when they go down to um a any of the famous supermarkets,",
      "count": 1,
      "end_time": 2093.22,
      "start_time": 2087.02
    },
    "target": {
      "act": "and it hopefully makes them feel better.",
      "count": 1,
      "end_time": 2101.65,
      "start_time": 2099.63
    },
    "type": "Support/Possitive Assessment"
  },
  {
    "source": {
      "act": "And uh are we gonna have it il being illuminated from inside onto the buttons or",
      "count": 1,
      "end_time": 2106.89,
      "start_time": 2102.45
    },
    "target": {
      "act": "no,",
      "count": 1,
      "end_time": 2112.15,
      "start_time": 2111.91
    },
    "type": "Objection/Negative Assessment"
  },
  {
    "source": {
      "act": "that it that actually makes that redundant.",
      "count": 1,
      "end_time": 2115.32,
      "start_time": 2113.38
    },
    "target": {
      "act": "Yeah, I think so too.",
      "count": 1,
      "end_time": 2116.83,
      "start_time": 2115.11
    },
    "type": "Support/Possitive Assessment"
  },
  {
    "source": {
      "act": "that it that actually makes that redundant.",
      "count": 1,
      "end_time": 2115.32,
      "start_time": 2113.38
    },
    "target": {
      "act": "Mm, does actually, yeah, yeah.",
      "count": 1,
      "end_time": 2117.38,
      "start_time": 2115.27
    },
    "type": "Support/Possitive Assessment"
  },
  {
    "source": {
      "act": "and especially for making them so like different and",
      "count": 1,
      "end_time": 2120.29,
      "start_time": 2117.08
    },
    "target": {
      "act": "yeah, yeah.",
      "count": 1,
      "end_time": 2121.36,
      "start_time": 2120.74
    },
    "type": "Support/Possitive Assessment"
  },
  {
    "source": {
      "act": "no,",
      "count": 1,
      "end_time": 2112.15,
      "start_time": 2111.91
    },
    "target": {
      "act": "Cool.",
      "count": 1,
      "end_time": 2116.18,
      "start_time": 2115.92
    },
    "type": "Support/Possitive Assessment"
  },
  {
    "source": {
      "act": "Mm different to feel,",
      "count": 1,
      "end_time": 2120.74,
      "start_time": 2119.56
    },
    "target": {
      "act": "Yeah, yeah.",
      "count": 1,
      "end_time": 2121.35,
      "start_time": 2120.07
    },
    "type": "Support/Possitive Assessment"
  },
  {
    "source": {
      "act": "And uh are we gonna have it il being illuminated from inside onto the buttons or",
      "count": 1,
      "end_time": 2106.89,
      "start_time": 2102.45
    },
    "target": {
      "act": "'cause that would well that would clobber the battery life,",
      "count": 1,
      "end_time": 2125.71,
      "start_time": 2123.81
    },
    "type": "Objection/Negative Assessment"
  },
  {
    "source": {
      "act": "that that solves one of the problems of b of battery life,",
      "count": 1,
      "end_time": 2123.81,
      "start_time": 2121.87
    },
    "target": {
      "act": "Mm-hmm. Yep, yeah.",
      "count": 1,
      "end_time": 2125.77,
      "start_time": 2123.68
    },
    "type": "Support/Possitive Assessment"
  },
  {
    "source": {
      "act": "that that solves one of the problems of b of battery life,",
      "count": 1,
      "end_time": 2123.81,
      "start_time": 2121.87
    },
    "target": {
      "act": "Yeah.",
      "count": 1,
      "end_time": 2124.38,
      "start_time": 2123.99
    },
    "type": "Support/Possitive Assessment"
  },
  {
    "source": {
      "act": "And uh are we gonna have it il being illuminated from inside onto the buttons or",
      "count": 1,
      "end_time": 2106.89,
      "start_time": 2102.45
    },
    "target": {
      "act": "so no,",
      "count": 1,
      "end_time": 2125.99,
      "start_time": 2125.71
    },
    "type": "Objection/Negative Assessment"
  },
  {
    "source": {
      "act": "And uh are we gonna have it il being illuminated from inside onto the buttons or",
      "count": 1,
      "end_time": 2106.89,
      "start_time": 2102.45
    },
    "target": {
      "act": "I mean given the nature of the buttons we're having, it's actually uh uh unnecessary I think.",
      "count": 1,
      "end_time": 2131.33,
      "start_time": 2125.99
    },
    "type": "Objection/Negative Assessment"
  },
  {
    "source": {
      "act": "I mean given the nature of the buttons we're having, it's actually uh uh unnecessary I think.",
      "count": 1,
      "end_time": 2131.33,
      "start_time": 2125.99
    },
    "target": {
      "act": "Yeah.",
      "count": 1,
      "end_time": 2132.0,
      "start_time": 2131.59
    },
    "type": "Support/Possitive Assessment"
  },
  {
    "source": {
      "act": "I mean given the nature of the buttons we're having, it's actually uh uh unnecessary I think.",
      "count": 1,
      "end_time": 2131.33,
      "start_time": 2125.99
    },
    "target": {
      "act": "Mm-hmm.",
      "count": 1,
      "end_time": 2132.49,
      "start_time": 2131.98
    },
    "type": "Support/Possitive Assessment"
  },
  {
    "source": {
      "act": "Are we having it that it's any angle, or is it just",
      "count": 1,
      "end_time": 2136.64,
      "start_time": 2132.41
    },
    "target": {
      "act": "As uh as wide",
      "count": 1,
      "end_time": 2139.14,
      "start_time": 2136.3
    },
    "type": "Support/Possitive Assessment"
  },
  {
    "source": {
      "act": "As uh as wide",
      "count": 1,
      "end_time": 2139.14,
      "start_time": 2136.3
    },
    "target": {
      "act": "Yeah.",
      "count": 1,
      "end_time": 2139.0,
      "start_time": 2138.68
    },
    "type": "Support/Possitive Assessment"
  },
  {
    "source": {
      "act": "Are we having it that it's any angle, or is it just",
      "count": 1,
      "end_time": 2136.64,
      "start_time": 2132.41
    },
    "target": {
      "act": "cer certainly wider angle than than current,",
      "count": 1,
      "end_time": 2141.82,
      "start_time": 2139.14
    },
    "type": "Support/Possitive Assessment"
  },
  {
    "source": {
      "act": "Are we having it that it's any angle, or is it just",
      "count": 1,
      "end_time": 2136.64,
      "start_time": 2132.41
    },
    "target": {
      "act": "As wide as possible.",
      "count": 1,
      "end_time": 2139.91,
      "start_time": 2138.96
    },
    "type": "Support/Possitive Assessment"
  },
  {
    "source": {
      "act": "I sorta envisaged that if if this was the the thing, then sort of the the whole of the top would be the uh the infrared uh.",
      "count": 1,
      "end_time": 2171.34,
      "start_time": 2163.82
    },
    "target": {
      "act": "Yeah,",
      "count": 1,
      "end_time": 2169.92,
      "start_time": 2169.61
    },
    "type": "Support/Possitive Assessment"
  },
  {
    "source": {
      "act": "I sorta envisaged that if if this was the the thing, then sort of the the whole of the top would be the uh the infrared uh.",
      "count": 1,
      "end_time": 2171.34,
      "start_time": 2163.82
    },
    "target": {
      "act": "Yeah, mm.",
      "count": 1,
      "end_time": 2172.33,
      "start_time": 2171.36
    },
    "type": "Support/Possitive Assessment"
  },
  {
    "source": {
      "act": "we're all clear where we go from here.",
      "count": 1,
      "end_time": 2198.55,
      "start_time": 2195.85
    },
    "target": {
      "act": "Yep.",
      "count": 1,
      "end_time": 2197.1,
      "start_time": 2196.77
    },
    "type": "Support/Possitive Assessment"
  },
  {
    "source": {
      "act": "we're all clear where we go from here.",
      "count": 1,
      "end_time": 2198.55,
      "start_time": 2195.85
    },
    "target": {
      "act": "Yep,",
      "count": 1,
      "end_time": 2197.02,
      "start_time": 2196.61
    },
    "type": "Support/Possitive Assessment"
  },
  {
    "source": null,
    "target": {
      "act": "sounds good.",
      "count": 1,
      "end_time": 2198.67,
      "start_time": 2197.02
    },
    "type": "Support/Possitive Assessment"
  },
  {
    "source": {
      "act": "we're all clear where we go from here.",
      "count": 1,
      "end_time": 2198.55,
      "start_time": 2195.85
    },
    "target": {
      "act": "Mm-hmm.",
      "count": 1,
      "end_time": 2199.52,
      "start_time": 2199.12
    },
    "type": "Support/Possitive Assessment"
  },
  {
    "source": {
      "act": "and I'll s see you all again in thirty minutes.",
      "count": 1,
      "end_time": 2204.14,
      "start_time": 2201.42
    },
    "target": {
      "act": "'Kay.",
      "count": 1,
      "end_time": 2201.77,
      "start_time": 2201.4
    },
    "type": "Support/Possitive Assessment"
  },
  {
    "source": {
      "act": "and I'll s see you all again in thirty minutes.",
      "count": 1,
      "end_time": 2204.14,
      "start_time": 2201.42
    },
    "target": {
      "act": "Okay.",
      "count": 1,
      "end_time": 2204.44,
      "start_time": 2204.11
    },
    "type": "Support/Possitive Assessment"
  },
  {
    "source": {
      "act": "and I'll s see you all again in thirty minutes.",
      "count": 1,
      "end_time": 2204.14,
      "start_time": 2201.42
    },
    "target": {
      "act": "'Kay.",
      "count": 1,
      "end_time": 2204.92,
      "start_time": 2204.56
    },
    "type": "Support/Possitive Assessment"
  }
]