[
  {
    "ar_type": "Request",
    "source": {
      "act": ". Uh given that the company wants this on the market quickly and cheaply, that would appear to uh effectively constrain us to an existing chip and thus therefore conventional button technology.",
      "ae_type": "Statement",
      "end_time": 554.88,
      "speaker_id": "A",
      "start_time": 542.15
    },
    "target": {
      "act": "h have any have anyti ha anything to say about that?",
      "ae_type": "Open issue",
      "end_time": 565.45,
      "speaker_id": "A",
      "start_time": 562.81
    }
  },
  {
    "ar_type": "Uncertain",
    "source": {
      "act": "h have any have anyti ha anything to say about that?",
      "ae_type": "Open issue",
      "end_time": 565.45,
      "speaker_id": "A",
      "start_time": 562.81
    },
    "target": {
      "act": "I just have a question about that. Um does it make a difference if there are just a few commands, for example if you um can pre-programme in like numbers one through ten and pre-programme say, you know, nine channels and then just use the voice recognition to say channel one and then you've programmed in say B_B_C_ four as your channel one, as your favourite, it's like to have a certain number of favourites um and that w",
      "ae_type": "A/B issue",
      "end_time": 591.25,
      "speaker_id": "C",
      "start_time": 565.72
    }
  },
  {
    "ar_type": "Negative",
    "source": {
      "act": "I just have a question about that. Um does it make a difference if there are just a few commands, for example if you um can pre-programme in like numbers one through ten and pre-programme say, you know, nine channels and then just use the voice recognition to say channel one and then you've programmed in say B_B_C_ four as your channel one, as your favourite, it's like to have a certain number of favourites um and that w",
      "ae_type": "A/B issue",
      "end_time": 591.25,
      "speaker_id": "C",
      "start_time": 565.72
    },
    "target": {
      "act": "W just to to incorporate the voice activation in it is is sorta the trick. Once you've got the whole voice chip in there, then it's pretty much the the world the the sky is your limit, but to actually the the big step is to actually get the voice activation chips in there and working.",
      "ae_type": "Statement",
      "end_time": 603.45,
      "speaker_id": "B",
      "start_time": 590.2
    }
  },
  {
    "ar_type": "Elaboration",
    "source": {
      "act": "h have any have anyti ha anything to say about that?",
      "ae_type": "Open issue",
      "end_time": 565.45,
      "speaker_id": "A",
      "start_time": 562.81
    },
    "target": {
      "act": "speak somebody's name and it'll dial the number for you",
      "ae_type": "Statement",
      "end_time": 623.77,
      "speaker_id": "A",
      "start_time": 620.53
    }
  },
  {
    "ar_type": "Specialization",
    "source": {
      "act": "speak somebody's name and it'll dial the number for you",
      "ae_type": "Statement",
      "end_time": 623.77,
      "speaker_id": "A",
      "start_time": 620.53
    },
    "target": {
      "act": "so uh bu I mean the this this information is from is this is the internal company information, is it?",
      "ae_type": "Yes/No issue",
      "end_time": 633.04,
      "speaker_id": "A",
      "start_time": 623.77
    }
  },
  {
    "ar_type": "Positive",
    "source": {
      "act": "so uh bu I mean the this this information is from is this is the internal company information, is it?",
      "ae_type": "Yes/No issue",
      "end_time": 633.04,
      "speaker_id": "A",
      "start_time": 623.77
    },
    "target": {
      "act": "Uh bits of it, yeah.",
      "ae_type": "Statement",
      "end_time": 633.58,
      "speaker_id": "B",
      "start_time": 632.04
    }
  },
  {
    "ar_type": "Negative",
    "source": {
      "act": "speak somebody's name and it'll dial the number for you",
      "ae_type": "Statement",
      "end_time": 623.77,
      "speaker_id": "A",
      "start_time": 620.53
    },
    "target": {
      "act": "Of course mobile phones do tend to be more expensive, you know, hundred and fifty pounds or something.",
      "ae_type": "Statement",
      "end_time": 640.32,
      "speaker_id": "C",
      "start_time": 635.07
    }
  },
  {
    "ar_type": "Positive",
    "source": {
      "act": "Of course mobile phones do tend to be more expensive, you know, hundred and fifty pounds or something.",
      "ae_type": "Statement",
      "end_time": 640.32,
      "speaker_id": "C",
      "start_time": 635.07
    },
    "target": {
      "act": "Yes, as well.",
      "ae_type": "Statement",
      "end_time": 638.27,
      "speaker_id": "B",
      "start_time": 637.56
    }
  },
  {
    "ar_type": "Elaboration",
    "source": {
      "act": "Of course mobile phones do tend to be more expensive, you know, hundred and fifty pounds or something.",
      "ae_type": "Statement",
      "end_time": 640.32,
      "speaker_id": "C",
      "start_time": 635.07
    },
    "target": {
      "act": "As opposed to the twenty Euros, twenty five Euros.",
      "ae_type": "Statement",
      "end_time": 646.29,
      "speaker_id": "C",
      "start_time": 641.97
    }
  },
  {
    "ar_type": "Positive",
    "source": {
      "act": "As opposed to the twenty Euros, twenty five Euros.",
      "ae_type": "Statement",
      "end_time": 646.29,
      "speaker_id": "C",
      "start_time": 641.97
    },
    "target": {
      "act": "Yeah, mm true,",
      "ae_type": "Statement",
      "end_time": 644.18,
      "speaker_id": "A",
      "start_time": 642.63
    }
  },
  {
    "ar_type": "Option",
    "source": {
      "act": "h have any have anyti ha anything to say about that?",
      "ae_type": "Open issue",
      "end_time": 565.45,
      "speaker_id": "A",
      "start_time": 562.81
    },
    "target": {
      "act": "uh decide.",
      "ae_type": "Statement",
      "end_time": 652.64,
      "speaker_id": "A",
      "start_time": 651.58
    }
  },
  {
    "ar_type": "Negative",
    "source": {
      "act": "h have any have anyti ha anything to say about that?",
      "ae_type": "Open issue",
      "end_time": 565.45,
      "speaker_id": "A",
      "start_time": 562.81
    },
    "target": {
      "act": "Also lots of mobile phones have got a lot of technology in them, not just that, so.",
      "ae_type": "Statement",
      "end_time": 656.15,
      "speaker_id": "D",
      "start_time": 652.36
    }
  },
  {
    "ar_type": "Positive",
    "source": {
      "act": "Also lots of mobile phones have got a lot of technology in them, not just that, so.",
      "ae_type": "Statement",
      "end_time": 656.15,
      "speaker_id": "D",
      "start_time": 652.36
    },
    "target": {
      "act": "Yeah.",
      "ae_type": "Statement",
      "end_time": 652.66,
      "speaker_id": "C",
      "start_time": 652.25
    }
  },
  {
    "ar_type": "Positive",
    "source": {
      "act": "Also lots of mobile phones have got a lot of technology in them, not just that, so.",
      "ae_type": "Statement",
      "end_time": 656.15,
      "speaker_id": "D",
      "start_time": 652.36
    },
    "target": {
      "act": "Yeah, that's that's right. It's like it's it's you can't 'cause mobile phones are expensive, you can't say it's the voice recognition bit that is. But we don't know. Um.",
      "ae_type": "Statement",
      "end_time": 665.76,
      "speaker_id": "A",
      "start_time": 655.44
    }
  },
  {
    "ar_type": "Positive",
    "source": {
      "act": "Yeah, that's that's right. It's like it's it's you can't 'cause mobile phones are expensive, you can't say it's the voice recognition bit that is. But we don't know. Um.",
      "ae_type": "Statement",
      "end_time": 665.76,
      "speaker_id": "A",
      "start_time": 655.44
    },
    "target": {
      "act": "Yeah",
      "ae_type": "Statement",
      "end_time": 661.84,
      "speaker_id": "C",
      "start_time": 661.34
    }
  },
  {
    "ar_type": "Positive",
    "source": {
      "act": "h have any have anyti ha anything to say about that?",
      "ae_type": "Open issue",
      "end_time": 565.45,
      "speaker_id": "A",
      "start_time": 562.81
    },
    "target": {
      "act": "uh perhaps we ought to uh stick to uh to buttons, since the last thing we want to do is present a product that doesn't work. Um.",
      "ae_type": "Statement",
      "end_time": 691.26,
      "speaker_id": "A",
      "start_time": 680.78
    }
  },
  {
    "ar_type": "Request",
    "source": {
      "act": "uh perhaps we ought to uh stick to uh to buttons, since the last thing we want to do is present a product that doesn't work. Um.",
      "ae_type": "Statement",
      "end_time": 691.26,
      "speaker_id": "A",
      "start_time": 680.78
    },
    "target": {
      "act": "Thoughts?",
      "ae_type": "Open issue",
      "end_time": 695.46,
      "speaker_id": "A",
      "start_time": 695.08
    }
  },
  {
    "ar_type": "Option",
    "source": {
      "act": "Thoughts?",
      "ae_type": "Open issue",
      "end_time": 695.46,
      "speaker_id": "A",
      "start_time": 695.08
    },
    "target": {
      "act": "maybe we can like cut corners somewhere else to bring in over cost.",
      "ae_type": "Weak statement",
      "end_time": 711.76,
      "speaker_id": "D",
      "start_time": 708.93
    }
  },
  {
    "ar_type": "Elaboration",
    "source": {
      "act": "Thoughts?",
      "ae_type": "Open issue",
      "end_time": 695.46,
      "speaker_id": "A",
      "start_time": 695.08
    },
    "target": {
      "act": "I mean do w do we think that the voice technology is fundamental to the project?",
      "ae_type": "Yes/No issue",
      "end_time": 717.67,
      "speaker_id": "A",
      "start_time": 713.45
    }
  },
  {
    "ar_type": "Positive",
    "source": {
      "act": "I mean do w do we think that the voice technology is fundamental to the project?",
      "ae_type": "Yes/No issue",
      "end_time": 717.67,
      "speaker_id": "A",
      "start_time": 713.45
    },
    "target": {
      "act": "Uh it's fundament well I mean I guess it it's something we've discussed uh since the the sort of the beginning, so I th I think in in our in our minds it's it's fundamental,",
      "ae_type": "Statement",
      "end_time": 729.82,
      "speaker_id": "B",
      "start_time": 721.57
    }
  },
  {
    "ar_type": "Subject-to",
    "source": {
      "act": "Uh it's fundament well I mean I guess it it's something we've discussed uh since the the sort of the beginning, so I th I think in in our in our minds it's it's fundamental,",
      "ae_type": "Statement",
      "end_time": 729.82,
      "speaker_id": "B",
      "start_time": 721.57
    },
    "target": {
      "act": "but I don't know that the uh the upper echelons of the company would necessarily agree with that,",
      "ae_type": "Statement",
      "end_time": 734.7,
      "speaker_id": "B",
      "start_time": 729.82
    }
  },
  {
    "ar_type": "Positive",
    "source": {
      "act": "but I don't know that the uh the upper echelons of the company would necessarily agree with that,",
      "ae_type": "Statement",
      "end_time": 734.7,
      "speaker_id": "B",
      "start_time": 729.82
    },
    "target": {
      "act": "Oh yeah.",
      "ae_type": "Statement",
      "end_time": 836.2,
      "speaker_id": "C",
      "start_time": 835.27
    }
  },
  {
    "ar_type": "Positive",
    "source": {
      "act": "Well, I kinda think if we're gonna have the voice recognition for part of it, then maybe we should have it for the whole thing.",
      "ae_type": "Statement",
      "end_time": 855.9,
      "speaker_id": "C",
      "start_time": 851.17
    },
    "target": {
      "act": "Yeah, I I I I I think that's uh",
      "ae_type": "Statement",
      "end_time": 858.59,
      "speaker_id": "A",
      "start_time": 856.08
    }
  },
  {
    "ar_type": "Negative",
    "source": {
      "act": "h have any have anyti ha anything to say about that?",
      "ae_type": "Open issue",
      "end_time": 565.45,
      "speaker_id": "A",
      "start_time": 562.81
    },
    "target": {
      "act": "Well, I kinda think if we're gonna have the voice recognition for part of it, then maybe we should have it for the whole thing.",
      "ae_type": "Statement",
      "end_time": 855.9,
      "speaker_id": "C",
      "start_time": 851.17
    }
  },
  {
    "ar_type": "Positive",
    "source": {
      "act": "Well, I kinda think if we're gonna have the voice recognition for part of it, then maybe we should have it for the whole thing.",
      "ae_type": "Statement",
      "end_time": 855.9,
      "speaker_id": "C",
      "start_time": 851.17
    },
    "target": {
      "act": "And we've been talking about it the whole time.",
      "ae_type": "Statement",
      "end_time": 860.02,
      "speaker_id": "C",
      "start_time": 858.64
    }
  },
  {
    "ar_type": "Positive",
    "source": {
      "act": "And we've been talking about it the whole time.",
      "ae_type": "Statement",
      "end_time": 860.02,
      "speaker_id": "C",
      "start_time": 858.64
    },
    "target": {
      "act": "Yeah, yeah.",
      "ae_type": "Statement",
      "end_time": 860.48,
      "speaker_id": "A",
      "start_time": 859.72
    }
  },
  {
    "ar_type": "Positive",
    "source": {
      "act": "Well, I kinda think if we're gonna have the voice recognition for part of it, then maybe we should have it for the whole thing.",
      "ae_type": "Statement",
      "end_time": 855.9,
      "speaker_id": "C",
      "start_time": 851.17
    },
    "target": {
      "act": "Uh yeah, it's the second most important aspect to users that the device should be technologically innovative.",
      "ae_type": "Statement",
      "end_time": 870.05,
      "speaker_id": "D",
      "start_time": 863.9
    }
  },
  {
    "ar_type": "Positive",
    "source": {
      "act": "Uh yeah, it's the second most important aspect to users that the device should be technologically innovative.",
      "ae_type": "Statement",
      "end_time": 870.05,
      "speaker_id": "D",
      "start_time": 863.9
    },
    "target": {
      "act": "Yeah.",
      "ae_type": "Statement",
      "end_time": 871.34,
      "speaker_id": "C",
      "start_time": 870.89
    }
  },
  {
    "ar_type": "Elaboration",
    "source": {
      "act": "Uh yeah, it's the second most important aspect to users that the device should be technologically innovative.",
      "ae_type": "Statement",
      "end_time": 870.05,
      "speaker_id": "D",
      "start_time": 863.9
    },
    "target": {
      "act": "From uh my presentation show, so. Uh technologically innovative.",
      "ae_type": "Statement",
      "end_time": 876.27,
      "speaker_id": "D",
      "start_time": 871.99
    }
  },
  {
    "ar_type": "Positive",
    "source": {
      "act": "From uh my presentation show, so. Uh technologically innovative.",
      "ae_type": "Statement",
      "end_time": 876.27,
      "speaker_id": "D",
      "start_time": 871.99
    },
    "target": {
      "act": "Yeah, it should be",
      "ae_type": "Statement",
      "end_time": 874.23,
      "speaker_id": "A",
      "start_time": 873.19
    }
  },
  {
    "ar_type": "Positive",
    "source": {
      "act": "From uh my presentation show, so. Uh technologically innovative.",
      "ae_type": "Statement",
      "end_time": 876.27,
      "speaker_id": "D",
      "start_time": 871.99
    },
    "target": {
      "act": "No, that sounds good. Mm.",
      "ae_type": "Statement",
      "end_time": 880.06,
      "speaker_id": "B",
      "start_time": 878.46
    }
  },
  {
    "ar_type": "Positive",
    "source": {
      "act": "From uh my presentation show, so. Uh technologically innovative.",
      "ae_type": "Statement",
      "end_time": 876.27,
      "speaker_id": "D",
      "start_time": 871.99
    },
    "target": {
      "act": "Fine. Okay. I it will have voice recognition",
      "ae_type": "Statement",
      "end_time": 882.66,
      "speaker_id": "A",
      "start_time": 879.03
    }
  },
  {
    "ar_type": "Positive",
    "source": {
      "act": "Well, I kinda think if we're gonna have the voice recognition for part of it, then maybe we should have it for the whole thing.",
      "ae_type": "Statement",
      "end_time": 855.9,
      "speaker_id": "C",
      "start_time": 851.17
    },
    "target": {
      "act": "Anyway, I'm I'm incli kinda inclined to say that we should just go for it.",
      "ae_type": "Statement",
      "end_time": 863.32,
      "speaker_id": "C",
      "start_time": 860.02
    }
  },
  {
    "ar_type": "Elaboration",
    "source": {
      "act": "Sorry y y yeah, if I can interrupt you. Well d p 'kay, do you wanna say anything about um slide controls?",
      "ae_type": "Open issue",
      "end_time": 1033.85,
      "speaker_id": "A",
      "start_time": 1026.37
    },
    "target": {
      "act": "I mean I think the reason everybody uses pushbuttons is that they're they're si simple, cheap and reliable.",
      "ae_type": "Statement",
      "end_time": 1040.01,
      "speaker_id": "A",
      "start_time": 1033.85
    }
  },
  {
    "ar_type": "Negative",
    "source": {
      "act": "I mean I think the reason everybody uses pushbuttons is that they're they're si simple, cheap and reliable.",
      "ae_type": "Statement",
      "end_time": 1040.01,
      "speaker_id": "A",
      "start_time": 1033.85
    },
    "target": {
      "act": "Uh I think they're they're about the same cost really. I I mean, I think it's just sort of the the there's a lot of slide buttons out there. I think it's pretty much the same sort of connection. Mm yeah.",
      "ae_type": "Statement",
      "end_time": 1048.68,
      "speaker_id": "B",
      "start_time": 1038.66
    }
  },
  {
    "ar_type": "Negative",
    "source": {
      "act": "I mean I think the reason everybody uses pushbuttons is that they're they're si simple, cheap and reliable.",
      "ae_type": "Statement",
      "end_time": 1040.01,
      "speaker_id": "A",
      "start_time": 1033.85
    },
    "target": {
      "act": "Just because I n for example if I'm using a mouse I like to be able to slide it up and down so I thought it might be good for volume to just be able to kind of roll it and then have the up and down and then the this is my great little drawing.",
      "ae_type": "Statement",
      "end_time": 1062.85,
      "speaker_id": "C",
      "start_time": 1049.75
    }
  },
  {
    "ar_type": "Positive",
    "source": {
      "act": "Just because I n for example if I'm using a mouse I like to be able to slide it up and down so I thought it might be good for volume to just be able to kind of roll it and then have the up and down and then the this is my great little drawing.",
      "ae_type": "Statement",
      "end_time": 1062.85,
      "speaker_id": "C",
      "start_time": 1049.75
    },
    "target": {
      "act": "Yeah. Good, good. Yeah.",
      "ae_type": "Statement",
      "end_time": 1060.45,
      "speaker_id": "A",
      "start_time": 1054.58
    }
  },
  {
    "ar_type": "Specialization",
    "source": {
      "act": "Just because I n for example if I'm using a mouse I like to be able to slide it up and down so I thought it might be good for volume to just be able to kind of roll it and then have the up and down and then the this is my great little drawing.",
      "ae_type": "Statement",
      "end_time": 1062.85,
      "speaker_id": "C",
      "start_time": 1049.75
    },
    "target": {
      "act": "So three three there's three buttons on a slider. Three buttons, channel up channel up down and",
      "ae_type": "Statement",
      "end_time": 1066.98,
      "speaker_id": "A",
      "start_time": 1061.7
    }
  },
  {
    "ar_type": "Positive",
    "source": {
      "act": "So three three there's three buttons on a slider. Three buttons, channel up channel up down and",
      "ae_type": "Statement",
      "end_time": 1066.98,
      "speaker_id": "A",
      "start_time": 1061.7
    },
    "target": {
      "act": "Y yes, yes.",
      "ae_type": "Statement",
      "end_time": 1066.84,
      "speaker_id": "C",
      "start_time": 1065.41
    }
  },
  {
    "ar_type": "Option",
    "source": {
      "act": "So three three there's three buttons on a slider. Three buttons, channel up channel up down and",
      "ae_type": "Statement",
      "end_time": 1066.98,
      "speaker_id": "A",
      "start_time": 1061.7
    },
    "target": {
      "act": "Well, if you g if you if you got a channel up down, we can have a slider in that as well. Because if it if you no if you notice on the thing it it kind of like has got kind of if you you know it s kind of like sticks, if you know what I mean, up like one unit, if you see what I mean. So it kinda goes up one, then y like you can keep rolling it up, but it's like like like like a cog or something. So you kinda take it up one at a time.",
      "ae_type": "Statement",
      "end_time": 1086.79,
      "speaker_id": "D",
      "start_time": 1065.75
    }
  },
  {
    "ar_type": "Positive",
    "source": {
      "act": "Well, if you g if you if you got a channel up down, we can have a slider in that as well. Because if it if you no if you notice on the thing it it kind of like has got kind of if you you know it s kind of like sticks, if you know what I mean, up like one unit, if you see what I mean. So it kinda goes up one, then y like you can keep rolling it up, but it's like like like like a cog or something. So you kinda take it up one at a time.",
      "ae_type": "Statement",
      "end_time": 1086.79,
      "speaker_id": "D",
      "start_time": 1065.75
    },
    "target": {
      "act": "Yeah.",
      "ae_type": "Statement",
      "end_time": 1080.4,
      "speaker_id": "C",
      "start_time": 1080.05
    }
  },
  {
    "ar_type": "Elaboration",
    "source": {
      "act": "Well, if you g if you if you got a channel up down, we can have a slider in that as well. Because if it if you no if you notice on the thing it it kind of like has got kind of if you you know it s kind of like sticks, if you know what I mean, up like one unit, if you see what I mean. So it kinda goes up one, then y like you can keep rolling it up, but it's like like like like a cog or something. So you kinda take it up one at a time.",
      "ae_type": "Statement",
      "end_time": 1086.79,
      "speaker_id": "D",
      "start_time": 1065.75
    },
    "target": {
      "act": "The only advantage I was thinking of to having the buttons, like the buttons on one side for the channel, and then the slider is that if you're just holding in your hand, and you pick it up, it's easy to n s know, okay, this is just the volume and this is the channel.",
      "ae_type": "Statement",
      "end_time": 1101.3,
      "speaker_id": "C",
      "start_time": 1088.64
    }
  },
  {
    "ar_type": "Positive",
    "source": {
      "act": "The only advantage I was thinking of to having the buttons, like the buttons on one side for the channel, and then the slider is that if you're just holding in your hand, and you pick it up, it's easy to n s know, okay, this is just the volume and this is the channel.",
      "ae_type": "Statement",
      "end_time": 1101.3,
      "speaker_id": "C",
      "start_time": 1088.64
    },
    "target": {
      "act": "This one on the one side and one yeah. Okay.",
      "ae_type": "Statement",
      "end_time": 1103.73,
      "speaker_id": "A",
      "start_time": 1100.49
    }
  },
  {
    "ar_type": "Positive",
    "source": {
      "act": "The only advantage I was thinking of to having the buttons, like the buttons on one side for the channel, and then the slider is that if you're just holding in your hand, and you pick it up, it's easy to n s know, okay, this is just the volume and this is the channel.",
      "ae_type": "Statement",
      "end_time": 1101.3,
      "speaker_id": "C",
      "start_time": 1088.64
    },
    "target": {
      "act": "Uh you could you could as l as like a mouse you could",
      "ae_type": "Statement",
      "end_time": 1104.14,
      "speaker_id": "D",
      "start_time": 1100.79
    }
  },
  {
    "ar_type": "Positive",
    "source": {
      "act": "The only advantage I was thinking of to having the buttons, like the buttons on one side for the channel, and then the slider is that if you're just holding in your hand, and you pick it up, it's easy to n s know, okay, this is just the volume and this is the channel.",
      "ae_type": "Statement",
      "end_time": 1101.3,
      "speaker_id": "C",
      "start_time": 1088.64
    },
    "target": {
      "act": "Ye yeah, 'cause I've definitely picked up remotes and like meant to change the channel and turn the volume, or vice versa, so it'd be kinda good to have them be feel completely different. You'd know what you were fiddling with.",
      "ae_type": "Statement",
      "end_time": 1110.22,
      "speaker_id": "B",
      "start_time": 1102.21
    }
  },
  {
    "ar_type": "Positive",
    "source": {
      "act": "Ye yeah, 'cause I've definitely picked up remotes and like meant to change the channel and turn the volume, or vice versa, so it'd be kinda good to have them be feel completely different. You'd know what you were fiddling with.",
      "ae_type": "Statement",
      "end_time": 1110.22,
      "speaker_id": "B",
      "start_time": 1102.21
    },
    "target": {
      "act": "Yeah",
      "ae_type": "Statement",
      "end_time": 1104.78,
      "speaker_id": "A",
      "start_time": 1104.5
    }
  },
  {
    "ar_type": "Positive",
    "source": {
      "act": "Ye yeah, 'cause I've definitely picked up remotes and like meant to change the channel and turn the volume, or vice versa, so it'd be kinda good to have them be feel completely different. You'd know what you were fiddling with.",
      "ae_type": "Statement",
      "end_time": 1110.22,
      "speaker_id": "B",
      "start_time": 1102.21
    },
    "target": {
      "act": "Yeah",
      "ae_type": "Statement",
      "end_time": 1106.46,
      "speaker_id": "C",
      "start_time": 1106.0
    }
  },
  {
    "ar_type": "Positive",
    "source": {
      "act": "Ye yeah, 'cause I've definitely picked up remotes and like meant to change the channel and turn the volume, or vice versa, so it'd be kinda good to have them be feel completely different. You'd know what you were fiddling with.",
      "ae_type": "Statement",
      "end_time": 1110.22,
      "speaker_id": "B",
      "start_time": 1102.21
    },
    "target": {
      "act": "Yeah, like the shape of it almost like a mouse, with a",
      "ae_type": "Statement",
      "end_time": 1113.62,
      "speaker_id": "D",
      "start_time": 1111.08
    }
  },
  {
    "ar_type": "Positive",
    "source": {
      "act": "Just because I n for example if I'm using a mouse I like to be able to slide it up and down so I thought it might be good for volume to just be able to kind of roll it and then have the up and down and then the this is my great little drawing.",
      "ae_type": "Statement",
      "end_time": 1062.85,
      "speaker_id": "C",
      "start_time": 1049.75
    },
    "target": {
      "act": "Yeah, or yeah uh th th the I mean thi this is what the we have to come up with is the the actual shape that people can ins instantly pick it up and and know know uh know what it's going to do.",
      "ae_type": "Statement",
      "end_time": 1120.49,
      "speaker_id": "A",
      "start_time": 1111.32
    }
  },
  {
    "ar_type": "Uncertain",
    "source": {
      "act": "Yeah, or yeah uh th th the I mean thi this is what the we have to come up with is the the actual shape that people can ins instantly pick it up and and know know uh know what it's going to do.",
      "ae_type": "Statement",
      "end_time": 1120.49,
      "speaker_id": "A",
      "start_time": 1111.32
    },
    "target": {
      "act": "Mm.",
      "ae_type": "Weak statement",
      "end_time": 1118.49,
      "speaker_id": "B",
      "start_time": 1118.22
    }
  },
  {
    "ar_type": "Positive",
    "source": {
      "act": "Yeah, or yeah uh th th the I mean thi this is what the we have to come up with is the the actual shape that people can ins instantly pick it up and and know know uh know what it's going to do.",
      "ae_type": "Statement",
      "end_time": 1120.49,
      "speaker_id": "A",
      "start_time": 1111.32
    },
    "target": {
      "act": "Yeah.",
      "ae_type": "Statement",
      "end_time": 1120.86,
      "speaker_id": "C",
      "start_time": 1120.55
    }
  },
  {
    "ar_type": "Specialization",
    "source": {
      "act": "Sorry y y yeah, if I can interrupt you. Well d p 'kay, do you wanna say anything about um slide controls?",
      "ae_type": "Open issue",
      "end_time": 1033.85,
      "speaker_id": "A",
      "start_time": 1026.37
    },
    "target": {
      "act": "Okay, so we we're looking at sliders for both a uh volume and channel change",
      "ae_type": "Statement",
      "end_time": 1127.93,
      "speaker_id": "A",
      "start_time": 1121.94
    }
  },
  {
    "ar_type": "Negative",
    "source": {
      "act": "Okay, so we we're looking at sliders for both a uh volume and channel change",
      "ae_type": "Statement",
      "end_time": 1127.93,
      "speaker_id": "A",
      "start_time": 1121.94
    },
    "target": {
      "act": "Um well I was thinking kind of just for the volume, but what what do you guys think?",
      "ae_type": "A/B issue",
      "end_time": 1135.33,
      "speaker_id": "C",
      "start_time": 1129.59
    }
  },
  {
    "ar_type": "Positive",
    "source": {
      "act": "Um well I was thinking kind of just for the volume, but what what do you guys think?",
      "ae_type": "A/B issue",
      "end_time": 1135.33,
      "speaker_id": "C",
      "start_time": 1129.59
    },
    "target": {
      "act": "I dunno if it depending on the final shape of it, 'cause you could have like, I dunno, it looks like you can c control the volume with your thumb, and then you could control the buttons with your fingers.",
      "ae_type": "Weak statement",
      "end_time": 1143.94,
      "speaker_id": "D",
      "start_time": 1134.72
    }
  },
  {
    "ar_type": "Positive",
    "source": {
      "act": "I dunno if it depending on the final shape of it, 'cause you could have like, I dunno, it looks like you can c control the volume with your thumb, and then you could control the buttons with your fingers.",
      "ae_type": "Weak statement",
      "end_time": 1143.94,
      "speaker_id": "D",
      "start_time": 1134.72
    },
    "target": {
      "act": "Yeah, yeah.",
      "ae_type": "Statement",
      "end_time": 1144.4,
      "speaker_id": "C",
      "start_time": 1142.6
    }
  },
  {
    "ar_type": "Positive",
    "source": {
      "act": "I dunno if it depending on the final shape of it, 'cause you could have like, I dunno, it looks like you can c control the volume with your thumb, and then you could control the buttons with your fingers.",
      "ae_type": "Weak statement",
      "end_time": 1143.94,
      "speaker_id": "D",
      "start_time": 1134.72
    },
    "target": {
      "act": "Yeah, 'cause if yeah, in that kinda position the fingers would be better for pressing and the that for rolling, just the way it would",
      "ae_type": "Statement",
      "end_time": 1149.3,
      "speaker_id": "B",
      "start_time": 1143.19
    }
  },
  {
    "ar_type": "Positive",
    "source": {
      "act": "Um well I was thinking kind of just for the volume, but what what do you guys think?",
      "ae_type": "A/B issue",
      "end_time": 1135.33,
      "speaker_id": "C",
      "start_time": 1129.59
    },
    "target": {
      "act": "Fingers, yeah. I mean it's it's It yeah, I mean it it it seems to me that uh it uh it al also has the advantage that it it the two are clearly different, um that there's no no possibility of uh confusing the two. So okay. Right so uh that's sorry is that that all you want to say at the mo okay, fine.",
      "ae_type": "Statement",
      "end_time": 1166.56,
      "speaker_id": "A",
      "start_time": 1143.54
    }
  },
  {
    "ar_type": "Positive",
    "source": {
      "act": "Fingers, yeah. I mean it's it's It yeah, I mean it it it seems to me that uh it uh it al also has the advantage that it it the two are clearly different, um that there's no no possibility of uh confusing the two. So okay. Right so uh that's sorry is that that all you want to say at the mo okay, fine.",
      "ae_type": "Statement",
      "end_time": 1166.56,
      "speaker_id": "A",
      "start_time": 1143.54
    },
    "target": {
      "act": "Yeah.",
      "ae_type": "Statement",
      "end_time": 1149.8,
      "speaker_id": "C",
      "start_time": 1149.37
    }
  },
  {
    "ar_type": "Positive",
    "source": {
      "act": "Fingers, yeah. I mean it's it's It yeah, I mean it it it seems to me that uh it uh it al also has the advantage that it it the two are clearly different, um that there's no no possibility of uh confusing the two. So okay. Right so uh that's sorry is that that all you want to say at the mo okay, fine.",
      "ae_type": "Statement",
      "end_time": 1166.56,
      "speaker_id": "A",
      "start_time": 1143.54
    },
    "target": {
      "act": "Mm yeah, yeah, yeah.",
      "ae_type": "Statement",
      "end_time": 1155.12,
      "speaker_id": "B",
      "start_time": 1153.19
    }
  },
  {
    "ar_type": "Positive",
    "source": {
      "act": "Fingers, yeah. I mean it's it's It yeah, I mean it it it seems to me that uh it uh it al also has the advantage that it it the two are clearly different, um that there's no no possibility of uh confusing the two. So okay. Right so uh that's sorry is that that all you want to say at the mo okay, fine.",
      "ae_type": "Statement",
      "end_time": 1166.56,
      "speaker_id": "A",
      "start_time": 1143.54
    },
    "target": {
      "act": "Oh yeah, yeah.",
      "ae_type": "Statement",
      "end_time": 1154.89,
      "speaker_id": "D",
      "start_time": 1154.07
    }
  },
  {
    "ar_type": "Option",
    "source": {
      "act": "if we could save depending on the cost of the product itself",
      "ae_type": "Open issue",
      "end_time": 1345.45,
      "speaker_id": "D",
      "start_time": 1341.93
    },
    "target": {
      "act": "you know, could we have uh a cheaper b cheaper power source and then just have it annually renewed?",
      "ae_type": "Statement",
      "end_time": 1351.21,
      "speaker_id": "D",
      "start_time": 1345.45
    }
  },
  {
    "ar_type": "Elaboration",
    "source": {
      "act": "you know, could we have uh a cheaper b cheaper power source and then just have it annually renewed?",
      "ae_type": "Statement",
      "end_time": 1351.21,
      "speaker_id": "D",
      "start_time": 1345.45
    },
    "target": {
      "act": "Instead of having a ten year guarantee?",
      "ae_type": "Statement",
      "end_time": 1355.44,
      "speaker_id": "D",
      "start_time": 1352.75
    }
  },
  {
    "ar_type": "Option",
    "source": {
      "act": "if we could save depending on the cost of the product itself",
      "ae_type": "Open issue",
      "end_time": 1345.45,
      "speaker_id": "D",
      "start_time": 1341.93
    },
    "target": {
      "act": "With interchangeable covers, could just buy a new one every year, a new one when new fashions come out.",
      "ae_type": "Statement",
      "end_time": 1360.27,
      "speaker_id": "D",
      "start_time": 1355.44
    }
  },
  {
    "ar_type": "Positive",
    "source": {
      "act": "With interchangeable covers, could just buy a new one every year, a new one when new fashions come out.",
      "ae_type": "Statement",
      "end_time": 1360.27,
      "speaker_id": "D",
      "start_time": 1355.44
    },
    "target": {
      "act": "Yeah.",
      "ae_type": "Statement",
      "end_time": 1359.5,
      "speaker_id": "C",
      "start_time": 1359.12
    }
  },
  {
    "ar_type": "Positive",
    "source": {
      "act": "With interchangeable covers, could just buy a new one every year, a new one when new fashions come out.",
      "ae_type": "Statement",
      "end_time": 1360.27,
      "speaker_id": "D",
      "start_time": 1355.44
    },
    "target": {
      "act": "I I mean it its uh I that's an interesting idea, it's like the old Swatch watch where uh um on only batteries ever got changed in those, 'cause people just bought a new one when it went out of fashion, but it's just never been seen as a a fashion item before.",
      "ae_type": "Statement",
      "end_time": 1378.62,
      "speaker_id": "A",
      "start_time": 1362.85
    }
  },
  {
    "ar_type": "Subject-to",
    "source": {
      "act": "I I mean it its uh I that's an interesting idea, it's like the old Swatch watch where uh um on only batteries ever got changed in those, 'cause people just bought a new one when it went out of fashion, but it's just never been seen as a a fashion item before.",
      "ae_type": "Statement",
      "end_time": 1378.62,
      "speaker_id": "A",
      "start_time": 1362.85
    },
    "target": {
      "act": "Um that's yes if if if they're made in sufficient quantity",
      "ae_type": "Statement",
      "end_time": 1383.26,
      "speaker_id": "A",
      "start_time": 1378.62
    }
  },
  {
    "ar_type": "Positive",
    "source": {
      "act": "I I mean it its uh I that's an interesting idea, it's like the old Swatch watch where uh um on only batteries ever got changed in those, 'cause people just bought a new one when it went out of fashion, but it's just never been seen as a a fashion item before.",
      "ae_type": "Statement",
      "end_time": 1378.62,
      "speaker_id": "A",
      "start_time": 1362.85
    },
    "target": {
      "act": "Yeah.",
      "ae_type": "Statement",
      "end_time": 1378.63,
      "speaker_id": "D",
      "start_time": 1378.27
    }
  },
  {
    "ar_type": "Positive",
    "source": {
      "act": "With interchangeable covers, could just buy a new one every year, a new one when new fashions come out.",
      "ae_type": "Statement",
      "end_time": 1360.27,
      "speaker_id": "D",
      "start_time": 1355.44
    },
    "target": {
      "act": "I think it's easier sometimes to have them buy changeable covers for it than to buy a whole new one, because you don't feel like you're investing in a whole new product.",
      "ae_type": "Statement",
      "end_time": 1391.22,
      "speaker_id": "B",
      "start_time": 1383.52
    }
  },
  {
    "ar_type": "Positive",
    "source": {
      "act": "W I mean we we can uh uh b but I mean my feeling is that current power sources are such that for relatively little cost you can make it last, you know, a long time. Um but if we also make it cheap enough that people either change the cover every year or even buy a new one every year then it it's it's even better.",
      "ae_type": "Statement",
      "end_time": 1409.73,
      "speaker_id": "A",
      "start_time": 1391.16
    },
    "target": {
      "act": "Yeah.",
      "ae_type": "Statement",
      "end_time": 1395.09,
      "speaker_id": "B",
      "start_time": 1394.75
    }
  },
  {
    "ar_type": "Option",
    "source": {
      "act": "I think it's easier sometimes to have them buy changeable covers for it than to buy a whole new one, because you don't feel like you're investing in a whole new product.",
      "ae_type": "Statement",
      "end_time": 1391.22,
      "speaker_id": "B",
      "start_time": 1383.52
    },
    "target": {
      "act": "W I mean we we can uh uh b but I mean my feeling is that current power sources are such that for relatively little cost you can make it last, you know, a long time. Um but if we also make it cheap enough that people either change the cover every year or even buy a new one every year then it it's it's even better.",
      "ae_type": "Statement",
      "end_time": 1409.73,
      "speaker_id": "A",
      "start_time": 1391.16
    }
  },
  {
    "ar_type": "Option",
    "source": {
      "act": "With interchangeable covers, could just buy a new one every year, a new one when new fashions come out.",
      "ae_type": "Statement",
      "end_time": 1360.27,
      "speaker_id": "D",
      "start_time": 1355.44
    },
    "target": {
      "act": "What if we included the batteries in the cover?",
      "ae_type": "Statement",
      "end_time": 1412.8,
      "speaker_id": "C",
      "start_time": 1410.1
    }
  },
  {
    "ar_type": "Uncertain",
    "source": {
      "act": "What if we included the batteries in the cover?",
      "ae_type": "Statement",
      "end_time": 1412.8,
      "speaker_id": "C",
      "start_time": 1410.1
    },
    "target": {
      "act": "Mm-hmm.",
      "ae_type": "Statement",
      "end_time": 1410.92,
      "speaker_id": "D",
      "start_time": 1410.47
    }
  },
  {
    "ar_type": "Positive",
    "source": {
      "act": "What if we included the batteries in the cover?",
      "ae_type": "Statement",
      "end_time": 1412.8,
      "speaker_id": "C",
      "start_time": 1410.1
    },
    "target": {
      "act": "Oh yeah. I like that. That all c also kind of encourages 'em to buy new covers and yeah.",
      "ae_type": "Statement",
      "end_time": 1419.45,
      "speaker_id": "B",
      "start_time": 1413.67
    }
  },
  {
    "ar_type": "Request",
    "source": {
      "act": "What if we included the batteries in the cover?",
      "ae_type": "Statement",
      "end_time": 1412.8,
      "speaker_id": "C",
      "start_time": 1410.1
    },
    "target": {
      "act": "Yeah, so can I see that thing? Just this as examples.",
      "ae_type": "Yes/No issue",
      "end_time": 1424.22,
      "speaker_id": "C",
      "start_time": 1419.12
    }
  },
  {
    "ar_type": "Negative",
    "source": {
      "act": "What if we included the batteries in the cover?",
      "ae_type": "Statement",
      "end_time": 1412.8,
      "speaker_id": "C",
      "start_time": 1410.1
    },
    "target": {
      "act": "Yeah, yeah, I n I know the only p I mean the the the the immediate thing that comes to mind with that is that it it it y you've then got the connection and you've immediately got a sort of unreliability, whereas the advantage of having it plumbed in is that that the whole thing is all, you know, completely soldered together and it it it you know, total reliability, but I mean I d I I uh",
      "ae_type": "Weak statement",
      "end_time": 1444.4,
      "speaker_id": "A",
      "start_time": 1423.17
    }
  },
  {
    "ar_type": "Positive",
    "source": {
      "act": "Yeah, yeah, I n I know the only p I mean the the the the immediate thing that comes to mind with that is that it it it y you've then got the connection and you've immediately got a sort of unreliability, whereas the advantage of having it plumbed in is that that the whole thing is all, you know, completely soldered together and it it it you know, total reliability, but I mean I d I I uh",
      "ae_type": "Weak statement",
      "end_time": 1444.4,
      "speaker_id": "A",
      "start_time": 1423.17
    },
    "target": {
      "act": "Uh yeah.",
      "ae_type": "Statement",
      "end_time": 1434.26,
      "speaker_id": "B",
      "start_time": 1433.53
    }
  },
  {
    "ar_type": "Positive",
    "source": {
      "act": "Yeah, yeah, I n I know the only p I mean the the the the immediate thing that comes to mind with that is that it it it y you've then got the connection and you've immediately got a sort of unreliability, whereas the advantage of having it plumbed in is that that the whole thing is all, you know, completely soldered together and it it it you know, total reliability, but I mean I d I I uh",
      "ae_type": "Weak statement",
      "end_time": 1444.4,
      "speaker_id": "A",
      "start_time": 1423.17
    },
    "target": {
      "act": "true.",
      "ae_type": "Statement",
      "end_time": 1442.66,
      "speaker_id": "C",
      "start_time": 1441.43
    }
  },
  {
    "ar_type": "Positive",
    "source": {
      "act": "What if we included the batteries in the cover?",
      "ae_type": "Statement",
      "end_time": 1412.8,
      "speaker_id": "C",
      "start_time": 1410.1
    },
    "target": {
      "act": "Or well, but like uh like more than just the battery, like a complete different like you've only got like, you know like th uh this bit's the bit you keep, and this is the expensive bit, this is like the chip and this is the microphone. And then this is the power source and the bit everyone sees. And then",
      "ae_type": "Statement",
      "end_time": 1465.52,
      "speaker_id": "D",
      "start_time": 1448.06
    }
  },
  {
    "ar_type": "Positive",
    "source": {
      "act": "Well that that's just it with the covers, you're sort of tricking 'em into continuing to spend their money on our products without making 'em feel like they're being ripped off having to buy a new product. So, yeah.",
      "ae_type": "Statement",
      "end_time": 1512.29,
      "speaker_id": "B",
      "start_time": 1503.33
    },
    "target": {
      "act": "Yeah.",
      "ae_type": "Statement",
      "end_time": 1503.92,
      "speaker_id": "C",
      "start_time": 1503.59
    }
  },
  {
    "ar_type": "Negative",
    "source": {
      "act": "Or well, but like uh like more than just the battery, like a complete different like you've only got like, you know like th uh this bit's the bit you keep, and this is the expensive bit, this is like the chip and this is the microphone. And then this is the power source and the bit everyone sees. And then",
      "ae_type": "Statement",
      "end_time": 1465.52,
      "speaker_id": "D",
      "start_time": 1448.06
    },
    "target": {
      "act": "I th I s I think if we're gonna go down that route, then we're talking about uh even if it costs slightly more than that, um just building the whole thing in one, then having getting cheaper production costs um and, you know giving people the option of buying a new uh a a complete new thing,",
      "ae_type": "Statement",
      "end_time": 1482.84,
      "speaker_id": "A",
      "start_time": 1465.62
    }
  },
  {
    "ar_type": "Positive",
    "source": {
      "act": "With interchangeable covers, could just buy a new one every year, a new one when new fashions come out.",
      "ae_type": "Statement",
      "end_time": 1360.27,
      "speaker_id": "D",
      "start_time": 1355.44
    },
    "target": {
      "act": "the advantage of a replaceable cover is that even if they don't it doesn't have a cover on at all, it will still work um totally. Um then if, you know, if people lose the cover, I mean they they might be well inclined to go out and spend however many Euros on a on a new one um rather than a a complete new re remote.",
      "ae_type": "Statement",
      "end_time": 1504.17,
      "speaker_id": "A",
      "start_time": 1482.84
    }
  },
  {
    "ar_type": "Positive",
    "source": {
      "act": "the advantage of a replaceable cover is that even if they don't it doesn't have a cover on at all, it will still work um totally. Um then if, you know, if people lose the cover, I mean they they might be well inclined to go out and spend however many Euros on a on a new one um rather than a a complete new re remote.",
      "ae_type": "Statement",
      "end_time": 1504.17,
      "speaker_id": "A",
      "start_time": 1482.84
    },
    "target": {
      "act": "Yeah, you probably are right.",
      "ae_type": "Weak statement",
      "end_time": 1475.06,
      "speaker_id": "D",
      "start_time": 1473.95
    }
  },
  {
    "ar_type": "Positive",
    "source": {
      "act": "the advantage of a replaceable cover is that even if they don't it doesn't have a cover on at all, it will still work um totally. Um then if, you know, if people lose the cover, I mean they they might be well inclined to go out and spend however many Euros on a on a new one um rather than a a complete new re remote.",
      "ae_type": "Statement",
      "end_time": 1504.17,
      "speaker_id": "A",
      "start_time": 1482.84
    },
    "target": {
      "act": "Yeah, that's true.",
      "ae_type": "Statement",
      "end_time": 1489.37,
      "speaker_id": "C",
      "start_time": 1488.26
    }
  },
  {
    "ar_type": "Positive",
    "source": {
      "act": "the advantage of a replaceable cover is that even if they don't it doesn't have a cover on at all, it will still work um totally. Um then if, you know, if people lose the cover, I mean they they might be well inclined to go out and spend however many Euros on a on a new one um rather than a a complete new re remote.",
      "ae_type": "Statement",
      "end_time": 1504.17,
      "speaker_id": "A",
      "start_time": 1482.84
    },
    "target": {
      "act": "Well that that's just it with the covers, you're sort of tricking 'em into continuing to spend their money on our products without making 'em feel like they're being ripped off having to buy a new product. So, yeah.",
      "ae_type": "Statement",
      "end_time": 1512.29,
      "speaker_id": "B",
      "start_time": 1503.33
    }
  },
  {
    "ar_type": "Positive",
    "source": {
      "act": "Well that that's just it with the covers, you're sort of tricking 'em into continuing to spend their money on our products without making 'em feel like they're being ripped off having to buy a new product. So, yeah.",
      "ae_type": "Statement",
      "end_time": 1512.29,
      "speaker_id": "B",
      "start_time": 1503.33
    },
    "target": {
      "act": "Yeah, I mean it is it's up to it's up to",
      "ae_type": "Statement",
      "end_time": 1512.51,
      "speaker_id": "A",
      "start_time": 1510.4
    }
  },
  {
    "ar_type": "Positive",
    "source": {
      "act": "Well that that's just it with the covers, you're sort of tricking 'em into continuing to spend their money on our products without making 'em feel like they're being ripped off having to buy a new product. So, yeah.",
      "ae_type": "Statement",
      "end_time": 1512.29,
      "speaker_id": "B",
      "start_time": 1503.33
    },
    "target": {
      "act": "Yeah, just another five Euro to get",
      "ae_type": "Statement",
      "end_time": 1513.25,
      "speaker_id": "C",
      "start_time": 1510.74
    }
  },
  {
    "ar_type": "Positive",
    "source": {
      "act": "Yeah, just another five Euro to get",
      "ae_type": "Statement",
      "end_time": 1513.25,
      "speaker_id": "C",
      "start_time": 1510.74
    },
    "target": {
      "act": "Yeah.",
      "ae_type": "Statement",
      "end_time": 1513.66,
      "speaker_id": "B",
      "start_time": 1513.22
    }
  },
  {
    "ar_type": "Positive",
    "source": {
      "act": "With interchangeable covers, could just buy a new one every year, a new one when new fashions come out.",
      "ae_type": "Statement",
      "end_time": 1360.27,
      "speaker_id": "D",
      "start_time": 1355.44
    },
    "target": {
      "act": "Yeah, it's it's up to our marketing people to to ma to ma turn it into a a fashion item. Um and, you know, as as external fashions change, then we get new new covers on the market and, you know, readily available. And um",
      "ae_type": "Statement",
      "end_time": 1527.48,
      "speaker_id": "A",
      "start_time": 1513.51
    }
  },
  {
    "ar_type": "Positive",
    "source": {
      "act": "Yeah, it's it's up to our marketing people to to ma to ma turn it into a a fashion item. Um and, you know, as as external fashions change, then we get new new covers on the market and, you know, readily available. And um",
      "ae_type": "Statement",
      "end_time": 1527.48,
      "speaker_id": "A",
      "start_time": 1513.51
    },
    "target": {
      "act": "Right.",
      "ae_type": "Statement",
      "end_time": 1515.93,
      "speaker_id": "C",
      "start_time": 1515.63
    }
  },
  {
    "ar_type": "Positive",
    "source": {
      "act": "Yeah, it's it's up to our marketing people to to ma to ma turn it into a a fashion item. Um and, you know, as as external fashions change, then we get new new covers on the market and, you know, readily available. And um",
      "ae_type": "Statement",
      "end_time": 1527.48,
      "speaker_id": "A",
      "start_time": 1513.51
    },
    "target": {
      "act": "Mm, yeah.",
      "ae_type": "Statement",
      "end_time": 1518.56,
      "speaker_id": "B",
      "start_time": 1517.9
    }
  },
  {
    "ar_type": "Positive",
    "source": {
      "act": "With interchangeable covers, could just buy a new one every year, a new one when new fashions come out.",
      "ae_type": "Statement",
      "end_time": 1360.27,
      "speaker_id": "D",
      "start_time": 1355.44
    },
    "target": {
      "act": "And that's the sort of thing, once you get the mould set, you can just whip out different colours, different pictures very very quickly. Yeah, yeah, exactly, exactly.",
      "ae_type": "Statement",
      "end_time": 1533.89,
      "speaker_id": "B",
      "start_time": 1526.85
    }
  },
  {
    "ar_type": "Positive",
    "source": {
      "act": "And that's the sort of thing, once you get the mould set, you can just whip out different colours, different pictures very very quickly. Yeah, yeah, exactly, exactly.",
      "ae_type": "Statement",
      "end_time": 1533.89,
      "speaker_id": "B",
      "start_time": 1526.85
    },
    "target": {
      "act": "that's that's right, yeah, yeah.",
      "ae_type": "Statement",
      "end_time": 1533.91,
      "speaker_id": "A",
      "start_time": 1532.06
    }
  },
  {
    "ar_type": "Positive",
    "source": {
      "act": "And that's the sort of thing, once you get the mould set, you can just whip out different colours, different pictures very very quickly. Yeah, yeah, exactly, exactly.",
      "ae_type": "Statement",
      "end_time": 1533.89,
      "speaker_id": "B",
      "start_time": 1526.85
    },
    "target": {
      "act": "Yeah, like they have for mobile phones that are just fruits and animal prints and colours. Yeah, okay.",
      "ae_type": "Statement",
      "end_time": 1537.43,
      "speaker_id": "C",
      "start_time": 1530.55
    }
  },
  {
    "ar_type": "Positive",
    "source": {
      "act": "Yeah, like they have for mobile phones that are just fruits and animal prints and colours. Yeah, okay.",
      "ae_type": "Statement",
      "end_time": 1537.43,
      "speaker_id": "C",
      "start_time": 1530.55
    },
    "target": {
      "act": "Yeah.",
      "ae_type": "Statement",
      "end_time": 1535.76,
      "speaker_id": "B",
      "start_time": 1535.4
    }
  },
  {
    "ar_type": "Positive",
    "source": {
      "act": "Um I'm just I'm suddenly realising that yeah we're discussing how much how good it's gonna be to change channels t we still can just tell it to. I mean are we are we starting to get away from the the voice functionality of it?",
      "ae_type": "Yes/No issue",
      "end_time": 1768.32,
      "speaker_id": "D",
      "start_time": 1757.71
    },
    "target": {
      "act": "It's a very good point.",
      "ae_type": "Statement",
      "end_time": 1774.85,
      "speaker_id": "A",
      "start_time": 1773.95
    }
  },
  {
    "ar_type": "Positive",
    "source": {
      "act": "Um I'm just I'm suddenly realising that yeah we're discussing how much how good it's gonna be to change channels t we still can just tell it to. I mean are we are we starting to get away from the the voice functionality of it?",
      "ae_type": "Yes/No issue",
      "end_time": 1768.32,
      "speaker_id": "D",
      "start_time": 1757.71
    },
    "target": {
      "act": "It is a very good point.",
      "ae_type": "Statement",
      "end_time": 1776.47,
      "speaker_id": "C",
      "start_time": 1775.06
    }
  },
  {
    "ar_type": "Positive",
    "source": {
      "act": "It is a very good point.",
      "ae_type": "Statement",
      "end_time": 1776.47,
      "speaker_id": "C",
      "start_time": 1775.06
    },
    "target": {
      "act": "Yeah.",
      "ae_type": "Statement",
      "end_time": 1775.61,
      "speaker_id": "B",
      "start_time": 1775.3
    }
  },
  {
    "ar_type": "Option",
    "source": {
      "act": "Um I'm just I'm suddenly realising that yeah we're discussing how much how good it's gonna be to change channels t we still can just tell it to. I mean are we are we starting to get away from the the voice functionality of it?",
      "ae_type": "Yes/No issue",
      "end_time": 1768.32,
      "speaker_id": "D",
      "start_time": 1757.71
    },
    "target": {
      "act": "I think we d I think we decided that w we're actually going down both routes. That um the we n we need the the manual controls and that they should be of that form, but that uh yeah",
      "ae_type": "Statement",
      "end_time": 1790.68,
      "speaker_id": "A",
      "start_time": 1776.61
    }
  },
  {
    "ar_type": "Positive",
    "source": {
      "act": "I think we d I think we decided that w we're actually going down both routes. That um the we n we need the the manual controls and that they should be of that form, but that uh yeah",
      "ae_type": "Statement",
      "end_time": 1790.68,
      "speaker_id": "A",
      "start_time": 1776.61
    },
    "target": {
      "act": "Yeah, yeah.",
      "ae_type": "Statement",
      "end_time": 1782.72,
      "speaker_id": "B",
      "start_time": 1781.64
    }
  },
  {
    "ar_type": "Positive",
    "source": {
      "act": "I think we d I think we decided that w we're actually going down both routes. That um the we n we need the the manual controls and that they should be of that form, but that uh yeah",
      "ae_type": "Statement",
      "end_time": 1790.68,
      "speaker_id": "A",
      "start_time": 1776.61
    },
    "target": {
      "act": "Yeah.",
      "ae_type": "Statement",
      "end_time": 1782.28,
      "speaker_id": "C",
      "start_time": 1781.76
    }
  },
  {
    "ar_type": "Positive",
    "source": {
      "act": "But do you know, this shape also kind of les lend itself to to voice 'cause if you're you're holding it and you're fiddling, but you can also bring it up like that and it's microphone-esque, yeah, yeah.",
      "ae_type": "Statement",
      "end_time": 1799.84,
      "speaker_id": "B",
      "start_time": 1790.0
    },
    "target": {
      "act": "Then you just bring it up to your mouth and just speak to it, yeah, yeah.",
      "ae_type": "Statement",
      "end_time": 1798.79,
      "speaker_id": "A",
      "start_time": 1795.46
    }
  },
  {
    "ar_type": "Positive",
    "source": {
      "act": "Then you just bring it up to your mouth and just speak to it, yeah, yeah.",
      "ae_type": "Statement",
      "end_time": 1798.79,
      "speaker_id": "A",
      "start_time": 1795.46
    },
    "target": {
      "act": "Yeah, and just say",
      "ae_type": "Statement",
      "end_time": 1797.79,
      "speaker_id": "C",
      "start_time": 1796.96
    }
  },
  {
    "ar_type": "Negative",
    "source": {
      "act": "I think we d I think we decided that w we're actually going down both routes. That um the we n we need the the manual controls and that they should be of that form, but that uh yeah",
      "ae_type": "Statement",
      "end_time": 1790.68,
      "speaker_id": "A",
      "start_time": 1776.61
    },
    "target": {
      "act": "But do you know, this shape also kind of les lend itself to to voice 'cause if you're you're holding it and you're fiddling, but you can also bring it up like that and it's microphone-esque, yeah, yeah.",
      "ae_type": "Statement",
      "end_time": 1799.84,
      "speaker_id": "B",
      "start_time": 1790.0
    }
  },
  {
    "ar_type": "Option",
    "source": {
      "act": "But do you know, this shape also kind of les lend itself to to voice 'cause if you're you're holding it and you're fiddling, but you can also bring it up like that and it's microphone-esque, yeah, yeah.",
      "ae_type": "Statement",
      "end_time": 1799.84,
      "speaker_id": "B",
      "start_time": 1790.0
    },
    "target": {
      "act": "Yeah, maybe we cou like w like we're leaving out the buttons for the the f less frequently used stuff, but maybe we could incorporate that into the voice.",
      "ae_type": "Weak statement",
      "end_time": 1806.8,
      "speaker_id": "D",
      "start_time": 1799.15
    }
  },
  {
    "ar_type": "Uncertain",
    "source": {
      "act": "Yeah, maybe we cou like w like we're leaving out the buttons for the the f less frequently used stuff, but maybe we could incorporate that into the voice.",
      "ae_type": "Weak statement",
      "end_time": 1806.8,
      "speaker_id": "D",
      "start_time": 1799.15
    },
    "target": {
      "act": "Mm.",
      "ae_type": "Statement",
      "end_time": 1805.6,
      "speaker_id": "B",
      "start_time": 1805.06
    }
  },
  {
    "ar_type": "Negative",
    "source": {
      "act": "Yeah, maybe we cou like w like we're leaving out the buttons for the the f less frequently used stuff, but maybe we could incorporate that into the voice.",
      "ae_type": "Weak statement",
      "end_time": 1806.8,
      "speaker_id": "D",
      "start_time": 1799.15
    },
    "target": {
      "act": "I th I th honest uh my personal view is that if it's not there, people wouldn't use it anyway um.",
      "ae_type": "Statement",
      "end_time": 1814.78,
      "speaker_id": "A",
      "start_time": 1807.44
    }
  },
  {
    "ar_type": "Negative",
    "source": {
      "act": "I th I th honest uh my personal view is that if it's not there, people wouldn't use it anyway um.",
      "ae_type": "Statement",
      "end_time": 1814.78,
      "speaker_id": "A",
      "start_time": 1807.44
    },
    "target": {
      "act": "Mm I suppose, but t there is the off chance that, you know, th the brightness is wrong on your T_V_ or the contrast needs changing.",
      "ae_type": "Weak statement",
      "end_time": 1819.61,
      "speaker_id": "D",
      "start_time": 1813.56
    }
  },
  {
    "ar_type": "Negative",
    "source": {
      "act": "Yeah, maybe we cou like w like we're leaving out the buttons for the the f less frequently used stuff, but maybe we could incorporate that into the voice.",
      "ae_type": "Weak statement",
      "end_time": 1806.8,
      "speaker_id": "D",
      "start_time": 1799.15
    },
    "target": {
      "act": "It's cer it's certainly possible I mean, but they we we're going beyond w w given the state of the technology we want something that we kno we know will will work um.",
      "ae_type": "Statement",
      "end_time": 1832.69,
      "speaker_id": "A",
      "start_time": 1819.97
    }
  },
  {
    "ar_type": "Positive",
    "source": {
      "act": "It's cer it's certainly possible I mean, but they we we're going beyond w w given the state of the technology we want something that we kno we know will will work um.",
      "ae_type": "Statement",
      "end_time": 1832.69,
      "speaker_id": "A",
      "start_time": 1819.97
    },
    "target": {
      "act": "Hmm yeah",
      "ae_type": "Statement",
      "end_time": 1832.08,
      "speaker_id": "D",
      "start_time": 1831.32
    }
  },
  {
    "ar_type": "Option",
    "source": {
      "act": "But do you know, this shape also kind of les lend itself to to voice 'cause if you're you're holding it and you're fiddling, but you can also bring it up like that and it's microphone-esque, yeah, yeah.",
      "ae_type": "Statement",
      "end_time": 1799.84,
      "speaker_id": "B",
      "start_time": 1790.0
    },
    "target": {
      "act": "Well you can still i incorporate the voice with with less buttons. I mean uh if the power button was also somehow like a menu button you could press that and or do voice commands, and either volume thing could also be to scroll through other options like y and you could scroll through brightness and and sc and then you can you can minimise the buttons and still have those, you know, brightness and tint and stuff.",
      "ae_type": "Statement",
      "end_time": 1852.64,
      "speaker_id": "B",
      "start_time": 1832.36
    }
  },
  {
    "ar_type": "Positive",
    "source": {
      "act": "Well you can still i incorporate the voice with with less buttons. I mean uh if the power button was also somehow like a menu button you could press that and or do voice commands, and either volume thing could also be to scroll through other options like y and you could scroll through brightness and and sc and then you can you can minimise the buttons and still have those, you know, brightness and tint and stuff.",
      "ae_type": "Statement",
      "end_time": 1852.64,
      "speaker_id": "B",
      "start_time": 1832.36
    },
    "target": {
      "act": "Yeah, that's a good idea.",
      "ae_type": "Statement",
      "end_time": 1846.87,
      "speaker_id": "D",
      "start_time": 1845.92
    }
  },
  {
    "ar_type": "Positive",
    "source": {
      "act": "Well you can still i incorporate the voice with with less buttons. I mean uh if the power button was also somehow like a menu button you could press that and or do voice commands, and either volume thing could also be to scroll through other options like y and you could scroll through brightness and and sc and then you can you can minimise the buttons and still have those, you know, brightness and tint and stuff.",
      "ae_type": "Statement",
      "end_time": 1852.64,
      "speaker_id": "B",
      "start_time": 1832.36
    },
    "target": {
      "act": "Yeah, I suppose I sup",
      "ae_type": "Statement",
      "end_time": 1848.17,
      "speaker_id": "C",
      "start_time": 1846.75
    }
  },
  {
    "ar_type": "Positive",
    "source": {
      "act": "Well you can still i incorporate the voice with with less buttons. I mean uh if the power button was also somehow like a menu button you could press that and or do voice commands, and either volume thing could also be to scroll through other options like y and you could scroll through brightness and and sc and then you can you can minimise the buttons and still have those, you know, brightness and tint and stuff.",
      "ae_type": "Statement",
      "end_time": 1852.64,
      "speaker_id": "B",
      "start_time": 1832.36
    },
    "target": {
      "act": "Yeah.",
      "ae_type": "Statement",
      "end_time": 1850.87,
      "speaker_id": "A",
      "start_time": 1850.61
    }
  },
  {
    "ar_type": "Positive",
    "source": {
      "act": "I think we d I think we decided that w we're actually going down both routes. That um the we n we need the the manual controls and that they should be of that form, but that uh yeah",
      "ae_type": "Statement",
      "end_time": 1790.68,
      "speaker_id": "A",
      "start_time": 1776.61
    },
    "target": {
      "act": "If we we're I mean I'm getting a clear message that we think that we should have those facilities available.",
      "ae_type": "Statement",
      "end_time": 1857.17,
      "speaker_id": "A",
      "start_time": 1852.29
    }
  },
  {
    "ar_type": "Positive",
    "source": {
      "act": "If we we're I mean I'm getting a clear message that we think that we should have those facilities available.",
      "ae_type": "Statement",
      "end_time": 1857.17,
      "speaker_id": "A",
      "start_time": 1852.29
    },
    "target": {
      "act": "So I guess we could have a menu button as well. We could have the channels and the power and then a menu button and then the volume. So have four buttons and the volume instead of three buttons and the volume.",
      "ae_type": "Statement",
      "end_time": 1867.8,
      "speaker_id": "C",
      "start_time": 1857.16
    }
  },
  {
    "ar_type": "Positive",
    "source": {
      "act": "So I guess we could have a menu button as well. We could have the channels and the power and then a menu button and then the volume. So have four buttons and the volume instead of three buttons and the volume.",
      "ae_type": "Statement",
      "end_time": 1867.8,
      "speaker_id": "C",
      "start_time": 1857.16
    },
    "target": {
      "act": "Yeah",
      "ae_type": "Statement",
      "end_time": 1858.3,
      "speaker_id": "B",
      "start_time": 1858.11
    }
  },
  {
    "ar_type": "Positive",
    "source": {
      "act": "So I guess we could have a menu button as well. We could have the channels and the power and then a menu button and then the volume. So have four buttons and the volume instead of three buttons and the volume.",
      "ae_type": "Statement",
      "end_time": 1867.8,
      "speaker_id": "C",
      "start_time": 1857.16
    },
    "target": {
      "act": "Yeah.",
      "ae_type": "Statement",
      "end_time": 1863.11,
      "speaker_id": "B",
      "start_time": 1862.31
    }
  },
  {
    "ar_type": "Subject-to",
    "source": {
      "act": "So I guess we could have a menu button as well. We could have the channels and the power and then a menu button and then the volume. So have four buttons and the volume instead of three buttons and the volume.",
      "ae_type": "Statement",
      "end_time": 1867.8,
      "speaker_id": "C",
      "start_time": 1857.16
    },
    "target": {
      "act": "Okay, if we if we're going down that route, then",
      "ae_type": "Statement",
      "end_time": 1872.8,
      "speaker_id": "A",
      "start_time": 1869.6
    }
  }
]