[
  {
    "dialog_act": "Thank you for coming to this third meeting of the uh uh design group.",
    "dialog_act_end_id": 3,
    "dialog_act_start_id": 3,
    "speaker_id": "A",
    "type": {
      "main_type": "Other",
      "sub_type": "Be-Positive"
    }
  },
  {
    "dialog_act": "Um I'll again very quickly uh just present some notes of that meeting. Um the the the problem with existing remote controls, we felt, was that they're ugly",
    "dialog_act_end_id": 7,
    "dialog_act_start_id": 6,
    "speaker_id": "A",
    "type": {
      "main_type": "Other",
      "sub_type": "Offer"
    }
  },
  {
    "dialog_act": "Um they've got lots of buttons on them that uh people don't use",
    "dialog_act_end_id": 10,
    "dialog_act_start_id": 9,
    "speaker_id": "A",
    "type": {
      "main_type": "Task",
      "sub_type": "Inform"
    }
  },
  {
    "dialog_act": "Um and people lose them.",
    "dialog_act_end_id": 12,
    "dialog_act_start_id": 12,
    "speaker_id": "A",
    "type": {
      "main_type": "Task",
      "sub_type": "Inform"
    }
  },
  {
    "dialog_act": "um that we're we should look at speech recognition rather than r rather than buttons, and that if we have any buttons they should be very few of them and only for those functions that are actually identified that that people use.",
    "dialog_act_end_id": 15,
    "dialog_act_start_id": 14,
    "speaker_id": "A",
    "type": {
      "main_type": "Task",
      "sub_type": "Inform"
    }
  },
  {
    "dialog_act": "um we want to go for uh a long lasting battery",
    "dialog_act_end_id": 17,
    "dialog_act_start_id": 17,
    "speaker_id": "A",
    "type": {
      "main_type": "Task",
      "sub_type": "Inform"
    }
  },
  {
    "dialog_act": "and a shape that will be instantly recognisable, A_ um as uh a trendy remote control, and and B_ as uh a Real Reaction product.",
    "dialog_act_end_id": 19,
    "dialog_act_start_id": 19,
    "speaker_id": "A",
    "type": {
      "main_type": "Task",
      "sub_type": "Inform"
    }
  },
  {
    "dialog_act": "again um, I'll we'll have the three three presentations from the the the three of you and then uh we'll we'll make a a final a final uh decision. Um and the the decisions that we need to to make today, finally, are um what energy source we want to use,",
    "dialog_act_end_id": 24,
    "dialog_act_start_id": 22,
    "speaker_id": "A",
    "type": {
      "main_type": "Task",
      "sub_type": "Inform"
    }
  },
  {
    "dialog_act": "And uh I I think our discussion was around the fact that uh if we're gonna go for uh a long lasting power supply, then basically it's uh sealed for life",
    "dialog_act_end_id": 26,
    "dialog_act_start_id": 26,
    "speaker_id": "A",
    "type": {
      "main_type": "Task",
      "sub_type": "Inform"
    }
  },
  {
    "dialog_act": "um and uh this is where I need uh uh Kate's expert advice",
    "dialog_act_end_id": 31,
    "dialog_act_start_id": 31,
    "speaker_id": "A",
    "type": {
      "main_type": "Task",
      "sub_type": "Suggest"
    }
  },
  {
    "dialog_act": "um d d do we go for a custom designed chip? Or or do we buy one off the shelf and and programme it ourselves?",
    "dialog_act_end_id": 34,
    "dialog_act_start_id": 33,
    "speaker_id": "A",
    "type": {
      "main_type": "Elicit",
      "sub_type": "Elicit-Assessment"
    }
  },
  {
    "dialog_act": "we we had some discussions last time as as to uh how we might go forward and we'll we'll finalise those uh da today. Um and thi this is all linked in with the the the user interface,",
    "dialog_act_end_id": 45,
    "dialog_act_start_id": 43,
    "speaker_id": "A",
    "type": {
      "main_type": "Task",
      "sub_type": "Inform"
    }
  },
  {
    "dialog_act": "Uh and then uh, you know, f for the next meeting Kate will be looking at the the the s the look, feel and design, Kendra the uh ho how the the user actually uses it and and Andrew of course the the product evaluation. And uh Kate and Kendra will be producing a a model for us to uh to look at.",
    "dialog_act_end_id": 50,
    "dialog_act_start_id": 47,
    "speaker_id": "A",
    "type": {
      "main_type": "Task",
      "sub_type": "Inform"
    }
  },
  {
    "dialog_act": "I'll just be talking about the components design.",
    "dialog_act_end_id": 8,
    "dialog_act_start_id": 8,
    "speaker_id": "B",
    "type": {
      "main_type": "Other",
      "sub_type": "Offer"
    }
  },
  {
    "dialog_act": "basically I just uh looked at what exactly do remotes do. Uh basically they wait for you to press a key or give a voice command and then this is translated uh into uh light signals which are then seen by the T_V_. Uh the materials we're gonna need to look at uh the two big ones are the integrated circuit chip and the battery and the in integrated circuit chip uh works in conjunction with a a diode transistor or resonator, uh two more resistors and a capacitor and the battery works in conjunction with a resistor and a capacitor. Um. Uh basically what happens is you'll press a number or give a voice command and this creates a a connection within the the remote",
    "dialog_act_end_id": 19,
    "dialog_act_start_id": 11,
    "speaker_id": "B",
    "type": {
      "main_type": "Task",
      "sub_type": "Inform"
    }
  },
  {
    "dialog_act": "the chip then senses this connection and produces a signal in a Morse code format. This signal's sent to the transistor",
    "dialog_act_end_id": 23,
    "dialog_act_start_id": 21,
    "speaker_id": "B",
    "type": {
      "main_type": "Task",
      "sub_type": "Inform"
    }
  },
  {
    "dialog_act": "and then sends it on to the light emitting diode",
    "dialog_act_end_id": 25,
    "dialog_act_start_id": 25,
    "speaker_id": "B",
    "type": {
      "main_type": "Task",
      "sub_type": "Inform"
    }
  },
  {
    "dialog_act": "which is then trai changed into a infrared light",
    "dialog_act_end_id": 27,
    "dialog_act_start_id": 27,
    "speaker_id": "B",
    "type": {
      "main_type": "Task",
      "sub_type": "Inform"
    }
  },
  {
    "dialog_act": "as for how we should end up uh using this in our remote uh t couple of main questions are the buttons. Uh y the fewer buttons you have, I guess the fewer internal connections and internal codes you're gonna need. Um however uh to n not have buttons or to use a voice commands instead of buttons might make these connections more difficult",
    "dialog_act_end_id": 36,
    "dialog_act_start_id": 34,
    "speaker_id": "B",
    "type": {
      "main_type": "Task",
      "sub_type": "Inform"
    }
  },
  {
    "dialog_act": "Also we have to work within the company constraints, and the company has informed me via email that uh they're experts at pushbuttons and that seems to be the most uh cost-effective way of producing it. Um also with battery connections the company has some limits on the batteries we can use, so I was thinking perhaps a combination of solar cells with a back-up basic battery and somehow between the combination of that two we might be able to come up with something that uh will last the the lifetime or the five to ten years",
    "dialog_act_end_id": 44,
    "dialog_act_start_id": 39,
    "speaker_id": "B",
    "type": {
      "main_type": "Task",
      "sub_type": "Suggest"
    }
  },
  {
    "dialog_act": "Um we also need to look at the chips, uh v custom-designed versus off the shelf, and the custom-designed will give us much more flexibility and enable us to incorporate the voice function that we all uh seem to have agreed upon. Um, however that's gonna cost more, but uh the off the shelf is gonna be uh cheaper",
    "dialog_act_end_id": 50,
    "dialog_act_start_id": 46,
    "speaker_id": "B",
    "type": {
      "main_type": "Task",
      "sub_type": "Suggest"
    }
  },
  {
    "dialog_act": "but it's going to be less flexible with the features, especially things like uh voice activation,",
    "dialog_act_end_id": 52,
    "dialog_act_start_id": 52,
    "speaker_id": "B",
    "type": {
      "main_type": "Task",
      "sub_type": "Assess"
    }
  },
  {
    "dialog_act": "so if we were uh definitely gonna go with the the voice option we'd probably have to design um our own chip.",
    "dialog_act_end_id": 55,
    "dialog_act_start_id": 55,
    "speaker_id": "B",
    "type": {
      "main_type": "Task",
      "sub_type": "Suggest"
    }
  },
  {
    "dialog_act": "Do we do we know uh by how much?",
    "dialog_act_end_id": 64,
    "dialog_act_start_id": 64,
    "speaker_id": "A",
    "type": {
      "main_type": "Elicit",
      "sub_type": "Elicit-Inform"
    }
  },
  {
    "dialog_act": "inevitably a b a custom design chip is gonna be more expensive.",
    "dialog_act_end_id": 63,
    "dialog_act_start_id": 63,
    "speaker_id": "A",
    "type": {
      "main_type": "Task",
      "sub_type": "Assess"
    }
  },
  {
    "dialog_act": "I don't actually have any price information,",
    "dialog_act_end_id": 61,
    "dialog_act_start_id": 61,
    "speaker_id": "B",
    "type": {
      "main_type": "Task",
      "sub_type": "Inform"
    }
  },
  {
    "dialog_act": "And and do we know how long it'll take to uh develop a a custom chip.",
    "dialog_act_end_id": 65,
    "dialog_act_start_id": 65,
    "speaker_id": "A",
    "type": {
      "main_type": "Elicit",
      "sub_type": "Elicit-Inform"
    }
  },
  {
    "dialog_act": "a lot longer than an off the shelf chip.",
    "dialog_act_end_id": 65,
    "dialog_act_start_id": 65,
    "speaker_id": "B",
    "type": {
      "main_type": "Task",
      "sub_type": "Inform"
    }
  },
  {
    "dialog_act": "I think we need to make a a decision here. Uh given that the company wants this on the market quickly and cheaply, that would appear to uh effectively constrain us to an existing chip and thus therefore conventional button technology.",
    "dialog_act_end_id": 71,
    "dialog_act_start_id": 69,
    "speaker_id": "A",
    "type": {
      "main_type": "Task",
      "sub_type": "Suggest"
    }
  },
  {
    "dialog_act": "Um does it make a difference if there are just a few commands, for example if you um can pre-programme in like numbers one through ten",
    "dialog_act_end_id": 6,
    "dialog_act_start_id": 5,
    "speaker_id": "C",
    "type": {
      "main_type": "Elicit",
      "sub_type": "Elicit-Inform"
    }
  },
  {
    "dialog_act": "and then just use the voice recognition to say channel one",
    "dialog_act_end_id": 8,
    "dialog_act_start_id": 8,
    "speaker_id": "C",
    "type": {
      "main_type": "Task",
      "sub_type": "Suggest"
    }
  },
  {
    "dialog_act": "Once you've got the whole voice chip in there, then it's pretty much the the world the the sky is your limit,",
    "dialog_act_end_id": 75,
    "dialog_act_start_id": 75,
    "speaker_id": "B",
    "type": {
      "main_type": "Task",
      "sub_type": "Inform"
    }
  },
  {
    "dialog_act": "given that, you know, mobile phones incorporate voice activated dialling.",
    "dialog_act_end_id": 75,
    "dialog_act_start_id": 75,
    "speaker_id": "A",
    "type": {
      "main_type": "Task",
      "sub_type": "Inform"
    }
  },
  {
    "dialog_act": "speak somebody's name and it'll dial the number for you,",
    "dialog_act_end_id": 83,
    "dialog_act_start_id": 83,
    "speaker_id": "A",
    "type": {
      "main_type": "Task",
      "sub_type": "Inform"
    }
  },
  {
    "dialog_act": "Of course mobile phones do tend to be more expensive,",
    "dialog_act_end_id": 17,
    "dialog_act_start_id": 17,
    "speaker_id": "C",
    "type": {
      "main_type": "Task",
      "sub_type": "Inform"
    }
  },
  {
    "dialog_act": "maybe we can like cut corners somewhere else to bring in over cost.",
    "dialog_act_end_id": 5,
    "dialog_act_start_id": 5,
    "speaker_id": "D",
    "type": {
      "main_type": "Task",
      "sub_type": "Suggest"
    }
  },
  {
    "dialog_act": "I kinda think if we're gonna have the voice recognition for part of it, then maybe we should have it for the whole thing.",
    "dialog_act_end_id": 32,
    "dialog_act_start_id": 32,
    "speaker_id": "C",
    "type": {
      "main_type": "Task",
      "sub_type": "Suggest"
    }
  },
  {
    "dialog_act": "given that the um the technology is not well developed and and given that it's it's never been done before,",
    "dialog_act_end_id": 103,
    "dialog_act_start_id": 102,
    "speaker_id": "A",
    "type": {
      "main_type": "Task",
      "sub_type": "Inform"
    }
  },
  {
    "dialog_act": "uh perhaps we ought to uh stick to uh to buttons,",
    "dialog_act_end_id": 105,
    "dialog_act_start_id": 105,
    "speaker_id": "A",
    "type": {
      "main_type": "Task",
      "sub_type": "Suggest"
    }
  },
  {
    "dialog_act": "Anyway, I'm I'm incli kinda inclined to say that we should just go for it.",
    "dialog_act_end_id": 34,
    "dialog_act_start_id": 34,
    "speaker_id": "C",
    "type": {
      "main_type": "Task",
      "sub_type": "Suggest"
    }
  },
  {
    "dialog_act": "it will have voice recognition um uh",
    "dialog_act_end_id": 123,
    "dialog_act_start_id": 123,
    "speaker_id": "A",
    "type": {
      "main_type": "Task",
      "sub_type": "Inform"
    }
  },
  {
    "dialog_act": "so I did some research on the internet",
    "dialog_act_end_id": 44,
    "dialog_act_start_id": 44,
    "speaker_id": "C",
    "type": {
      "main_type": "Task",
      "sub_type": "Inform"
    }
  },
  {
    "dialog_act": "the interf user interface are just aspects that are seen by users, um commands and mechanisms for the operation, and there're just kind of a variety of choices. Um findings,",
    "dialog_act_end_id": 51,
    "dialog_act_start_id": 48,
    "speaker_id": "C",
    "type": {
      "main_type": "Task",
      "sub_type": "Inform"
    }
  },
  {
    "dialog_act": "a lot of times they tend to look cluttered and these were just a couple examples of um different kinds that are a little bit more unusual. There're some special ones available, like this one right here, which is marketed towards children, um different designs, and one of the things that n we need to watch out for is a V_ in volume",
    "dialog_act_end_id": 57,
    "dialog_act_start_id": 53,
    "speaker_id": "C",
    "type": {
      "main_type": "Task",
      "sub_type": "Inform"
    }
  },
  {
    "dialog_act": "Bring a little picture of what I thought ours could look like.",
    "dialog_act_end_id": 59,
    "dialog_act_start_id": 59,
    "speaker_id": "C",
    "type": {
      "main_type": "Task",
      "sub_type": "Inform"
    }
  },
  {
    "dialog_act": "just kind of minimise the clutter, avoid too many buttons and also um one of the things that people have used is a slide button, like you have on a mouse, that possibly we could use that on the sides for volume, for example, have the slide button on the side,",
    "dialog_act_end_id": 64,
    "dialog_act_start_id": 61,
    "speaker_id": "C",
    "type": {
      "main_type": "Task",
      "sub_type": "Suggest"
    }
  },
  {
    "dialog_act": "I mean I think the reason everybody uses pushbuttons is that they're they're si simple, cheap and reliable.",
    "dialog_act_end_id": 152,
    "dialog_act_start_id": 152,
    "speaker_id": "A",
    "type": {
      "main_type": "Task",
      "sub_type": "Inform"
    }
  },
  {
    "dialog_act": "I think they're they're about the same cost really.",
    "dialog_act_end_id": 109,
    "dialog_act_start_id": 109,
    "speaker_id": "B",
    "type": {
      "main_type": "Task",
      "sub_type": "Inform"
    }
  },
  {
    "dialog_act": "there's a lot of slide buttons out there.",
    "dialog_act_end_id": 112,
    "dialog_act_start_id": 112,
    "speaker_id": "B",
    "type": {
      "main_type": "Task",
      "sub_type": "Inform"
    }
  },
  {
    "dialog_act": "Okay, fair enough, fine.",
    "dialog_act_end_id": 153,
    "dialog_act_start_id": 153,
    "speaker_id": "A",
    "type": {
      "main_type": "Other",
      "sub_type": "Comment-About-Understanding"
    }
  },
  {
    "dialog_act": "for example if I'm using a mouse I like to be able to slide it up and down so I thought it might be good for volume to just be able to kind of roll it and then have the up and down",
    "dialog_act_end_id": 68,
    "dialog_act_start_id": 67,
    "speaker_id": "C",
    "type": {
      "main_type": "Task",
      "sub_type": "Inform"
    }
  },
  {
    "dialog_act": "So three three there's three buttons on a slider.",
    "dialog_act_end_id": 157,
    "dialog_act_start_id": 157,
    "speaker_id": "A",
    "type": {
      "main_type": "Other",
      "sub_type": "Comment-About-Understanding"
    }
  },
  {
    "dialog_act": "The only advantage I was thinking of to having the buttons, like the buttons on one side for the channel, and then the slider is that if you're just holding in your hand, and you pick it up, it's easy to n s know, okay, this is just the volume and this is the channel.",
    "dialog_act_end_id": 74,
    "dialog_act_start_id": 74,
    "speaker_id": "C",
    "type": {
      "main_type": "Task",
      "sub_type": "Suggest"
    }
  },
  {
    "dialog_act": "'cause I've definitely picked up remotes and like meant to change the channel and turn the volume, or vice versa, so it'd be kinda good to have them be feel completely different.",
    "dialog_act_end_id": 119,
    "dialog_act_start_id": 118,
    "speaker_id": "B",
    "type": {
      "main_type": "Task",
      "sub_type": "Inform"
    }
  },
  {
    "dialog_act": "like the shape of it almost like a mouse,",
    "dialog_act_end_id": 26,
    "dialog_act_start_id": 26,
    "speaker_id": "D",
    "type": {
      "main_type": "Task",
      "sub_type": "Inform"
    }
  },
  {
    "dialog_act": "we have to come up with is the the actual shape",
    "dialog_act_end_id": 169,
    "dialog_act_start_id": 169,
    "speaker_id": "A",
    "type": {
      "main_type": "Task",
      "sub_type": "Suggest"
    }
  },
  {
    "dialog_act": "so we we're looking at sliders for both a uh volume and channel change",
    "dialog_act_end_id": 172,
    "dialog_act_start_id": 172,
    "speaker_id": "A",
    "type": {
      "main_type": "Task",
      "sub_type": "Suggest"
    }
  },
  {
    "dialog_act": "I was thinking kind of just for the volume,",
    "dialog_act_end_id": 79,
    "dialog_act_start_id": 79,
    "speaker_id": "C",
    "type": {
      "main_type": "Task",
      "sub_type": "Assess"
    }
  },
  {
    "dialog_act": "in that kinda position the fingers would be better for pressing and the that for rolling,",
    "dialog_act_end_id": 127,
    "dialog_act_start_id": 127,
    "speaker_id": "B",
    "type": {
      "main_type": "Task",
      "sub_type": "Inform"
    }
  },
  {
    "dialog_act": "this is my report on trend watching. The data's come off internet uh from executive summary for us on the top three things wanted by the consumer. And we got reports from Paris, Milan on new fashions. And uh the most important aspect is the l the look it has to look fancy, look and feel uh instead of the current functional look and feel.",
    "dialog_act_end_id": 43,
    "dialog_act_start_id": 38,
    "speaker_id": "D",
    "type": {
      "main_type": "Task",
      "sub_type": "Inform"
    }
  },
  {
    "dialog_act": "I was gonna say yeah twice as important as the second aspect, which is the technologically innov innovative um side of it.",
    "dialog_act_end_id": 47,
    "dialog_act_start_id": 46,
    "speaker_id": "D",
    "type": {
      "main_type": "Task",
      "sub_type": "Inform"
    }
  },
  {
    "dialog_act": "and the third being easy to use is probably a given,",
    "dialog_act_end_id": 49,
    "dialog_act_start_id": 49,
    "speaker_id": "D",
    "type": {
      "main_type": "Task",
      "sub_type": "Inform"
    }
  },
  {
    "dialog_act": "I think that what we're suggesting ought to address all three of those.",
    "dialog_act_end_id": 193,
    "dialog_act_start_id": 193,
    "speaker_id": "A",
    "type": {
      "main_type": "Task",
      "sub_type": "Suggest"
    }
  },
  {
    "dialog_act": "from the fashion watchers from Milan and Paris have said fruit and vegetables are an important theme for clothes and furniture and shoes, et cetera.",
    "dialog_act_end_id": 57,
    "dialog_act_start_id": 57,
    "speaker_id": "D",
    "type": {
      "main_type": "Task",
      "sub_type": "Inform"
    }
  },
  {
    "dialog_act": "clothes, shoes and furniture and uh a spongy material to be used on the on the outside.",
    "dialog_act_end_id": 60,
    "dialog_act_start_id": 59,
    "speaker_id": "D",
    "type": {
      "main_type": "Task",
      "sub_type": "Inform"
    }
  },
  {
    "dialog_act": "that's different, certainly.",
    "dialog_act_end_id": 198,
    "dialog_act_start_id": 198,
    "speaker_id": "A",
    "type": {
      "main_type": "Task",
      "sub_type": "Assess"
    }
  },
  {
    "dialog_act": "if we're going for the it looks fancy, then fashion is obviously the line we gotta be going through. But fashions do don't last very long.",
    "dialog_act_end_id": 70,
    "dialog_act_start_id": 69,
    "speaker_id": "D",
    "type": {
      "main_type": "Task",
      "sub_type": "Suggest"
    }
  },
  {
    "dialog_act": "that can kinda tie into our changing uh face things, like we could have the fruit and vegetable theme this year and uh whatever happens next year, we can have the face plates,",
    "dialog_act_end_id": 141,
    "dialog_act_start_id": 139,
    "speaker_id": "B",
    "type": {
      "main_type": "Task",
      "sub_type": "Inform"
    }
  },
  {
    "dialog_act": "we can have a sp like a spongy skin on it",
    "dialog_act_end_id": 74,
    "dialog_act_start_id": 74,
    "speaker_id": "D",
    "type": {
      "main_type": "Task",
      "sub_type": "Suggest"
    }
  },
  {
    "dialog_act": "Also means you can drop it without damaging it.",
    "dialog_act_end_id": 204,
    "dialog_act_start_id": 204,
    "speaker_id": "A",
    "type": {
      "main_type": "Task",
      "sub_type": "Inform"
    }
  },
  {
    "dialog_act": "depending on the cost of the product itself, you know, could we have uh a cheaper b cheaper power source and then just have it annually renewed? Instead of having a ten year guarantee? With interchangeable covers, could just buy a new one every year, a new one when new fashions come out.",
    "dialog_act_end_id": 83,
    "dialog_act_start_id": 82,
    "speaker_id": "D",
    "type": {
      "main_type": "Elicit",
      "sub_type": "Elicit-Assessment"
    }
  },
  {
    "dialog_act": "it's like the old Swatch watch where uh um on only batteries ever got changed in those, 'cause people just bought a new one when it went out of fashion,",
    "dialog_act_end_id": 208,
    "dialog_act_start_id": 206,
    "speaker_id": "A",
    "type": {
      "main_type": "Task",
      "sub_type": "Inform"
    }
  },
  {
    "dialog_act": "What if we included the batteries in the cover?",
    "dialog_act_end_id": 100,
    "dialog_act_start_id": 100,
    "speaker_id": "C",
    "type": {
      "main_type": "Elicit",
      "sub_type": "Elicit-Assessment"
    }
  },
  {
    "dialog_act": "Oh yeah. I like that.",
    "dialog_act_end_id": 159,
    "dialog_act_start_id": 159,
    "speaker_id": "B",
    "type": {
      "main_type": "Task",
      "sub_type": "Assess"
    }
  },
  {
    "dialog_act": "Um but if we also make it cheap enough that people either change the cover every year or even buy a new one every year then it it's it's even better.",
    "dialog_act_end_id": 214,
    "dialog_act_start_id": 214,
    "speaker_id": "A",
    "type": {
      "main_type": "Task",
      "sub_type": "Assess"
    }
  },
  {
    "dialog_act": "I mean my feeling is that current power sources are such that for relatively little cost you can make it last, you know, a long time.",
    "dialog_act_end_id": 213,
    "dialog_act_start_id": 213,
    "speaker_id": "A",
    "type": {
      "main_type": "Task",
      "sub_type": "Inform"
    }
  },
  {
    "dialog_act": "I I think it's easier sometimes to have them buy changeable covers for it than to buy a whole new one,",
    "dialog_act_end_id": 152,
    "dialog_act_start_id": 152,
    "speaker_id": "B",
    "type": {
      "main_type": "Task",
      "sub_type": "Assess"
    }
  },
  {
    "dialog_act": "That all c also kind of encourages 'em to buy new covers",
    "dialog_act_end_id": 160,
    "dialog_act_start_id": 160,
    "speaker_id": "B",
    "type": {
      "main_type": "Task",
      "sub_type": "Inform"
    }
  },
  {
    "dialog_act": "I mean the the the the immediate thing that comes to mind with that is that it it it y you've then got the connection",
    "dialog_act_end_id": 218,
    "dialog_act_start_id": 218,
    "speaker_id": "A",
    "type": {
      "main_type": "Task",
      "sub_type": "Inform"
    }
  },
  {
    "dialog_act": "whereas the advantage of having it plumbed in is that that the whole thing is all, you know, completely soldered together",
    "dialog_act_end_id": 220,
    "dialog_act_start_id": 220,
    "speaker_id": "A",
    "type": {
      "main_type": "Task",
      "sub_type": "Inform"
    }
  },
  {
    "dialog_act": "um and, you know giving people the option of buying a new uh a a complete new thing, the advantage of a replaceable cover is that even if they don't it doesn't have a cover on at all, it will still work um totally. Um then if, you know, if people lose the cover, I mean they they might be well inclined to go out and spend however many Euros on a on a new one um rather than a a complete new re remote.",
    "dialog_act_end_id": 229,
    "dialog_act_start_id": 227,
    "speaker_id": "A",
    "type": {
      "main_type": "Task",
      "sub_type": "Inform"
    }
  },
  {
    "dialog_act": "that that's just it with the covers, you're sort of tricking 'em into continuing to spend their money on our products without making 'em feel like they're being ripped off having to buy a new product.",
    "dialog_act_end_id": 170,
    "dialog_act_start_id": 170,
    "speaker_id": "B",
    "type": {
      "main_type": "Task",
      "sub_type": "Inform"
    }
  },
  {
    "dialog_act": "it's it's up to our marketing people to to ma to ma turn it into a a fashion item. Um and, you know, as as external fashions change, then we get new new covers on the market and, you know, readily available.",
    "dialog_act_end_id": 234,
    "dialog_act_start_id": 233,
    "speaker_id": "A",
    "type": {
      "main_type": "Task",
      "sub_type": "Suggest"
    }
  },
  {
    "dialog_act": "like they have for mobile phones that are just fruits and animal prints and colours.",
    "dialog_act_end_id": 119,
    "dialog_act_start_id": 118,
    "speaker_id": "C",
    "type": {
      "main_type": "Task",
      "sub_type": "Inform"
    }
  },
  {
    "dialog_act": "And you know, th the the design that I've got, and and it could be a a home-made design, um you know this says this is not just a a television remote control,",
    "dialog_act_end_id": 243,
    "dialog_act_start_id": 243,
    "speaker_id": "A",
    "type": {
      "main_type": "Task",
      "sub_type": "Inform"
    }
  },
  {
    "dialog_act": "the fashions apply to furniture,",
    "dialog_act_end_id": 102,
    "dialog_act_start_id": 102,
    "speaker_id": "D",
    "type": {
      "main_type": "Task",
      "sub_type": "Inform"
    }
  },
  {
    "dialog_act": "It's the sort of thing that we want people to have prominent dis displayed on their um coffee table to say this says something about me.",
    "dialog_act_end_id": 240,
    "dialog_act_start_id": 240,
    "speaker_id": "A",
    "type": {
      "main_type": "Task",
      "sub_type": "Inform"
    }
  },
  {
    "dialog_act": "I mean given that we've got you know one one on off button presumably, two buttons for uh channel change and one slider and basically nothing else,",
    "dialog_act_end_id": 248,
    "dialog_act_start_id": 248,
    "speaker_id": "A",
    "type": {
      "main_type": "Task",
      "sub_type": "Inform"
    }
  },
  {
    "dialog_act": "um w we need to decide on the just the basic shape of the thing.",
    "dialog_act_end_id": 247,
    "dialog_act_start_id": 247,
    "speaker_id": "A",
    "type": {
      "main_type": "Task",
      "sub_type": "Suggest"
    }
  },
  {
    "dialog_act": "And, know whether we go down the fruit and veg route,",
    "dialog_act_end_id": 252,
    "dialog_act_start_id": 252,
    "speaker_id": "A",
    "type": {
      "main_type": "Elicit",
      "sub_type": "Elicit-Assessment"
    }
  },
  {
    "dialog_act": "and I don't suggest we make it look like a banana, but um know sort of the the organic, you know, curved look,",
    "dialog_act_end_id": 250,
    "dialog_act_start_id": 249,
    "speaker_id": "A",
    "type": {
      "main_type": "Task",
      "sub_type": "Suggest"
    }
  },
  {
    "dialog_act": "t to deliberately get away from the uh um uh you know, the the the the square look of most um current uh remotes and, you know, whether whether the you know, the the fixed part of it is the corporate yellow. Um",
    "dialog_act_end_id": 254,
    "dialog_act_start_id": 253,
    "speaker_id": "A",
    "type": {
      "main_type": "Task",
      "sub_type": "Inform"
    }
  },
  {
    "dialog_act": "'cause there's certainly you know, the the corporate logo needs to be prominently uh displayed",
    "dialog_act_end_id": 256,
    "dialog_act_start_id": 256,
    "speaker_id": "A",
    "type": {
      "main_type": "Task",
      "sub_type": "Inform"
    }
  },
  {
    "dialog_act": "I dunno that we should make the whole thing yellow",
    "dialog_act_end_id": 185,
    "dialog_act_start_id": 185,
    "speaker_id": "B",
    "type": {
      "main_type": "Task",
      "sub_type": "Assess"
    }
  },
  {
    "dialog_act": "yellow seems a bit of a strong colour",
    "dialog_act_end_id": 188,
    "dialog_act_start_id": 188,
    "speaker_id": "B",
    "type": {
      "main_type": "Task",
      "sub_type": "Assess"
    }
  },
  {
    "dialog_act": "I mean we're we're we're simply it's simply required to incorporate the the the the corporate logo prominently um.",
    "dialog_act_end_id": 264,
    "dialog_act_start_id": 264,
    "speaker_id": "A",
    "type": {
      "main_type": "Task",
      "sub_type": "Inform"
    }
  },
  {
    "dialog_act": "I was sort of mm kinda picturing like maybe um a shape that's almost like a mouse.",
    "dialog_act_end_id": 130,
    "dialog_act_start_id": 130,
    "speaker_id": "C",
    "type": {
      "main_type": "Task",
      "sub_type": "Suggest"
    }
  },
  {
    "dialog_act": "because a mouse is pretty comfortable to hold in your hand um maybe we could make it a slightly different shape",
    "dialog_act_end_id": 133,
    "dialog_act_start_id": 132,
    "speaker_id": "C",
    "type": {
      "main_type": "Task",
      "sub_type": "Inform"
    }
  },
  {
    "dialog_act": "but that way they can have the volume on the side and then the channel buttons and",
    "dialog_act_end_id": 135,
    "dialog_act_start_id": 135,
    "speaker_id": "C",
    "type": {
      "main_type": "Task",
      "sub_type": "Suggest"
    }
  },
  {
    "dialog_act": "my idea was something a b probably you know a bit fatter than this but sort of tha that sorta shape so that you can just sort of ho hold it.",
    "dialog_act_end_id": 280,
    "dialog_act_start_id": 279,
    "speaker_id": "A",
    "type": {
      "main_type": "Task",
      "sub_type": "Suggest"
    }
  },
  {
    "dialog_act": "you'd want it narrower than a mouse though 'cause it a mouse you're kinda just resting on it, you want something you can definitely grip.",
    "dialog_act_end_id": 203,
    "dialog_act_start_id": 201,
    "speaker_id": "B",
    "type": {
      "main_type": "Task",
      "sub_type": "Suggest"
    }
  },
  {
    "dialog_act": "so it's you sorta hold it in your hand like that, i with, you know, and fiddling with the buttons.",
    "dialog_act_end_id": 284,
    "dialog_act_start_id": 284,
    "speaker_id": "A",
    "type": {
      "main_type": "Task",
      "sub_type": "Inform"
    }
  },
  {
    "dialog_act": "kind of maybe maybe a little wider than this,",
    "dialog_act_end_id": 144,
    "dialog_act_start_id": 144,
    "speaker_id": "C",
    "type": {
      "main_type": "Task",
      "sub_type": "Suggest"
    }
  },
  {
    "dialog_act": "and then it widens up top",
    "dialog_act_end_id": 211,
    "dialog_act_start_id": 211,
    "speaker_id": "B",
    "type": {
      "main_type": "Task",
      "sub_type": "Suggest"
    }
  },
  {
    "dialog_act": "And then it would have a l uh wider thing to uh have the light, the infrared light at the T_V_ and just kinda change channels and adjust the volume and the power could be wherever, up up the top or something.",
    "dialog_act_end_id": 150,
    "dialog_act_start_id": 149,
    "speaker_id": "C",
    "type": {
      "main_type": "Task",
      "sub_type": "Suggest"
    }
  },
  {
    "dialog_act": "Um I'm just I'm suddenly realising that yeah we're discussing how much how good it's gonna be to change channels",
    "dialog_act_end_id": 113,
    "dialog_act_start_id": 113,
    "speaker_id": "D",
    "type": {
      "main_type": "Task",
      "sub_type": "Inform"
    }
  },
  {
    "dialog_act": "I mean are we are we starting to get away from the the voice functionality of it?",
    "dialog_act_end_id": 116,
    "dialog_act_start_id": 116,
    "speaker_id": "D",
    "type": {
      "main_type": "Elicit",
      "sub_type": "Elicit-Inform"
    }
  },
  {
    "dialog_act": "I think we d I think we decided that w we're actually going down both routes.",
    "dialog_act_end_id": 288,
    "dialog_act_start_id": 288,
    "speaker_id": "A",
    "type": {
      "main_type": "Task",
      "sub_type": "Inform"
    }
  },
  {
    "dialog_act": "we need the the manual controls",
    "dialog_act_end_id": 290,
    "dialog_act_start_id": 290,
    "speaker_id": "A",
    "type": {
      "main_type": "Task",
      "sub_type": "Inform"
    }
  },
  {
    "dialog_act": "we're leaving out the buttons for the the f less frequently used stuff,",
    "dialog_act_end_id": 124,
    "dialog_act_start_id": 124,
    "speaker_id": "D",
    "type": {
      "main_type": "Task",
      "sub_type": "Inform"
    }
  },
  {
    "dialog_act": "but maybe we could incorporate that into the voice.",
    "dialog_act_end_id": 119,
    "dialog_act_start_id": 119,
    "speaker_id": "D",
    "type": {
      "main_type": "Task",
      "sub_type": "Suggest"
    }
  },
  {
    "dialog_act": "my personal view is that if it's not there, people wouldn't use it anyway um.",
    "dialog_act_end_id": 297,
    "dialog_act_start_id": 297,
    "speaker_id": "A",
    "type": {
      "main_type": "Task",
      "sub_type": "Inform"
    }
  },
  {
    "dialog_act": "you can still i incorporate the voice with with less buttons.",
    "dialog_act_end_id": 232,
    "dialog_act_start_id": 232,
    "speaker_id": "B",
    "type": {
      "main_type": "Task",
      "sub_type": "Suggest"
    }
  },
  {
    "dialog_act": "if the power button was also somehow like a menu button you could press that and or do voice commands, and either volume thing could also be to scroll through other options like y and you could scroll through brightness",
    "dialog_act_end_id": 236,
    "dialog_act_start_id": 234,
    "speaker_id": "B",
    "type": {
      "main_type": "Task",
      "sub_type": "Suggest"
    }
  },
  {
    "dialog_act": "I'm getting a clear message that we think that we should have those facilities available.",
    "dialog_act_end_id": 306,
    "dialog_act_start_id": 306,
    "speaker_id": "A",
    "type": {
      "main_type": "Other",
      "sub_type": "Comment-About-Understanding"
    }
  },
  {
    "dialog_act": "We could have the channels and the power and then a menu button and then the volume.",
    "dialog_act_end_id": 161,
    "dialog_act_start_id": 161,
    "speaker_id": "C",
    "type": {
      "main_type": "Task",
      "sub_type": "Suggest"
    }
  },
  {
    "dialog_act": "if we if we're going down that route, then we need some sort of display.",
    "dialog_act_end_id": 309,
    "dialog_act_start_id": 309,
    "speaker_id": "A",
    "type": {
      "main_type": "Task",
      "sub_type": "Inform"
    }
  },
  {
    "dialog_act": "But the television would be the display",
    "dialog_act_end_id": 242,
    "dialog_act_start_id": 242,
    "speaker_id": "B",
    "type": {
      "main_type": "Task",
      "sub_type": "Inform"
    }
  },
  {
    "dialog_act": "We actually use the television, okay. Okay, okay, okay.",
    "dialog_act_end_id": 311,
    "dialog_act_start_id": 311,
    "speaker_id": "A",
    "type": {
      "main_type": "Other",
      "sub_type": "Comment-About-Understanding"
    }
  },
  {
    "dialog_act": "like you hit menu and menu will come up on television",
    "dialog_act_end_id": 246,
    "dialog_act_start_id": 245,
    "speaker_id": "B",
    "type": {
      "main_type": "Task",
      "sub_type": "Inform"
    }
  },
  {
    "dialog_act": "so if you had like the menu then you could scroll through and then click it to select.",
    "dialog_act_end_id": 176,
    "dialog_act_start_id": 176,
    "speaker_id": "C",
    "type": {
      "main_type": "Task",
      "sub_type": "Suggest"
    }
  },
  {
    "dialog_act": "I think we've actually very conveniently just uh come to uh a good point to s to sum up um.",
    "dialog_act_end_id": 319,
    "dialog_act_start_id": 319,
    "speaker_id": "A",
    "type": {
      "main_type": "Task",
      "sub_type": "Suggest"
    }
  },
  {
    "dialog_act": "Kate and Kendra now go away and uh pa play play with a bit of Plasticine or play-dough,",
    "dialog_act_end_id": 323,
    "dialog_act_start_id": 322,
    "speaker_id": "A",
    "type": {
      "main_type": "Task",
      "sub_type": "Inform"
    }
  },
  {
    "dialog_act": "Um and actually put what we've discussed into something uh I was gonna say concrete,",
    "dialog_act_end_id": 325,
    "dialog_act_start_id": 325,
    "speaker_id": "A",
    "type": {
      "main_type": "Task",
      "sub_type": "Suggest"
    }
  },
  {
    "dialog_act": "Our energy source is gonna be",
    "dialog_act_end_id": 141,
    "dialog_act_start_id": 141,
    "speaker_id": "D",
    "type": {
      "main_type": "Elicit",
      "sub_type": "Elicit-Inform"
    }
  },
  {
    "dialog_act": "for simplicity of, you know, manufacturing and uh maintenance that we will go for a a long term battery source um,",
    "dialog_act_end_id": 331,
    "dialog_act_start_id": 331,
    "speaker_id": "A",
    "type": {
      "main_type": "Task",
      "sub_type": "Inform"
    }
  },
  {
    "dialog_act": "and um Andrew n can go away and th th think about how we can uh actually market this as a concept and not j not just a uh um a a simple remote control.",
    "dialog_act_end_id": 328,
    "dialog_act_start_id": 328,
    "speaker_id": "A",
    "type": {
      "main_type": "Task",
      "sub_type": "Suggest"
    }
  },
  {
    "dialog_act": "and um make an assumption that we we can aim for a battery that will last most people for uh we'll say at least five five ten years",
    "dialog_act_end_id": 337,
    "dialog_act_start_id": 337,
    "speaker_id": "A",
    "type": {
      "main_type": "Task",
      "sub_type": "Inform"
    }
  },
  {
    "dialog_act": "And interchangeable case?",
    "dialog_act_end_id": 147,
    "dialog_act_start_id": 147,
    "speaker_id": "D",
    "type": {
      "main_type": "Elicit",
      "sub_type": "Elicit-Inform"
    }
  },
  {
    "dialog_act": "I i interchangeable case seems to be um um important to the concept. Um it it should be cheap, you know, if if we avoid any, you know, electrical connections.",
    "dialog_act_end_id": 351,
    "dialog_act_start_id": 348,
    "speaker_id": "A",
    "type": {
      "main_type": "Task",
      "sub_type": "Inform"
    }
  },
  {
    "dialog_act": "i if we can come up with some way of of allowing people to actually personalise it uh to whatever they want, then uh I mean uh uh this is totally new. We d we don't know whether that to what extent people do it or not, but if they've at least got a a good selection of um covers that they can use anyway,",
    "dialog_act_end_id": 356,
    "dialog_act_start_id": 353,
    "speaker_id": "A",
    "type": {
      "main_type": "Task",
      "sub_type": "Assess"
    }
  },
  {
    "dialog_act": "so they can get them in the supermarket when they go down to um a any of the famous supermarkets,",
    "dialog_act_end_id": 360,
    "dialog_act_start_id": 360,
    "speaker_id": "A",
    "type": {
      "main_type": "Task",
      "sub_type": "Suggest"
    }
  },
  {
    "dialog_act": "And uh are we gonna have it il being illuminated from inside onto the buttons or",
    "dialog_act_end_id": 150,
    "dialog_act_start_id": 150,
    "speaker_id": "D",
    "type": {
      "main_type": "Elicit",
      "sub_type": "Elicit-Assessment"
    }
  },
  {
    "dialog_act": "because we've got so few buttons that it that actually makes that redundant.",
    "dialog_act_end_id": 368,
    "dialog_act_start_id": 367,
    "speaker_id": "A",
    "type": {
      "main_type": "Task",
      "sub_type": "Inform"
    }
  },
  {
    "dialog_act": "no,",
    "dialog_act_end_id": 366,
    "dialog_act_start_id": 366,
    "speaker_id": "A",
    "type": {
      "main_type": "Task",
      "sub_type": "Assess"
    }
  },
  {
    "dialog_act": "cer certainly wider angle than than current, so that if you're holding it, you know, anyway like you're likely to and uh it's uh you know, i i it will work most of the time um.",
    "dialog_act_end_id": 378,
    "dialog_act_start_id": 377,
    "speaker_id": "A",
    "type": {
      "main_type": "Task",
      "sub_type": "Suggest"
    }
  },
  {
    "dialog_act": "I sorta envisaged that if if this was the the thing, then sort of the the whole of the top would be the uh the infrared uh.",
    "dialog_act_end_id": 382,
    "dialog_act_start_id": 382,
    "speaker_id": "A",
    "type": {
      "main_type": "Task",
      "sub_type": "Suggest"
    }
  },
  {
    "dialog_act": "we're all clear where we go from here.",
    "dialog_act_end_id": 390,
    "dialog_act_start_id": 390,
    "speaker_id": "A",
    "type": {
      "main_type": "Elicit",
      "sub_type": "Elicit-Comment-Understanding"
    }
  },
  {
    "dialog_act": "thank you very much indeed and I'll s see you all again in thirty minutes.",
    "dialog_act_end_id": 393,
    "dialog_act_start_id": 392,
    "speaker_id": "A",
    "type": {
      "main_type": "Other",
      "sub_type": "Be-Positive"
    }
  }
]