{
  "abs_summ": {
    "abs_summs_count": 23,
    "ext_summs_count": 275
  },
  "ap": [
    [
      {
        "act": "and uh um p perhaps you'd like to start uh k.",
        "end_time": 284.75,
        "is_in_ext_summ": false,
        "start_time": 279.87
      },
      {
        "act": "Okay. Um",
        "end_time": 285.77,
        "is_in_ext_summ": false,
        "start_time": 283.8
      }
    ],
    [
      {
        "act": "and the company has informed me via email that uh they're experts at pushbuttons",
        "end_time": 434.47,
        "is_in_ext_summ": true,
        "start_time": 429.82
      },
      {
        "act": "and that seems to be the most uh cost-effective way of producing it.",
        "end_time": 438.15,
        "is_in_ext_summ": true,
        "start_time": 434.47
      }
    ],
    [
      {
        "act": "can you uh just put that one back up again, please? Um.",
        "end_time": 506.47,
        "is_in_ext_summ": false,
        "start_time": 502.63
      },
      {
        "act": "Mm. Oh yep,",
        "end_time": 503.44,
        "is_in_ext_summ": false,
        "start_time": 502.62
      },
      {
        "act": "Yep.",
        "end_time": 505.84,
        "is_in_ext_summ": false,
        "start_time": 504.89
      }
    ],
    [
      {
        "act": "Um, however that's gonna cost more,",
        "end_time": 473.85,
        "is_in_ext_summ": true,
        "start_time": 472.4
      },
      {
        "act": "inevitably a b a custom design chip is gonna be more expensive.",
        "end_time": 513.02,
        "is_in_ext_summ": true,
        "start_time": 510.23
      }
    ],
    [
      {
        "act": "Do we do we know uh by how much?",
        "end_time": 515.42,
        "is_in_ext_summ": true,
        "start_time": 513.02
      },
      {
        "act": "I don't actually have any price information,",
        "end_time": 517.88,
        "is_in_ext_summ": true,
        "start_time": 515.55
      },
      {
        "act": "no.",
        "end_time": 518.77,
        "is_in_ext_summ": false,
        "start_time": 517.88
      }
    ],
    [
      {
        "act": "And and do we know how long it'll take to uh develop a a custom chip.",
        "end_time": 522.48,
        "is_in_ext_summ": true,
        "start_time": 518.39
      },
      {
        "act": "a lot longer than an off the shelf chip.",
        "end_time": 526.21,
        "is_in_ext_summ": true,
        "start_time": 524.5
      },
      {
        "act": "it's hard to predict the time.",
        "end_time": 539.03,
        "is_in_ext_summ": false,
        "start_time": 535.83
      },
      {
        "act": "Right,",
        "end_time": 539.05,
        "is_in_ext_summ": false,
        "start_time": 537.99
      }
    ],
    [
      {
        "act": "Um does it make a difference if there are just a few commands,",
        "end_time": 571.31,
        "is_in_ext_summ": true,
        "start_time": 567.19
      },
      {
        "act": "just to to incorporate the voice activation in it is is sorta the trick.",
        "end_time": 594.29,
        "is_in_ext_summ": false,
        "start_time": 590.47
      },
      {
        "act": "the big step is to actually get the voice activation chips in there and working.",
        "end_time": 603.45,
        "is_in_ext_summ": false,
        "start_time": 599.88
      },
      {
        "act": "Okay.",
        "end_time": 595.74,
        "is_in_ext_summ": false,
        "start_time": 594.35
      },
      {
        "act": "Cause uh I must say I find it slightly surprising",
        "end_time": 607.37,
        "is_in_ext_summ": false,
        "start_time": 604.67
      }
    ],
    [
      {
        "act": "Once you've got the whole voice chip in there, then it's pretty much the the world the the sky is your limit,",
        "end_time": 598.62,
        "is_in_ext_summ": true,
        "start_time": 594.29
      },
      {
        "act": "Okay.",
        "end_time": 597.3,
        "is_in_ext_summ": false,
        "start_time": 596.71
      }
    ],
    [
      {
        "act": "for slightly different",
        "end_time": 617.68,
        "is_in_ext_summ": false,
        "start_time": 616.79
      },
      {
        "act": "well no,",
        "end_time": 618.04,
        "is_in_ext_summ": false,
        "start_time": 617.68
      }
    ],
    [
      {
        "act": "this is the internal company information, is it?",
        "end_time": 633.04,
        "is_in_ext_summ": false,
        "start_time": 630.22
      },
      {
        "act": "yeah.",
        "end_time": 633.58,
        "is_in_ext_summ": false,
        "start_time": 633.17
      },
      {
        "act": "Uh bits of it,",
        "end_time": 633.17,
        "is_in_ext_summ": false,
        "start_time": 632.04
      }
    ],
    [
      {
        "act": "Of course mobile phones do tend to be more expensive,",
        "end_time": 638.46,
        "is_in_ext_summ": true,
        "start_time": 635.07
      },
      {
        "act": "Yes, as well.",
        "end_time": 638.27,
        "is_in_ext_summ": false,
        "start_time": 637.56
      },
      {
        "act": "Yeah, mm true,",
        "end_time": 644.18,
        "is_in_ext_summ": false,
        "start_time": 642.63
      }
    ],
    [
      {
        "act": "again but if it's without any without any uh p price informations that's uh difficult to uh",
        "end_time": 650.05,
        "is_in_ext_summ": false,
        "start_time": 644.18
      },
      {
        "act": "Yeah.",
        "end_time": 652.66,
        "is_in_ext_summ": false,
        "start_time": 652.25
      }
    ],
    [
      {
        "act": "Also lots of mobile phones have got a lot of technology in them, not just that, so.",
        "end_time": 656.15,
        "is_in_ext_summ": false,
        "start_time": 652.36
      },
      {
        "act": "Mm.",
        "end_time": 655.23,
        "is_in_ext_summ": false,
        "start_time": 654.9
      },
      {
        "act": "Yeah, that's that's right.",
        "end_time": 656.67,
        "is_in_ext_summ": false,
        "start_time": 655.44
      }
    ],
    [
      {
        "act": "I mean do w do we think that the voice technology is fundamental to the project?",
        "end_time": 717.67,
        "is_in_ext_summ": false,
        "start_time": 713.45
      },
      {
        "act": "so I th I think in in our in our minds it's it's fundamental,",
        "end_time": 729.82,
        "is_in_ext_summ": false,
        "start_time": 726.92
      }
    ],
    [
      {
        "act": "And we've been talking about it the whole time.",
        "end_time": 860.02,
        "is_in_ext_summ": false,
        "start_time": 858.64
      },
      {
        "act": "Yeah, yeah.",
        "end_time": 860.48,
        "is_in_ext_summ": false,
        "start_time": 859.72
      }
    ],
    [
      {
        "act": "Anyway, I'm I'm incli kinda inclined to say that we should just go for it.",
        "end_time": 863.32,
        "is_in_ext_summ": true,
        "start_time": 860.02
      },
      {
        "act": "Mm, right, okay.",
        "end_time": 863.71,
        "is_in_ext_summ": false,
        "start_time": 862.6
      },
      {
        "act": "Fine. Okay.",
        "end_time": 880.53,
        "is_in_ext_summ": false,
        "start_time": 879.03
      }
    ],
    [
      {
        "act": "From uh my presentation show, so.",
        "end_time": 874.74,
        "is_in_ext_summ": false,
        "start_time": 871.99
      },
      {
        "act": "Yeah,",
        "end_time": 873.77,
        "is_in_ext_summ": false,
        "start_time": 873.19
      }
    ],
    [
      {
        "act": "it's the second most important aspect to users that the device should be technologically innovative.",
        "end_time": 870.05,
        "is_in_ext_summ": false,
        "start_time": 864.3
      },
      {
        "act": "it should be",
        "end_time": 874.23,
        "is_in_ext_summ": false,
        "start_time": 873.77
      },
      {
        "act": "Uh technologically innovative.",
        "end_time": 876.27,
        "is_in_ext_summ": false,
        "start_time": 874.74
      },
      {
        "act": "Right, okay,",
        "end_time": 877.42,
        "is_in_ext_summ": false,
        "start_time": 876.45
      }
    ],
    [
      {
        "act": "it will have voice recognition um uh",
        "end_time": 883.98,
        "is_in_ext_summ": true,
        "start_time": 880.73
      },
      {
        "act": "Mm. Cool.",
        "end_time": 883.23,
        "is_in_ext_summ": false,
        "start_time": 881.8
      },
      {
        "act": "Okay.",
        "end_time": 883.05,
        "is_in_ext_summ": false,
        "start_time": 882.66
      }
    ],
    [
      {
        "act": "do we need the five buttons for channel change, up down, volume up down and on off, just as a a backup or just so that people can uh j j just sit there pressing buttons?",
        "end_time": 903.82,
        "is_in_ext_summ": false,
        "start_time": 891.82
      },
      {
        "act": "Yeah.",
        "end_time": 902.25,
        "is_in_ext_summ": false,
        "start_time": 901.85
      },
      {
        "act": "Yeah, I I would say we do, yeah.",
        "end_time": 904.53,
        "is_in_ext_summ": false,
        "start_time": 902.36
      },
      {
        "act": "I think so.",
        "end_time": 905.21,
        "is_in_ext_summ": false,
        "start_time": 904.21
      }
    ],
    [
      {
        "act": "d did you want to say anything?",
        "end_time": 915.93,
        "is_in_ext_summ": false,
        "start_time": 914.72
      },
      {
        "act": "Uh nope,",
        "end_time": 915.94,
        "is_in_ext_summ": false,
        "start_time": 915.6
      },
      {
        "act": "No?",
        "end_time": 916.32,
        "is_in_ext_summ": false,
        "start_time": 915.93
      }
    ],
    [
      {
        "act": "Shall we move rapidly on to uh Kendra?",
        "end_time": 919.68,
        "is_in_ext_summ": false,
        "start_time": 916.66
      },
      {
        "act": "Okay.",
        "end_time": 918.43,
        "is_in_ext_summ": false,
        "start_time": 918.13
      }
    ],
    [
      {
        "act": "Is it gonna work?",
        "end_time": 950.84,
        "is_in_ext_summ": false,
        "start_time": 950.02
      },
      {
        "act": "Yeah,",
        "end_time": 951.09,
        "is_in_ext_summ": false,
        "start_time": 950.95
      },
      {
        "act": "Mm yeah,",
        "end_time": 951.67,
        "is_in_ext_summ": false,
        "start_time": 951.05
      }
    ],
    [
      {
        "act": "I mean I think the reason everybody uses pushbuttons is that they're they're si simple, cheap and reliable.",
        "end_time": 1040.01,
        "is_in_ext_summ": true,
        "start_time": 1033.85
      },
      {
        "act": "I think they're they're about the same cost really.",
        "end_time": 1041.09,
        "is_in_ext_summ": true,
        "start_time": 1038.82
      }
    ],
    [
      {
        "act": "I think it's pretty much the same sort of connection. Mm yeah.",
        "end_time": 1048.68,
        "is_in_ext_summ": false,
        "start_time": 1045.55
      },
      {
        "act": "Okay, fair enough, fine.",
        "end_time": 1048.68,
        "is_in_ext_summ": true,
        "start_time": 1046.97
      }
    ],
    [
      {
        "act": "that possibly we could use that on the sides for volume, for example, have the slide button on the side,",
        "end_time": 1022.68,
        "is_in_ext_summ": true,
        "start_time": 1017.27
      },
      {
        "act": "so I thought it might be good for volume to just be able to kind of roll it and then have the up and down",
        "end_time": 1059.23,
        "is_in_ext_summ": true,
        "start_time": 1054.06
      },
      {
        "act": "Good, good.",
        "end_time": 1058.12,
        "is_in_ext_summ": false,
        "start_time": 1056.7
      },
      {
        "act": "So three three there's three buttons on a slider.",
        "end_time": 1065.01,
        "is_in_ext_summ": true,
        "start_time": 1061.7
      },
      {
        "act": "Y yes, yes.",
        "end_time": 1066.84,
        "is_in_ext_summ": false,
        "start_time": 1065.41
      }
    ],
    [
      {
        "act": "if you see what I mean.",
        "end_time": 1080.72,
        "is_in_ext_summ": false,
        "start_time": 1079.43
      },
      {
        "act": "Yeah.",
        "end_time": 1080.4,
        "is_in_ext_summ": false,
        "start_time": 1080.05
      },
      {
        "act": "Mm.",
        "end_time": 1080.74,
        "is_in_ext_summ": false,
        "start_time": 1080.49
      }
    ],
    [
      {
        "act": "So you kinda take it up one at a time.",
        "end_time": 1086.79,
        "is_in_ext_summ": false,
        "start_time": 1085.37
      },
      {
        "act": "Okay.",
        "end_time": 1089.12,
        "is_in_ext_summ": false,
        "start_time": 1087.95
      }
    ],
    [
      {
        "act": "we have to come up with is the the actual shape",
        "end_time": 1115.78,
        "is_in_ext_summ": false,
        "start_time": 1114.2
      },
      {
        "act": "Yeah.",
        "end_time": 1120.86,
        "is_in_ext_summ": false,
        "start_time": 1120.55
      }
    ],
    [
      {
        "act": "so we we're looking at sliders for both a uh volume and channel change",
        "end_time": 1127.93,
        "is_in_ext_summ": true,
        "start_time": 1122.3
      },
      {
        "act": "I was thinking kind of just for the volume,",
        "end_time": 1132.77,
        "is_in_ext_summ": true,
        "start_time": 1130.92
      },
      {
        "act": "Just for the volume, uh.",
        "end_time": 1133.69,
        "is_in_ext_summ": false,
        "start_time": 1132.66
      }
    ],
    [
      {
        "act": "but what what do you guys think?",
        "end_time": 1135.33,
        "is_in_ext_summ": false,
        "start_time": 1132.77
      },
      {
        "act": "depending on the final shape of it,",
        "end_time": 1137.04,
        "is_in_ext_summ": false,
        "start_time": 1135.33
      }
    ],
    [
      {
        "act": "'cause you could have like, I dunno, it looks like you can c control the volume with your thumb,",
        "end_time": 1142.12,
        "is_in_ext_summ": false,
        "start_time": 1137.04
      },
      {
        "act": "Yeah, yeah.",
        "end_time": 1144.4,
        "is_in_ext_summ": false,
        "start_time": 1142.6
      }
    ],
    [
      {
        "act": "and then you could control the buttons with your fingers.",
        "end_time": 1143.94,
        "is_in_ext_summ": false,
        "start_time": 1142.12
      },
      {
        "act": "Fingers,",
        "end_time": 1143.89,
        "is_in_ext_summ": false,
        "start_time": 1143.54
      },
      {
        "act": "yeah.",
        "end_time": 1144.33,
        "is_in_ext_summ": false,
        "start_time": 1143.89
      },
      {
        "act": "Yeah,",
        "end_time": 1144.17,
        "is_in_ext_summ": false,
        "start_time": 1143.19
      }
    ],
    [
      {
        "act": "it it it seems to me that uh it uh it al also has the advantage that it it the two are clearly different,",
        "end_time": 1154.06,
        "is_in_ext_summ": false,
        "start_time": 1147.76
      },
      {
        "act": "Mm yeah, yeah, yeah.",
        "end_time": 1155.12,
        "is_in_ext_summ": false,
        "start_time": 1153.19
      },
      {
        "act": "Yeah.",
        "end_time": 1153.86,
        "is_in_ext_summ": false,
        "start_time": 1153.53
      },
      {
        "act": "Oh yeah,",
        "end_time": 1154.58,
        "is_in_ext_summ": false,
        "start_time": 1154.07
      },
      {
        "act": "yeah.",
        "end_time": 1154.89,
        "is_in_ext_summ": false,
        "start_time": 1154.58
      }
    ],
    [
      {
        "act": "is that that all you want to say at the mo",
        "end_time": 1166.0,
        "is_in_ext_summ": false,
        "start_time": 1163.79
      },
      {
        "act": "Yes.",
        "end_time": 1165.81,
        "is_in_ext_summ": false,
        "start_time": 1165.33
      },
      {
        "act": "okay, fine.",
        "end_time": 1166.56,
        "is_in_ext_summ": false,
        "start_time": 1166.0
      },
      {
        "act": "Yeah.",
        "end_time": 1169.3,
        "is_in_ext_summ": false,
        "start_time": 1167.72
      }
    ],
    [
      {
        "act": "I think that what we're suggesting ought to address all three of those.",
        "end_time": 1264.08,
        "is_in_ext_summ": true,
        "start_time": 1260.61
      },
      {
        "act": "Uh exactly, yeah.",
        "end_time": 1264.94,
        "is_in_ext_summ": false,
        "start_time": 1264.0
      },
      {
        "act": "Yeah.",
        "end_time": 1264.77,
        "is_in_ext_summ": false,
        "start_time": 1264.17
      },
      {
        "act": "Mm.",
        "end_time": 1265.34,
        "is_in_ext_summ": false,
        "start_time": 1264.74
      }
    ],
    [
      {
        "act": "and uh a spongy material to be used on the on the outside.",
        "end_time": 1290.46,
        "is_in_ext_summ": true,
        "start_time": 1285.63
      },
      {
        "act": "that's different, certainly.",
        "end_time": 1292.85,
        "is_in_ext_summ": true,
        "start_time": 1291.45
      }
    ],
    [
      {
        "act": "if we're going for the it looks fancy, then fashion is obviously the line we gotta be going through.",
        "end_time": 1312.95,
        "is_in_ext_summ": true,
        "start_time": 1308.47
      },
      {
        "act": "But fashions do don't last very long.",
        "end_time": 1315.14,
        "is_in_ext_summ": true,
        "start_time": 1312.95
      }
    ],
    [
      {
        "act": "like we could have the fruit and vegetable theme this year",
        "end_time": 1320.03,
        "is_in_ext_summ": true,
        "start_time": 1317.77
      },
      {
        "act": "Yeah.",
        "end_time": 1320.39,
        "is_in_ext_summ": false,
        "start_time": 1320.01
      },
      {
        "act": "Yeah.",
        "end_time": 1320.91,
        "is_in_ext_summ": false,
        "start_time": 1320.34
      }
    ],
    [
      {
        "act": "we can have a sp like a spongy skin on it",
        "end_time": 1324.34,
        "is_in_ext_summ": true,
        "start_time": 1322.2
      },
      {
        "act": "yeah.",
        "end_time": 1323.31,
        "is_in_ext_summ": false,
        "start_time": 1322.99
      },
      {
        "act": "Yeah,",
        "end_time": 1325.95,
        "is_in_ext_summ": false,
        "start_time": 1324.61
      }
    ],
    [
      {
        "act": "and then we can just whip that off and",
        "end_time": 1325.8,
        "is_in_ext_summ": false,
        "start_time": 1324.34
      },
      {
        "act": "yeah.",
        "end_time": 1326.28,
        "is_in_ext_summ": false,
        "start_time": 1325.95
      },
      {
        "act": "Yeah",
        "end_time": 1326.24,
        "is_in_ext_summ": false,
        "start_time": 1326.1
      }
    ],
    [
      {
        "act": "like the kind you get on like hand weights. You know, that kind of spongy",
        "end_time": 1331.55,
        "is_in_ext_summ": false,
        "start_time": 1326.24
      },
      {
        "act": "Mm, yeah,",
        "end_time": 1329.89,
        "is_in_ext_summ": false,
        "start_time": 1329.27
      },
      {
        "act": "but yeah.",
        "end_time": 1332.09,
        "is_in_ext_summ": false,
        "start_time": 1331.52
      }
    ],
    [
      {
        "act": "Also means you can drop it without damaging it.",
        "end_time": 1336.17,
        "is_in_ext_summ": true,
        "start_time": 1334.07
      },
      {
        "act": "Yeah.",
        "end_time": 1336.54,
        "is_in_ext_summ": false,
        "start_time": 1336.2
      },
      {
        "act": "That's c cool.",
        "end_time": 1337.36,
        "is_in_ext_summ": false,
        "start_time": 1336.54
      },
      {
        "act": "Uh, yeah, it's good as well. Mm-hmm.",
        "end_time": 1339.15,
        "is_in_ext_summ": false,
        "start_time": 1336.4
      },
      {
        "act": "Yeah, that's true.",
        "end_time": 1338.09,
        "is_in_ext_summ": false,
        "start_time": 1336.75
      }
    ],
    [
      {
        "act": "depending on the cost of the product itself, you know, could we have uh a cheaper b cheaper power source and then just have it annually renewed? Instead of having a ten year guarantee?",
        "end_time": 1355.44,
        "is_in_ext_summ": true,
        "start_time": 1343.07
      },
      {
        "act": "I I mean it its uh I that's an interesting idea,",
        "end_time": 1366.24,
        "is_in_ext_summ": false,
        "start_time": 1362.85
      },
      {
        "act": "Um but if we also make it cheap enough that people either change the cover every year or even buy a new one every year then it it's it's even better.",
        "end_time": 1409.73,
        "is_in_ext_summ": true,
        "start_time": 1402.36
      }
    ],
    [
      {
        "act": "but it's just never been seen as a a fashion item before.",
        "end_time": 1378.62,
        "is_in_ext_summ": false,
        "start_time": 1374.64
      },
      {
        "act": "Yeah.",
        "end_time": 1378.63,
        "is_in_ext_summ": false,
        "start_time": 1378.27
      }
    ],
    [
      {
        "act": "With interchangeable covers, could just buy a new one every year, a new one when new fashions come out.",
        "end_time": 1360.27,
        "is_in_ext_summ": true,
        "start_time": 1355.44
      },
      {
        "act": "yes if if if they're made in sufficient quantity",
        "end_time": 1383.26,
        "is_in_ext_summ": false,
        "start_time": 1381.05
      },
      {
        "act": "I I think it's easier sometimes to have them buy changeable covers for it than to buy a whole new one,",
        "end_time": 1388.53,
        "is_in_ext_summ": true,
        "start_time": 1381.17
      }
    ],
    [
      {
        "act": "What if we included the batteries in the cover?",
        "end_time": 1412.8,
        "is_in_ext_summ": true,
        "start_time": 1410.1
      },
      {
        "act": "Oh yeah. I like that.",
        "end_time": 1415.83,
        "is_in_ext_summ": true,
        "start_time": 1413.67
      },
      {
        "act": "yeah.",
        "end_time": 1419.45,
        "is_in_ext_summ": false,
        "start_time": 1419.01
      },
      {
        "act": "and you've immediately got a sort of unreliability,",
        "end_time": 1433.47,
        "is_in_ext_summ": false,
        "start_time": 1430.64
      },
      {
        "act": "Uh yeah.",
        "end_time": 1434.26,
        "is_in_ext_summ": false,
        "start_time": 1433.53
      },
      {
        "act": "I know what you're saying and uh understand where you're coming from.",
        "end_time": 1449.32,
        "is_in_ext_summ": false,
        "start_time": 1446.24
      }
    ],
    [
      {
        "act": "can I see that thing?",
        "end_time": 1422.38,
        "is_in_ext_summ": false,
        "start_time": 1420.15
      },
      {
        "act": "Um.",
        "end_time": 1421.53,
        "is_in_ext_summ": false,
        "start_time": 1421.21
      }
    ],
    [
      {
        "act": "whereas the advantage of having it plumbed in is that that the whole thing is all, you know, completely soldered together",
        "end_time": 1439.97,
        "is_in_ext_summ": true,
        "start_time": 1433.47
      },
      {
        "act": "and it it it you know, total reliability,",
        "end_time": 1442.61,
        "is_in_ext_summ": false,
        "start_time": 1439.97
      },
      {
        "act": "Yeah, I guess that's",
        "end_time": 1440.25,
        "is_in_ext_summ": false,
        "start_time": 1439.27
      },
      {
        "act": "Mm.",
        "end_time": 1439.86,
        "is_in_ext_summ": false,
        "start_time": 1439.58
      },
      {
        "act": "true.",
        "end_time": 1442.66,
        "is_in_ext_summ": false,
        "start_time": 1441.43
      },
      {
        "act": "the advantage of a replaceable cover is that even if they don't it doesn't have a cover on at all, it will still work um totally.",
        "end_time": 1490.58,
        "is_in_ext_summ": true,
        "start_time": 1482.84
      },
      {
        "act": "Mm.",
        "end_time": 1488.5,
        "is_in_ext_summ": false,
        "start_time": 1488.21
      },
      {
        "act": "Yeah, that's true.",
        "end_time": 1489.37,
        "is_in_ext_summ": false,
        "start_time": 1488.26
      },
      {
        "act": "Yeah, yeah.",
        "end_time": 1492.04,
        "is_in_ext_summ": false,
        "start_time": 1491.26
      },
      {
        "act": "yeah.",
        "end_time": 1512.29,
        "is_in_ext_summ": false,
        "start_time": 1511.88
      }
    ],
    [
      {
        "act": "and the bit everyone sees.",
        "end_time": 1464.91,
        "is_in_ext_summ": false,
        "start_time": 1462.48
      },
      {
        "act": "I think if we're gonna go down that route, then we're talking about uh even if it costs slightly more than that, um just building the whole thing in one,",
        "end_time": 1473.71,
        "is_in_ext_summ": false,
        "start_time": 1466.63
      },
      {
        "act": "Yeah, you probably are right.",
        "end_time": 1475.06,
        "is_in_ext_summ": false,
        "start_time": 1473.95
      }
    ],
    [
      {
        "act": "Um then if, you know, if people lose the cover, I mean they they might be well inclined to go out and spend however many Euros on a on a new one um rather than a a complete new re remote.",
        "end_time": 1504.17,
        "is_in_ext_summ": true,
        "start_time": 1490.58
      },
      {
        "act": "Yeah.",
        "end_time": 1500.7,
        "is_in_ext_summ": false,
        "start_time": 1500.31
      },
      {
        "act": "Yeah.",
        "end_time": 1503.92,
        "is_in_ext_summ": false,
        "start_time": 1503.59
      }
    ],
    [
      {
        "act": "that that's just it with the covers, you're sort of tricking 'em into continuing to spend their money on our products without making 'em feel like they're being ripped off having to buy a new product.",
        "end_time": 1511.07,
        "is_in_ext_summ": true,
        "start_time": 1503.44
      },
      {
        "act": "Yeah,",
        "end_time": 1510.67,
        "is_in_ext_summ": false,
        "start_time": 1510.4
      },
      {
        "act": "Yeah,",
        "end_time": 1511.2,
        "is_in_ext_summ": false,
        "start_time": 1510.74
      }
    ],
    [
      {
        "act": "it's it's up to our marketing people to to ma to ma turn it into a a fashion item.",
        "end_time": 1518.8,
        "is_in_ext_summ": true,
        "start_time": 1513.73
      },
      {
        "act": "Right.",
        "end_time": 1515.93,
        "is_in_ext_summ": false,
        "start_time": 1515.63
      },
      {
        "act": "Mm, yeah.",
        "end_time": 1518.56,
        "is_in_ext_summ": false,
        "start_time": 1517.9
      }
    ],
    [
      {
        "act": "Um and, you know, as as external fashions change, then we get new new covers on the market and, you know, readily available.",
        "end_time": 1526.78,
        "is_in_ext_summ": true,
        "start_time": 1518.8
      },
      {
        "act": "Mm.",
        "end_time": 1523.0,
        "is_in_ext_summ": false,
        "start_time": 1522.84
      },
      {
        "act": "Yeah.",
        "end_time": 1524.01,
        "is_in_ext_summ": false,
        "start_time": 1523.7
      },
      {
        "act": "Yeah, okay.",
        "end_time": 1537.43,
        "is_in_ext_summ": false,
        "start_time": 1536.4
      }
    ],
    [
      {
        "act": "And that's the sort of thing, once you get the mould set, you can just whip out different colours, different pictures very very quickly.",
        "end_time": 1532.32,
        "is_in_ext_summ": false,
        "start_time": 1526.85
      },
      {
        "act": "that's that's right, yeah, yeah.",
        "end_time": 1533.91,
        "is_in_ext_summ": false,
        "start_time": 1532.06
      },
      {
        "act": "Yeah,",
        "end_time": 1530.8,
        "is_in_ext_summ": false,
        "start_time": 1530.55
      }
    ],
    [
      {
        "act": "like they have for mobile phones",
        "end_time": 1532.59,
        "is_in_ext_summ": true,
        "start_time": 1530.8
      },
      {
        "act": "Yeah, yeah, exactly, exactly.",
        "end_time": 1533.89,
        "is_in_ext_summ": false,
        "start_time": 1532.32
      }
    ],
    [
      {
        "act": "This is fashionable",
        "end_time": 1565.17,
        "is_in_ext_summ": false,
        "start_time": 1564.26
      },
      {
        "act": "Um this is fashionable.",
        "end_time": 1566.15,
        "is_in_ext_summ": false,
        "start_time": 1563.22
      }
    ],
    [
      {
        "act": "but um know sort of the the organic, you know, curved look,",
        "end_time": 1615.05,
        "is_in_ext_summ": true,
        "start_time": 1610.07
      },
      {
        "act": "Oh yeah.",
        "end_time": 1615.73,
        "is_in_ext_summ": false,
        "start_time": 1615.09
      }
    ],
    [
      {
        "act": "and, you know, whether whether the you know, the the fixed part of it is the corporate yellow. Um",
        "end_time": 1633.38,
        "is_in_ext_summ": true,
        "start_time": 1627.38
      },
      {
        "act": "I dunno that we should make the whole thing yellow",
        "end_time": 1648.74,
        "is_in_ext_summ": true,
        "start_time": 1647.47
      },
      {
        "act": "yellow seems a bit of a strong colour",
        "end_time": 1654.33,
        "is_in_ext_summ": true,
        "start_time": 1652.69
      },
      {
        "act": "Yeah,",
        "end_time": 1654.34,
        "is_in_ext_summ": false,
        "start_time": 1654.18
      },
      {
        "act": "Yeah.",
        "end_time": 1656.23,
        "is_in_ext_summ": false,
        "start_time": 1655.87
      },
      {
        "act": "I d I I agree,",
        "end_time": 1657.07,
        "is_in_ext_summ": false,
        "start_time": 1656.38
      }
    ],
    [
      {
        "act": "I kinda thought with a you'd have like a yellow circle with the R_R_ in it somewhere on it,",
        "end_time": 1652.47,
        "is_in_ext_summ": false,
        "start_time": 1648.74
      },
      {
        "act": "Yeah",
        "end_time": 1651.9,
        "is_in_ext_summ": false,
        "start_time": 1651.7
      },
      {
        "act": "Yeah,",
        "end_time": 1652.36,
        "is_in_ext_summ": false,
        "start_time": 1652.08
      }
    ],
    [
      {
        "act": "I mean we're we're we're simply it's simply required to incorporate the the the the corporate logo prominently um.",
        "end_time": 1663.73,
        "is_in_ext_summ": true,
        "start_time": 1657.07
      },
      {
        "act": "Yeah, yeah.",
        "end_time": 1659.79,
        "is_in_ext_summ": false,
        "start_time": 1658.94
      },
      {
        "act": "Yeah.",
        "end_time": 1660.7,
        "is_in_ext_summ": false,
        "start_time": 1660.37
      }
    ],
    [
      {
        "act": "And make that a fashion symbol as well.",
        "end_time": 1665.25,
        "is_in_ext_summ": false,
        "start_time": 1663.19
      },
      {
        "act": "yes,",
        "end_time": 1667.54,
        "is_in_ext_summ": false,
        "start_time": 1667.1
      }
    ],
    [
      {
        "act": "my idea was something a b probably you know a bit fatter than this but sort of tha that sorta shape",
        "end_time": 1713.71,
        "is_in_ext_summ": true,
        "start_time": 1709.56
      },
      {
        "act": "Yeah. Yeah, maybe.",
        "end_time": 1715.59,
        "is_in_ext_summ": false,
        "start_time": 1712.39
      }
    ],
    [
      {
        "act": "you want something you can definitely grip.",
        "end_time": 1719.41,
        "is_in_ext_summ": true,
        "start_time": 1717.8
      },
      {
        "act": "Yeah.",
        "end_time": 1720.49,
        "is_in_ext_summ": false,
        "start_time": 1719.47
      }
    ],
    [
      {
        "act": "Sort of a combination.",
        "end_time": 1721.59,
        "is_in_ext_summ": false,
        "start_time": 1720.49
      },
      {
        "act": "Yeah, yeah.",
        "end_time": 1722.36,
        "is_in_ext_summ": false,
        "start_time": 1721.37
      }
    ],
    [
      {
        "act": "it's sort of it's it's sort of uh a a mouse,",
        "end_time": 1722.48,
        "is_in_ext_summ": false,
        "start_time": 1719.86
      },
      {
        "act": "Yeah.",
        "end_time": 1724.08,
        "is_in_ext_summ": false,
        "start_time": 1723.7
      }
    ],
    [
      {
        "act": "so it's you sorta hold it in your hand like that, i with, you know, and fiddling with the buttons.",
        "end_time": 1728.0,
        "is_in_ext_summ": true,
        "start_time": 1724.06
      },
      {
        "act": "Yeah.",
        "end_time": 1725.06,
        "is_in_ext_summ": false,
        "start_time": 1724.65
      },
      {
        "act": "Yeah,",
        "end_time": 1726.13,
        "is_in_ext_summ": false,
        "start_time": 1725.95
      }
    ],
    [
      {
        "act": "Maybe almost like a hairbrush, like you could get the about the width of that end of the pen",
        "end_time": 1736.72,
        "is_in_ext_summ": false,
        "start_time": 1733.46
      },
      {
        "act": "Yeah,",
        "end_time": 1737.57,
        "is_in_ext_summ": false,
        "start_time": 1736.48
      }
    ],
    [
      {
        "act": "then wider up here.",
        "end_time": 1738.74,
        "is_in_ext_summ": false,
        "start_time": 1737.57
      },
      {
        "act": "yeah.",
        "end_time": 1739.46,
        "is_in_ext_summ": false,
        "start_time": 1739.05
      }
    ],
    [
      {
        "act": "and the power could be wherever, up up the top or something.",
        "end_time": 1754.17,
        "is_in_ext_summ": true,
        "start_time": 1747.98
      },
      {
        "act": "Yeah, cool.",
        "end_time": 1753.22,
        "is_in_ext_summ": false,
        "start_time": 1752.2
      }
    ],
    [
      {
        "act": "What do you guys think about that?",
        "end_time": 1756.14,
        "is_in_ext_summ": false,
        "start_time": 1754.17
      },
      {
        "act": "Okay, yeah, yeah.",
        "end_time": 1757.89,
        "is_in_ext_summ": false,
        "start_time": 1756.53
      },
      {
        "act": "But do you know, this shape also kind of les lend itself to to voice",
        "end_time": 1793.36,
        "is_in_ext_summ": false,
        "start_time": 1790.0
      }
    ],
    [
      {
        "act": "I mean are we are we starting to get away from the the voice functionality of it?",
        "end_time": 1768.32,
        "is_in_ext_summ": true,
        "start_time": 1764.77
      },
      {
        "act": "It's a very good point.",
        "end_time": 1774.85,
        "is_in_ext_summ": false,
        "start_time": 1773.95
      },
      {
        "act": "It is a very good point.",
        "end_time": 1776.47,
        "is_in_ext_summ": false,
        "start_time": 1775.06
      },
      {
        "act": "Yeah.",
        "end_time": 1775.61,
        "is_in_ext_summ": false,
        "start_time": 1775.3
      }
    ],
    [
      {
        "act": "I think we d I think we decided that w we're actually going down both routes.",
        "end_time": 1782.03,
        "is_in_ext_summ": true,
        "start_time": 1776.61
      },
      {
        "act": "Yeah, yeah.",
        "end_time": 1782.72,
        "is_in_ext_summ": false,
        "start_time": 1781.64
      },
      {
        "act": "Yeah.",
        "end_time": 1782.28,
        "is_in_ext_summ": false,
        "start_time": 1781.76
      }
    ],
    [
      {
        "act": "but you can also bring it up like that",
        "end_time": 1796.49,
        "is_in_ext_summ": false,
        "start_time": 1794.96
      },
      {
        "act": "Yeah,",
        "end_time": 1797.14,
        "is_in_ext_summ": false,
        "start_time": 1796.96
      },
      {
        "act": "yeah, yeah.",
        "end_time": 1798.79,
        "is_in_ext_summ": false,
        "start_time": 1797.86
      }
    ],
    [
      {
        "act": "and just speak to it,",
        "end_time": 1797.86,
        "is_in_ext_summ": false,
        "start_time": 1796.69
      },
      {
        "act": "yeah, yeah.",
        "end_time": 1799.84,
        "is_in_ext_summ": false,
        "start_time": 1798.12
      }
    ],
    [
      {
        "act": "my personal view is that if it's not there, people wouldn't use it anyway um.",
        "end_time": 1814.78,
        "is_in_ext_summ": true,
        "start_time": 1809.93
      },
      {
        "act": "Mm I suppose,",
        "end_time": 1814.11,
        "is_in_ext_summ": false,
        "start_time": 1813.56
      }
    ],
    [
      {
        "act": "but t there is the off chance that, you know, th the brightness is wrong on your T_V_",
        "end_time": 1818.23,
        "is_in_ext_summ": false,
        "start_time": 1814.11
      },
      {
        "act": "It's cer it's certainly possible I mean,",
        "end_time": 1821.55,
        "is_in_ext_summ": false,
        "start_time": 1819.97
      }
    ],
    [
      {
        "act": "but maybe we could incorporate that into the voice.",
        "end_time": 1806.8,
        "is_in_ext_summ": true,
        "start_time": 1804.74
      },
      {
        "act": "given the state of the technology we want something that we kno we know will will work um.",
        "end_time": 1832.69,
        "is_in_ext_summ": false,
        "start_time": 1824.47
      },
      {
        "act": "Hmm yeah.",
        "end_time": 1832.08,
        "is_in_ext_summ": false,
        "start_time": 1831.32
      }
    ],
    [
      {
        "act": "and then you can you can minimise the buttons",
        "end_time": 1849.32,
        "is_in_ext_summ": false,
        "start_time": 1847.12
      },
      {
        "act": "that's a good idea.",
        "end_time": 1846.87,
        "is_in_ext_summ": false,
        "start_time": 1846.21
      },
      {
        "act": "Yeah.",
        "end_time": 1850.87,
        "is_in_ext_summ": false,
        "start_time": 1850.61
      }
    ],
    [
      {
        "act": "and either volume thing could also be to scroll through other options like y and you could scroll through brightness",
        "end_time": 1846.69,
        "is_in_ext_summ": true,
        "start_time": 1840.94
      },
      {
        "act": "Yeah,",
        "end_time": 1846.21,
        "is_in_ext_summ": false,
        "start_time": 1845.92
      },
      {
        "act": "Yeah,",
        "end_time": 1846.9,
        "is_in_ext_summ": false,
        "start_time": 1846.75
      },
      {
        "act": "I'm getting a clear message that we think that we should have those facilities available.",
        "end_time": 1857.17,
        "is_in_ext_summ": true,
        "start_time": 1853.51
      }
    ],
    [
      {
        "act": "We could have the channels and the power and then a menu button and then the volume.",
        "end_time": 1863.71,
        "is_in_ext_summ": true,
        "start_time": 1859.25
      },
      {
        "act": "Yeah.",
        "end_time": 1863.11,
        "is_in_ext_summ": false,
        "start_time": 1862.31
      }
    ],
    [
      {
        "act": "Do we need some sort of display?",
        "end_time": 1877.62,
        "is_in_ext_summ": false,
        "start_time": 1876.43
      },
      {
        "act": "But the television would be the display",
        "end_time": 1878.03,
        "is_in_ext_summ": true,
        "start_time": 1876.59
      },
      {
        "act": "Yeah, that's on the T_V_, yeah.",
        "end_time": 1878.6,
        "is_in_ext_summ": false,
        "start_time": 1877.33
      },
      {
        "act": "We actually use the television, okay. Okay, okay, okay.",
        "end_time": 1882.74,
        "is_in_ext_summ": true,
        "start_time": 1877.62
      }
    ],
    [
      {
        "act": "onto like a mouse, the ru the scrolling button, is actually a button as well,",
        "end_time": 1888.03,
        "is_in_ext_summ": false,
        "start_time": 1884.5
      },
      {
        "act": "Yeah,",
        "end_time": 1889.74,
        "is_in_ext_summ": false,
        "start_time": 1888.6
      }
    ],
    [
      {
        "act": "you could press it, you could press that and have it as a menu button.",
        "end_time": 1891.11,
        "is_in_ext_summ": false,
        "start_time": 1888.03
      },
      {
        "act": "yeah, that's true.",
        "end_time": 1890.71,
        "is_in_ext_summ": false,
        "start_time": 1889.74
      },
      {
        "act": "Yeah, press that",
        "end_time": 1891.12,
        "is_in_ext_summ": false,
        "start_time": 1889.5
      },
      {
        "act": "yeah,",
        "end_time": 1892.57,
        "is_in_ext_summ": false,
        "start_time": 1892.38
      },
      {
        "act": "that might work.",
        "end_time": 1894.55,
        "is_in_ext_summ": false,
        "start_time": 1892.57
      },
      {
        "act": "but yeah.",
        "end_time": 1894.78,
        "is_in_ext_summ": false,
        "start_time": 1893.85
      }
    ],
    [
      {
        "act": "I never understood how that worked though,",
        "end_time": 1893.85,
        "is_in_ext_summ": false,
        "start_time": 1892.74
      },
      {
        "act": "it's like the mouse where you just kinda click it. You just press it.",
        "end_time": 1898.82,
        "is_in_ext_summ": false,
        "start_time": 1895.97
      }
    ],
    [
      {
        "act": "so if you had like the menu then you could scroll through and then click it to select.",
        "end_time": 1906.45,
        "is_in_ext_summ": true,
        "start_time": 1902.0
      },
      {
        "act": "Mm, oka yeah. Yeah.",
        "end_time": 1907.64,
        "is_in_ext_summ": false,
        "start_time": 1905.14
      },
      {
        "act": "Uh yeah.",
        "end_time": 1908.04,
        "is_in_ext_summ": false,
        "start_time": 1907.54
      }
    ],
    [
      {
        "act": "You know what I mean?",
        "end_time": 1908.59,
        "is_in_ext_summ": false,
        "start_time": 1908.01
      },
      {
        "act": "Mm yeah.",
        "end_time": 1910.63,
        "is_in_ext_summ": false,
        "start_time": 1908.97
      }
    ],
    [
      {
        "act": "I think we've actually very conveniently just uh come to uh a good point to s to sum up um.",
        "end_time": 1925.09,
        "is_in_ext_summ": true,
        "start_time": 1916.54
      },
      {
        "act": "Cool.",
        "end_time": 1922.99,
        "is_in_ext_summ": false,
        "start_time": 1922.59
      }
    ],
    [
      {
        "act": "Uh can I just get some things clear just for my sake.",
        "end_time": 1968.86,
        "is_in_ext_summ": false,
        "start_time": 1966.35
      },
      {
        "act": "Yeah, certainly, of course.",
        "end_time": 1969.14,
        "is_in_ext_summ": false,
        "start_time": 1967.89
      }
    ],
    [
      {
        "act": "Our energy source is gonna be",
        "end_time": 1970.75,
        "is_in_ext_summ": true,
        "start_time": 1968.86
      },
      {
        "act": "for simplicity of, you know, manufacturing and uh maintenance that we will go for a a long term battery source um,",
        "end_time": 1984.45,
        "is_in_ext_summ": true,
        "start_time": 1975.0
      },
      {
        "act": "Cool. Uh",
        "end_time": 1984.3,
        "is_in_ext_summ": false,
        "start_time": 1983.05
      }
    ],
    [
      {
        "act": "We're having a a custom chip,",
        "end_time": 2017.11,
        "is_in_ext_summ": false,
        "start_time": 2012.78
      },
      {
        "act": "um that will hopefully not be too problematic,",
        "end_time": 2025.82,
        "is_in_ext_summ": false,
        "start_time": 2020.84
      }
    ],
    [
      {
        "act": "And interchangeable case?",
        "end_time": 2048.7,
        "is_in_ext_summ": true,
        "start_time": 2046.87
      },
      {
        "act": "I i interchangeable case seems to be um um important to the concept.",
        "end_time": 2055.9,
        "is_in_ext_summ": true,
        "start_time": 2049.33
      },
      {
        "act": "i if we can come up with some way of of allowing people to actually personalise it uh to whatever they want, then uh I mean uh uh this is totally new.",
        "end_time": 2073.08,
        "is_in_ext_summ": true,
        "start_time": 2063.0
      }
    ],
    [
      {
        "act": "so they can get them in the supermarket when they go down to um a any of the famous supermarkets,",
        "end_time": 2093.22,
        "is_in_ext_summ": true,
        "start_time": 2087.02
      },
      {
        "act": "um it's uh it's good for the supermarket",
        "end_time": 2098.81,
        "is_in_ext_summ": false,
        "start_time": 2095.21
      },
      {
        "act": "and it's good for us",
        "end_time": 2099.63,
        "is_in_ext_summ": false,
        "start_time": 2098.81
      },
      {
        "act": "and it hopefully makes them feel better.",
        "end_time": 2101.65,
        "is_in_ext_summ": false,
        "start_time": 2099.63
      }
    ],
    [
      {
        "act": "And uh are we gonna have it il being illuminated from inside onto the buttons or",
        "end_time": 2106.89,
        "is_in_ext_summ": true,
        "start_time": 2102.45
      },
      {
        "act": "no,",
        "end_time": 2112.15,
        "is_in_ext_summ": true,
        "start_time": 2111.91
      },
      {
        "act": "Cool.",
        "end_time": 2116.18,
        "is_in_ext_summ": false,
        "start_time": 2115.92
      },
      {
        "act": "'cause that would well that would clobber the battery life,",
        "end_time": 2125.71,
        "is_in_ext_summ": false,
        "start_time": 2123.81
      },
      {
        "act": "so no,",
        "end_time": 2125.99,
        "is_in_ext_summ": false,
        "start_time": 2125.71
      },
      {
        "act": "I mean given the nature of the buttons we're having, it's actually uh uh unnecessary I think.",
        "end_time": 2131.33,
        "is_in_ext_summ": false,
        "start_time": 2125.99
      },
      {
        "act": "Yeah.",
        "end_time": 2132.0,
        "is_in_ext_summ": false,
        "start_time": 2131.59
      },
      {
        "act": "Mm-hmm.",
        "end_time": 2132.49,
        "is_in_ext_summ": false,
        "start_time": 2131.98
      }
    ],
    [
      {
        "act": "that it that actually makes that redundant.",
        "end_time": 2115.32,
        "is_in_ext_summ": true,
        "start_time": 2113.38
      },
      {
        "act": "Yeah, I think so too.",
        "end_time": 2116.83,
        "is_in_ext_summ": false,
        "start_time": 2115.11
      },
      {
        "act": "Mm, does actually, yeah, yeah.",
        "end_time": 2117.38,
        "is_in_ext_summ": false,
        "start_time": 2115.27
      }
    ],
    [
      {
        "act": "and especially for making them so like different and",
        "end_time": 2120.29,
        "is_in_ext_summ": false,
        "start_time": 2117.08
      },
      {
        "act": "yeah, yeah.",
        "end_time": 2121.36,
        "is_in_ext_summ": false,
        "start_time": 2120.74
      }
    ],
    [
      {
        "act": "Mm different to feel,",
        "end_time": 2120.74,
        "is_in_ext_summ": false,
        "start_time": 2119.56
      },
      {
        "act": "Yeah, yeah.",
        "end_time": 2121.35,
        "is_in_ext_summ": false,
        "start_time": 2120.07
      }
    ],
    [
      {
        "act": "that that solves one of the problems of b of battery life,",
        "end_time": 2123.81,
        "is_in_ext_summ": false,
        "start_time": 2121.87
      },
      {
        "act": "Mm-hmm. Yep, yeah.",
        "end_time": 2125.77,
        "is_in_ext_summ": false,
        "start_time": 2123.68
      },
      {
        "act": "Yeah.",
        "end_time": 2124.38,
        "is_in_ext_summ": false,
        "start_time": 2123.99
      }
    ],
    [
      {
        "act": "Are we having it that it's any angle, or is it just",
        "end_time": 2136.64,
        "is_in_ext_summ": false,
        "start_time": 2132.41
      },
      {
        "act": "As uh as wide",
        "end_time": 2139.14,
        "is_in_ext_summ": false,
        "start_time": 2136.3
      },
      {
        "act": "Yeah.",
        "end_time": 2139.0,
        "is_in_ext_summ": false,
        "start_time": 2138.68
      },
      {
        "act": "cer certainly wider angle than than current,",
        "end_time": 2141.82,
        "is_in_ext_summ": true,
        "start_time": 2139.14
      },
      {
        "act": "As wide as possible.",
        "end_time": 2139.91,
        "is_in_ext_summ": false,
        "start_time": 2138.96
      }
    ],
    [
      {
        "act": "I sorta envisaged that if if this was the the thing, then sort of the the whole of the top would be the uh the infrared uh.",
        "end_time": 2171.34,
        "is_in_ext_summ": true,
        "start_time": 2163.82
      },
      {
        "act": "Yeah,",
        "end_time": 2169.92,
        "is_in_ext_summ": false,
        "start_time": 2169.61
      },
      {
        "act": "Yeah, mm.",
        "end_time": 2172.33,
        "is_in_ext_summ": false,
        "start_time": 2171.36
      }
    ],
    [
      {
        "act": "we're all clear where we go from here.",
        "end_time": 2198.55,
        "is_in_ext_summ": true,
        "start_time": 2195.85
      },
      {
        "act": "Yep.",
        "end_time": 2197.1,
        "is_in_ext_summ": false,
        "start_time": 2196.77
      },
      {
        "act": "Yep,",
        "end_time": 2197.02,
        "is_in_ext_summ": false,
        "start_time": 2196.61
      },
      {
        "act": "Mm-hmm.",
        "end_time": 2199.52,
        "is_in_ext_summ": false,
        "start_time": 2199.12
      }
    ],
    [
      {
        "act": "and I'll s see you all again in thirty minutes.",
        "end_time": 2204.14,
        "is_in_ext_summ": true,
        "start_time": 2201.42
      },
      {
        "act": "'Kay.",
        "end_time": 2201.77,
        "is_in_ext_summ": false,
        "start_time": 2201.4
      },
      {
        "act": "Okay.",
        "end_time": 2204.44,
        "is_in_ext_summ": false,
        "start_time": 2204.11
      },
      {
        "act": "'Kay.",
        "end_time": 2204.92,
        "is_in_ext_summ": false,
        "start_time": 2204.56
      }
    ]
  ],
  "ap_meta": {
    "far_than_3s": 34,
    "total": 307,
    "total_sequences": 102,
    "values": [
      [
        3,
        473.85
      ],
      [
        5,
        526.21
      ],
      [
        6,
        571.31
      ],
      [
        6,
        594.29
      ],
      [
        6,
        595.74
      ],
      [
        10,
        638.27
      ],
      [
        13,
        717.67
      ],
      [
        15,
        863.71
      ],
      [
        17,
        870.05
      ],
      [
        25,
        1022.68
      ],
      [
        25,
        1058.12
      ],
      [
        28,
        1115.78
      ],
      [
        43,
        1355.44
      ],
      [
        43,
        1366.24
      ],
      [
        45,
        1360.27
      ],
      [
        46,
        1415.83
      ],
      [
        46,
        1419.45
      ],
      [
        46,
        1434.26
      ],
      [
        48,
        1442.66
      ],
      [
        48,
        1492.04
      ],
      [
        53,
        1524.01
      ],
      [
        58,
        1633.38
      ],
      [
        58,
        1648.74
      ],
      [
        70,
        1757.89
      ],
      [
        71,
        1768.32
      ],
      [
        77,
        1806.8
      ],
      [
        78,
        1846.87
      ],
      [
        79,
        1846.9
      ],
      [
        89,
        1970.75
      ],
      [
        90,
        2017.11
      ],
      [
        91,
        2055.9
      ],
      [
        93,
        2106.89
      ],
      [
        93,
        2112.15
      ],
      [
        93,
        2116.18
      ]
    ]
  },
  "args": [
    [
      {
        "act": ". Uh given that the company wants this on the market quickly and cheaply, that would appear to uh effectively constrain us to an existing chip and thus therefore conventional button technology.",
        "ae_type": "Statement",
        "end_time": 554.88,
        "speaker_id": "A",
        "start_time": 542.15
      },
      {
        "act": "h have any have anyti ha anything to say about that?",
        "ae_type": "Open issue",
        "end_time": 565.45,
        "speaker_id": "A",
        "start_time": 562.81
      },
      {
        "act": "I just have a question about that. Um does it make a difference if there are just a few commands, for example if you um can pre-programme in like numbers one through ten and pre-programme say, you know, nine channels and then just use the voice recognition to say channel one and then you've programmed in say B_B_C_ four as your channel one, as your favourite, it's like to have a certain number of favourites um and that w",
        "ae_type": "A/B issue",
        "end_time": 591.25,
        "speaker_id": "C",
        "start_time": 565.72
      },
      {
        "act": "W just to to incorporate the voice activation in it is is sorta the trick. Once you've got the whole voice chip in there, then it's pretty much the the world the the sky is your limit, but to actually the the big step is to actually get the voice activation chips in there and working.",
        "ae_type": "Statement",
        "end_time": 603.45,
        "speaker_id": "B",
        "start_time": 590.2
      },
      {
        "act": "speak somebody's name and it'll dial the number for you",
        "ae_type": "Statement",
        "end_time": 623.77,
        "speaker_id": "A",
        "start_time": 620.53
      },
      {
        "act": "so uh bu I mean the this this information is from is this is the internal company information, is it?",
        "ae_type": "Yes/No issue",
        "end_time": 633.04,
        "speaker_id": "A",
        "start_time": 623.77
      },
      {
        "act": "Uh bits of it, yeah.",
        "ae_type": "Statement",
        "end_time": 633.58,
        "speaker_id": "B",
        "start_time": 632.04
      },
      {
        "act": "Of course mobile phones do tend to be more expensive, you know, hundred and fifty pounds or something.",
        "ae_type": "Statement",
        "end_time": 640.32,
        "speaker_id": "C",
        "start_time": 635.07
      },
      {
        "act": "Yes, as well.",
        "ae_type": "Statement",
        "end_time": 638.27,
        "speaker_id": "B",
        "start_time": 637.56
      },
      {
        "act": "As opposed to the twenty Euros, twenty five Euros.",
        "ae_type": "Statement",
        "end_time": 646.29,
        "speaker_id": "C",
        "start_time": 641.97
      },
      {
        "act": "Yeah, mm true,",
        "ae_type": "Statement",
        "end_time": 644.18,
        "speaker_id": "A",
        "start_time": 642.63
      },
      {
        "act": "uh decide.",
        "ae_type": "Statement",
        "end_time": 652.64,
        "speaker_id": "A",
        "start_time": 651.58
      },
      {
        "act": "Also lots of mobile phones have got a lot of technology in them, not just that, so.",
        "ae_type": "Statement",
        "end_time": 656.15,
        "speaker_id": "D",
        "start_time": 652.36
      },
      {
        "act": "Yeah.",
        "ae_type": "Statement",
        "end_time": 652.66,
        "speaker_id": "C",
        "start_time": 652.25
      },
      {
        "act": "Yeah, that's that's right. It's like it's it's you can't 'cause mobile phones are expensive, you can't say it's the voice recognition bit that is. But we don't know. Um.",
        "ae_type": "Statement",
        "end_time": 665.76,
        "speaker_id": "A",
        "start_time": 655.44
      },
      {
        "act": "Yeah",
        "ae_type": "Statement",
        "end_time": 661.84,
        "speaker_id": "C",
        "start_time": 661.34
      },
      {
        "act": "uh perhaps we ought to uh stick to uh to buttons, since the last thing we want to do is present a product that doesn't work. Um.",
        "ae_type": "Statement",
        "end_time": 691.26,
        "speaker_id": "A",
        "start_time": 680.78
      },
      {
        "act": "Thoughts?",
        "ae_type": "Open issue",
        "end_time": 695.46,
        "speaker_id": "A",
        "start_time": 695.08
      },
      {
        "act": "maybe we can like cut corners somewhere else to bring in over cost.",
        "ae_type": "Weak statement",
        "end_time": 711.76,
        "speaker_id": "D",
        "start_time": 708.93
      },
      {
        "act": "I mean do w do we think that the voice technology is fundamental to the project?",
        "ae_type": "Yes/No issue",
        "end_time": 717.67,
        "speaker_id": "A",
        "start_time": 713.45
      },
      {
        "act": "Uh it's fundament well I mean I guess it it's something we've discussed uh since the the sort of the beginning, so I th I think in in our in our minds it's it's fundamental,",
        "ae_type": "Statement",
        "end_time": 729.82,
        "speaker_id": "B",
        "start_time": 721.57
      },
      {
        "act": "but I don't know that the uh the upper echelons of the company would necessarily agree with that,",
        "ae_type": "Statement",
        "end_time": 734.7,
        "speaker_id": "B",
        "start_time": 729.82
      },
      {
        "act": "Oh yeah.",
        "ae_type": "Statement",
        "end_time": 836.2,
        "speaker_id": "C",
        "start_time": 835.27
      },
      {
        "act": "Well, I kinda think if we're gonna have the voice recognition for part of it, then maybe we should have it for the whole thing.",
        "ae_type": "Statement",
        "end_time": 855.9,
        "speaker_id": "C",
        "start_time": 851.17
      }
    ],
    [
      {
        "act": "Well, I kinda think if we're gonna have the voice recognition for part of it, then maybe we should have it for the whole thing.",
        "ae_type": "Statement",
        "end_time": 855.9,
        "speaker_id": "C",
        "start_time": 851.17
      },
      {
        "act": "Yeah, I I I I I think that's uh",
        "ae_type": "Statement",
        "end_time": 858.59,
        "speaker_id": "A",
        "start_time": 856.08
      },
      {
        "act": "And we've been talking about it the whole time.",
        "ae_type": "Statement",
        "end_time": 860.02,
        "speaker_id": "C",
        "start_time": 858.64
      },
      {
        "act": "Yeah, yeah.",
        "ae_type": "Statement",
        "end_time": 860.48,
        "speaker_id": "A",
        "start_time": 859.72
      },
      {
        "act": "Uh yeah, it's the second most important aspect to users that the device should be technologically innovative.",
        "ae_type": "Statement",
        "end_time": 870.05,
        "speaker_id": "D",
        "start_time": 863.9
      },
      {
        "act": "Yeah.",
        "ae_type": "Statement",
        "end_time": 871.34,
        "speaker_id": "C",
        "start_time": 870.89
      },
      {
        "act": "From uh my presentation show, so. Uh technologically innovative.",
        "ae_type": "Statement",
        "end_time": 876.27,
        "speaker_id": "D",
        "start_time": 871.99
      },
      {
        "act": "Yeah, it should be",
        "ae_type": "Statement",
        "end_time": 874.23,
        "speaker_id": "A",
        "start_time": 873.19
      },
      {
        "act": "No, that sounds good. Mm.",
        "ae_type": "Statement",
        "end_time": 880.06,
        "speaker_id": "B",
        "start_time": 878.46
      },
      {
        "act": "Fine. Okay. I it will have voice recognition",
        "ae_type": "Statement",
        "end_time": 882.66,
        "speaker_id": "A",
        "start_time": 879.03
      },
      {
        "act": "Anyway, I'm I'm incli kinda inclined to say that we should just go for it.",
        "ae_type": "Statement",
        "end_time": 863.32,
        "speaker_id": "C",
        "start_time": 860.02
      }
    ],
    [
      {
        "act": "Sorry y y yeah, if I can interrupt you. Well d p 'kay, do you wanna say anything about um slide controls?",
        "ae_type": "Open issue",
        "end_time": 1033.85,
        "speaker_id": "A",
        "start_time": 1026.37
      },
      {
        "act": "I mean I think the reason everybody uses pushbuttons is that they're they're si simple, cheap and reliable.",
        "ae_type": "Statement",
        "end_time": 1040.01,
        "speaker_id": "A",
        "start_time": 1033.85
      },
      {
        "act": "Uh I think they're they're about the same cost really. I I mean, I think it's just sort of the the there's a lot of slide buttons out there. I think it's pretty much the same sort of connection. Mm yeah.",
        "ae_type": "Statement",
        "end_time": 1048.68,
        "speaker_id": "B",
        "start_time": 1038.66
      },
      {
        "act": "Just because I n for example if I'm using a mouse I like to be able to slide it up and down so I thought it might be good for volume to just be able to kind of roll it and then have the up and down and then the this is my great little drawing.",
        "ae_type": "Statement",
        "end_time": 1062.85,
        "speaker_id": "C",
        "start_time": 1049.75
      },
      {
        "act": "Yeah. Good, good. Yeah.",
        "ae_type": "Statement",
        "end_time": 1060.45,
        "speaker_id": "A",
        "start_time": 1054.58
      },
      {
        "act": "So three three there's three buttons on a slider. Three buttons, channel up channel up down and",
        "ae_type": "Statement",
        "end_time": 1066.98,
        "speaker_id": "A",
        "start_time": 1061.7
      },
      {
        "act": "Y yes, yes.",
        "ae_type": "Statement",
        "end_time": 1066.84,
        "speaker_id": "C",
        "start_time": 1065.41
      },
      {
        "act": "Well, if you g if you if you got a channel up down, we can have a slider in that as well. Because if it if you no if you notice on the thing it it kind of like has got kind of if you you know it s kind of like sticks, if you know what I mean, up like one unit, if you see what I mean. So it kinda goes up one, then y like you can keep rolling it up, but it's like like like like a cog or something. So you kinda take it up one at a time.",
        "ae_type": "Statement",
        "end_time": 1086.79,
        "speaker_id": "D",
        "start_time": 1065.75
      },
      {
        "act": "Yeah.",
        "ae_type": "Statement",
        "end_time": 1080.4,
        "speaker_id": "C",
        "start_time": 1080.05
      },
      {
        "act": "The only advantage I was thinking of to having the buttons, like the buttons on one side for the channel, and then the slider is that if you're just holding in your hand, and you pick it up, it's easy to n s know, okay, this is just the volume and this is the channel.",
        "ae_type": "Statement",
        "end_time": 1101.3,
        "speaker_id": "C",
        "start_time": 1088.64
      },
      {
        "act": "This one on the one side and one yeah. Okay.",
        "ae_type": "Statement",
        "end_time": 1103.73,
        "speaker_id": "A",
        "start_time": 1100.49
      },
      {
        "act": "Uh you could you could as l as like a mouse you could",
        "ae_type": "Statement",
        "end_time": 1104.14,
        "speaker_id": "D",
        "start_time": 1100.79
      },
      {
        "act": "Ye yeah, 'cause I've definitely picked up remotes and like meant to change the channel and turn the volume, or vice versa, so it'd be kinda good to have them be feel completely different. You'd know what you were fiddling with.",
        "ae_type": "Statement",
        "end_time": 1110.22,
        "speaker_id": "B",
        "start_time": 1102.21
      },
      {
        "act": "Yeah",
        "ae_type": "Statement",
        "end_time": 1104.78,
        "speaker_id": "A",
        "start_time": 1104.5
      },
      {
        "act": "Yeah",
        "ae_type": "Statement",
        "end_time": 1106.46,
        "speaker_id": "C",
        "start_time": 1106.0
      },
      {
        "act": "Yeah, like the shape of it almost like a mouse, with a",
        "ae_type": "Statement",
        "end_time": 1113.62,
        "speaker_id": "D",
        "start_time": 1111.08
      },
      {
        "act": "Yeah, or yeah uh th th the I mean thi this is what the we have to come up with is the the actual shape that people can ins instantly pick it up and and know know uh know what it's going to do.",
        "ae_type": "Statement",
        "end_time": 1120.49,
        "speaker_id": "A",
        "start_time": 1111.32
      },
      {
        "act": "Mm.",
        "ae_type": "Weak statement",
        "end_time": 1118.49,
        "speaker_id": "B",
        "start_time": 1118.22
      },
      {
        "act": "Yeah.",
        "ae_type": "Statement",
        "end_time": 1120.86,
        "speaker_id": "C",
        "start_time": 1120.55
      },
      {
        "act": "Okay, so we we're looking at sliders for both a uh volume and channel change",
        "ae_type": "Statement",
        "end_time": 1127.93,
        "speaker_id": "A",
        "start_time": 1121.94
      },
      {
        "act": "Um well I was thinking kind of just for the volume, but what what do you guys think?",
        "ae_type": "A/B issue",
        "end_time": 1135.33,
        "speaker_id": "C",
        "start_time": 1129.59
      },
      {
        "act": "I dunno if it depending on the final shape of it, 'cause you could have like, I dunno, it looks like you can c control the volume with your thumb, and then you could control the buttons with your fingers.",
        "ae_type": "Weak statement",
        "end_time": 1143.94,
        "speaker_id": "D",
        "start_time": 1134.72
      },
      {
        "act": "Yeah, yeah.",
        "ae_type": "Statement",
        "end_time": 1144.4,
        "speaker_id": "C",
        "start_time": 1142.6
      },
      {
        "act": "Yeah, 'cause if yeah, in that kinda position the fingers would be better for pressing and the that for rolling, just the way it would",
        "ae_type": "Statement",
        "end_time": 1149.3,
        "speaker_id": "B",
        "start_time": 1143.19
      },
      {
        "act": "Fingers, yeah. I mean it's it's It yeah, I mean it it it seems to me that uh it uh it al also has the advantage that it it the two are clearly different, um that there's no no possibility of uh confusing the two. So okay. Right so uh that's sorry is that that all you want to say at the mo okay, fine.",
        "ae_type": "Statement",
        "end_time": 1166.56,
        "speaker_id": "A",
        "start_time": 1143.54
      },
      {
        "act": "Yeah.",
        "ae_type": "Statement",
        "end_time": 1149.8,
        "speaker_id": "C",
        "start_time": 1149.37
      },
      {
        "act": "Mm yeah, yeah, yeah.",
        "ae_type": "Statement",
        "end_time": 1155.12,
        "speaker_id": "B",
        "start_time": 1153.19
      },
      {
        "act": "Oh yeah, yeah.",
        "ae_type": "Statement",
        "end_time": 1154.89,
        "speaker_id": "D",
        "start_time": 1154.07
      }
    ],
    [
      {
        "act": "if we could save depending on the cost of the product itself",
        "ae_type": "Open issue",
        "end_time": 1345.45,
        "speaker_id": "D",
        "start_time": 1341.93
      },
      {
        "act": "you know, could we have uh a cheaper b cheaper power source and then just have it annually renewed?",
        "ae_type": "Statement",
        "end_time": 1351.21,
        "speaker_id": "D",
        "start_time": 1345.45
      },
      {
        "act": "Instead of having a ten year guarantee?",
        "ae_type": "Statement",
        "end_time": 1355.44,
        "speaker_id": "D",
        "start_time": 1352.75
      },
      {
        "act": "With interchangeable covers, could just buy a new one every year, a new one when new fashions come out.",
        "ae_type": "Statement",
        "end_time": 1360.27,
        "speaker_id": "D",
        "start_time": 1355.44
      },
      {
        "act": "Yeah.",
        "ae_type": "Statement",
        "end_time": 1359.5,
        "speaker_id": "C",
        "start_time": 1359.12
      },
      {
        "act": "I I mean it its uh I that's an interesting idea, it's like the old Swatch watch where uh um on only batteries ever got changed in those, 'cause people just bought a new one when it went out of fashion, but it's just never been seen as a a fashion item before.",
        "ae_type": "Statement",
        "end_time": 1378.62,
        "speaker_id": "A",
        "start_time": 1362.85
      },
      {
        "act": "Um that's yes if if if they're made in sufficient quantity",
        "ae_type": "Statement",
        "end_time": 1383.26,
        "speaker_id": "A",
        "start_time": 1378.62
      },
      {
        "act": "Yeah.",
        "ae_type": "Statement",
        "end_time": 1378.63,
        "speaker_id": "D",
        "start_time": 1378.27
      },
      {
        "act": "I think it's easier sometimes to have them buy changeable covers for it than to buy a whole new one, because you don't feel like you're investing in a whole new product.",
        "ae_type": "Statement",
        "end_time": 1391.22,
        "speaker_id": "B",
        "start_time": 1383.52
      },
      {
        "act": "W I mean we we can uh uh b but I mean my feeling is that current power sources are such that for relatively little cost you can make it last, you know, a long time. Um but if we also make it cheap enough that people either change the cover every year or even buy a new one every year then it it's it's even better.",
        "ae_type": "Statement",
        "end_time": 1409.73,
        "speaker_id": "A",
        "start_time": 1391.16
      },
      {
        "act": "What if we included the batteries in the cover?",
        "ae_type": "Statement",
        "end_time": 1412.8,
        "speaker_id": "C",
        "start_time": 1410.1
      },
      {
        "act": "Mm-hmm.",
        "ae_type": "Statement",
        "end_time": 1410.92,
        "speaker_id": "D",
        "start_time": 1410.47
      },
      {
        "act": "Oh yeah. I like that. That all c also kind of encourages 'em to buy new covers and yeah.",
        "ae_type": "Statement",
        "end_time": 1419.45,
        "speaker_id": "B",
        "start_time": 1413.67
      },
      {
        "act": "Yeah, so can I see that thing? Just this as examples.",
        "ae_type": "Yes/No issue",
        "end_time": 1424.22,
        "speaker_id": "C",
        "start_time": 1419.12
      },
      {
        "act": "Yeah, yeah, I n I know the only p I mean the the the the immediate thing that comes to mind with that is that it it it y you've then got the connection and you've immediately got a sort of unreliability, whereas the advantage of having it plumbed in is that that the whole thing is all, you know, completely soldered together and it it it you know, total reliability, but I mean I d I I uh",
        "ae_type": "Weak statement",
        "end_time": 1444.4,
        "speaker_id": "A",
        "start_time": 1423.17
      },
      {
        "act": "Uh yeah.",
        "ae_type": "Statement",
        "end_time": 1434.26,
        "speaker_id": "B",
        "start_time": 1433.53
      },
      {
        "act": "true.",
        "ae_type": "Statement",
        "end_time": 1442.66,
        "speaker_id": "C",
        "start_time": 1441.43
      },
      {
        "act": "Or well, but like uh like more than just the battery, like a complete different like you've only got like, you know like th uh this bit's the bit you keep, and this is the expensive bit, this is like the chip and this is the microphone. And then this is the power source and the bit everyone sees. And then",
        "ae_type": "Statement",
        "end_time": 1465.52,
        "speaker_id": "D",
        "start_time": 1448.06
      },
      {
        "act": "I th I s I think if we're gonna go down that route, then we're talking about uh even if it costs slightly more than that, um just building the whole thing in one, then having getting cheaper production costs um and, you know giving people the option of buying a new uh a a complete new thing,",
        "ae_type": "Statement",
        "end_time": 1482.84,
        "speaker_id": "A",
        "start_time": 1465.62
      },
      {
        "act": "the advantage of a replaceable cover is that even if they don't it doesn't have a cover on at all, it will still work um totally. Um then if, you know, if people lose the cover, I mean they they might be well inclined to go out and spend however many Euros on a on a new one um rather than a a complete new re remote.",
        "ae_type": "Statement",
        "end_time": 1504.17,
        "speaker_id": "A",
        "start_time": 1482.84
      },
      {
        "act": "Yeah, you probably are right.",
        "ae_type": "Weak statement",
        "end_time": 1475.06,
        "speaker_id": "D",
        "start_time": 1473.95
      },
      {
        "act": "Yeah, that's true.",
        "ae_type": "Statement",
        "end_time": 1489.37,
        "speaker_id": "C",
        "start_time": 1488.26
      },
      {
        "act": "Well that that's just it with the covers, you're sort of tricking 'em into continuing to spend their money on our products without making 'em feel like they're being ripped off having to buy a new product. So, yeah.",
        "ae_type": "Statement",
        "end_time": 1512.29,
        "speaker_id": "B",
        "start_time": 1503.33
      },
      {
        "act": "Yeah, it's it's up to our marketing people to to ma to ma turn it into a a fashion item. Um and, you know, as as external fashions change, then we get new new covers on the market and, you know, readily available. And um",
        "ae_type": "Statement",
        "end_time": 1527.48,
        "speaker_id": "A",
        "start_time": 1513.51
      },
      {
        "act": "Right.",
        "ae_type": "Statement",
        "end_time": 1515.93,
        "speaker_id": "C",
        "start_time": 1515.63
      },
      {
        "act": "Mm, yeah.",
        "ae_type": "Statement",
        "end_time": 1518.56,
        "speaker_id": "B",
        "start_time": 1517.9
      },
      {
        "act": "And that's the sort of thing, once you get the mould set, you can just whip out different colours, different pictures very very quickly. Yeah, yeah, exactly, exactly.",
        "ae_type": "Statement",
        "end_time": 1533.89,
        "speaker_id": "B",
        "start_time": 1526.85
      },
      {
        "act": "that's that's right, yeah, yeah.",
        "ae_type": "Statement",
        "end_time": 1533.91,
        "speaker_id": "A",
        "start_time": 1532.06
      },
      {
        "act": "Yeah, like they have for mobile phones that are just fruits and animal prints and colours. Yeah, okay.",
        "ae_type": "Statement",
        "end_time": 1537.43,
        "speaker_id": "C",
        "start_time": 1530.55
      },
      {
        "act": "Yeah.",
        "ae_type": "Statement",
        "end_time": 1535.76,
        "speaker_id": "B",
        "start_time": 1535.4
      }
    ],
    [
      {
        "act": "W I mean we we can uh uh b but I mean my feeling is that current power sources are such that for relatively little cost you can make it last, you know, a long time. Um but if we also make it cheap enough that people either change the cover every year or even buy a new one every year then it it's it's even better.",
        "ae_type": "Statement",
        "end_time": 1409.73,
        "speaker_id": "A",
        "start_time": 1391.16
      },
      {
        "act": "Yeah.",
        "ae_type": "Statement",
        "end_time": 1395.09,
        "speaker_id": "B",
        "start_time": 1394.75
      }
    ],
    [
      {
        "act": "Well that that's just it with the covers, you're sort of tricking 'em into continuing to spend their money on our products without making 'em feel like they're being ripped off having to buy a new product. So, yeah.",
        "ae_type": "Statement",
        "end_time": 1512.29,
        "speaker_id": "B",
        "start_time": 1503.33
      },
      {
        "act": "Yeah.",
        "ae_type": "Statement",
        "end_time": 1503.92,
        "speaker_id": "C",
        "start_time": 1503.59
      },
      {
        "act": "Yeah, I mean it is it's up to it's up to",
        "ae_type": "Statement",
        "end_time": 1512.51,
        "speaker_id": "A",
        "start_time": 1510.4
      },
      {
        "act": "Yeah, just another five Euro to get",
        "ae_type": "Statement",
        "end_time": 1513.25,
        "speaker_id": "C",
        "start_time": 1510.74
      },
      {
        "act": "Yeah.",
        "ae_type": "Statement",
        "end_time": 1513.66,
        "speaker_id": "B",
        "start_time": 1513.22
      }
    ],
    [
      {
        "act": "Um I'm just I'm suddenly realising that yeah we're discussing how much how good it's gonna be to change channels t we still can just tell it to. I mean are we are we starting to get away from the the voice functionality of it?",
        "ae_type": "Yes/No issue",
        "end_time": 1768.32,
        "speaker_id": "D",
        "start_time": 1757.71
      },
      {
        "act": "It's a very good point.",
        "ae_type": "Statement",
        "end_time": 1774.85,
        "speaker_id": "A",
        "start_time": 1773.95
      },
      {
        "act": "It is a very good point.",
        "ae_type": "Statement",
        "end_time": 1776.47,
        "speaker_id": "C",
        "start_time": 1775.06
      },
      {
        "act": "Yeah.",
        "ae_type": "Statement",
        "end_time": 1775.61,
        "speaker_id": "B",
        "start_time": 1775.3
      },
      {
        "act": "I think we d I think we decided that w we're actually going down both routes. That um the we n we need the the manual controls and that they should be of that form, but that uh yeah",
        "ae_type": "Statement",
        "end_time": 1790.68,
        "speaker_id": "A",
        "start_time": 1776.61
      },
      {
        "act": "Yeah, yeah.",
        "ae_type": "Statement",
        "end_time": 1782.72,
        "speaker_id": "B",
        "start_time": 1781.64
      },
      {
        "act": "Yeah.",
        "ae_type": "Statement",
        "end_time": 1782.28,
        "speaker_id": "C",
        "start_time": 1781.76
      },
      {
        "act": "But do you know, this shape also kind of les lend itself to to voice 'cause if you're you're holding it and you're fiddling, but you can also bring it up like that and it's microphone-esque, yeah, yeah.",
        "ae_type": "Statement",
        "end_time": 1799.84,
        "speaker_id": "B",
        "start_time": 1790.0
      },
      {
        "act": "If we we're I mean I'm getting a clear message that we think that we should have those facilities available.",
        "ae_type": "Statement",
        "end_time": 1857.17,
        "speaker_id": "A",
        "start_time": 1852.29
      },
      {
        "act": "So I guess we could have a menu button as well. We could have the channels and the power and then a menu button and then the volume. So have four buttons and the volume instead of three buttons and the volume.",
        "ae_type": "Statement",
        "end_time": 1867.8,
        "speaker_id": "C",
        "start_time": 1857.16
      },
      {
        "act": "Yeah",
        "ae_type": "Statement",
        "end_time": 1858.3,
        "speaker_id": "B",
        "start_time": 1858.11
      },
      {
        "act": "Yeah.",
        "ae_type": "Statement",
        "end_time": 1863.11,
        "speaker_id": "B",
        "start_time": 1862.31
      },
      {
        "act": "Okay, if we if we're going down that route, then",
        "ae_type": "Statement",
        "end_time": 1872.8,
        "speaker_id": "A",
        "start_time": 1869.6
      }
    ],
    [
      {
        "act": "But do you know, this shape also kind of les lend itself to to voice 'cause if you're you're holding it and you're fiddling, but you can also bring it up like that and it's microphone-esque, yeah, yeah.",
        "ae_type": "Statement",
        "end_time": 1799.84,
        "speaker_id": "B",
        "start_time": 1790.0
      },
      {
        "act": "Then you just bring it up to your mouth and just speak to it, yeah, yeah.",
        "ae_type": "Statement",
        "end_time": 1798.79,
        "speaker_id": "A",
        "start_time": 1795.46
      },
      {
        "act": "Yeah, and just say",
        "ae_type": "Statement",
        "end_time": 1797.79,
        "speaker_id": "C",
        "start_time": 1796.96
      },
      {
        "act": "Yeah, maybe we cou like w like we're leaving out the buttons for the the f less frequently used stuff, but maybe we could incorporate that into the voice.",
        "ae_type": "Weak statement",
        "end_time": 1806.8,
        "speaker_id": "D",
        "start_time": 1799.15
      },
      {
        "act": "Mm.",
        "ae_type": "Statement",
        "end_time": 1805.6,
        "speaker_id": "B",
        "start_time": 1805.06
      },
      {
        "act": "I th I th honest uh my personal view is that if it's not there, people wouldn't use it anyway um.",
        "ae_type": "Statement",
        "end_time": 1814.78,
        "speaker_id": "A",
        "start_time": 1807.44
      },
      {
        "act": "Mm I suppose, but t there is the off chance that, you know, th the brightness is wrong on your T_V_ or the contrast needs changing.",
        "ae_type": "Weak statement",
        "end_time": 1819.61,
        "speaker_id": "D",
        "start_time": 1813.56
      },
      {
        "act": "It's cer it's certainly possible I mean, but they we we're going beyond w w given the state of the technology we want something that we kno we know will will work um.",
        "ae_type": "Statement",
        "end_time": 1832.69,
        "speaker_id": "A",
        "start_time": 1819.97
      },
      {
        "act": "Hmm yeah",
        "ae_type": "Statement",
        "end_time": 1832.08,
        "speaker_id": "D",
        "start_time": 1831.32
      },
      {
        "act": "Well you can still i incorporate the voice with with less buttons. I mean uh if the power button was also somehow like a menu button you could press that and or do voice commands, and either volume thing could also be to scroll through other options like y and you could scroll through brightness and and sc and then you can you can minimise the buttons and still have those, you know, brightness and tint and stuff.",
        "ae_type": "Statement",
        "end_time": 1852.64,
        "speaker_id": "B",
        "start_time": 1832.36
      },
      {
        "act": "Yeah, that's a good idea.",
        "ae_type": "Statement",
        "end_time": 1846.87,
        "speaker_id": "D",
        "start_time": 1845.92
      },
      {
        "act": "Yeah, I suppose I sup",
        "ae_type": "Statement",
        "end_time": 1848.17,
        "speaker_id": "C",
        "start_time": 1846.75
      },
      {
        "act": "Yeah.",
        "ae_type": "Statement",
        "end_time": 1850.87,
        "speaker_id": "A",
        "start_time": 1850.61
      }
    ]
  ],
  "da": {
    "types": {
      "Assess": 172,
      "Backchannel": 97,
      "Be-Positive": 17,
      "Comment-About-Understanding": 30,
      "Elicit-Assessment": 16,
      "Elicit-Comment-Understanding": 4,
      "Elicit-Inform": 15,
      "Elicit-Offer-Or-Suggestion": 4,
      "Fragment": 119,
      "Inform": 255,
      "Offer": 11,
      "Other": 16,
      "Stall": 119,
      "Suggest": 94
    }
  },
  "dialog_acts": 969,
  "ext_sentense_count": 139,
  "ext_sentense_da_count": 221,
  "ext_summ": {
    "types": {
      "Assess": 11,
      "Be-Positive": 2,
      "Comment-About-Understanding": 4,
      "Elicit-Assessment": 5,
      "Elicit-Comment-Understanding": 1,
      "Elicit-Inform": 6,
      "Inform": 70,
      "Offer": 2,
      "Suggest": 38
    }
  },
  "segmants": 425
}