[
  {
    "segments": [
      {
        "end_time": 730.496,
        "segment": "So that's quite cool. Uh personal preferences just some imagination, the raised symbols I thought were good, the L_C_D_, it does look smart, but I think maybe for our budget, do you think that would be a bit too expensive to have the",
        "start_time": 714.557
      },
      {
        "end_time": 734.49,
        "segment": "The L_C_D_ and the other stuff uh, I think.",
        "start_time": 731.104
      },
      {
        "end_time": 737.696,
        "segment": "Yeah. And the speech recognition, 'cause I think we're definitely going for the speech recognition, are we?",
        "start_time": 732.064
      },
      {
        "end_time": 767.888,
        "segment": "But in our market survey we have seen that people are willing to pay more, but they want the quality, they want f fancy look, they want some new design, something new. Uh yeah. Yeah. So even if we increase our cost little bit, within uh some limits, and we give something new technological advancement as well as new design with fancy outlook, I think we will meet the requirements and we will be able to have a good sales in the market.",
        "start_time": 737.616
      },
      {
        "end_time": 742.842,
        "segment": "Uh-huh.",
        "start_time": 742.061
      },
      {
        "end_time": 746.77,
        "segment": "Okay.",
        "start_time": 746.118
      },
      {
        "end_time": 749.68,
        "segment": "Uh-huh. But our budget, we've Yeah.",
        "start_time": 746.704
      },
      {
        "end_time": 750.606,
        "segment": "It's still it's still got to get within our twelve fifty, you know.",
        "start_time": 747.68
      },
      {
        "end_time": 775.2,
        "segment": "Uh-huh. Okay. I'm not sure if the if for twenty five Euros uh per uh twelve Euros fifty m manufacturing cost,.",
        "start_time": 760.992
      },
      {
        "end_time": 768.619,
        "segment": "Okay.",
        "start_time": 767.845
      },
      {
        "end_time": 770.144,
        "segment": "Ben bana",
        "start_time": 768.544
      },
      {
        "end_time": 785.744,
        "segment": "Yeah. I can't see tha Although, th I mean to be to be sure they have got I mean they are going crazy with the L_C_D_ technology now, so that you've got your L_C_D_ T_V_s and everything so maybe the small",
        "start_time": 773.264
      },
      {
        "end_time": 0.0,
        "segment": false,
        "start_time": 99999999.99
      },
      {
        "end_time": 778.283,
        "segment": "The L_C_D_.",
        "start_time": 777.056
      },
      {
        "end_time": 0.0,
        "segment": false,
        "start_time": 99999999.99
      },
      {
        "end_time": 787.056,
        "segment": "Yeah.",
        "start_time": 786.336
      },
      {
        "end_time": 799.92,
        "segment": "But I mean like I I the black and white, I guess, it just doesn't look funky enough. Um but, I mean, like even mobile phones or whatever have now have colour L_C_D_ screens, w I ju I mean I wouldn't know about the costs of them.",
        "start_time": 786.394
      },
      {
        "end_time": 0.0,
        "segment": false,
        "start_time": 99999999.99
      },
      {
        "end_time": 798.311,
        "segment": "No. Yeah. S",
        "start_time": 791.296
      },
      {
        "end_time": 798.368,
        "segment": "Hmm.",
        "start_time": 797.526
      },
      {
        "end_time": 801.632,
        "segment": "Uh-huh.",
        "start_time": 801.2
      },
      {
        "end_time": 808.272,
        "segment": "But uh price price not withstanding um, is it too complicated, is it gonna be too much just overload?",
        "start_time": 801.87
      },
      {
        "end_time": 802.899,
        "segment": "Twelve fifty.",
        "start_time": 801.895
      },
      {
        "end_time": 817.6,
        "segment": "And the Uh i it will be easy because there will be, on L_C_D_ s screen, there will be different frent icons, they can just click ok okay, whatever they wa",
        "start_time": 801.943
      },
      {
        "end_time": 810.424,
        "segment": "Possibly.",
        "start_time": 808.436
      },
      {
        "end_time": 810.346,
        "segment": "Yeah, that's the thing, because",
        "start_time": 808.464
      },
      {
        "end_time": 827.152,
        "segment": "But but the thing is when you use a remote control, you never look at it, right? You're looking at the T_V_ and and it's uh It just seems kind of like a a needless th",
        "start_time": 815.27
      },
      {
        "end_time": 820.425,
        "segment": "Yeah.",
        "start_time": 819.984
      },
      {
        "end_time": 821.491,
        "segment": "Yeah.",
        "start_time": 820.992
      },
      {
        "end_time": 822.412,
        "segment": "Yeah.",
        "start_time": 821.783
      },
      {
        "end_time": 844.288,
        "segment": "That's true, yeah. And one of the survey findings was that they want it easy to use, so I think I'm not sure about the L_C_D_. It's a it's great, it's a good idea, but for our budget and for the thing we're trying to go for eas easy to use, it's not the thing we should go for, I think. Child-friendly, I thought this was good, as you pointed out the um",
        "start_time": 821.828
      }
    ],
    "type": "LCD screen"
  },
  {
    "segments": [
      {
        "end_time": 1094.736,
        "segment": "Um. So you know, as we said, we got the outer casing, which we have to decide, you know, what's it gonna be, um the board we have to use basically uh the same set-up, processor, um we'll probably use the more advanced processor than they had, amplifier and transmitter are all standard. Um so for the casing, uh this an e-mail I got from our manufacturing team uh, you know, we have a bunch of options from wood, titanium, rubber, plastic, whatnot, um latex, double-curved, curved.",
        "start_time": 1058.944
      },
      {
        "end_time": 0.0,
        "segment": false,
        "start_time": 99999999.99
      },
      {
        "end_time": 1097.776,
        "segment": "So lots of choices, what do we think?",
        "start_time": 1095.872
      },
      {
        "end_time": 1096.587,
        "segment": "'Kay.",
        "start_time": 1096.048
      },
      {
        "end_time": 1103.935,
        "segment": "Uh or sponge, I guess, isn't on there, right. Organic sponge.",
        "start_time": 1098.928
      },
      {
        "end_time": 1099.712,
        "segment": "Well.",
        "start_time": 1099.296
      },
      {
        "end_time": 1104.218,
        "segment": "Mm. I'm not sure about the sponge.",
        "start_time": 1100.992
      },
      {
        "end_time": 1106.262,
        "segment": "Well, I mean like la latex has a kinda spongy feeling to it, doesn't it. Um",
        "start_time": 1101.552
      },
      {
        "end_time": 1107.888,
        "segment": "Uh yeah, it's very elasticy for sure.",
        "start_time": 1105.68
      },
      {
        "end_time": 1110.944,
        "segment": "Yeah. And that would k also give it kinda durability and",
        "start_time": 1107.808
      },
      {
        "end_time": 1112.064,
        "segment": "Yeah. Yeah.",
        "start_time": 1107.984
      },
      {
        "end_time": 1112.528,
        "segment": "Um.",
        "start_time": 1111.963
      },
      {
        "end_time": 1123.302,
        "segment": "and ther that's also f sorta relatively cheap to cast. Um so maybe s uh a sort of uh plastic initial plastic with a a latex kinda sheath?",
        "start_time": 1112.02
      },
      {
        "end_time": 1128.624,
        "segment": "Yeah so Okay so, here are a a plastic, uh latex",
        "start_time": 1115.296
      },
      {
        "end_time": 1136.432,
        "segment": "I like the rubber, the stress balls, I think, you know, that could be a bit of a gimmick like it's good to hold and",
        "start_time": 1128.992
      },
      {
        "end_time": 1133.024,
        "segment": "Oh right, okay.",
        "start_time": 1132.336
      },
      {
        "end_time": 1135.28,
        "segment": "Oh right.",
        "start_time": 1134.56
      },
      {
        "end_time": 1136.255,
        "segment": "I don't know what that stuff is.",
        "start_time": 1134.26
      },
      {
        "end_time": 1141.728,
        "segment": "So something with give to it. Okay. And",
        "start_time": 1137.008
      },
      {
        "end_time": 1139.126,
        "segment": "Yeah.",
        "start_time": 1138.58
      },
      {
        "end_time": 1143.565,
        "segment": "Yeah. And that might be quite durable and easy to chuck around.",
        "start_time": 1138.688
      }
    ],
    "type": "Remote casing"
  },
  {
    "segments": [
      {
        "end_time": 1143.904,
        "segment": "and the colour is yellow, right?",
        "start_time": 1142.704
      },
      {
        "end_time": 1147.584,
        "segment": "Yeah, y yellow incorporated, yeah.",
        "start_time": 1144.336
      },
      {
        "end_time": 1148.736,
        "segment": "Or at least incorporating, yeah.",
        "start_time": 1144.944
      },
      {
        "end_time": 1149.744,
        "segment": "Yellow, okay. Um.",
        "start_time": 1146.88
      },
      {
        "end_time": 1156.752,
        "segment": "I mean I forgot i we're sort of uh I don't know what other standard silver kind of",
        "start_time": 1149.904
      },
      {
        "end_time": 1158.624,
        "segment": "I think Mm.",
        "start_time": 1154.912
      },
      {
        "end_time": 1159.808,
        "segment": "Other parts or uh",
        "start_time": 1158.448
      },
      {
        "end_time": 1173.363,
        "segment": "Yeah, the buttons w like, 'cause there's gonna be the the cover the the rubber or the plastic casing and then the buttons in probably two different colours or i if we're having buttons actually, I don",
        "start_time": 1160.24
      },
      {
        "end_time": 1168.944,
        "segment": "Mm-hmm.",
        "start_time": 1168.4
      },
      {
        "end_time": 1176.464,
        "segment": "Mm' kay. So yellow for the body, and then what colour for the buttons?",
        "start_time": 1170.224
      },
      {
        "end_time": 1181.007,
        "segment": "Um. Um I quite like the multi-coloured buttons myself.",
        "start_time": 1173.296
      },
      {
        "end_time": 1180.88,
        "segment": "Yeah.",
        "start_time": 1180.464
      },
      {
        "end_time": 1183.233,
        "segment": "So multi-coloured buttons.",
        "start_time": 1181.248
      },
      {
        "end_time": 1188.859,
        "segment": "You do have ones like um play could be green or on and off is red, and stuff like that, yeah.",
        "start_time": 1182.816
      },
      {
        "end_time": 0.0,
        "segment": false,
        "start_time": 99999999.99
      },
      {
        "end_time": 1194.416,
        "segment": "Yeah or yeah a limit uh maybe even just a limited multi-colour so it it doesn't look too childish, perhaps.",
        "start_time": 1188.304
      },
      {
        "end_time": 1197.957,
        "segment": "Makes it easy to use. Yeah, that's true, because that blue one did look quite hardish.",
        "start_time": 1189.35
      },
      {
        "end_time": 1199.09,
        "segment": "Okay.",
        "start_time": 1196.925
      }
    ],
    "type": "Remote color"
  },
  {
    "segments": [
      {
        "end_time": 1617.488,
        "segment": "Or we can we can do one thing, we can just have a remote control and casings of different different shapes, different fruit shapes in such a way that a any casing can be could be fit into this mobile general piece. So whatever people want, like if somebody want it in banana shape, we will put that casing onto that mobile phone, okay, it will look l Uh yeah. In that w",
        "start_time": 1590.862
      },
      {
        "end_time": 1613.815,
        "segment": "Mm-hmm. Mm-hmm. Mm-hmm.",
        "start_time": 1601.058
      },
      {
        "end_time": 1614.992,
        "segment": "So a selection of casings.",
        "start_time": 1613.312
      },
      {
        "end_time": 1619.003,
        "segment": "Yeah, 'cause you said about disposable, didn't you?",
        "start_time": 1616.814
      },
      {
        "end_time": 1619.706,
        "segment": "It kind of fi it fits with f fits with marketing um",
        "start_time": 1616.743
      },
      {
        "end_time": 1620.432,
        "segment": "S s sorry?",
        "start_time": 1618.736
      },
      {
        "end_time": 1625.472,
        "segment": "You said about disposable earli people want disposable things so we could do that, like have a choice.",
        "start_time": 1620.352
      },
      {
        "end_time": 0.0,
        "segment": false,
        "start_time": 99999999.99
      },
      {
        "end_time": 1656.41,
        "segment": "Uh like if this is a like if this is a mobile phone uh we will design casing in such a way like half of, we need not to have a full cover, we will just have a half of cover, okay? If somebody wants it i in banana shape, we will fit banana shape casing onto that, so it will give a banana shape look. If somebody wanted in apple shape we will design that, we will put we will put apple shape casing on that. It will give apple shape look. So in that way you can have any, that means whatever you want, without uh yeah.",
        "start_time": 1623.648
      },
      {
        "end_time": 1633.648,
        "segment": "Yeah.",
        "start_time": 1633.072
      },
      {
        "end_time": 1636.844,
        "segment": "Like like mobiles, yeah.",
        "start_time": 1635.328
      },
      {
        "end_time": 1651.411,
        "segment": "Yeah. Okay.",
        "start_time": 1636.336
      },
      {
        "end_time": 0.0,
        "segment": false,
        "start_time": 99999999.99
      },
      {
        "end_time": 1659.394,
        "segment": "Okay. We still need the buttons in the same places thought, don't we?",
        "start_time": 1654.448
      },
      {
        "end_time": 1686.576,
        "segment": "Yeah, button will be on the upper side, buttons will be the on the upper side. Yeah, buttons will be on the upper side, lower side we will just put the casing, so half of that will be look the Yeah, not not the upper side. So from lower you can, it means while you are holding of from this side you c you can have banana look or apple look, whatever. So in that way we need not to d have different different shape mobiles everything, we will just design casings fruit shape. And",
        "start_time": 1658.195
      },
      {
        "end_time": 1660.821,
        "segment": "You can standardise those, I mean.",
        "start_time": 1659.037
      },
      {
        "end_time": 1686.733,
        "segment": "Oh, that's the other side. Oh, okay. Oh, half a fruit. Oh, okay, okay. Okay, okay. Okay.",
        "start_time": 1661.968
      },
      {
        "end_time": 1686.857,
        "segment": "Yeah yeah.",
        "start_time": 1686.048
      },
      {
        "end_time": 1700.208,
        "segment": "I think tho I think if you're gonna have a facia then you'd want to have it so that it does go over the buttons, 'cause when if you think about it if they're wanting it, 'cause they want to look at it, if they're using it, and what they want to look at is facing away from them. It doesn't really",
        "start_time": 1686.205
      },
      {
        "end_time": 1700.72,
        "segment": "Mm mm.",
        "start_time": 1699.088
      },
      {
        "end_time": 1713.776,
        "segment": "You know 'cause that'd be in the palm of their hand and they wouldn't be able to see it, unless you have sort of you got the buttons options on one side, and you get the facia on the other side with a microphone so that you can place it face down.",
        "start_time": 1702.736
      },
      {
        "end_time": 1705.568,
        "segment": "Yeah.",
        "start_time": 1704.477
      },
      {
        "end_time": 1717.744,
        "segment": "And you've got the facia, and you can just talk at the",
        "start_time": 1714.832
      },
      {
        "end_time": 1719.936,
        "segment": "Mm-hmm.",
        "start_time": 1719.536
      },
      {
        "end_time": 1724.544,
        "segment": "Maybe.",
        "start_time": 1720.56
      },
      {
        "end_time": 1725.824,
        "segment": "Okay, um so",
        "start_time": 1724.112
      },
      {
        "end_time": 0.0,
        "segment": false,
        "start_time": 99999999.99
      },
      {
        "end_time": 1731.568,
        "segment": "So you've narrowed it down to half a dozen options.",
        "start_time": 1725.936
      }
    ],
    "type": "Remote casings"
  },
  {
    "segments": [
      {
        "end_time": 1838.4,
        "segment": "Great. Um as for the energy source um, you know, almost every remote control uses just batteries, but we don't have to be limited by that. We can use a hand-dynamo. Um I don't know what that means, we crank it?",
        "start_time": 1823.76
      },
      {
        "end_time": 1844.64,
        "segment": "Uh It's I think it's basically the more you move i it, it's got a wee thing inside that just kinda powers it. Uh yeah.",
        "start_time": 1836.352
      },
      {
        "end_time": 1849.191,
        "segment": "Right, it's like those watches that you c So, this might be an idea for something that people really wanna grab, you can shake it if it's out of power.",
        "start_time": 1841.918
      },
      {
        "end_time": 1846.16,
        "segment": "Oh, a d a dynamo?",
        "start_time": 1844.752
      },
      {
        "end_time": 1847.712,
        "segment": "Yeah,.",
        "start_time": 1846.88
      },
      {
        "end_time": 1849.223,
        "segment": "Yeah.",
        "start_time": 1848.4
      },
      {
        "end_time": 1852.046,
        "segment": "Yeah, I like that, yeah.",
        "start_time": 1848.496
      },
      {
        "end_time": 0.0,
        "segment": false,
        "start_time": 99999999.99
      },
      {
        "end_time": 1855.726,
        "segment": "Yeah, like with those watches that you kind of twist. Yeah that's quite cool.",
        "start_time": 1850.544
      },
      {
        "end_time": 1853.056,
        "segment": "Yeah.",
        "start_time": 1852.704
      },
      {
        "end_time": 1861.189,
        "segment": "Okay. So if it if it's not working, I guess people's natural reaction anyway is to just shake the thing.",
        "start_time": 1853.76
      },
      {
        "end_time": 1854.959,
        "segment": "Okay.",
        "start_time": 1854.188
      },
      {
        "end_time": 1856.08,
        "segment": "But",
        "start_time": 1854.336
      },
      {
        "end_time": 1858.609,
        "segment": "You shake it and scream at it. Yeah.",
        "start_time": 1856.144
      },
      {
        "end_time": 1871.888,
        "segment": "But but do you think that it will be a good idea to use dynamo, tha these type of cells? Because then people have to, well like if the cell is out of bat Yeah, to mo Yeah.",
        "start_time": 1858.448
      },
      {
        "end_time": 1860.637,
        "segment": "Yeah, it is, yeah.",
        "start_time": 1859.056
      },
      {
        "end_time": 1876.724,
        "segment": "It does leave them with an obligation to Especially if they want to use it uh uh sp uh specifically as um voice activated. Then if it's just sitting on the",
        "start_time": 1867.157
      },
      {
        "end_time": 1879.92,
        "segment": "Yeah, because most of the people Yeah.",
        "start_time": 1873.616
      },
      {
        "end_time": 1876.095,
        "segment": "Right.",
        "start_time": 1875.153
      },
      {
        "end_time": 1879.152,
        "segment": "Yeah, then they have to pick it up and then activate it and then Yeah.",
        "start_time": 1875.159
      },
      {
        "end_time": 1883.184,
        "segment": "Okay, okay. Right um what are the other options?",
        "start_time": 1879.84
      },
      {
        "end_time": 1880.848,
        "segment": "That's true.",
        "start_time": 1880.152
      },
      {
        "end_time": 1886.03,
        "segment": "Okay. Uh there's solar power. Um.",
        "start_time": 1880.624
      },
      {
        "end_time": 1906.656,
        "segment": "Uh, solar power will w also not be a good idea, because then they have to keep m their mobiles outside in solar energy, and the days when there is no sola sunlight Yeah. Yeah. What we w yeah. I think we should a rechargeable battery will be a good idea. They can they can recharge it.",
        "start_time": 1885.088
      },
      {
        "end_time": 1891.954,
        "segment": "Yeah.",
        "start_time": 1891.429
      },
      {
        "end_time": 1891.806,
        "segment": "Yeah.",
        "start_time": 1891.457
      },
      {
        "end_time": 1900.93,
        "segment": "I'm I'm with uh Raj on that, I think, you know, I've got I've got no I've got a north facing house, there's not really ever sun coming in my window.",
        "start_time": 1893.963
      },
      {
        "end_time": 1897.389,
        "segment": "Okay, so probably just",
        "start_time": 1895.776
      },
      {
        "end_time": 1902.274,
        "segment": "But w like just normal light?",
        "start_time": 1899.76
      },
      {
        "end_time": 1903.18,
        "segment": "Oh that's true.",
        "start_time": 1902.256
      },
      {
        "end_time": 0.0,
        "segment": false,
        "start_time": 99999999.99
      },
      {
        "end_time": 1915.011,
        "segment": "I mean I w I w uh that idea that I thought um just on the basis of like ridding them of batteries and that kind of bother is having a,",
        "start_time": 1905.152
      },
      {
        "end_time": 1913.564,
        "segment": "Mm.",
        "start_time": 1913.088
      },
      {
        "end_time": 1916.72,
        "segment": "And we're a very environmentally friendly company, aren't we as well?",
        "start_time": 1913.648
      },
      {
        "end_time": 1927.328,
        "segment": "yeah, having a rechargeable stand, so that not only it doubles as a stand, but um for using it as uh recharging it, but also for using it as sound recognition.",
        "start_time": 1915.568
      },
      {
        "end_time": 1916.56,
        "segment": "Yeah.",
        "start_time": 1916.096
      },
      {
        "end_time": 1918.768,
        "segment": "Yeah.",
        "start_time": 1918.32
      },
      {
        "end_time": 1919.936,
        "segment": "Yeah.",
        "start_time": 1919.232
      },
      {
        "end_time": 1926.128,
        "segment": "Yeah.",
        "start_time": 1925.648
      },
      {
        "end_time": 1927.728,
        "segment": "'Kay.",
        "start_time": 1927.44
      },
      {
        "end_time": 1931.635,
        "segment": "Like like a hand like one of those portable phones kind of thing.",
        "start_time": 1927.776
      },
      {
        "end_time": 1932.034,
        "segment": "Yeah that kind of thing.",
        "start_time": 1930.576
      },
      {
        "end_time": 1932.96,
        "segment": "Yeah, that's Yeah, exactly.",
        "start_time": 1930.912
      },
      {
        "end_time": 1942.63,
        "segment": "Okay. So uh a rechargeable battery. Okay. Um the user interface, the buttons, I guess we talked about this already.",
        "start_time": 1931.255
      },
      {
        "end_time": 1936.027,
        "segment": "Yeah.",
        "start_time": 1935.445
      },
      {
        "end_time": 1936.384,
        "segment": "Yeah.",
        "start_time": 1935.344
      },
      {
        "end_time": 1938.48,
        "segment": "Rechargeable.",
        "start_time": 1937.184
      }
    ],
    "type": "Rechargeable"
  }
]