[
  {
    "source": null,
    "target": {
      "act": "Okay.",
      "count": 1,
      "end_time": 8.9,
      "start_time": 8.36
    },
    "type": "Support/Possitive Assessment"
  },
  {
    "source": null,
    "target": {
      "act": "alright.",
      "count": 1,
      "end_time": 11.69,
      "start_time": 11.12
    },
    "type": "Support/Possitive Assessment"
  },
  {
    "source": null,
    "target": {
      "act": "Okay, cool.",
      "count": 1,
      "end_time": 21.05,
      "start_time": 20.32
    },
    "type": "Support/Possitive Assessment"
  },
  {
    "source": null,
    "target": {
      "act": "I guess it's gonna be hard to drink coffee.",
      "count": 1,
      "end_time": 39.94,
      "start_time": 35.72
    },
    "type": "Objection/Negative Assessment"
  },
  {
    "source": null,
    "target": {
      "act": "Uh okay.",
      "count": 1,
      "end_time": 42.33,
      "start_time": 41.1
    },
    "type": "Support/Possitive Assessment"
  },
  {
    "source": null,
    "target": {
      "act": "Wow.",
      "count": 1,
      "end_time": 51.89,
      "start_time": 51.62
    },
    "type": "Support/Possitive Assessment"
  },
  {
    "source": null,
    "target": {
      "act": "Very official.",
      "count": 1,
      "end_time": 54.13,
      "start_time": 53.47
    },
    "type": "Uncertain"
  },
  {
    "source": null,
    "target": {
      "act": "Yeah I kinda like this I'm kinda getting into it.",
      "count": 1,
      "end_time": 73.38,
      "start_time": 69.08
    },
    "type": "Support/Possitive Assessment"
  },
  {
    "source": {
      "act": "You're just gonna believe me,",
      "count": 1,
      "end_time": 140.5,
      "start_time": 139.58
    },
    "target": {
      "act": "Exactly.",
      "count": 1,
      "end_time": 142.3,
      "start_time": 141.33
    },
    "type": "Support/Possitive Assessment"
  },
  {
    "source": {
      "act": "if you say something about marketing, right, sorted,",
      "count": 1,
      "end_time": 138.99,
      "start_time": 136.24
    },
    "target": {
      "act": "Fair enough.",
      "count": 1,
      "end_time": 142.4,
      "start_time": 142.01
    },
    "type": "Support/Possitive Assessment"
  },
  {
    "source": {
      "act": "Prove it",
      "count": 1,
      "end_time": 161.48,
      "start_time": 160.92
    },
    "target": {
      "act": "yeah yeah exactly",
      "count": 1,
      "end_time": 162.73,
      "start_time": 161.69
    },
    "type": "Support/Possitive Assessment"
  },
  {
    "source": {
      "act": "but I'm not gonna ask do you know that or uh yeah it seems like",
      "count": 1,
      "end_time": 161.69,
      "start_time": 157.39
    },
    "target": {
      "act": "yeah, okay.",
      "count": 1,
      "end_time": 162.77,
      "start_time": 161.48
    },
    "type": "Support/Possitive Assessment"
  },
  {
    "source": {
      "act": "So are you guys okay with that",
      "count": 1,
      "end_time": 186.89,
      "start_time": 185.31
    },
    "target": {
      "act": "Oh yeah, that's fine.",
      "count": 1,
      "end_time": 189.61,
      "start_time": 188.67
    },
    "type": "Support/Possitive Assessment"
  },
  {
    "source": {
      "act": "So are you guys okay with that",
      "count": 1,
      "end_time": 186.89,
      "start_time": 185.31
    },
    "target": {
      "act": "Sure.",
      "count": 1,
      "end_time": 190.19,
      "start_time": 189.96
    },
    "type": "Support/Possitive Assessment"
  },
  {
    "source": {
      "act": "So are you guys okay with that",
      "count": 1,
      "end_time": 186.89,
      "start_time": 185.31
    },
    "target": {
      "act": "Works for me.",
      "count": 1,
      "end_time": 190.65,
      "start_time": 190.16
    },
    "type": "Support/Possitive Assessment"
  },
  {
    "source": {
      "act": "we're making a remote control",
      "count": 1,
      "end_time": 198.88,
      "start_time": 197.47
    },
    "target": {
      "act": "which is thrilling",
      "count": 1,
      "end_time": 200.09,
      "start_time": 198.88
    },
    "type": "Support/Possitive Assessment"
  },
  {
    "source": {
      "act": "the the I_D_ and the U_I_D_",
      "count": 1,
      "end_time": 257.05,
      "start_time": 255.25
    },
    "target": {
      "act": "right",
      "count": 1,
      "end_time": 257.36,
      "start_time": 257.05
    },
    "type": "Support/Possitive Assessment"
  },
  {
    "source": {
      "act": "that I can't remember,",
      "count": 1,
      "end_time": 255.25,
      "start_time": 254.33
    },
    "target": {
      "act": "um the Industrial Designer",
      "count": 1,
      "end_time": 259.96,
      "start_time": 257.36
    },
    "type": "Support/Possitive Assessment"
  },
  {
    "source": {
      "act": "um the Industrial Designer",
      "count": 1,
      "end_time": 259.96,
      "start_time": 257.36
    },
    "target": {
      "act": "There you go.",
      "count": 1,
      "end_time": 261.36,
      "start_time": 260.86
    },
    "type": "Support/Possitive Assessment"
  },
  {
    "source": {
      "act": "um the Industrial Designer",
      "count": 1,
      "end_time": 259.96,
      "start_time": 257.36
    },
    "target": {
      "act": "hey right on alright,",
      "count": 1,
      "end_time": 261.22,
      "start_time": 259.96
    },
    "type": "Support/Possitive Assessment"
  },
  {
    "source": {
      "act": "but the idea of um, yes a coffee pot needs to be able to hold coffee",
      "count": 1,
      "end_time": 291.02,
      "start_time": 284.74
    },
    "target": {
      "act": "but it's also better if it's not like really cheap glass",
      "count": 1,
      "end_time": 294.07,
      "start_time": 291.02
    },
    "type": "Support/Possitive Assessment"
  },
  {
    "source": {
      "act": "Expert",
      "count": 1,
      "end_time": 388.76,
      "start_time": 387.07
    },
    "target": {
      "act": "yeah Expert. Expert.",
      "count": 1,
      "end_time": 389.83,
      "start_time": 387.08
    },
    "type": "Support/Possitive Assessment"
  },
  {
    "source": {
      "act": "Don't play yourself down.",
      "count": 1,
      "end_time": 389.58,
      "start_time": 388.76
    },
    "target": {
      "act": "Fine.",
      "count": 1,
      "end_time": 390.65,
      "start_time": 389.83
    },
    "type": "Support/Possitive Assessment"
  },
  {
    "source": {
      "act": "Where did you go to uni Nathan?",
      "count": 1,
      "end_time": 408.79,
      "start_time": 406.74
    },
    "target": {
      "act": "U_C_L_A_.",
      "count": 1,
      "end_time": 409.43,
      "start_time": 407.94
    },
    "type": "Support/Possitive Assessment"
  },
  {
    "source": {
      "act": "U_C_L_A_.",
      "count": 1,
      "end_time": 409.43,
      "start_time": 407.94
    },
    "target": {
      "act": "brilliant. Cool.",
      "count": 1,
      "end_time": 409.69,
      "start_time": 408.92
    },
    "type": "Support/Possitive Assessment"
  },
  {
    "source": {
      "act": "U_C_L_A_.",
      "count": 1,
      "end_time": 409.43,
      "start_time": 407.94
    },
    "target": {
      "act": "Oh",
      "count": 1,
      "end_time": 408.92,
      "start_time": 408.79
    },
    "type": "Support/Possitive Assessment"
  },
  {
    "source": {
      "act": "My little brother goes there.",
      "count": 1,
      "end_time": 412.03,
      "start_time": 409.69
    },
    "target": {
      "act": "Okay.",
      "count": 1,
      "end_time": 411.17,
      "start_time": 410.71
    },
    "type": "Support/Possitive Assessment"
  },
  {
    "source": {
      "act": "See I'm a big music fan",
      "count": 1,
      "end_time": 423.38,
      "start_time": 422.37
    },
    "target": {
      "act": "Uh",
      "count": 1,
      "end_time": 424.56,
      "start_time": 423.81
    },
    "type": "Support/Possitive Assessment"
  },
  {
    "source": null,
    "target": {
      "act": "like Smallville terrible television show",
      "count": 1,
      "end_time": 432.12,
      "start_time": 430.26
    },
    "type": "Objection/Negative Assessment"
  },
  {
    "source": {
      "act": "like Smallville terrible television show",
      "count": 1,
      "end_time": 432.12,
      "start_time": 430.26
    },
    "target": {
      "act": "but I happen to love it,",
      "count": 1,
      "end_time": 433.29,
      "start_time": 432.12
    },
    "type": "Objection/Negative Assessment"
  },
  {
    "source": {
      "act": "like Smallville terrible television show",
      "count": 1,
      "end_time": 432.12,
      "start_time": 430.26
    },
    "target": {
      "act": "it's rubbish",
      "count": 1,
      "end_time": 433.98,
      "start_time": 433.29
    },
    "type": "Support/Possitive Assessment"
  },
  {
    "source": {
      "act": "but I happen to love it,",
      "count": 1,
      "end_time": 433.29,
      "start_time": 432.12
    },
    "target": {
      "act": "but I love it.",
      "count": 1,
      "end_time": 434.64,
      "start_time": 433.98
    },
    "type": "Support/Possitive Assessment"
  },
  {
    "source": {
      "act": "like Smallville terrible television show",
      "count": 1,
      "end_time": 432.12,
      "start_time": 430.26
    },
    "target": {
      "act": "Oh, Smallville.",
      "count": 1,
      "end_time": 434.29,
      "start_time": 431.78
    },
    "type": "Objection/Negative Assessment"
  },
  {
    "source": {
      "act": "T the the main c the main character?",
      "count": 1,
      "end_time": 438.72,
      "start_time": 436.97
    },
    "target": {
      "act": "The guy. Yeah.",
      "count": 1,
      "end_time": 439.79,
      "start_time": 438.17
    },
    "type": "Support/Possitive Assessment"
  },
  {
    "source": {
      "act": "I went to high school with Tom Willing actually.",
      "count": 1,
      "end_time": 436.77,
      "start_time": 434.29
    },
    "target": {
      "act": "Wow.",
      "count": 1,
      "end_time": 439.26,
      "start_time": 438.72
    },
    "type": "Support/Possitive Assessment"
  },
  {
    "source": {
      "act": "Is he a wanker?",
      "count": 1,
      "end_time": 441.33,
      "start_time": 440.56
    },
    "target": {
      "act": "Yeah.",
      "count": 1,
      "end_time": 442.9,
      "start_time": 441.4
    },
    "type": "Support/Possitive Assessment"
  },
  {
    "source": null,
    "target": {
      "act": "Hell of a soccer player",
      "count": 1,
      "end_time": 445.1,
      "start_time": 443.99
    },
    "type": "Support/Possitive Assessment"
  },
  {
    "source": null,
    "target": {
      "act": "but a total bastard nonetheless.",
      "count": 1,
      "end_time": 446.85,
      "start_time": 445.1
    },
    "type": "Objection/Negative Assessment"
  },
  {
    "source": {
      "act": "He looks really tall,",
      "count": 1,
      "end_time": 447.37,
      "start_time": 446.32
    },
    "target": {
      "act": "Yeah. He is a big guy. Yeah.",
      "count": 1,
      "end_time": 450.56,
      "start_time": 447.74
    },
    "type": "Support/Possitive Assessment"
  },
  {
    "source": null,
    "target": {
      "act": "I really like Jeff Buckley.",
      "count": 1,
      "end_time": 454.75,
      "start_time": 452.87
    },
    "type": "Support/Possitive Assessment"
  },
  {
    "source": {
      "act": "You guys heard of Jeff Buckley?",
      "count": 1,
      "end_time": 456.83,
      "start_time": 454.75
    },
    "target": {
      "act": "Mm-hmm.",
      "count": 1,
      "end_time": 456.12,
      "start_time": 455.87
    },
    "type": "Support/Possitive Assessment"
  },
  {
    "source": {
      "act": "Mm-hmm.",
      "count": 1,
      "end_time": 456.12,
      "start_time": 455.87
    },
    "target": {
      "act": "Um that's cool",
      "count": 1,
      "end_time": 458.55,
      "start_time": 456.83
    },
    "type": "Support/Possitive Assessment"
  },
  {
    "source": {
      "act": "You guys heard of Jeff Buckley?",
      "count": 1,
      "end_time": 456.83,
      "start_time": 454.75
    },
    "target": {
      "act": "Mm-hmm.",
      "count": 1,
      "end_time": 456.65,
      "start_time": 456.25
    },
    "type": "Support/Possitive Assessment"
  },
  {
    "source": null,
    "target": {
      "act": "um you can't go wrong with Radiohead.",
      "count": 1,
      "end_time": 467.81,
      "start_time": 465.37
    },
    "type": "Support/Possitive Assessment"
  },
  {
    "source": {
      "act": "um you can't go wrong with Radiohead.",
      "count": 1,
      "end_time": 467.81,
      "start_time": 465.37
    },
    "target": {
      "act": "Good call.",
      "count": 1,
      "end_time": 468.97,
      "start_time": 468.46
    },
    "type": "Support/Possitive Assessment"
  },
  {
    "source": {
      "act": "only makes noises I think.",
      "count": 1,
      "end_time": 477.98,
      "start_time": 476.23
    },
    "target": {
      "act": "It's kinda weird.",
      "count": 1,
      "end_time": 478.55,
      "start_time": 477.98
    },
    "type": "Uncertain"
  },
  {
    "source": {
      "act": "only makes noises I think.",
      "count": 1,
      "end_time": 477.98,
      "start_time": 476.23
    },
    "target": {
      "act": "Interesting.",
      "count": 1,
      "end_time": 479.28,
      "start_time": 478.62
    },
    "type": "Uncertain"
  },
  {
    "source": {
      "act": "you're like press and it's.",
      "count": 1,
      "end_time": 482.21,
      "start_time": 480.27
    },
    "target": {
      "act": "Kinda cool.",
      "count": 1,
      "end_time": 483.51,
      "start_time": 482.21
    },
    "type": "Support/Possitive Assessment"
  },
  {
    "source": {
      "act": "I guess I'll go next then.",
      "count": 1,
      "end_time": 491.4,
      "start_time": 489.32
    },
    "target": {
      "act": "Right on.",
      "count": 1,
      "end_time": 491.97,
      "start_time": 490.71
    },
    "type": "Support/Possitive Assessment"
  },
  {
    "source": {
      "act": "Right on.",
      "count": 1,
      "end_time": 491.97,
      "start_time": 490.71
    },
    "target": {
      "act": "Okay.",
      "count": 1,
      "end_time": 491.77,
      "start_time": 491.4
    },
    "type": "Support/Possitive Assessment"
  },
  {
    "source": {
      "act": "Right now I'm listening to a lot of somebody nobody's ever heard of, Chris Bathgate,",
      "count": 1,
      "end_time": 513.98,
      "start_time": 507.73
    },
    "target": {
      "act": "really lame",
      "count": 1,
      "end_time": 517.48,
      "start_time": 516.48
    },
    "type": "Objection/Negative Assessment"
  },
  {
    "source": {
      "act": "local Michigan folk singer,",
      "count": 1,
      "end_time": 516.48,
      "start_time": 513.98
    },
    "target": {
      "act": "Nice.",
      "count": 1,
      "end_time": 516.25,
      "start_time": 515.88
    },
    "type": "Support/Possitive Assessment"
  },
  {
    "source": {
      "act": "local Michigan folk singer,",
      "count": 1,
      "end_time": 516.48,
      "start_time": 513.98
    },
    "target": {
      "act": "Wow.",
      "count": 1,
      "end_time": 516.51,
      "start_time": 516.1
    },
    "type": "Support/Possitive Assessment"
  },
  {
    "source": {
      "act": "uh what else did I bring with me?",
      "count": 1,
      "end_time": 520.4,
      "start_time": 519.24
    },
    "target": {
      "act": "Probably classical,",
      "count": 1,
      "end_time": 522.79,
      "start_time": 521.67
    },
    "type": "Support/Possitive Assessment"
  },
  {
    "source": {
      "act": "Probably classical,",
      "count": 1,
      "end_time": 522.79,
      "start_time": 521.67
    },
    "target": {
      "act": "Okay yeah yeah.",
      "count": 1,
      "end_time": 524.54,
      "start_time": 523.57
    },
    "type": "Support/Possitive Assessment"
  },
  {
    "source": {
      "act": "Probably classical,",
      "count": 1,
      "end_time": 522.79,
      "start_time": 521.67
    },
    "target": {
      "act": "to totally geek it out,",
      "count": 1,
      "end_time": 524.13,
      "start_time": 522.79
    },
    "type": "Uncertain"
  },
  {
    "source": {
      "act": "Probably classical,",
      "count": 1,
      "end_time": 522.79,
      "start_time": 521.67
    },
    "target": {
      "act": "yeah I think.",
      "count": 1,
      "end_time": 525.15,
      "start_time": 524.13
    },
    "type": "Support/Possitive Assessment"
  },
  {
    "source": {
      "act": "And my family guy D_V_D_s",
      "count": 1,
      "end_time": 530.04,
      "start_time": 528.36
    },
    "target": {
      "act": "yeah.",
      "count": 1,
      "end_time": 531.5,
      "start_time": 530.18
    },
    "type": "Support/Possitive Assessment"
  },
  {
    "source": {
      "act": "And my family guy D_V_D_s",
      "count": 1,
      "end_time": 530.04,
      "start_time": 528.36
    },
    "target": {
      "act": "family guy.",
      "count": 1,
      "end_time": 532.86,
      "start_time": 531.74
    },
    "type": "Support/Possitive Assessment"
  },
  {
    "source": {
      "act": "do you watch the new season?",
      "count": 1,
      "end_time": 534.58,
      "start_time": 533.46
    },
    "target": {
      "act": "No.",
      "count": 1,
      "end_time": 536.13,
      "start_time": 534.93
    },
    "type": "Objection/Negative Assessment"
  },
  {
    "source": {
      "act": "Are you getting it online,",
      "count": 1,
      "end_time": 537.38,
      "start_time": 536.13
    },
    "target": {
      "act": "yeah.",
      "count": 1,
      "end_time": 539.53,
      "start_time": 538.86
    },
    "type": "Support/Possitive Assessment"
  },
  {
    "source": {
      "act": "I think I'm gonna start downloading it",
      "count": 1,
      "end_time": 538.86,
      "start_time": 537.75
    },
    "target": {
      "act": "Yeah, that'd be nice.",
      "count": 1,
      "end_time": 540.49,
      "start_time": 539.06
    },
    "type": "Support/Possitive Assessment"
  },
  {
    "source": {
      "act": "Anybody?",
      "count": 1,
      "end_time": 564.53,
      "start_time": 563.74
    },
    "target": {
      "act": "Mm-mm.",
      "count": 1,
      "end_time": 564.84,
      "start_time": 564.36
    },
    "type": "Objection/Negative Assessment"
  },
  {
    "source": {
      "act": "Anybody?",
      "count": 1,
      "end_time": 564.53,
      "start_time": 563.74
    },
    "target": {
      "act": "No.",
      "count": 1,
      "end_time": 564.95,
      "start_time": 564.41
    },
    "type": "Objection/Negative Assessment"
  },
  {
    "source": {
      "act": "No? no?",
      "count": 1,
      "end_time": 565.73,
      "start_time": 564.53
    },
    "target": {
      "act": "'Fraid not.",
      "count": 1,
      "end_time": 565.61,
      "start_time": 564.99
    },
    "type": "Objection/Negative Assessment"
  },
  {
    "source": {
      "act": "Afro beat orchestra,",
      "count": 1,
      "end_time": 566.86,
      "start_time": 565.73
    },
    "target": {
      "act": "very cool.",
      "count": 1,
      "end_time": 568.56,
      "start_time": 566.86
    },
    "type": "Support/Possitive Assessment"
  },
  {
    "source": {
      "act": "Afro beat orchestra,",
      "count": 1,
      "end_time": 566.86,
      "start_time": 565.73
    },
    "target": {
      "act": "Afro beat orchestra?",
      "count": 1,
      "end_time": 568.9,
      "start_time": 567.45
    },
    "type": "Uncertain"
  },
  {
    "source": {
      "act": "Afro beat orchestra,",
      "count": 1,
      "end_time": 566.86,
      "start_time": 565.73
    },
    "target": {
      "act": "Very cool. Mm.",
      "count": 1,
      "end_time": 569.85,
      "start_time": 568.9
    },
    "type": "Support/Possitive Assessment"
  },
  {
    "source": {
      "act": "Afro beat orchestra?",
      "count": 1,
      "end_time": 568.9,
      "start_time": 567.45
    },
    "target": {
      "act": "Yeah.",
      "count": 1,
      "end_time": 569.44,
      "start_time": 568.56
    },
    "type": "Support/Possitive Assessment"
  },
  {
    "source": {
      "act": "Afro beat orchestra,",
      "count": 1,
      "end_time": 566.86,
      "start_time": 565.73
    },
    "target": {
      "act": "Sounds nice.",
      "count": 1,
      "end_time": 570.33,
      "start_time": 569.56
    },
    "type": "Support/Possitive Assessment"
  },
  {
    "source": {
      "act": "Afro beat orchestra,",
      "count": 1,
      "end_time": 566.86,
      "start_time": 565.73
    },
    "target": {
      "act": "Mm.",
      "count": 1,
      "end_time": 569.53,
      "start_time": 569.11
    },
    "type": "Uncertain"
  },
  {
    "source": {
      "act": "Um and I'm hoping to go to the concert in Belgium, in Brussels in April first.",
      "count": 1,
      "end_time": 578.02,
      "start_time": 572.63
    },
    "target": {
      "act": "Wow.",
      "count": 1,
      "end_time": 577.11,
      "start_time": 576.56
    },
    "type": "Support/Possitive Assessment"
  },
  {
    "source": {
      "act": "Um and I'm hoping to go to the concert in Belgium, in Brussels in April first.",
      "count": 1,
      "end_time": 578.02,
      "start_time": 572.63
    },
    "target": {
      "act": "Exciting.",
      "count": 1,
      "end_time": 577.6,
      "start_time": 576.7
    },
    "type": "Support/Possitive Assessment"
  },
  {
    "source": {
      "act": "Exciting.",
      "count": 1,
      "end_time": 577.6,
      "start_time": 576.7
    },
    "target": {
      "act": "Yeah.",
      "count": 1,
      "end_time": 578.26,
      "start_time": 578.02
    },
    "type": "Support/Possitive Assessment"
  },
  {
    "source": null,
    "target": {
      "act": "Oops.",
      "count": 1,
      "end_time": 586.34,
      "start_time": 585.91
    },
    "type": "Objection/Negative Assessment"
  },
  {
    "source": {
      "act": "It's the five by five, I can't read that much.",
      "count": 1,
      "end_time": 593.82,
      "start_time": 591.75
    },
    "target": {
      "act": "Ah yes yes yes okay I see that.",
      "count": 1,
      "end_time": 597.45,
      "start_time": 594.57
    },
    "type": "Support/Possitive Assessment"
  },
  {
    "source": {
      "act": "Vomit.",
      "count": 1,
      "end_time": 597.86,
      "start_time": 597.45
    },
    "target": {
      "act": "Yes.",
      "count": 1,
      "end_time": 599.0,
      "start_time": 597.86
    },
    "type": "Support/Possitive Assessment"
  },
  {
    "source": null,
    "target": {
      "act": "Street pizza.",
      "count": 1,
      "end_time": 599.94,
      "start_time": 599.0
    },
    "type": "Support/Possitive Assessment"
  },
  {
    "source": null,
    "target": {
      "act": "Vomit.",
      "count": 1,
      "end_time": 597.86,
      "start_time": 597.45
    },
    "type": "Support/Possitive Assessment"
  },
  {
    "source": {
      "act": "Street pizza.",
      "count": 1,
      "end_time": 599.94,
      "start_time": 599.0
    },
    "target": {
      "act": "It's so brilliant.",
      "count": 1,
      "end_time": 601.04,
      "start_time": 599.94
    },
    "type": "Support/Possitive Assessment"
  },
  {
    "source": null,
    "target": {
      "act": "Yeah",
      "count": 1,
      "end_time": 598.33,
      "start_time": 598.22
    },
    "type": "Support/Possitive Assessment"
  },
  {
    "source": {
      "act": "Street pizza.",
      "count": 1,
      "end_time": 599.94,
      "start_time": 599.0
    },
    "target": {
      "act": "oh it's so horrible.",
      "count": 1,
      "end_time": 602.75,
      "start_time": 598.33
    },
    "type": "Support/Possitive Assessment"
  },
  {
    "source": null,
    "target": {
      "act": "Love um",
      "count": 1,
      "end_time": 603.57,
      "start_time": 601.47
    },
    "type": "Uncertain"
  },
  {
    "source": {
      "act": "I've seen more urine in this city than ever before,",
      "count": 1,
      "end_time": 606.05,
      "start_time": 603.35
    },
    "target": {
      "act": "It's so minging.",
      "count": 1,
      "end_time": 615.71,
      "start_time": 614.4
    },
    "type": "Objection/Negative Assessment"
  },
  {
    "source": {
      "act": "It's so minging.",
      "count": 1,
      "end_time": 615.71,
      "start_time": 614.4
    },
    "target": {
      "act": "It really is",
      "count": 1,
      "end_time": 618.31,
      "start_time": 616.2
    },
    "type": "Support/Possitive Assessment"
  },
  {
    "source": {
      "act": "I've seen more urine in this city than ever before,",
      "count": 1,
      "end_time": 606.05,
      "start_time": 603.35
    },
    "target": {
      "act": "Uh.",
      "count": 1,
      "end_time": 617.67,
      "start_time": 616.95
    },
    "type": "Objection/Negative Assessment"
  },
  {
    "source": {
      "act": "Ready?",
      "count": 1,
      "end_time": 624.9,
      "start_time": 621.25
    },
    "target": {
      "act": "Alright. Yep.",
      "count": 1,
      "end_time": 622.12,
      "start_time": 621.64
    },
    "type": "Support/Possitive Assessment"
  },
  {
    "source": {
      "act": "It's so minging.",
      "count": 1,
      "end_time": 615.71,
      "start_time": 614.4
    },
    "target": {
      "act": "Minging?",
      "count": 1,
      "end_time": 625.45,
      "start_time": 624.9
    },
    "type": "Support/Possitive Assessment"
  },
  {
    "source": {
      "act": "Minging?",
      "count": 1,
      "end_time": 625.45,
      "start_time": 624.9
    },
    "target": {
      "act": "Nice.",
      "count": 1,
      "end_time": 625.89,
      "start_time": 625.45
    },
    "type": "Support/Possitive Assessment"
  },
  {
    "source": {
      "act": "Minging?",
      "count": 1,
      "end_time": 625.45,
      "start_time": 624.9
    },
    "target": {
      "act": "Yeah.",
      "count": 1,
      "end_time": 627.29,
      "start_time": 626.28
    },
    "type": "Support/Possitive Assessment"
  },
  {
    "source": {
      "act": "Nice.",
      "count": 1,
      "end_time": 625.89,
      "start_time": 625.45
    },
    "target": {
      "act": "Yeah.",
      "count": 1,
      "end_time": 628.59,
      "start_time": 628.25
    },
    "type": "Support/Possitive Assessment"
  },
  {
    "source": {
      "act": "so I might as well get the terminology right.",
      "count": 1,
      "end_time": 631.79,
      "start_time": 630.1
    },
    "target": {
      "act": "Yeah fair enough.",
      "count": 1,
      "end_time": 630.83,
      "start_time": 630.26
    },
    "type": "Support/Possitive Assessment"
  },
  {
    "source": {
      "act": "have you been home yet?",
      "count": 1,
      "end_time": 638.87,
      "start_time": 637.57
    },
    "target": {
      "act": "no.",
      "count": 1,
      "end_time": 639.02,
      "start_time": 638.56
    },
    "type": "Support/Possitive Assessment"
  },
  {
    "source": {
      "act": "They'll be like, say something British,",
      "count": 1,
      "end_time": 640.59,
      "start_time": 638.87
    },
    "target": {
      "act": "I know. I know.",
      "count": 1,
      "end_time": 643.47,
      "start_time": 640.88
    },
    "type": "Support/Possitive Assessment"
  },
  {
    "source": {
      "act": "And I'm gonna go home next week",
      "count": 1,
      "end_time": 635.15,
      "start_time": 633.89
    },
    "target": {
      "act": "Oh it should be interesting.",
      "count": 1,
      "end_time": 645.52,
      "start_time": 643.47
    },
    "type": "Support/Possitive Assessment"
  },
  {
    "source": {
      "act": "you s you're gonna stay here?",
      "count": 1,
      "end_time": 650.91,
      "start_time": 649.77
    },
    "target": {
      "act": "Probably.",
      "count": 1,
      "end_time": 652.03,
      "start_time": 651.08
    },
    "type": "Support/Possitive Assessment"
  },
  {
    "source": {
      "act": "Probably.",
      "count": 1,
      "end_time": 652.03,
      "start_time": 651.08
    },
    "target": {
      "act": "Wow.",
      "count": 1,
      "end_time": 653.06,
      "start_time": 652.07
    },
    "type": "Support/Possitive Assessment"
  },
  {
    "source": null,
    "target": {
      "act": "Nice.",
      "count": 1,
      "end_time": 655.14,
      "start_time": 654.96
    },
    "type": "Support/Possitive Assessment"
  },
  {
    "source": null,
    "target": {
      "act": "Bad religion?",
      "count": 1,
      "end_time": 655.7,
      "start_time": 654.96
    },
    "type": "Support/Possitive Assessment"
  },
  {
    "source": {
      "act": "Bad religion?",
      "count": 1,
      "end_time": 655.7,
      "start_time": 654.96
    },
    "target": {
      "act": "Yeah,",
      "count": 1,
      "end_time": 656.39,
      "start_time": 655.88
    },
    "type": "Support/Possitive Assessment"
  },
  {
    "source": null,
    "target": {
      "act": "nice.",
      "count": 1,
      "end_time": 657.12,
      "start_time": 656.3
    },
    "type": "Support/Possitive Assessment"
  },
  {
    "source": {
      "act": "that's the music I grew up listening to.",
      "count": 1,
      "end_time": 658.04,
      "start_time": 656.39
    },
    "target": {
      "act": "Of course.",
      "count": 1,
      "end_time": 658.88,
      "start_time": 658.12
    },
    "type": "Support/Possitive Assessment"
  },
  {
    "source": {
      "act": "that's the music I grew up listening to.",
      "count": 1,
      "end_time": 658.04,
      "start_time": 656.39
    },
    "target": {
      "act": "Yeah yeah, yeah.",
      "count": 1,
      "end_time": 659.03,
      "start_time": 658.23
    },
    "type": "Support/Possitive Assessment"
  },
  {
    "source": {
      "act": "now I can think of so many other ones.",
      "count": 1,
      "end_time": 662.03,
      "start_time": 660.54
    },
    "target": {
      "act": "yeah",
      "count": 1,
      "end_time": 662.68,
      "start_time": 662.5
    },
    "type": "Support/Possitive Assessment"
  },
  {
    "source": {
      "act": "That's how it works.",
      "count": 1,
      "end_time": 663.9,
      "start_time": 663.08
    },
    "target": {
      "act": "yeah.",
      "count": 1,
      "end_time": 664.08,
      "start_time": 663.72
    },
    "type": "Support/Possitive Assessment"
  },
  {
    "source": {
      "act": "Burritos",
      "count": 1,
      "end_time": 670.4,
      "start_time": 669.57
    },
    "target": {
      "act": "Burritos.",
      "count": 1,
      "end_time": 671.38,
      "start_time": 670.52
    },
    "type": "Support/Possitive Assessment"
  },
  {
    "source": {
      "act": "Burritos.",
      "count": 1,
      "end_time": 671.38,
      "start_time": 670.52
    },
    "target": {
      "act": "Oh",
      "count": 1,
      "end_time": 672.3,
      "start_time": 671.55
    },
    "type": "Support/Possitive Assessment"
  },
  {
    "source": {
      "act": "Burritos",
      "count": 1,
      "end_time": 670.4,
      "start_time": 669.57
    },
    "target": {
      "act": "Nice.",
      "count": 1,
      "end_time": 670.97,
      "start_time": 670.47
    },
    "type": "Support/Possitive Assessment"
  },
  {
    "source": {
      "act": "that cost less than eight Pounds.",
      "count": 1,
      "end_time": 675.86,
      "start_time": 671.67
    },
    "target": {
      "act": "Oh yeah",
      "count": 1,
      "end_time": 673.4,
      "start_time": 673.09
    },
    "type": "Support/Possitive Assessment"
  },
  {
    "source": {
      "act": "Where are you from in California by the way?",
      "count": 1,
      "end_time": 677.16,
      "start_time": 675.75
    },
    "target": {
      "act": "La Jolla, P_B_.",
      "count": 1,
      "end_time": 683.26,
      "start_time": 680.17
    },
    "type": "Support/Possitive Assessment"
  },
  {
    "source": {
      "act": "I grew up in San Diego,",
      "count": 1,
      "end_time": 678.14,
      "start_time": 677.08
    },
    "target": {
      "act": "Did you really?",
      "count": 1,
      "end_time": 678.57,
      "start_time": 678.24
    },
    "type": "Support/Possitive Assessment"
  },
  {
    "source": {
      "act": "Did you really?",
      "count": 1,
      "end_time": 678.57,
      "start_time": 678.24
    },
    "target": {
      "act": "Yeah",
      "count": 1,
      "end_time": 681.62,
      "start_time": 681.47
    },
    "type": "Support/Possitive Assessment"
  },
  {
    "source": {
      "act": "I'm from San Diego as well.",
      "count": 1,
      "end_time": 682.41,
      "start_time": 681.62
    },
    "target": {
      "act": "Nice.",
      "count": 1,
      "end_time": 684.39,
      "start_time": 683.89
    },
    "type": "Support/Possitive Assessment"
  },
  {
    "source": {
      "act": "It must make all the difference.",
      "count": 1,
      "end_time": 707.36,
      "start_time": 703.81
    },
    "target": {
      "act": "Yeah, it really does.",
      "count": 1,
      "end_time": 705.93,
      "start_time": 705.01
    },
    "type": "Support/Possitive Assessment"
  },
  {
    "source": null,
    "target": {
      "act": "the Mexican food is okay,",
      "count": 1,
      "end_time": 715.74,
      "start_time": 713.81
    },
    "type": "Support/Possitive Assessment"
  },
  {
    "source": null,
    "target": {
      "act": "it's just not good",
      "count": 1,
      "end_time": 717.07,
      "start_time": 715.74
    },
    "type": "Objection/Negative Assessment"
  },
  {
    "source": {
      "act": "two two bucks.",
      "count": 1,
      "end_time": 674.39,
      "start_time": 673.4
    },
    "target": {
      "act": "and yeah it's like two bucks,",
      "count": 1,
      "end_time": 718.68,
      "start_time": 717.28
    },
    "type": "Support/Possitive Assessment"
  },
  {
    "source": {
      "act": "Burritos",
      "count": 1,
      "end_time": 670.4,
      "start_time": 669.57
    },
    "target": {
      "act": "good call on that.",
      "count": 1,
      "end_time": 722.84,
      "start_time": 722.05
    },
    "type": "Support/Possitive Assessment"
  },
  {
    "source": {
      "act": "good call on that.",
      "count": 1,
      "end_time": 722.84,
      "start_time": 722.05
    },
    "target": {
      "act": "Yeah.",
      "count": 1,
      "end_time": 723.77,
      "start_time": 722.89
    },
    "type": "Support/Possitive Assessment"
  },
  {
    "source": {
      "act": "Where you from in San Diego?",
      "count": 1,
      "end_time": 724.7,
      "start_time": 723.77
    },
    "target": {
      "act": "Um just literally just metropolitan San Diego,",
      "count": 1,
      "end_time": 728.08,
      "start_time": 725.06
    },
    "type": "Support/Possitive Assessment"
  },
  {
    "source": {
      "act": "I live like five minutes from the zoo.",
      "count": 1,
      "end_time": 730.12,
      "start_time": 728.08
    },
    "target": {
      "act": "Okay.",
      "count": 1,
      "end_time": 729.96,
      "start_time": 729.64
    },
    "type": "Support/Possitive Assessment"
  },
  {
    "source": {
      "act": "Where you from in San Diego?",
      "count": 1,
      "end_time": 724.7,
      "start_time": 723.77
    },
    "target": {
      "act": "North Park actually if you want to get real specific.",
      "count": 1,
      "end_time": 732.12,
      "start_time": 730.24
    },
    "type": "Support/Possitive Assessment"
  },
  {
    "source": {
      "act": "my grandparents lived on um thirty second.",
      "count": 1,
      "end_time": 734.46,
      "start_time": 731.88
    },
    "target": {
      "act": "Yep.",
      "count": 1,
      "end_time": 734.78,
      "start_time": 734.62
    },
    "type": "Support/Possitive Assessment"
  },
  {
    "source": {
      "act": "uh do you know where Clare de Lune coffee shop is,",
      "count": 1,
      "end_time": 739.41,
      "start_time": 737.15
    },
    "target": {
      "act": "Yes.",
      "count": 1,
      "end_time": 739.58,
      "start_time": 739.0
    },
    "type": "Support/Possitive Assessment"
  },
  {
    "source": {
      "act": "uh do you know where Clare de Lune coffee shop is,",
      "count": 1,
      "end_time": 739.41,
      "start_time": 737.15
    },
    "target": {
      "act": "yeah.",
      "count": 1,
      "end_time": 741.81,
      "start_time": 740.51
    },
    "type": "Support/Possitive Assessment"
  },
  {
    "source": {
      "act": "Cafe Forte",
      "count": 1,
      "end_time": 741.55,
      "start_time": 740.51
    },
    "target": {
      "act": "Yeah",
      "count": 1,
      "end_time": 742.04,
      "start_time": 741.81
    },
    "type": "Support/Possitive Assessment"
  },
  {
    "source": {
      "act": "Small world",
      "count": 1,
      "end_time": 747.32,
      "start_time": 746.18
    },
    "target": {
      "act": "Yeah.",
      "count": 1,
      "end_time": 747.39,
      "start_time": 747.05
    },
    "type": "Support/Possitive Assessment"
  },
  {
    "source": null,
    "target": {
      "act": "success on the whiteboard.",
      "count": 1,
      "end_time": 755.83,
      "start_time": 754.02
    },
    "type": "Support/Possitive Assessment"
  },
  {
    "source": {
      "act": "success on the whiteboard.",
      "count": 1,
      "end_time": 755.83,
      "start_time": 754.02
    },
    "target": {
      "act": "There you go.",
      "count": 1,
      "end_time": 756.19,
      "start_time": 755.62
    },
    "type": "Support/Possitive Assessment"
  },
  {
    "source": {
      "act": "what we're trying to do is sell this remote for twenty five Euros. Um.",
      "count": 1,
      "end_time": 772.03,
      "start_time": 768.42
    },
    "target": {
      "act": "but I don't know,",
      "count": 1,
      "end_time": 777.5,
      "start_time": 775.92
    },
    "type": "Uncertain"
  },
  {
    "source": {
      "act": "what we're trying to do is sell this remote for twenty five Euros. Um.",
      "count": 1,
      "end_time": 772.03,
      "start_time": 768.42
    },
    "target": {
      "act": "I'm not sold on this,",
      "count": 1,
      "end_time": 778.67,
      "start_time": 777.5
    },
    "type": "Objection/Negative Assessment"
  },
  {
    "source": {
      "act": "what we're trying to do is sell this remote for twenty five Euros. Um.",
      "count": 1,
      "end_time": 772.03,
      "start_time": 768.42
    },
    "target": {
      "act": "it's pretty dear,",
      "count": 1,
      "end_time": 779.75,
      "start_time": 778.67
    },
    "type": "Support/Possitive Assessment"
  },
  {
    "source": {
      "act": "one of the things I I was gonna mention to you um you guys the designers is that um it m we probably need a rever it needs to be a universal remote control probably.",
      "count": 1,
      "end_time": 804.45,
      "start_time": 796.24
    },
    "target": {
      "act": "Okay.",
      "count": 1,
      "end_time": 804.87,
      "start_time": 804.59
    },
    "type": "Support/Possitive Assessment"
  },
  {
    "source": {
      "act": "one of the things I I was gonna mention to you um you guys the designers is that um it m we probably need a rever it needs to be a universal remote control probably.",
      "count": 1,
      "end_time": 804.45,
      "start_time": 796.24
    },
    "target": {
      "act": "Makes sense.",
      "count": 1,
      "end_time": 808.49,
      "start_time": 807.76
    },
    "type": "Support/Possitive Assessment"
  },
  {
    "source": {
      "act": "And negotiate that. Uh.",
      "count": 1,
      "end_time": 871.19,
      "start_time": 869.0
    },
    "target": {
      "act": "yeah well it is",
      "count": 1,
      "end_time": 871.4,
      "start_time": 870.35
    },
    "type": "Support/Possitive Assessment"
  },
  {
    "source": {
      "act": "and we'll discuss the trade-offs in between",
      "count": 1,
      "end_time": 873.98,
      "start_time": 871.4
    },
    "target": {
      "act": "But I think that that is more or less a good place to start for now um",
      "count": 1,
      "end_time": 883.53,
      "start_time": 878.14
    },
    "type": "Support/Possitive Assessment"
  },
  {
    "source": {
      "act": "For instance like a mobile phone or something like that.",
      "count": 1,
      "end_time": 906.01,
      "start_time": 902.72
    },
    "target": {
      "act": "Hmm.",
      "count": 1,
      "end_time": 907.24,
      "start_time": 906.68
    },
    "type": "Support/Possitive Assessment"
  },
  {
    "source": {
      "act": "I assume that we're building a stand alone uh remote control,",
      "count": 1,
      "end_time": 896.35,
      "start_time": 892.76
    },
    "target": {
      "act": "I don't think there's any rules about it yet. So",
      "count": 1,
      "end_time": 913.39,
      "start_time": 911.04
    },
    "type": "Support/Possitive Assessment"
  },
  {
    "source": {
      "act": "Maybe our personal coach will have something to say about that.",
      "count": 1,
      "end_time": 917.43,
      "start_time": 912.79
    },
    "target": {
      "act": "Yeah.",
      "count": 1,
      "end_time": 915.09,
      "start_time": 914.93
    },
    "type": "Support/Possitive Assessment"
  },
  {
    "source": {
      "act": "have a think about it.",
      "count": 1,
      "end_time": 923.28,
      "start_time": 922.3
    },
    "target": {
      "act": "Yep. Okay.",
      "count": 1,
      "end_time": 924.53,
      "start_time": 923.41
    },
    "type": "Support/Possitive Assessment"
  },
  {
    "source": {
      "act": "can we sell a remote control phone for twenty five pounds or less?",
      "count": 1,
      "end_time": 921.77,
      "start_time": 917.75
    },
    "target": {
      "act": "it it seems like it's certainly do-able",
      "count": 1,
      "end_time": 928.03,
      "start_time": 926.47
    },
    "type": "Support/Possitive Assessment"
  },
  {
    "source": {
      "act": "or if we can't have a full mobile phone maybe a remote that has some other kind of useful function.",
      "count": 1,
      "end_time": 936.76,
      "start_time": 930.07
    },
    "target": {
      "act": "Mm-hmm.",
      "count": 1,
      "end_time": 934.93,
      "start_time": 934.72
    },
    "type": "Support/Possitive Assessment"
  },
  {
    "source": {
      "act": "or if we can't have a full mobile phone maybe a remote that has some other kind of useful function.",
      "count": 1,
      "end_time": 936.76,
      "start_time": 930.07
    },
    "target": {
      "act": "Yeah.",
      "count": 1,
      "end_time": 935.33,
      "start_time": 934.91
    },
    "type": "Support/Possitive Assessment"
  },
  {
    "source": {
      "act": "we can't kind of build it into other uh products.",
      "count": 1,
      "end_time": 900.8,
      "start_time": 896.35
    },
    "target": {
      "act": "good idea, good idea.",
      "count": 1,
      "end_time": 940.46,
      "start_time": 939.47
    },
    "type": "Support/Possitive Assessment"
  },
  {
    "source": {
      "act": "Maybe a remote with changeable faces, like the faces that you can buy for phones.",
      "count": 1,
      "end_time": 946.32,
      "start_time": 940.8
    },
    "target": {
      "act": "I like the little cover thingies.",
      "count": 1,
      "end_time": 947.18,
      "start_time": 945.3
    },
    "type": "Support/Possitive Assessment"
  },
  {
    "source": {
      "act": "Maybe a remote with changeable faces, like the faces that you can buy for phones.",
      "count": 1,
      "end_time": 946.32,
      "start_time": 940.8
    },
    "target": {
      "act": "Nice. Hot.",
      "count": 1,
      "end_time": 949.52,
      "start_time": 945.67
    },
    "type": "Support/Possitive Assessment"
  },
  {
    "source": {
      "act": "Maybe a remote with changeable faces, like the faces that you can buy for phones.",
      "count": 1,
      "end_time": 946.32,
      "start_time": 940.8
    },
    "target": {
      "act": "Uh-huh y I like that",
      "count": 1,
      "end_time": 948.54,
      "start_time": 945.91
    },
    "type": "Support/Possitive Assessment"
  },
  {
    "source": {
      "act": "I guess we we probably have some time,",
      "count": 1,
      "end_time": 953.13,
      "start_time": 951.39
    },
    "target": {
      "act": "That's true,",
      "count": 1,
      "end_time": 951.39,
      "start_time": 951.01
    },
    "type": "Support/Possitive Assessment"
  },
  {
    "source": {
      "act": "are we also discussing kind of our initial ideas at all here?",
      "count": 1,
      "end_time": 991.68,
      "start_time": 988.61
    },
    "target": {
      "act": "Yeah yeah",
      "count": 1,
      "end_time": 991.77,
      "start_time": 991.38
    },
    "type": "Support/Possitive Assessment"
  },
  {
    "source": {
      "act": "I'm gonna go ahead and take notes on this too",
      "count": 1,
      "end_time": 998.01,
      "start_time": 996.52
    },
    "target": {
      "act": "Good idea. Start your minutes. Um",
      "count": 1,
      "end_time": 1004.75,
      "start_time": 1001.24
    },
    "type": "Support/Possitive Assessment"
  },
  {
    "source": {
      "act": "Good idea. Start your minutes. Um",
      "count": 1,
      "end_time": 1004.75,
      "start_time": 1001.24
    },
    "target": {
      "act": "Yeah",
      "count": 1,
      "end_time": 1003.96,
      "start_time": 1003.56
    },
    "type": "Support/Possitive Assessment"
  },
  {
    "source": {
      "act": "right,",
      "count": 1,
      "end_time": 1013.15,
      "start_time": 1012.82
    },
    "target": {
      "act": "Yeah.",
      "count": 1,
      "end_time": 1013.17,
      "start_time": 1012.92
    },
    "type": "Support/Possitive Assessment"
  },
  {
    "source": {
      "act": "or like to have everything on one thing,",
      "count": 1,
      "end_time": 1023.56,
      "start_time": 1021.91
    },
    "target": {
      "act": "but then, I've never been a fan of those huge remotes that have like a million buttons,",
      "count": 1,
      "end_time": 1027.19,
      "start_time": 1023.56
    },
    "type": "Objection/Negative Assessment"
  },
  {
    "source": {
      "act": "but then, I've never been a fan of those huge remotes that have like a million buttons,",
      "count": 1,
      "end_time": 1027.19,
      "start_time": 1023.56
    },
    "target": {
      "act": "S smaller's better.",
      "count": 1,
      "end_time": 1029.06,
      "start_time": 1027.25
    },
    "type": "Objection/Negative Assessment"
  },
  {
    "source": {
      "act": "S smaller's better.",
      "count": 1,
      "end_time": 1029.06,
      "start_time": 1027.25
    },
    "target": {
      "act": "Yeah.",
      "count": 1,
      "end_time": 1029.58,
      "start_time": 1029.12
    },
    "type": "Support/Possitive Assessment"
  },
  {
    "source": {
      "act": "so touch screen design rather than button",
      "count": 1,
      "end_time": 1038.8,
      "start_time": 1035.83
    },
    "target": {
      "act": "Okay.",
      "count": 1,
      "end_time": 1038.17,
      "start_time": 1037.68
    },
    "type": "Support/Possitive Assessment"
  },
  {
    "source": {
      "act": "so touch screen design rather than button",
      "count": 1,
      "end_time": 1038.8,
      "start_time": 1035.83
    },
    "target": {
      "act": "Oh right.",
      "count": 1,
      "end_time": 1039.26,
      "start_time": 1038.67
    },
    "type": "Support/Possitive Assessment"
  },
  {
    "source": {
      "act": "so touch screen design rather than button",
      "count": 1,
      "end_time": 1038.8,
      "start_time": 1035.83
    },
    "target": {
      "act": "That'd be different.",
      "count": 1,
      "end_time": 1039.89,
      "start_time": 1039.26
    },
    "type": "Support/Possitive Assessment"
  },
  {
    "source": {
      "act": "so touch screen design rather than button",
      "count": 1,
      "end_time": 1038.8,
      "start_time": 1035.83
    },
    "target": {
      "act": "Interesting.",
      "count": 1,
      "end_time": 1040.42,
      "start_time": 1039.66
    },
    "type": "Support/Possitive Assessment"
  },
  {
    "source": {
      "act": "so touch screen design rather than button",
      "count": 1,
      "end_time": 1038.8,
      "start_time": 1035.83
    },
    "target": {
      "act": "that's slick",
      "count": 1,
      "end_time": 1043.48,
      "start_time": 1042.98
    },
    "type": "Support/Possitive Assessment"
  },
  {
    "source": {
      "act": "so touch screen design rather than button",
      "count": 1,
      "end_time": 1038.8,
      "start_time": 1035.83
    },
    "target": {
      "act": "stylist",
      "count": 1,
      "end_time": 1046.34,
      "start_time": 1045.23
    },
    "type": "Support/Possitive Assessment"
  },
  {
    "source": {
      "act": "stylist",
      "count": 1,
      "end_time": 1046.34,
      "start_time": 1045.23
    },
    "target": {
      "act": "True.",
      "count": 1,
      "end_time": 1047.58,
      "start_time": 1047.03
    },
    "type": "Support/Possitive Assessment"
  },
  {
    "source": {
      "act": "we got five minutes more to chat about this,",
      "count": 1,
      "end_time": 1051.0,
      "start_time": 1049.22
    },
    "target": {
      "act": "perfect.",
      "count": 1,
      "end_time": 1051.83,
      "start_time": 1051.0
    },
    "type": "Support/Possitive Assessment"
  },
  {
    "source": {
      "act": "We want it to be munt multifunctional",
      "count": 1,
      "end_time": 1061.9,
      "start_time": 1059.91
    },
    "target": {
      "act": "but at the same time if you get it to do too much you're not gonna be able to tell them apart,",
      "count": 1,
      "end_time": 1066.09,
      "start_time": 1061.9
    },
    "type": "Objection/Negative Assessment"
  },
  {
    "source": {
      "act": "but at the same time if you get it to do too much you're not gonna be able to tell them apart,",
      "count": 1,
      "end_time": 1066.09,
      "start_time": 1061.9
    },
    "target": {
      "act": "Yeah.",
      "count": 1,
      "end_time": 1065.98,
      "start_time": 1064.49
    },
    "type": "Support/Possitive Assessment"
  },
  {
    "source": {
      "act": "but at the same time if you get it to do too much you're not gonna be able to tell them apart,",
      "count": 1,
      "end_time": 1066.09,
      "start_time": 1061.9
    },
    "target": {
      "act": "It's gonna be too complicated, too crowded with buttons and things.",
      "count": 1,
      "end_time": 1069.69,
      "start_time": 1065.98
    },
    "type": "Support/Possitive Assessment"
  },
  {
    "source": {
      "act": "but at the same time if you get it to do too much you're not gonna be able to tell them apart,",
      "count": 1,
      "end_time": 1066.09,
      "start_time": 1061.9
    },
    "target": {
      "act": "Too confusing.",
      "count": 1,
      "end_time": 1065.96,
      "start_time": 1065.23
    },
    "type": "Support/Possitive Assessment"
  },
  {
    "source": {
      "act": "maybe like an L_ like a touch screen type of remote?",
      "count": 1,
      "end_time": 1079.23,
      "start_time": 1076.88
    },
    "target": {
      "act": "Mm-hmm. Possibly.",
      "count": 1,
      "end_time": 1081.15,
      "start_time": 1079.33
    },
    "type": "Support/Possitive Assessment"
  },
  {
    "source": {
      "act": "maybe like an L_ like a touch screen type of remote?",
      "count": 1,
      "end_time": 1079.23,
      "start_time": 1076.88
    },
    "target": {
      "act": "Mm.",
      "count": 1,
      "end_time": 1080.34,
      "start_time": 1080.02
    },
    "type": "Support/Possitive Assessment"
  },
  {
    "source": {
      "act": "maybe like an L_ like a touch screen type of remote?",
      "count": 1,
      "end_time": 1079.23,
      "start_time": 1076.88
    },
    "target": {
      "act": "An interesting option.",
      "count": 1,
      "end_time": 1082.74,
      "start_time": 1081.73
    },
    "type": "Support/Possitive Assessment"
  },
  {
    "source": {
      "act": "maybe like an L_ like a touch screen type of remote?",
      "count": 1,
      "end_time": 1079.23,
      "start_time": 1076.88
    },
    "target": {
      "act": "Be a good idea.",
      "count": 1,
      "end_time": 1083.32,
      "start_time": 1082.66
    },
    "type": "Support/Possitive Assessment"
  },
  {
    "source": {
      "act": "Needs it needs one outstanding feature to set it apart from all the other remotes.",
      "count": 1,
      "end_time": 1086.85,
      "start_time": 1082.74
    },
    "target": {
      "act": "Definitely.",
      "count": 1,
      "end_time": 1086.62,
      "start_time": 1086.0
    },
    "type": "Support/Possitive Assessment"
  },
  {
    "source": {
      "act": "Needs it needs one outstanding feature to set it apart from all the other remotes.",
      "count": 1,
      "end_time": 1086.85,
      "start_time": 1082.74
    },
    "target": {
      "act": "Yeah all the other universal remotes.",
      "count": 1,
      "end_time": 1089.27,
      "start_time": 1086.95
    },
    "type": "Support/Possitive Assessment"
  },
  {
    "source": {
      "act": "about whether or not there are um multi-format like um you know PAL, N_T_S_C_, region one",
      "count": 1,
      "end_time": 1103.77,
      "start_time": 1094.94
    },
    "target": {
      "act": "I'm pretty sure there is.",
      "count": 1,
      "end_time": 1107.27,
      "start_time": 1105.24
    },
    "type": "Support/Possitive Assessment"
  },
  {
    "source": {
      "act": "and will control it",
      "count": 1,
      "end_time": 1120.41,
      "start_time": 1118.22
    },
    "target": {
      "act": "Interesting.",
      "count": 1,
      "end_time": 1120.69,
      "start_time": 1119.71
    },
    "type": "Support/Possitive Assessment"
  },
  {
    "source": {
      "act": "and will control it",
      "count": 1,
      "end_time": 1120.41,
      "start_time": 1118.22
    },
    "target": {
      "act": "Awesome.",
      "count": 1,
      "end_time": 1120.44,
      "start_time": 1120.07
    },
    "type": "Support/Possitive Assessment"
  },
  {
    "source": {
      "act": "I assume that that can be done with uh kind of around the world.",
      "count": 1,
      "end_time": 1124.33,
      "start_time": 1121.23
    },
    "target": {
      "act": "Okay. Okay.",
      "count": 1,
      "end_time": 1124.58,
      "start_time": 1123.43
    },
    "type": "Support/Possitive Assessment"
  },
  {
    "source": {
      "act": "maybe like an L_ like a touch screen type of remote?",
      "count": 1,
      "end_time": 1079.23,
      "start_time": 1076.88
    },
    "target": {
      "act": "I'm liking that idea, this idea of a touch screen remote with multi-format features. Um.",
      "count": 1,
      "end_time": 1132.84,
      "start_time": 1128.42
    },
    "type": "Support/Possitive Assessment"
  },
  {
    "source": null,
    "target": {
      "act": "because so many of those remotes that you see, these universal remotes look so cheap and low quality.",
      "count": 1,
      "end_time": 1146.73,
      "start_time": 1141.35
    },
    "type": "Objection/Negative Assessment"
  },
  {
    "source": {
      "act": "I think, making it out of a nice material would be very important,",
      "count": 1,
      "end_time": 1141.35,
      "start_time": 1138.02
    },
    "target": {
      "act": "Yeah.",
      "count": 1,
      "end_time": 1146.38,
      "start_time": 1146.2
    },
    "type": "Support/Possitive Assessment"
  },
  {
    "source": {
      "act": "I'm liking that idea, this idea of a touch screen remote with multi-format features. Um.",
      "count": 1,
      "end_time": 1132.84,
      "start_time": 1128.42
    },
    "target": {
      "act": "that adding this whole like P_D_A_ pen business is only one more thing to lose,",
      "count": 1,
      "end_time": 1157.96,
      "start_time": 1154.21
    },
    "type": "Partial agreement/support"
  },
  {
    "source": {
      "act": "I'm liking that idea, this idea of a touch screen remote with multi-format features. Um.",
      "count": 1,
      "end_time": 1132.84,
      "start_time": 1128.42
    },
    "target": {
      "act": "I don't know,",
      "count": 1,
      "end_time": 1151.53,
      "start_time": 1150.8
    },
    "type": "Uncertain"
  },
  {
    "source": {
      "act": "I'm liking that idea, this idea of a touch screen remote with multi-format features. Um.",
      "count": 1,
      "end_time": 1132.84,
      "start_time": 1128.42
    },
    "target": {
      "act": "but that would be really cool.",
      "count": 1,
      "end_time": 1166.11,
      "start_time": 1163.99
    },
    "type": "Support/Possitive Assessment"
  },
  {
    "source": {
      "act": "Maybe a remote with changeable faces, like the faces that you can buy for phones.",
      "count": 1,
      "end_time": 946.32,
      "start_time": 940.8
    },
    "target": {
      "act": "I like the idea of the uh multi plate.",
      "count": 1,
      "end_time": 1173.85,
      "start_time": 1169.92
    },
    "type": "Support/Possitive Assessment"
  },
  {
    "source": {
      "act": "I like the idea of the uh multi plate.",
      "count": 1,
      "end_time": 1173.85,
      "start_time": 1169.92
    },
    "target": {
      "act": "Yeah yeah okay.",
      "count": 1,
      "end_time": 1173.97,
      "start_time": 1173.14
    },
    "type": "Support/Possitive Assessment"
  },
  {
    "source": {
      "act": "I like the idea of the uh multi plate.",
      "count": 1,
      "end_time": 1173.85,
      "start_time": 1169.92
    },
    "target": {
      "act": "Yeah.",
      "count": 1,
      "end_time": 1173.76,
      "start_time": 1173.19
    },
    "type": "Support/Possitive Assessment"
  },
  {
    "source": {
      "act": "what are they called, those face plate things?",
      "count": 1,
      "end_time": 1176.54,
      "start_time": 1174.44
    },
    "target": {
      "act": "Think they're just called face plates?",
      "count": 1,
      "end_time": 1178.16,
      "start_time": 1176.59
    },
    "type": "Support/Possitive Assessment"
  },
  {
    "source": {
      "act": "Are they?",
      "count": 1,
      "end_time": 1178.56,
      "start_time": 1177.82
    },
    "target": {
      "act": "I don't know.",
      "count": 1,
      "end_time": 1178.57,
      "start_time": 1178.16
    },
    "type": "Uncertain"
  },
  {
    "source": {
      "act": "Are they?",
      "count": 1,
      "end_time": 1178.56,
      "start_time": 1177.82
    },
    "target": {
      "act": "I dunno.",
      "count": 1,
      "end_time": 1179.13,
      "start_time": 1178.56
    },
    "type": "Uncertain"
  },
  {
    "source": {
      "act": "I like the idea of the uh multi plate.",
      "count": 1,
      "end_time": 1173.85,
      "start_time": 1169.92
    },
    "target": {
      "act": "I like.",
      "count": 1,
      "end_time": 1180.71,
      "start_time": 1179.3
    },
    "type": "Support/Possitive Assessment"
  },
  {
    "source": {
      "act": "uh we'll have to come up with a name,",
      "count": 1,
      "end_time": 1180.76,
      "start_time": 1179.09
    },
    "target": {
      "act": "Yeah.",
      "count": 1,
      "end_time": 1181.55,
      "start_time": 1180.82
    },
    "type": "Support/Possitive Assessment"
  },
  {
    "source": {
      "act": "maybe a simple button that you have on your television to help you find your remote.",
      "count": 1,
      "end_time": 1204.48,
      "start_time": 1201.55
    },
    "target": {
      "act": "I think, it wouldn't be such a bad idea to have a like a locator device,",
      "count": 1,
      "end_time": 1201.55,
      "start_time": 1197.78
    },
    "type": "Support/Possitive Assessment"
  },
  {
    "source": {
      "act": "maybe a simple button that you have on your television to help you find your remote.",
      "count": 1,
      "end_time": 1204.48,
      "start_time": 1201.55
    },
    "target": {
      "act": "True.",
      "count": 1,
      "end_time": 1204.76,
      "start_time": 1204.37
    },
    "type": "Support/Possitive Assessment"
  },
  {
    "source": {
      "act": "maybe a simple button that you have on your television to help you find your remote.",
      "count": 1,
      "end_time": 1204.48,
      "start_time": 1201.55
    },
    "target": {
      "act": "Mm. But if we're bundling it unless we're selling their telly with the remote.",
      "count": 1,
      "end_time": 1209.82,
      "start_time": 1205.69
    },
    "type": "Objection/Negative Assessment"
  },
  {
    "source": {
      "act": "Mm. But if we're bundling it unless we're selling their telly with the remote.",
      "count": 1,
      "end_time": 1209.82,
      "start_time": 1205.69
    },
    "target": {
      "act": "Right.",
      "count": 1,
      "end_time": 1210.27,
      "start_time": 1209.86
    },
    "type": "Support/Possitive Assessment"
  },
  {
    "source": {
      "act": "if we bundle it as a phone then you can always call it.",
      "count": 1,
      "end_time": 1220.38,
      "start_time": 1217.2
    },
    "target": {
      "act": "True.",
      "count": 1,
      "end_time": 1220.62,
      "start_time": 1220.28
    },
    "type": "Support/Possitive Assessment"
  },
  {
    "source": {
      "act": "if we bundle it as a phone then you can always call it.",
      "count": 1,
      "end_time": 1220.38,
      "start_time": 1217.2
    },
    "target": {
      "act": "True.",
      "count": 1,
      "end_time": 1221.36,
      "start_time": 1220.94
    },
    "type": "Support/Possitive Assessment"
  },
  {
    "source": {
      "act": "there used to be those whistling devices",
      "count": 1,
      "end_time": 1228.2,
      "start_time": 1226.43
    },
    "target": {
      "act": "but that's a little bit annoying.",
      "count": 1,
      "end_time": 1229.42,
      "start_time": 1228.2
    },
    "type": "Objection/Negative Assessment"
  },
  {
    "source": {
      "act": "Kinda like how on a lot of um uh cordless regular phones, you have a page button and it goes,",
      "count": 1,
      "end_time": 1245.58,
      "start_time": 1239.95
    },
    "target": {
      "act": "Yeah.",
      "count": 1,
      "end_time": 1243.83,
      "start_time": 1243.57
    },
    "type": "Support/Possitive Assessment"
  },
  {
    "source": {
      "act": "could we do something like that?",
      "count": 1,
      "end_time": 1246.56,
      "start_time": 1245.58
    },
    "target": {
      "act": "I think so.",
      "count": 1,
      "end_time": 1248.54,
      "start_time": 1246.81
    },
    "type": "Support/Possitive Assessment"
  },
  {
    "source": {
      "act": "could we do something like that?",
      "count": 1,
      "end_time": 1246.56,
      "start_time": 1245.58
    },
    "target": {
      "act": "That's cool.",
      "count": 1,
      "end_time": 1246.81,
      "start_time": 1246.35
    },
    "type": "Support/Possitive Assessment"
  },
  {
    "source": {
      "act": "could we do something like that?",
      "count": 1,
      "end_time": 1246.56,
      "start_time": 1245.58
    },
    "target": {
      "act": "Probably.",
      "count": 1,
      "end_time": 1247.49,
      "start_time": 1247.04
    },
    "type": "Support/Possitive Assessment"
  },
  {
    "source": {
      "act": "I think we could design into that.",
      "count": 1,
      "end_time": 1254.37,
      "start_time": 1248.87
    },
    "target": {
      "act": "Yeah.",
      "count": 1,
      "end_time": 1250.62,
      "start_time": 1249.86
    },
    "type": "Support/Possitive Assessment"
  },
  {
    "source": {
      "act": "um uh you know Apple 's been really successful with this surgical white kind of business or this sleek kind of",
      "count": 1,
      "end_time": 1266.83,
      "start_time": 1259.78
    },
    "target": {
      "act": "Yeah.",
      "count": 1,
      "end_time": 1266.72,
      "start_time": 1265.87
    },
    "type": "Support/Possitive Assessment"
  },
  {
    "source": {
      "act": "And that titanium the new silver sleek ones that's last couple of years, very much so.",
      "count": 1,
      "end_time": 1271.18,
      "start_time": 1266.72
    },
    "target": {
      "act": "Yeah.",
      "count": 1,
      "end_time": 1270.66,
      "start_time": 1270.26
    },
    "type": "Support/Possitive Assessment"
  },
  {
    "source": {
      "act": "selling a a forty Pound remote would h or a forty Dollar remote, twenty five Euro remote would be pretty you know it's pretty expensive",
      "count": 1,
      "end_time": 1283.43,
      "start_time": 1276.51
    },
    "target": {
      "act": "I dunno,",
      "count": 1,
      "end_time": 1276.51,
      "start_time": 1276.19
    },
    "type": "Uncertain"
  },
  {
    "source": {
      "act": "some kind of I dunno a balance there in somewhere.",
      "count": 1,
      "end_time": 1298.91,
      "start_time": 1296.51
    },
    "target": {
      "act": "Definitely.",
      "count": 1,
      "end_time": 1299.89,
      "start_time": 1299.35
    },
    "type": "Support/Possitive Assessment"
  },
  {
    "source": {
      "act": "so we'll have to be careful of exactly who we're marketing this to,",
      "count": 1,
      "end_time": 1315.86,
      "start_time": 1313.2
    },
    "target": {
      "act": "Yeah.",
      "count": 1,
      "end_time": 1315.87,
      "start_time": 1315.35
    },
    "type": "Support/Possitive Assessment"
  },
  {
    "source": {
      "act": "so we'll have to be careful of exactly who we're marketing this to,",
      "count": 1,
      "end_time": 1315.86,
      "start_time": 1313.2
    },
    "target": {
      "act": "Mm.",
      "count": 1,
      "end_time": 1316.39,
      "start_time": 1315.94
    },
    "type": "Support/Possitive Assessment"
  },
  {
    "source": {
      "act": "and who we're gonna be able to get it out of.",
      "count": 1,
      "end_time": 1318.7,
      "start_time": 1315.86
    },
    "target": {
      "act": "'S true.",
      "count": 1,
      "end_time": 1320.16,
      "start_time": 1319.35
    },
    "type": "Support/Possitive Assessment"
  },
  {
    "source": {
      "act": "We're talking twenty five Pounds or twenty five Euros?",
      "count": 1,
      "end_time": 1327.55,
      "start_time": 1325.54
    },
    "target": {
      "act": "Twenty five Euros.",
      "count": 1,
      "end_time": 1328.26,
      "start_time": 1327.57
    },
    "type": "Support/Possitive Assessment"
  },
  {
    "source": {
      "act": "We're talking twenty five Pounds or twenty five Euros?",
      "count": 1,
      "end_time": 1327.55,
      "start_time": 1325.54
    },
    "target": {
      "act": "Euros.",
      "count": 1,
      "end_time": 1328.48,
      "start_time": 1327.77
    },
    "type": "Support/Possitive Assessment"
  },
  {
    "source": {
      "act": "Slight difference I guess.",
      "count": 1,
      "end_time": 1337.85,
      "start_time": 1336.69
    },
    "target": {
      "act": "Yeah.",
      "count": 1,
      "end_time": 1340.44,
      "start_time": 1338.77
    },
    "type": "Support/Possitive Assessment"
  },
  {
    "source": {
      "act": "they're all stronger than the Dollar.",
      "count": 1,
      "end_time": 1342.75,
      "start_time": 1341.34
    },
    "target": {
      "act": "Mm.",
      "count": 1,
      "end_time": 1343.32,
      "start_time": 1343.06
    },
    "type": "Support/Possitive Assessment"
  },
  {
    "source": {
      "act": "do you guys know Fry's? Huge computer uh electronics store?",
      "count": 1,
      "end_time": 1352.27,
      "start_time": 1348.52
    },
    "target": {
      "act": "No.",
      "count": 1,
      "end_time": 1350.83,
      "start_time": 1350.53
    },
    "type": "Support/Possitive Assessment"
  },
  {
    "source": {
      "act": "do you guys know Fry's? Huge computer uh electronics store?",
      "count": 1,
      "end_time": 1352.27,
      "start_time": 1348.52
    },
    "target": {
      "act": "Mm-mm.",
      "count": 1,
      "end_time": 1351.05,
      "start_time": 1350.7
    },
    "type": "Support/Possitive Assessment"
  },
  {
    "source": {
      "act": "With half an hour?",
      "count": 1,
      "end_time": 1393.68,
      "start_time": 1392.95
    },
    "target": {
      "act": "Um. Yes.",
      "count": 1,
      "end_time": 1395.52,
      "start_time": 1394.18
    },
    "type": "Support/Possitive Assessment"
  },
  {
    "source": {
      "act": "Um. Yes.",
      "count": 1,
      "end_time": 1395.52,
      "start_time": 1394.18
    },
    "target": {
      "act": "'Kay.",
      "count": 1,
      "end_time": 1395.95,
      "start_time": 1395.61
    },
    "type": "Support/Possitive Assessment"
  }
]