[
  {
    "end_time": 21.529,
    "segment": "Like that? Okay, cool.",
    "speaker_id": "A",
    "start_time": 19.162
  },
  {
    "end_time": 44.112,
    "segment": "Okay?",
    "speaker_id": "A",
    "start_time": 43.483
  },
  {
    "end_time": 59.784,
    "segment": "Right, so I'm just gonna start this PowerPoint real quick. Yeah, PowerPoint. Yeah, well, you know,.",
    "speaker_id": "A",
    "start_time": 46.29
  },
  {
    "end_time": 83.44,
    "segment": "Yeah I kinda like this I'm kinda getting into it. Right. Um. So just to kick off the meeting basically um so we're working now for a real reaction, this is uh so it right.",
    "speaker_id": "A",
    "start_time": 68.896
  },
  {
    "end_time": 90.323,
    "segment": "Just got an agenda to set out what we're gonna try to accomplish in this particular first meeting. Um",
    "speaker_id": "A",
    "start_time": 84.576
  },
  {
    "end_time": 98.119,
    "segment": "We're gonna just do a quick opening and we can hopefully all get acquainted with one another um then we're gonna start talk a little bit about tool training.",
    "speaker_id": "A",
    "start_time": 91.344
  },
  {
    "end_time": 118.832,
    "segment": "Essentially that means getting used to the only thing that we haven't tried out yet, the whiteboard. Um we've got a general plan for the project how we're gonna go about accomplishing this and then just a bit of discussion close up. Um I guess you know game or something um in real life um so yeah basically",
    "speaker_id": "A",
    "start_time": 98.119
  },
  {
    "end_time": 140.461,
    "segment": "I want to I'm just gonna you got of course you can discuss that, I'm thinking about um uh proposing that since we've got this weird blend of ourselves and our roles that we just don't ask, don't tell. Um so um if you say something about marketing, right, sorted, um y is",
    "speaker_id": "A",
    "start_time": 119.904
  },
  {
    "end_time": 151.328,
    "segment": "Exactly. Um I mean obvi if if you guys if if at the same time if you like logically if something doesn't like if I'm like we're gonna sell a remote control that's the size of this paper book you know",
    "speaker_id": "A",
    "start_time": 141.126
  },
  {
    "end_time": 157.802,
    "segment": "um you say like well that doesn't seem like such a good idea because of X_ obviously go with it. I mean we'll discuss it but",
    "speaker_id": "A",
    "start_time": 151.328
  },
  {
    "end_time": 168.564,
    "segment": "I'm not gonna ask do you know that or uh yeah it seems like yeah yeah exactly so, 'cause we're what we're sort of role playing is y g yeah you're gonna tap into your own knowledge as well um.",
    "speaker_id": "A",
    "start_time": 157.802
  },
  {
    "end_time": 175.641,
    "segment": "And that's the same for your when we do introductions I mean um and you talk about your background you know have fun, you know maybe you went to um",
    "speaker_id": "A",
    "start_time": 168.564
  },
  {
    "end_time": 188.224,
    "segment": "uh you know maybe i you're like in Maine you went to U_C_S_B_ but you wanna say you went to Harvard or something like that, why not, you know you can this is you know I guess we can have a little bit of fun with it. So are you guys okay with that does that seem logical?",
    "speaker_id": "A",
    "start_time": 175.641
  },
  {
    "end_time": 191.591,
    "segment": "Sweet.",
    "speaker_id": "A",
    "start_time": 190.848
  },
  {
    "end_time": 215.133,
    "segment": "Cool. So I guess that that we're totally we're making a remote control which is thrilling um uh but the idea is that we can make something based on the whole corporate model I dunno if you guys had time to check the in real life I dunno if you guys uh checked the um uh the corporate website.",
    "speaker_id": "A",
    "start_time": 193.648
  },
  {
    "end_time": 230.425,
    "segment": "Um we've got to make something as fashionable as possible, that's kind of the corporate strategy is we're gonna try to take ordinary stuff that nobody really thinks about and try to make it nice you know like John Lewis nice or you know if you go to Debenham's or something.",
    "speaker_id": "A",
    "start_time": 215.133
  },
  {
    "end_time": 246.89,
    "segment": "So um basically we are reinventing the wheel but we wanna try to do it in a user friendly um slick sleek kind of way. Um way we're gonna go about doing that is basically at first we're gonna start on the basics.",
    "speaker_id": "A",
    "start_time": 231.312
  },
  {
    "end_time": 262.943,
    "segment": "And that's where I'm gonna need you guys the User Interface Designers and the um um the other designer that I can't remember, the the I_D_ and the U_I_D_ right um the Industrial Designer hey right on alright, getting into it um",
    "speaker_id": "A",
    "start_time": 246.89
  },
  {
    "end_time": 273.704,
    "segment": "to guide me and guide us on this project 'cause you're gonna be you're g you guys are the bottom you know you're like no you can't do that you can't have you know X_ and Y_ um at the same time.",
    "speaker_id": "A",
    "start_time": 262.943
  },
  {
    "end_time": 296.687,
    "segment": "And then um we'll work up from what is necessary to more like what would be good, you know like um I I think you guys probably got the same emails I did but the idea of um, yes a coffee pot needs to be able to hold coffee but it's also better if it's not like really cheap glass so that it if you touch it you hurt your hand, or something like that.",
    "speaker_id": "A",
    "start_time": 273.704
  },
  {
    "end_time": 315.297,
    "segment": "Um and so we'll work up from there and um then we'll meet on and talk about it and then finally we'll incorporate as kind of the last stage you know where you guys build or tell me tell us what's possible and then you tell us what we can um hope for and what way to go take the the the",
    "speaker_id": "A",
    "start_time": 296.687
  },
  {
    "end_time": 326.093,
    "segment": "take the basics and make it nicer and then ov obviously uh the U_I_D_ and the I_D_ you know you you can keep on the you know sort of at the cutting edge of how to get about maximising what is possible",
    "speaker_id": "A",
    "start_time": 315.297
  },
  {
    "end_time": 336.48,
    "segment": "um to try t of sync it all up. So that's the detailed design. So it's a three stage kind of thing. Um right so for now just for th the white board um",
    "speaker_id": "A",
    "start_time": 326.093
  },
  {
    "end_time": 345.456,
    "segment": "basically uh just to get used to it, I haven't tried it yet either um I'm just gonna start and um mm carry like five remotes around",
    "speaker_id": "A",
    "start_time": 337.536
  },
  {
    "end_time": 365.904,
    "segment": "um and just write down I'm just gonna write down one of the names of my um desert discs you know if you if you were trapped on a desert island and you could only bring five C_D_s along with you name one of them that you could, not all five, if you wanna write all five go for it but name one of them that you could um. Oh, we skipped introductions. Nice.",
    "speaker_id": "A",
    "start_time": 346.054
  },
  {
    "end_time": 378.617,
    "segment": "I'm a excellent Project Manager. Um. I'm Marty, um I went to uni at uh U_C_ Santa Barbara and I'm here working on a P_H_D_ in psychology. Um yeah. So",
    "speaker_id": "A",
    "start_time": 366.896
  },
  {
    "end_time": 389.616,
    "segment": "Expert Don't play yourself down.",
    "speaker_id": "A",
    "start_time": 386.989
  },
  {
    "end_time": 391.16,
    "segment": "Expert",
    "speaker_id": "A",
    "start_time": 389.972
  },
  {
    "end_time": 416.528,
    "segment": "Where did you go to uni Nathan? Oh brilliant. Cool. My little brother goes there. Right so desert island discs. Yeah.",
    "speaker_id": "A",
    "start_time": 405.952
  },
  {
    "end_time": 427.383,
    "segment": "Well I'll t i no no yeah I'm just gonna write a couple of 'em down. See I'm a big music fan I don't know if you guys are, I'm assuming everybody likes music to some lesser or greater extent but",
    "speaker_id": "A",
    "start_time": 418.496
  },
  {
    "end_time": 434.796,
    "segment": "there's some other options, if you're a T_V_ slut like I am like Smallville terrible television show but I happen to love it, it's rubbish but I love it.",
    "speaker_id": "A",
    "start_time": 427.383
  },
  {
    "end_time": 439.296,
    "segment": "T the the main c the main character? Wow.",
    "speaker_id": "A",
    "start_time": 436.925
  },
  {
    "end_time": 441.376,
    "segment": "Is he a wanker?",
    "speaker_id": "A",
    "start_time": 440.544
  },
  {
    "end_time": 468.208,
    "segment": "He looks really tall, like he's gotta be like six six. Yeah. Um okay so I really like Jeff Buckley. You guys heard of Jeff Buckley? Um that's cool 'cause like not very many people have. Um and um oh well I might as well throw a British person in there um you can't go wrong with Radiohead. It's a r",
    "speaker_id": "A",
    "start_time": 446.304
  },
  {
    "end_time": 489.536,
    "segment": "Okay so it really works just like a pen only makes noises I think. It's kinda weird. Anyway yeah. Yeah, you're like press and it's. Kinda cool. You'll see. Alright so um whoever wants to get up next, you can write down some telly that you watch or whatever you want.",
    "speaker_id": "A",
    "start_time": 473.232
  },
  {
    "end_time": 492.288,
    "segment": "Right on.",
    "speaker_id": "A",
    "start_time": 490.688
  },
  {
    "end_time": 500.176,
    "segment": "W",
    "speaker_id": "A",
    "start_time": 499.647
  },
  {
    "end_time": 514.32,
    "segment": "Mm.",
    "speaker_id": "A",
    "start_time": 513.904
  },
  {
    "end_time": 516.384,
    "segment": "Nice.",
    "speaker_id": "A",
    "start_time": 515.856
  },
  {
    "end_time": 524.577,
    "segment": "Okay yeah yeah.",
    "speaker_id": "A",
    "start_time": 523.356
  },
  {
    "end_time": 534.992,
    "segment": "Well yeah. Oh, family guy. Isn't h has h do you watch the new season?",
    "speaker_id": "A",
    "start_time": 529.891
  },
  {
    "end_time": 539.604,
    "segment": "I think I'm gonna start downloading it yeah.",
    "speaker_id": "A",
    "start_time": 537.455
  },
  {
    "end_time": 564.878,
    "segment": "Mm-mm.",
    "speaker_id": "A",
    "start_time": 564.336
  },
  {
    "end_time": 569.888,
    "segment": "Afro beat orchestra? Very cool. Mm.",
    "speaker_id": "A",
    "start_time": 567.394
  },
  {
    "end_time": 577.248,
    "segment": "Wow.",
    "speaker_id": "A",
    "start_time": 576.471
  },
  {
    "end_time": 591.98,
    "segment": "That's what a PowerPoint presentation is for. It's they're designed specifically to ignore. I it's th brilliant.",
    "speaker_id": "A",
    "start_time": 586.495
  },
  {
    "end_time": 601.072,
    "segment": "Ah yes yes yes okay I see that. Vomit. Yes. Street pizza. It's so brilliant.",
    "speaker_id": "A",
    "start_time": 594.368
  },
  {
    "end_time": 606.5,
    "segment": "I've seen more urine in this city than ever before, I mean",
    "speaker_id": "A",
    "start_time": 602.708
  },
  {
    "end_time": 615.76,
    "segment": "It's so minging.",
    "speaker_id": "A",
    "start_time": 613.472
  },
  {
    "end_time": 617.85,
    "segment": "Uh.",
    "speaker_id": "A",
    "start_time": 616.761
  },
  {
    "end_time": 631.824,
    "segment": "I'm going local. Going local. I have to be here for three years so I might as well get the terminology right.",
    "speaker_id": "A",
    "start_time": 626.832
  },
  {
    "end_time": 645.552,
    "segment": "Oh, have you been home yet? They'll be like, say something British, and you're like oh shut up family.",
    "speaker_id": "A",
    "start_time": 636.88
  },
  {
    "end_time": 650.944,
    "segment": "Right you s you're gonna stay here?",
    "speaker_id": "A",
    "start_time": 647.792
  },
  {
    "end_time": 653.358,
    "segment": "Wow.",
    "speaker_id": "A",
    "start_time": 652.05
  },
  {
    "end_time": 655.808,
    "segment": "Bad religion?",
    "speaker_id": "A",
    "start_time": 654.944
  },
  {
    "end_time": 659.28,
    "segment": "Yeah yeah, yeah.",
    "speaker_id": "A",
    "start_time": 658.208
  },
  {
    "end_time": 664.112,
    "segment": "Well yeah that's why yeah.",
    "speaker_id": "A",
    "start_time": 661.936
  },
  {
    "end_time": 671.456,
    "segment": "I miss coffee. Burritos.",
    "speaker_id": "A",
    "start_time": 668.416
  },
  {
    "end_time": 674.541,
    "segment": "Oh yeah two two bucks.",
    "speaker_id": "A",
    "start_time": 673.072
  },
  {
    "end_time": 677.257,
    "segment": "Where are you from in California by the way?",
    "speaker_id": "A",
    "start_time": 675.728
  },
  {
    "end_time": 679.219,
    "segment": "Did you really? What part?",
    "speaker_id": "A",
    "start_time": 678.224
  },
  {
    "end_time": 682.448,
    "segment": "Yeah I'm from San Diego as well.",
    "speaker_id": "A",
    "start_time": 681.44
  },
  {
    "end_time": 685.296,
    "segment": "Yeah oh man.",
    "speaker_id": "A",
    "start_time": 684.032
  },
  {
    "end_time": 696.438,
    "segment": "Going to s like North Carol I'm sorry you you just can't get a better burrito than what's available in the s in San Diego.",
    "speaker_id": "A",
    "start_time": 690.496
  },
  {
    "end_time": 713.685,
    "segment": "Well it's it's i there's other things too there's you just can't place it like I when I went to school in the U_ in Santa Barbara which is central California",
    "speaker_id": "A",
    "start_time": 705.92
  },
  {
    "end_time": 722.879,
    "segment": "the Mexican food is okay, it's just not good like and yeah it's like two bucks, like literally two bucks for this massive I miss yeah good call on that.",
    "speaker_id": "A",
    "start_time": 713.685
  },
  {
    "end_time": 732.15,
    "segment": "Um just literally just metropolitan San Diego, I live like five minutes from the zoo. So North Park actually if you want to get real specific.",
    "speaker_id": "A",
    "start_time": 724.832
  },
  {
    "end_time": 734.855,
    "segment": "Yep.",
    "speaker_id": "A",
    "start_time": 734.491
  },
  {
    "end_time": 748.644,
    "segment": "Yes. On university, yeah. Yeah it's actually like literally half a mile from my house. Yeah, pretty cool. Small world as we were discussing before.",
    "speaker_id": "A",
    "start_time": 738.976
  },
  {
    "end_time": 761.952,
    "segment": "Especially when we're all from the same general region. Right so okay, success on the whiteboard. You can harness the awesome power a little bit introductions we talked about some of our C_D_s and things we like about the city you know, I think we'll",
    "speaker_id": "A",
    "start_time": 748.644
  },
  {
    "end_time": 772.072,
    "segment": "Um right so moving on to not fun stuff uh project finance. Um basically what we're trying to do is sell this remote for twenty five Euros. Um.",
    "speaker_id": "A",
    "start_time": 762.721
  },
  {
    "end_time": 782.309,
    "segment": "This is what the finance department has told me, the C_F_O_ but I don't know, I'm not sold on this, it's pretty dear, I mean twenty f that's like you know",
    "speaker_id": "A",
    "start_time": 773.056
  },
  {
    "end_time": 792.34,
    "segment": "forty bucks for a remote. It would have to pretty much like do my laundry for me. Um so what we can maybe work on that a later but we're gonna make a lot on it, the profit aims to make fifty million Euros on it.",
    "speaker_id": "A",
    "start_time": 782.309
  },
  {
    "end_time": 804.921,
    "segment": "Eur internationally. So um one of the things I I was gonna mention to you um you guys the designers is that um it m we probably need a rever it needs to be a universal remote control probably.",
    "speaker_id": "A",
    "start_time": 792.34
  },
  {
    "end_time": 818.281,
    "segment": "Um so something that could do N_T_S_C_ as well as PAL as well as various other formats like if it's gonna control D_V_D_s but um you know I'll leave that to you guys but that's something that i i it is gonna be an international sold thing.",
    "speaker_id": "A",
    "start_time": 804.921
  },
  {
    "end_time": 824.48,
    "segment": "Um but we wanna try to make it for twelve fifty. So we wanna try to make a hundred percent profit on it if we can.",
    "speaker_id": "A",
    "start_time": 818.281
  },
  {
    "end_time": 833.056,
    "segment": "Um s right so um just to close up, I'm not sure how much time I've used mm next time right Project Manager, sorted. Um.",
    "speaker_id": "A",
    "start_time": 825.322
  },
  {
    "end_time": 843.865,
    "segment": "Is uh we'll meet in another half an hour or so um and I'd like the um Industrial Designer to get ge think about what needs to be done, like what the basic function of it.",
    "speaker_id": "A",
    "start_time": 833.056
  },
  {
    "end_time": 854.243,
    "segment": "Um U_I_D_ well yeah you right g your assignments are up there and you'll also get s assignments from in your email as well more spec specifics on what do do.",
    "speaker_id": "A",
    "start_time": 843.865
  },
  {
    "end_time": 870.205,
    "segment": "Um mm basic and um so I need you to tell us what um we what the user's gonna want. So actually in a way you guys c maybe in our next meeting chat a bit about what the user's gonna want and what the user can have, you know like uh so",
    "speaker_id": "A",
    "start_time": 854.243
  },
  {
    "end_time": 883.574,
    "segment": "yeah well it is and we'll discuss the trade-offs in between um so yeah specific instructions will be sent in your email. But I think that that is more or less a good place to start for now um",
    "speaker_id": "A",
    "start_time": 870.205
  },
  {
    "end_time": 890.16,
    "segment": "and as more things come up we'll have meetings and you'll get emails and so forth. Um any questions, before we get started?",
    "speaker_id": "A",
    "start_time": 883.574
  },
  {
    "end_time": 902.784,
    "segment": "You mean to like",
    "speaker_id": "A",
    "start_time": 901.175
  },
  {
    "end_time": 907.328,
    "segment": "Hmm.",
    "speaker_id": "A",
    "start_time": 906.656
  },
  {
    "end_time": 910.624,
    "segment": "Yeah.",
    "speaker_id": "A",
    "start_time": 909.066
  },
  {
    "end_time": 941.129,
    "segment": "Well, have a think about it. I mean I'm I'm certainly op it seems like yeah it it seems like it's certainly do-able isn't it. I mean um or if we can't have a full mobile phone maybe a remote that has some other kind of useful function. The clapper. No I mean no, good idea, good idea. We'll see what see what",
    "speaker_id": "A",
    "start_time": 921.984
  },
  {
    "end_time": 948.624,
    "segment": "Uh-huh y I like that",
    "speaker_id": "A",
    "start_time": 945.888
  },
  {
    "end_time": 957.024,
    "segment": "Yeah. That's true, I guess we we probably have some time, maybe we should brainstorm a bit like what we wanna do, go back to um",
    "speaker_id": "A",
    "start_time": 949.76
  },
  {
    "end_time": 961.264,
    "segment": "I don't really have any. Let me bring up something about",
    "speaker_id": "A",
    "start_time": 958.976
  },
  {
    "end_time": 969.2,
    "segment": "our basic goals here, what we want to accomplish. Uh project announcement.",
    "speaker_id": "A",
    "start_time": 962.464
  },
  {
    "end_time": 971.872,
    "segment": "Ts ts ts",
    "speaker_id": "A",
    "start_time": 970.437
  },
  {
    "end_time": 984.288,
    "segment": "Yeah. Not so much.",
    "speaker_id": "A",
    "start_time": 982.192
  },
  {
    "end_time": 988.048,
    "segment": "All right we'll find them, we're on our own.",
    "speaker_id": "A",
    "start_time": 986.368
  },
  {
    "end_time": 993.424,
    "segment": "Yeah yeah let's do it, let's do.",
    "speaker_id": "A",
    "start_time": 991.36
  },
  {
    "end_time": 998.4,
    "segment": "I'm gonna go ahead and take notes on this too 'cause",
    "speaker_id": "A",
    "start_time": 996.432
  },
  {
    "end_time": 1008.752,
    "segment": "Yeah I mean oh yeah right. So initial ideas.",
    "speaker_id": "A",
    "start_time": 1003.536
  },
  {
    "end_time": 1013.264,
    "segment": "Yeah.",
    "speaker_id": "A",
    "start_time": 1012.896
  },
  {
    "end_time": 1027.936,
    "segment": "Mm-hmm.",
    "speaker_id": "A",
    "start_time": 1027.472
  },
  {
    "end_time": 1061.088,
    "segment": "Yeah that's slick isn't it. I mean like stylist yeah like a just a yeah. Right so we got five minutes more to chat about this, perfect. Um so we've got this kind of an idea of a trade-off between um uh size and functionality. Um and we also",
    "speaker_id": "A",
    "start_time": 1041.728
  },
  {
    "end_time": 1079.264,
    "segment": "I'm also gonna note for future reference this idea of um so you like maybe like an L_ like a touch screen type of remote?",
    "speaker_id": "A",
    "start_time": 1070.832
  },
  {
    "end_time": 1083.36,
    "segment": "I don't think one exists. Be a good idea.",
    "speaker_id": "A",
    "start_time": 1081.216
  },
  {
    "end_time": 1103.824,
    "segment": "Yeah all the other universal remotes. Um I don't know if there's such a thing out there, I guess we could do some uh do some research on or one of us could do some research on it about whether or not there are um multi-format like um you know PAL, N_T_S_C_, region one",
    "speaker_id": "A",
    "start_time": 1086.928
  },
  {
    "end_time": 1107.995,
    "segment": "Okay.",
    "speaker_id": "A",
    "start_time": 1107.564
  },
  {
    "end_time": 1110.192,
    "segment": "Okay.",
    "speaker_id": "A",
    "start_time": 1109.568
  },
  {
    "end_time": 1121.328,
    "segment": "Interesting. Okay.",
    "speaker_id": "A",
    "start_time": 1119.375
  },
  {
    "end_time": 1124.8,
    "segment": "Okay. Okay.",
    "speaker_id": "A",
    "start_time": 1123.408
  },
  {
    "end_time": 1132.928,
    "segment": "Um all right. So. I li I'm liking that idea, this idea of a touch screen remote with multi-format features. Um.",
    "speaker_id": "A",
    "start_time": 1126.224
  },
  {
    "end_time": 1134.928,
    "segment": "Um.",
    "speaker_id": "A",
    "start_time": 1134.384
  },
  {
    "end_time": 1137.952,
    "segment": "Let's see.",
    "speaker_id": "A",
    "start_time": 1136.032
  },
  {
    "end_time": 1146.256,
    "segment": "Mm.",
    "speaker_id": "A",
    "start_time": 1145.664
  },
  {
    "end_time": 1169.92,
    "segment": "Uh let's see. Um.",
    "speaker_id": "A",
    "start_time": 1166.928
  },
  {
    "end_time": 1174.149,
    "segment": "Yeah yeah okay.",
    "speaker_id": "A",
    "start_time": 1173.008
  },
  {
    "end_time": 1178.608,
    "segment": "Think they're just called face plates? I don't know.",
    "speaker_id": "A",
    "start_time": 1176.531
  },
  {
    "end_time": 1190.592,
    "segment": "Um.",
    "speaker_id": "A",
    "start_time": 1189.632
  },
  {
    "end_time": 1209.872,
    "segment": "Mm. But if we're bundling it unless we're selling their telly with the remote.",
    "speaker_id": "A",
    "start_time": 1205.264
  },
  {
    "end_time": 1214.415,
    "segment": "Um",
    "speaker_id": "A",
    "start_time": 1211.008
  },
  {
    "end_time": 1246.592,
    "segment": "Cou could we not do something where like just a little lit like literally just a very small kind of thing that comes with the remote that you could place something else that you press and it makes the remote page. Kinda like how on a lot of um uh cordless regular phones, you have a page button and it goes, could we do something like that?",
    "speaker_id": "A",
    "start_time": 1229.392
  },
  {
    "end_time": 1267.337,
    "segment": "Um yeah I think this material quality as well like I guess what we can think about what kind of um uh you know Apple 's been really successful with this surgical white kind of business or this sleek kind of you know",
    "speaker_id": "A",
    "start_time": 1253.392
  },
  {
    "end_time": 1270.96,
    "segment": "Yeah.",
    "speaker_id": "A",
    "start_time": 1270.24
  },
  {
    "end_time": 1288.661,
    "segment": "Yeah. We do have the minimum am amount I mean we were talking finances I dunno, selling a a forty Pound remote would h or a forty Dollar remote, twenty five Euro remote would be pretty you know it's pretty expensive so maybe we might wanna trade off some of the features for a lower price.",
    "speaker_id": "A",
    "start_time": 1272.688
  },
  {
    "end_time": 1298.944,
    "segment": "Without without getting into that whole like you know go down to bargain store remote you know bargain store universal remote that's black and you know m massive, some kind of I dunno a balance there in somewhere.",
    "speaker_id": "A",
    "start_time": 1288.661
  },
  {
    "end_time": 1306.364,
    "segment": "But um have a think about what we can do, have a think about what we want to do, how we're gonna sell it and um",
    "speaker_id": "A",
    "start_time": 1299.984
  },
  {
    "end_time": 1316.848,
    "segment": "Mm.",
    "speaker_id": "A",
    "start_time": 1315.92
  },
  {
    "end_time": 1328.384,
    "segment": "Twenty five Euros.",
    "speaker_id": "A",
    "start_time": 1327.552
  },
  {
    "end_time": 1342.918,
    "segment": "Yeah. They're all weaker than they're all stronger than the Dollar.",
    "speaker_id": "A",
    "start_time": 1338.752
  },
  {
    "end_time": 1352.455,
    "segment": "Although, computer parts, all if you're gonna upgrade your computer, buy it in the States. Like um do you guys know Fry's? Huge computer uh electronics store?",
    "speaker_id": "A",
    "start_time": 1342.918
  },
  {
    "end_time": 1361.802,
    "segment": "They serve um right they sa tha s they will sell things overseas so you can buy stuff in America and have it shipped over for like twenty thirty Pounds about.",
    "speaker_id": "A",
    "start_time": 1352.455
  },
  {
    "end_time": 1385.7,
    "segment": "Right so um let's go ahead and wrap that up here for now, I'm gonna put these initial ideas that we've got in the um project documents, so if you guys wa need a reminder about what we've talked about um the different you know kind of trade-offs that we've got and the other ideas, you can consult them at your leisure.",
    "speaker_id": "A",
    "start_time": 1361.802
  },
  {
    "end_time": 1392.48,
    "segment": "And uh right so thanks for that. Let's just uh head back to work on what we were talking about bef uh goi h h getting into.",
    "speaker_id": "A",
    "start_time": 1385.7
  },
  {
    "end_time": 1395.6,
    "segment": "Um. Yes.",
    "speaker_id": "A",
    "start_time": 1394.16
  },
  {
    "end_time": 1397.376,
    "segment": "Thanks guys.",
    "speaker_id": "A",
    "start_time": 1396.736
  },
  {
    "end_time": 17.377,
    "segment": "Guess I should probably try to sit up straight.",
    "speaker_id": "B",
    "start_time": 14.57
  },
  {
    "end_time": 26.3,
    "segment": "Oh, I think mine's fallen off.",
    "speaker_id": "B",
    "start_time": 24.327
  },
  {
    "end_time": 51.927,
    "segment": "Wow.",
    "speaker_id": "B",
    "start_time": 51.481
  },
  {
    "end_time": 189.76,
    "segment": "Oh yeah, that's fine.",
    "speaker_id": "B",
    "start_time": 188.288
  },
  {
    "end_time": 199.488,
    "segment": "Right.",
    "speaker_id": "B",
    "start_time": 199.004
  },
  {
    "end_time": 406.672,
    "segment": "I'm Nathan, I'm from California, and I'm here doing a Masters degree in social anthropology.",
    "speaker_id": "B",
    "start_time": 401.767
  },
  {
    "end_time": 409.87,
    "segment": "U_C_L_A_. Yeah.",
    "speaker_id": "B",
    "start_time": 407.433
  },
  {
    "end_time": 411.216,
    "segment": "Okay.",
    "speaker_id": "B",
    "start_time": 410.656
  },
  {
    "end_time": 456.776,
    "segment": "Mm-hmm.",
    "speaker_id": "B",
    "start_time": 455.74
  },
  {
    "end_time": 516.544,
    "segment": "Wow.",
    "speaker_id": "B",
    "start_time": 515.967
  },
  {
    "end_time": 565.168,
    "segment": "No.",
    "speaker_id": "B",
    "start_time": 564.342
  },
  {
    "end_time": 570.366,
    "segment": "Sounds nice.",
    "speaker_id": "B",
    "start_time": 569.504
  },
  {
    "end_time": 589.168,
    "segment": "Oh, wow.",
    "speaker_id": "B",
    "start_time": 587.863
  },
  {
    "end_time": 611.394,
    "segment": "There's more vomit there.",
    "speaker_id": "B",
    "start_time": 610.32
  },
  {
    "end_time": 622.399,
    "segment": "Alright. Yep.",
    "speaker_id": "B",
    "start_time": 621.616
  },
  {
    "end_time": 644.256,
    "segment": "Um",
    "speaker_id": "B",
    "start_time": 643.232
  },
  {
    "end_time": 647.392,
    "segment": "Let's see.",
    "speaker_id": "B",
    "start_time": 645.84
  },
  {
    "end_time": 658.176,
    "segment": "Yeah, that's the music I grew up listening to.",
    "speaker_id": "B",
    "start_time": 655.863
  },
  {
    "end_time": 661.824,
    "segment": "And so there",
    "speaker_id": "B",
    "start_time": 660.112
  },
  {
    "end_time": 666.024,
    "segment": "Something I miss about my hometown.",
    "speaker_id": "B",
    "start_time": 664.08
  },
  {
    "end_time": 670.624,
    "segment": "Burritos",
    "speaker_id": "B",
    "start_time": 669.552
  },
  {
    "end_time": 675.94,
    "segment": "that cost less than eight Pounds.",
    "speaker_id": "B",
    "start_time": 671.648
  },
  {
    "end_time": 683.312,
    "segment": "I grew up in San Diego, but yeah um La Jolla, P_B_.",
    "speaker_id": "B",
    "start_time": 677.056
  },
  {
    "end_time": 690.576,
    "segment": "But really uh I last lived in San Francisco, I haven't lived in Cali well I haven't lived in southern California since I was eighteen.",
    "speaker_id": "B",
    "start_time": 684.4
  },
  {
    "end_time": 702.672,
    "segment": "It's different. 'Cause in San Diego th the tortillas are cooked on the grill and in northern California they steam them.",
    "speaker_id": "B",
    "start_time": 696.704
  },
  {
    "end_time": 705.968,
    "segment": "Yeah, it really does.",
    "speaker_id": "B",
    "start_time": 704.688
  },
  {
    "end_time": 717.92,
    "segment": "Mm.",
    "speaker_id": "B",
    "start_time": 717.05
  },
  {
    "end_time": 724.912,
    "segment": "Yeah. Where you from in San Diego?",
    "speaker_id": "B",
    "start_time": 722.576
  },
  {
    "end_time": 730.16,
    "segment": "Okay.",
    "speaker_id": "B",
    "start_time": 729.6
  },
  {
    "end_time": 734.496,
    "segment": "Yeah, my grandparents lived on um thirty second.",
    "speaker_id": "B",
    "start_time": 731.584
  },
  {
    "end_time": 739.664,
    "segment": "Close t uh do you know where Clare de Lune coffee shop is, and",
    "speaker_id": "B",
    "start_time": 736.704
  },
  {
    "end_time": 741.664,
    "segment": "Cafe Forte",
    "speaker_id": "B",
    "start_time": 740.369
  },
  {
    "end_time": 745.328,
    "segment": "Cool.",
    "speaker_id": "B",
    "start_time": 744.8
  },
  {
    "end_time": 747.424,
    "segment": "Yeah.",
    "speaker_id": "B",
    "start_time": 746.912
  },
  {
    "end_time": 757.325,
    "segment": "Wow.",
    "speaker_id": "B",
    "start_time": 756.618
  },
  {
    "end_time": 804.933,
    "segment": "Okay.",
    "speaker_id": "B",
    "start_time": 804.569
  },
  {
    "end_time": 908.448,
    "segment": "Mm. Sounds interesting.",
    "speaker_id": "B",
    "start_time": 905.395
  },
  {
    "end_time": 917.526,
    "segment": "Maybe our personal coach will have something to say about that.",
    "speaker_id": "B",
    "start_time": 912.72
  },
  {
    "end_time": 935.584,
    "segment": "Yeah.",
    "speaker_id": "B",
    "start_time": 934.576
  },
  {
    "end_time": 947.034,
    "segment": "Maybe a remote with changeable faces, like the faces that you can buy for phones. Yeah.",
    "speaker_id": "B",
    "start_time": 940.736
  },
  {
    "end_time": 1021.984,
    "segment": "Yeah.",
    "speaker_id": "B",
    "start_time": 1021.376
  },
  {
    "end_time": 1030.096,
    "segment": "S smaller's better. Simple.",
    "speaker_id": "B",
    "start_time": 1026.832
  },
  {
    "end_time": 1039.928,
    "segment": "Oh right. That'd be different.",
    "speaker_id": "B",
    "start_time": 1038.304
  },
  {
    "end_time": 1070.352,
    "segment": "Yeah. It's gonna be too complicated, too crowded with buttons and things.",
    "speaker_id": "B",
    "start_time": 1064.471
  },
  {
    "end_time": 1087.008,
    "segment": "Needs it needs one outstanding feature to set it apart from all the other remotes.",
    "speaker_id": "B",
    "start_time": 1082.72
  },
  {
    "end_time": 1133.987,
    "segment": "Right.",
    "speaker_id": "B",
    "start_time": 1132.747
  },
  {
    "end_time": 1146.768,
    "segment": "I think, making it out of a nice material would be very important, because so many of those remotes that you see, these universal remotes look so cheap and low quality.",
    "speaker_id": "B",
    "start_time": 1138.0
  },
  {
    "end_time": 1157.12,
    "segment": "Mm.",
    "speaker_id": "B",
    "start_time": 1156.384
  },
  {
    "end_time": 1181.291,
    "segment": "something, uh we'll have to come up with a name, patent it.",
    "speaker_id": "B",
    "start_time": 1178.128
  },
  {
    "end_time": 1188.148,
    "segment": "Leopard print.",
    "speaker_id": "B",
    "start_time": 1185.689
  },
  {
    "end_time": 1204.512,
    "segment": "I think, it wouldn't be such a bad idea to have a like a locator device, maybe a simple button that you have on your television to help you find your remote.",
    "speaker_id": "B",
    "start_time": 1197.755
  },
  {
    "end_time": 1211.088,
    "segment": "Mm.",
    "speaker_id": "B",
    "start_time": 1210.432
  },
  {
    "end_time": 1220.816,
    "segment": "True.",
    "speaker_id": "B",
    "start_time": 1220.208
  },
  {
    "end_time": 1243.984,
    "segment": "Yeah.",
    "speaker_id": "B",
    "start_time": 1243.504
  },
  {
    "end_time": 1248.688,
    "segment": "I think so.",
    "speaker_id": "B",
    "start_time": 1246.249
  },
  {
    "end_time": 1250.656,
    "segment": "Yeah.",
    "speaker_id": "B",
    "start_time": 1249.84
  },
  {
    "end_time": 1267.216,
    "segment": "Mm.",
    "speaker_id": "B",
    "start_time": 1266.801
  },
  {
    "end_time": 1295.392,
    "segment": "Yeah.",
    "speaker_id": "B",
    "start_time": 1294.588
  },
  {
    "end_time": 1315.904,
    "segment": "Yeah.",
    "speaker_id": "B",
    "start_time": 1315.299
  },
  {
    "end_time": 1320.32,
    "segment": "'S true.",
    "speaker_id": "B",
    "start_time": 1319.252
  },
  {
    "end_time": 1380.976,
    "segment": "Okay.",
    "speaker_id": "B",
    "start_time": 1380.298
  },
  {
    "end_time": 1398.768,
    "segment": "Alright.",
    "speaker_id": "B",
    "start_time": 1398.272
  },
  {
    "end_time": 11.974,
    "segment": "How're we placed in terms of the alright.",
    "speaker_id": "C",
    "start_time": 7.974
  },
  {
    "end_time": 26.609,
    "segment": "It fell",
    "speaker_id": "C",
    "start_time": 25.592
  },
  {
    "end_time": 28.271,
    "segment": "That's why.",
    "speaker_id": "C",
    "start_time": 27.395
  },
  {
    "end_time": 43.065,
    "segment": "Ah.",
    "speaker_id": "C",
    "start_time": 42.541
  },
  {
    "end_time": 190.224,
    "segment": "Sure.",
    "speaker_id": "C",
    "start_time": 189.92
  },
  {
    "end_time": 260.672,
    "segment": "Mm.",
    "speaker_id": "C",
    "start_time": 260.368
  },
  {
    "end_time": 400.896,
    "segment": "I'm Ron. I uh once upon a time studied in Victoria and I am the User Interface Designer.",
    "speaker_id": "C",
    "start_time": 392.064
  },
  {
    "end_time": 491.552,
    "segment": "Go for it.",
    "speaker_id": "C",
    "start_time": 490.144
  },
  {
    "end_time": 548.768,
    "segment": "Alright. Think I'm just gonna put down one uh one C_D_.",
    "speaker_id": "C",
    "start_time": 541.264
  },
  {
    "end_time": 583.776,
    "segment": "Anybody? No? no? Afro beat orchestra, very cool. Yeah. Fift S they like fifteen members from Brooklyn. Um and I'm hoping to go to the concert in Belgium, in Brussels in April first. Yeah. It's supposed to be in Brussels anyways. Um thing I love about Edinburgh",
    "speaker_id": "C",
    "start_time": 563.722
  },
  {
    "end_time": 603.648,
    "segment": "Love um",
    "speaker_id": "C",
    "start_time": 598.986
  },
  {
    "end_time": 614.831,
    "segment": "I just came from Glasgow and I'm um happy to say that there's the there's the same quantity approximately. Um. I w",
    "speaker_id": "C",
    "start_time": 605.504
  },
  {
    "end_time": 625.936,
    "segment": "Does uh yeah. Ready? Minging? Nice.",
    "speaker_id": "C",
    "start_time": 618.848
  },
  {
    "end_time": 642.613,
    "segment": "Uh-huh.",
    "speaker_id": "C",
    "start_time": 642.099
  },
  {
    "end_time": 655.176,
    "segment": "Nice.",
    "speaker_id": "C",
    "start_time": 654.448
  },
  {
    "end_time": 671.057,
    "segment": "Nice.",
    "speaker_id": "C",
    "start_time": 670.272
  },
  {
    "end_time": 900.832,
    "segment": "I assume that we're building a stand alone uh remote control, we can't kind of build it into other uh products.",
    "speaker_id": "C",
    "start_time": 892.685
  },
  {
    "end_time": 906.048,
    "segment": "For instance like a mobile phone or something like that.",
    "speaker_id": "C",
    "start_time": 902.704
  },
  {
    "end_time": 921.808,
    "segment": "Or or you know can we produ can we sell a remote control phone for twenty five pounds or less?",
    "speaker_id": "C",
    "start_time": 915.504
  },
  {
    "end_time": 924.739,
    "segment": "Yep. Okay.",
    "speaker_id": "C",
    "start_time": 923.136
  },
  {
    "end_time": 934.992,
    "segment": "Mm-hmm.",
    "speaker_id": "C",
    "start_time": 934.688
  },
  {
    "end_time": 949.792,
    "segment": "Nice. Hot.",
    "speaker_id": "C",
    "start_time": 944.432
  },
  {
    "end_time": 991.826,
    "segment": "Now are we also discussing kind of our initial ideas at all here?",
    "speaker_id": "C",
    "start_time": 988.419
  },
  {
    "end_time": 996.416,
    "segment": "S does anybody have any initial ideas?",
    "speaker_id": "C",
    "start_time": 993.665
  },
  {
    "end_time": 1042.832,
    "segment": "But I'm thinking I'm thinking kind of P_D_A_ uh design so touch screen design rather than button so that you can kind of flip around all sorts of different things.",
    "speaker_id": "C",
    "start_time": 1029.043
  },
  {
    "end_time": 1066.113,
    "segment": "Too confusing.",
    "speaker_id": "C",
    "start_time": 1065.152
  },
  {
    "end_time": 1081.183,
    "segment": "Mm-hmm. Possibly.",
    "speaker_id": "C",
    "start_time": 1079.296
  },
  {
    "end_time": 1124.416,
    "segment": "I'm pretty sure there is. I mean I I have a friend who has a P_D_A_ that he just points at his telev any television he wants and it'll figure out the the specifications of it and will control it um so I th I assume that that can be done with uh kind of around the world.",
    "speaker_id": "C",
    "start_time": 1105.216
  },
  {
    "end_time": 1159.202,
    "segment": "Oh.",
    "speaker_id": "C",
    "start_time": 1158.568
  },
  {
    "end_time": 1175.537,
    "segment": "I like the idea of the uh multi plate. In in",
    "speaker_id": "C",
    "start_time": 1169.775
  },
  {
    "end_time": 1187.904,
    "segment": "I like. We should c we should come up with a fuzzy one as well. For those cold winter days.",
    "speaker_id": "C",
    "start_time": 1178.88
  },
  {
    "end_time": 1229.76,
    "segment": "Well if we bundle it as a phone then you can always call it. If you're not doing that then we can have something that just kind of rings from either well there used to be those whistling devices but that's a little bit annoying.",
    "speaker_id": "C",
    "start_time": 1217.008
  },
  {
    "end_time": 1240.494,
    "segment": "Th",
    "speaker_id": "C",
    "start_time": 1239.85
  },
  {
    "end_time": 1243.274,
    "segment": "Yeah.",
    "speaker_id": "C",
    "start_time": 1242.75
  },
  {
    "end_time": 1246.928,
    "segment": "That's cool.",
    "speaker_id": "C",
    "start_time": 1246.275
  },
  {
    "end_time": 1254.56,
    "segment": "I think we could design into that.",
    "speaker_id": "C",
    "start_time": 1248.848
  },
  {
    "end_time": 1272.368,
    "segment": "Curves.",
    "speaker_id": "C",
    "start_time": 1271.136
  },
  {
    "end_time": 1327.632,
    "segment": "We're talking twenty five Pounds or twenty five Euros?",
    "speaker_id": "C",
    "start_time": 1325.52
  },
  {
    "end_time": 1338.144,
    "segment": "Slight difference I guess.",
    "speaker_id": "C",
    "start_time": 1336.457
  },
  {
    "end_time": 1350.935,
    "segment": "No.",
    "speaker_id": "C",
    "start_time": 1350.441
  },
  {
    "end_time": 1398.416,
    "segment": "Thank you.",
    "speaker_id": "C",
    "start_time": 1397.91
  },
  {
    "end_time": 9.277,
    "segment": "Are you sure I got it all head's kinda small. Okay.",
    "speaker_id": "D",
    "start_time": 2.195
  },
  {
    "end_time": 12.58,
    "segment": "We're okay?",
    "speaker_id": "D",
    "start_time": 10.868
  },
  {
    "end_time": 22.517,
    "segment": "We're good?",
    "speaker_id": "D",
    "start_time": 21.842
  },
  {
    "end_time": 42.486,
    "segment": "I guess it's gonna be hard to drink coffee. Mm. Uh okay.",
    "speaker_id": "D",
    "start_time": 35.364
  },
  {
    "end_time": 54.533,
    "segment": "Very official.",
    "speaker_id": "D",
    "start_time": 53.405
  },
  {
    "end_time": 142.473,
    "segment": "You're just gonna believe me, we'll go from there. Fair enough.",
    "speaker_id": "D",
    "start_time": 138.624
  },
  {
    "end_time": 162.801,
    "segment": "Prove it yeah, okay.",
    "speaker_id": "D",
    "start_time": 160.896
  },
  {
    "end_time": 190.688,
    "segment": "Works for me.",
    "speaker_id": "D",
    "start_time": 190.144
  },
  {
    "end_time": 261.398,
    "segment": "There you go.",
    "speaker_id": "D",
    "start_time": 260.587
  },
  {
    "end_time": 391.178,
    "segment": "I'm Sarah, I went to Michigan, and I'm here doing cultural studies and I'm the Marketing Manager or something. Marketing, yeah Expert. Expert. Fine. That's me.",
    "speaker_id": "D",
    "start_time": 379.12
  },
  {
    "end_time": 413.647,
    "segment": "So.",
    "speaker_id": "D",
    "start_time": 412.942
  },
  {
    "end_time": 420.405,
    "segment": "So do we have to wait for you to write it down or are you gonna tell us? I'm waiting to know.",
    "speaker_id": "D",
    "start_time": 416.808
  },
  {
    "end_time": 424.738,
    "segment": "Uh",
    "speaker_id": "D",
    "start_time": 423.776
  },
  {
    "end_time": 427.902,
    "segment": "Fair enough.",
    "speaker_id": "D",
    "start_time": 427.36
  },
  {
    "end_time": 436.8,
    "segment": "Oh, Smallville. I went to high school with Tom Willing actually.",
    "speaker_id": "D",
    "start_time": 431.76
  },
  {
    "end_time": 439.904,
    "segment": "The guy. Yeah.",
    "speaker_id": "D",
    "start_time": 438.005
  },
  {
    "end_time": 446.969,
    "segment": "Yeah. Very much so. Hell of a soccer player but a total bastard nonetheless.",
    "speaker_id": "D",
    "start_time": 441.376
  },
  {
    "end_time": 450.592,
    "segment": "Yeah. He is a big guy. Yeah.",
    "speaker_id": "D",
    "start_time": 447.659
  },
  {
    "end_time": 456.208,
    "segment": "Mm-hmm.",
    "speaker_id": "D",
    "start_time": 455.737
  },
  {
    "end_time": 469.008,
    "segment": "Good call.",
    "speaker_id": "D",
    "start_time": 468.32
  },
  {
    "end_time": 479.312,
    "segment": "Interesting.",
    "speaker_id": "D",
    "start_time": 478.342
  },
  {
    "end_time": 503.52,
    "segment": "I guess I'll go next then. Okay. Don't wanna lose all my mikes, plugged in here. Okay. This is basically just pen practice huh? Okay. Oh you're much taller than me so I'm gonna write down here.",
    "speaker_id": "D",
    "start_time": 489.296
  },
  {
    "end_time": 505.632,
    "segment": "Um.",
    "speaker_id": "D",
    "start_time": 505.088
  },
  {
    "end_time": 518.365,
    "segment": "Right now I'm listening to a lot of somebody nobody's ever heard of, Chris Bathgate, local Michigan folk singer, really lame and uh",
    "speaker_id": "D",
    "start_time": 507.689
  },
  {
    "end_time": 520.434,
    "segment": "uh what else did I bring with me?",
    "speaker_id": "D",
    "start_time": 519.072
  },
  {
    "end_time": 525.232,
    "segment": "Probably classical, to totally geek it out, yeah I think.",
    "speaker_id": "D",
    "start_time": 521.568
  },
  {
    "end_time": 533.664,
    "segment": "And my family guy D_V_D_s but we don't need to write that one down. So yeah.",
    "speaker_id": "D",
    "start_time": 528.33
  },
  {
    "end_time": 540.528,
    "segment": "No. Are you getting it online, or is it on sky? Yeah, that'd be nice.",
    "speaker_id": "D",
    "start_time": 534.912
  },
  {
    "end_time": 565.776,
    "segment": "'Fraid not.",
    "speaker_id": "D",
    "start_time": 564.833
  },
  {
    "end_time": 569.568,
    "segment": "Mm.",
    "speaker_id": "D",
    "start_time": 569.033
  },
  {
    "end_time": 577.696,
    "segment": "Exciting.",
    "speaker_id": "D",
    "start_time": 576.672
  },
  {
    "end_time": 579.441,
    "segment": "That'd be.",
    "speaker_id": "D",
    "start_time": 578.525
  },
  {
    "end_time": 585.372,
    "segment": "Oh. I didn't even read those.",
    "speaker_id": "D",
    "start_time": 583.781
  },
  {
    "end_time": 589.04,
    "segment": "Oops. I shouldn't admit that.",
    "speaker_id": "D",
    "start_time": 585.669
  },
  {
    "end_time": 593.856,
    "segment": "Yeah. It's the five by five, I can't read that much.",
    "speaker_id": "D",
    "start_time": 590.641
  },
  {
    "end_time": 602.784,
    "segment": "Yeah oh it's so horrible.",
    "speaker_id": "D",
    "start_time": 597.549
  },
  {
    "end_time": 606.912,
    "segment": "Oh my God. Seriously?",
    "speaker_id": "D",
    "start_time": 604.928
  },
  {
    "end_time": 618.352,
    "segment": "It really is",
    "speaker_id": "D",
    "start_time": 616.176
  },
  {
    "end_time": 628.682,
    "segment": "Yeah. Slide it in there. Yeah.",
    "speaker_id": "D",
    "start_time": 626.256
  },
  {
    "end_time": 630.864,
    "segment": "Yeah fair enough.",
    "speaker_id": "D",
    "start_time": 630.183
  },
  {
    "end_time": 639.066,
    "segment": "I've already got more than I can keep track of. And I'm gonna go home next week and everyone's gonna be like oh my God you're turning into one of those people, no.",
    "speaker_id": "D",
    "start_time": 632.016
  },
  {
    "end_time": 647.04,
    "segment": "I know. I know. Oh it should be interesting. Wait until I tell them I'm not coming back.",
    "speaker_id": "D",
    "start_time": 640.714
  },
  {
    "end_time": 649.248,
    "segment": "They're gonna love that one.",
    "speaker_id": "D",
    "start_time": 648.039
  },
  {
    "end_time": 654.32,
    "segment": "Probably. Or at least get a work visa for a while and then decide.",
    "speaker_id": "D",
    "start_time": 651.056
  },
  {
    "end_time": 657.278,
    "segment": "'Cause nice.",
    "speaker_id": "D",
    "start_time": 654.781
  },
  {
    "end_time": 658.969,
    "segment": "Of course.",
    "speaker_id": "D",
    "start_time": 658.096
  },
  {
    "end_time": 662.065,
    "segment": "Oh, now I can think of so many other ones.",
    "speaker_id": "D",
    "start_time": 659.849
  },
  {
    "end_time": 663.935,
    "segment": "That's how it works.",
    "speaker_id": "D",
    "start_time": 663.056
  },
  {
    "end_time": 672.332,
    "segment": "Mm. Oh",
    "speaker_id": "D",
    "start_time": 669.711
  },
  {
    "end_time": 675.739,
    "segment": "Any thing that are like free.",
    "speaker_id": "D",
    "start_time": 673.014
  },
  {
    "end_time": 685.143,
    "segment": "Nice.",
    "speaker_id": "D",
    "start_time": 683.872
  },
  {
    "end_time": 707.584,
    "segment": "It must make all the difference.",
    "speaker_id": "D",
    "start_time": 703.792
  },
  {
    "end_time": 709.689,
    "segment": "Ah.",
    "speaker_id": "D",
    "start_time": 708.853
  },
  {
    "end_time": 721.088,
    "segment": "Right.",
    "speaker_id": "D",
    "start_time": 720.431
  },
  {
    "end_time": 724.834,
    "segment": "Mm.",
    "speaker_id": "D",
    "start_time": 724.109
  },
  {
    "end_time": 756.221,
    "segment": "There you go.",
    "speaker_id": "D",
    "start_time": 755.568
  },
  {
    "end_time": 786.387,
    "segment": "Mm.",
    "speaker_id": "D",
    "start_time": 785.952
  },
  {
    "end_time": 808.55,
    "segment": "Makes sense.",
    "speaker_id": "D",
    "start_time": 807.634
  },
  {
    "end_time": 812.608,
    "segment": "Uh.",
    "speaker_id": "D",
    "start_time": 811.994
  },
  {
    "end_time": 861.102,
    "segment": "What they're looking for.",
    "speaker_id": "D",
    "start_time": 859.878
  },
  {
    "end_time": 871.297,
    "segment": "And negotiate that. Uh.",
    "speaker_id": "D",
    "start_time": 868.717
  },
  {
    "end_time": 913.45,
    "segment": "I don't think there's any rules about it yet. So",
    "speaker_id": "D",
    "start_time": 911.024
  },
  {
    "end_time": 915.12,
    "segment": "Yeah.",
    "speaker_id": "D",
    "start_time": 914.912
  },
  {
    "end_time": 923.355,
    "segment": "Mm.",
    "speaker_id": "D",
    "start_time": 921.585
  },
  {
    "end_time": 927.312,
    "segment": "W yeah.",
    "speaker_id": "D",
    "start_time": 926.224
  },
  {
    "end_time": 947.32,
    "segment": "I like the little cover thingies.",
    "speaker_id": "D",
    "start_time": 945.203
  },
  {
    "end_time": 985.744,
    "segment": "Hmm.",
    "speaker_id": "D",
    "start_time": 985.456
  },
  {
    "end_time": 1005.034,
    "segment": "Good idea. Start your minutes. Um",
    "speaker_id": "D",
    "start_time": 1000.97
  },
  {
    "end_time": 1017.059,
    "segment": "Well it's pretty much given it's gonna be universal right, we decided that already and it may be functioning for other things,",
    "speaker_id": "D",
    "start_time": 1010.288
  },
  {
    "end_time": 1028.313,
    "segment": "as soon as you said that I was thinking like all the other things you could get a remote to do, like your microwave or your front door or like to have everything on one thing, but then, I've never been a fan of those huge remotes that have like a million buttons, you can't tell what they do.",
    "speaker_id": "D",
    "start_time": 1017.059
  },
  {
    "end_time": 1029.611,
    "segment": "Yeah.",
    "speaker_id": "D",
    "start_time": 1029.005
  },
  {
    "end_time": 1031.424,
    "segment": "Specific.",
    "speaker_id": "D",
    "start_time": 1030.461
  },
  {
    "end_time": 1038.208,
    "segment": "Okay.",
    "speaker_id": "D",
    "start_time": 1037.596
  },
  {
    "end_time": 1040.535,
    "segment": "Interesting.",
    "speaker_id": "D",
    "start_time": 1039.613
  },
  {
    "end_time": 1047.616,
    "segment": "True.",
    "speaker_id": "D",
    "start_time": 1046.791
  },
  {
    "end_time": 1056.101,
    "segment": "Mm.",
    "speaker_id": "D",
    "start_time": 1055.728
  },
  {
    "end_time": 1067.824,
    "segment": "Mm. Right. We want it to be munt multifunctional but at the same time if you get it to do too much you're not gonna be able to tell them apart, that whole yeah.",
    "speaker_id": "D",
    "start_time": 1058.391
  },
  {
    "end_time": 1072.304,
    "segment": "Hmm.",
    "speaker_id": "D",
    "start_time": 1071.69
  },
  {
    "end_time": 1080.384,
    "segment": "Mm.",
    "speaker_id": "D",
    "start_time": 1080.0
  },
  {
    "end_time": 1082.776,
    "segment": "An interesting option.",
    "speaker_id": "D",
    "start_time": 1081.501
  },
  {
    "end_time": 1084.583,
    "segment": "Yeah.",
    "speaker_id": "D",
    "start_time": 1084.074
  },
  {
    "end_time": 1086.671,
    "segment": "Definitely.",
    "speaker_id": "D",
    "start_time": 1085.899
  },
  {
    "end_time": 1104.448,
    "segment": "Right.",
    "speaker_id": "D",
    "start_time": 1104.064
  },
  {
    "end_time": 1111.779,
    "segment": "That",
    "speaker_id": "D",
    "start_time": 1111.504
  },
  {
    "end_time": 1114.97,
    "segment": "Yeah.",
    "speaker_id": "D",
    "start_time": 1114.47
  },
  {
    "end_time": 1120.701,
    "segment": "Awesome.",
    "speaker_id": "D",
    "start_time": 1120.048
  },
  {
    "end_time": 1123.823,
    "segment": "Yeah.",
    "speaker_id": "D",
    "start_time": 1123.262
  },
  {
    "end_time": 1132.98,
    "segment": "Mm-hmm.",
    "speaker_id": "D",
    "start_time": 1132.252
  },
  {
    "end_time": 1144.357,
    "segment": "Yeah.",
    "speaker_id": "D",
    "start_time": 1143.883
  },
  {
    "end_time": 1149.76,
    "segment": "Yeah. Keeping it nice and slick, would be important. And",
    "speaker_id": "D",
    "start_time": 1146.176
  },
  {
    "end_time": 1159.472,
    "segment": "I don't know, like, there's such a problem with losing them, that adding this whole like P_D_A_ pen business is only one more thing to lose, so we're gonna have to be careful with what like",
    "speaker_id": "D",
    "start_time": 1150.784
  },
  {
    "end_time": 1166.144,
    "segment": "Just something like keep in mind when we start actually dealing with this stuff but that would be really cool.",
    "speaker_id": "D",
    "start_time": 1161.088
  },
  {
    "end_time": 1179.168,
    "segment": "Yeah. Fi b like what are they called, those face plate things? Isn't there a name for them? Are they? I dunno.",
    "speaker_id": "D",
    "start_time": 1173.168
  },
  {
    "end_time": 1182.367,
    "segment": "Yeah. Something really cool.",
    "speaker_id": "D",
    "start_time": 1180.8
  },
  {
    "end_time": 1189.12,
    "segment": "Leopard print or something.",
    "speaker_id": "D",
    "start_time": 1183.559
  },
  {
    "end_time": 1197.559,
    "segment": "Hmm.",
    "speaker_id": "D",
    "start_time": 1196.813
  },
  {
    "end_time": 1204.816,
    "segment": "True.",
    "speaker_id": "D",
    "start_time": 1204.323
  },
  {
    "end_time": 1210.304,
    "segment": "Right.",
    "speaker_id": "D",
    "start_time": 1209.84
  },
  {
    "end_time": 1221.395,
    "segment": "True.",
    "speaker_id": "D",
    "start_time": 1220.737
  },
  {
    "end_time": 1229.049,
    "segment": "Right.",
    "speaker_id": "D",
    "start_time": 1228.51
  },
  {
    "end_time": 1240.862,
    "segment": "Right.",
    "speaker_id": "D",
    "start_time": 1240.037
  },
  {
    "end_time": 1245.582,
    "segment": "Right.",
    "speaker_id": "D",
    "start_time": 1245.056
  },
  {
    "end_time": 1247.529,
    "segment": "Probably.",
    "speaker_id": "D",
    "start_time": 1247.024
  },
  {
    "end_time": 1251.664,
    "segment": "Good.",
    "speaker_id": "D",
    "start_time": 1250.52
  },
  {
    "end_time": 1264.162,
    "segment": "Mm.",
    "speaker_id": "D",
    "start_time": 1263.636
  },
  {
    "end_time": 1271.216,
    "segment": "Yeah. And that titanium the new silver sleek ones that's last couple of years, very much so.",
    "speaker_id": "D",
    "start_time": 1265.766
  },
  {
    "end_time": 1272.768,
    "segment": "Mm.",
    "speaker_id": "D",
    "start_time": 1272.352
  },
  {
    "end_time": 1282.56,
    "segment": "Right.",
    "speaker_id": "D",
    "start_time": 1282.206
  },
  {
    "end_time": 1294.297,
    "segment": "Right.",
    "speaker_id": "D",
    "start_time": 1293.647
  },
  {
    "end_time": 1297.2,
    "segment": "Mm.",
    "speaker_id": "D",
    "start_time": 1296.788
  },
  {
    "end_time": 1299.92,
    "segment": "Definitely.",
    "speaker_id": "D",
    "start_time": 1299.328
  },
  {
    "end_time": 1304.853,
    "segment": "Yeah.",
    "speaker_id": "D",
    "start_time": 1304.353
  },
  {
    "end_time": 1318.89,
    "segment": "Or if you our users in mind, like these grandmas are not gonna be into this whole new let's design, no it's they're used to the buttons so we'll have to be careful of exactly who we're marketing this to, and who we're gonna be able to get it out of.",
    "speaker_id": "D",
    "start_time": 1305.856
  },
  {
    "end_time": 1324.188,
    "segment": "But",
    "speaker_id": "D",
    "start_time": 1323.433
  },
  {
    "end_time": 1328.512,
    "segment": "Euros.",
    "speaker_id": "D",
    "start_time": 1327.508
  },
  {
    "end_time": 1343.352,
    "segment": "Mm.",
    "speaker_id": "D",
    "start_time": 1343.024
  },
  {
    "end_time": 1351.511,
    "segment": "Mm-mm.",
    "speaker_id": "D",
    "start_time": 1350.642
  },
  {
    "end_time": 1357.936,
    "segment": "Mm.",
    "speaker_id": "D",
    "start_time": 1357.519
  },
  {
    "end_time": 1380.681,
    "segment": "Okay.",
    "speaker_id": "D",
    "start_time": 1379.812
  },
  {
    "end_time": 1393.712,
    "segment": "With half an hour?",
    "speaker_id": "D",
    "start_time": 1392.928
  },
  {
    "end_time": 1396.416,
    "segment": "'Kay. Perfect.",
    "speaker_id": "D",
    "start_time": 1395.536
  },
  {
    "end_time": 1397.776,
    "segment": "Cool.",
    "speaker_id": "D",
    "start_time": 1397.472
  }
]