[
  {
    "dialog_act": "Um it's our conceptual design meeting",
    "dialog_act_end_id": 8,
    "dialog_act_start_id": 8,
    "speaker_id": "A",
    "type": {
      "main_type": "Task",
      "sub_type": "Inform"
    }
  },
  {
    "dialog_act": "our agenda,",
    "dialog_act_end_id": 13,
    "dialog_act_start_id": 13,
    "speaker_id": "A",
    "type": {
      "main_type": "Task",
      "sub_type": "Inform"
    }
  },
  {
    "dialog_act": "I'm gonna review the minutes of the last meeting, then we'll have your three presentations um and then we'll have to make a decision on the remote control concepts,",
    "dialog_act_end_id": 17,
    "dialog_act_start_id": 15,
    "speaker_id": "A",
    "type": {
      "main_type": "Task",
      "sub_type": "Inform"
    }
  },
  {
    "dialog_act": "Um these are our minutes from r the functional design. We decided our target group is the focus on who can afford it,",
    "dialog_act_end_id": 22,
    "dialog_act_start_id": 21,
    "speaker_id": "A",
    "type": {
      "main_type": "Task",
      "sub_type": "Inform"
    }
  },
  {
    "dialog_act": "and we said it's for all age groups, different um functions of it. Our main objectives were simplicity and fashion.",
    "dialog_act_end_id": 25,
    "dialog_act_start_id": 24,
    "speaker_id": "A",
    "type": {
      "main_type": "Task",
      "sub_type": "Inform"
    }
  },
  {
    "dialog_act": "specific functions are something to keep the remote from getting lost, large buttons for the essential functions, a possibility for extra functions, like a sliding a sliding piece and a long-life battery or a charging station.",
    "dialog_act_end_id": 28,
    "dialog_act_start_id": 28,
    "speaker_id": "A",
    "type": {
      "main_type": "Task",
      "sub_type": "Inform"
    }
  },
  {
    "dialog_act": "I'd like to do it in this order, first do the conceptual specification of components, properties and materials um and then the conceptual specification of user interface and finally trend watching.",
    "dialog_act_end_id": 31,
    "dialog_act_start_id": 31,
    "speaker_id": "A",
    "type": {
      "main_type": "Task",
      "sub_type": "Suggest"
    }
  },
  {
    "dialog_act": "Components design.",
    "dialog_act_end_id": 9,
    "dialog_act_start_id": 9,
    "speaker_id": "B",
    "type": {
      "main_type": "Task",
      "sub_type": "Inform"
    }
  },
  {
    "dialog_act": "The main elements of remote controls in general, and therefore ours as well, are the case, the buttons, the circuit board with the chip and the battery.",
    "dialog_act_end_id": 16,
    "dialog_act_start_id": 16,
    "speaker_id": "B",
    "type": {
      "main_type": "Task",
      "sub_type": "Inform"
    }
  },
  {
    "dialog_act": "um there's there's the shape of a case, we could do a flat sh a flat case, a curved case or maybe even a double double-curved case. uh the options that I've gotten from headquarters about what we can do, I haven't seen any pictures of what this exactly looks like yet,",
    "dialog_act_end_id": 24,
    "dialog_act_start_id": 22,
    "speaker_id": "B",
    "type": {
      "main_type": "Task",
      "sub_type": "Inform"
    }
  },
  {
    "dialog_act": "and we can make our case out of plastic, the m the main base will be plastic, but we have all these sort of fashion and technological elements we can add in, wood, latex, titanium, rubber or other coloured types of plastic.",
    "dialog_act_end_id": 28,
    "dialog_act_start_id": 27,
    "speaker_id": "B",
    "type": {
      "main_type": "Task",
      "sub_type": "Inform"
    }
  },
  {
    "dialog_act": "for buttons we have um pushbuttons,",
    "dialog_act_end_id": 31,
    "dialog_act_start_id": 31,
    "speaker_id": "B",
    "type": {
      "main_type": "Task",
      "sub_type": "Inform"
    }
  },
  {
    "dialog_act": "but we also have scror scroll wheels, which can have integrated pushbuttons,",
    "dialog_act_end_id": 34,
    "dialog_act_start_id": 33,
    "speaker_id": "B",
    "type": {
      "main_type": "Task",
      "sub_type": "Inform"
    }
  },
  {
    "dialog_act": "and have an L_ L_C_D_ screen.",
    "dialog_act_end_id": 36,
    "dialog_act_start_id": 36,
    "speaker_id": "B",
    "type": {
      "main_type": "Task",
      "sub_type": "Inform"
    }
  },
  {
    "dialog_act": "or we could go all high-tech",
    "dialog_act_end_id": 35,
    "dialog_act_start_id": 35,
    "speaker_id": "B",
    "type": {
      "main_type": "Task",
      "sub_type": "Inform"
    }
  },
  {
    "dialog_act": "Um circuit board and chip we can have a simple one, a regular one or an advanced one,",
    "dialog_act_end_id": 37,
    "dialog_act_start_id": 37,
    "speaker_id": "B",
    "type": {
      "main_type": "Task",
      "sub_type": "Inform"
    }
  },
  {
    "dialog_act": "And then battery I think is where things get most exciting.",
    "dialog_act_end_id": 39,
    "dialog_act_start_id": 39,
    "speaker_id": "B",
    "type": {
      "main_type": "Task",
      "sub_type": "Assess"
    }
  },
  {
    "dialog_act": "Um we can we can have your sort of basic double A_ batteries, but we also have these options of um using a kinetic battery,",
    "dialog_act_end_id": 42,
    "dialog_act_start_id": 41,
    "speaker_id": "B",
    "type": {
      "main_type": "Task",
      "sub_type": "Inform"
    }
  },
  {
    "dialog_act": "Um so simple movements like pushing buttons would recharge the battery. Or a solar battery, although there are slight um complications with solar batteries as in we can't use a latex case if we have a solar battery. Or um something they only described as the type of battery you find in torches from about fifty years ago, flashlights.",
    "dialog_act_end_id": 49,
    "dialog_act_start_id": 45,
    "speaker_id": "B",
    "type": {
      "main_type": "Task",
      "sub_type": "Inform"
    }
  },
  {
    "dialog_act": "Um personal preferences that I was thinking through here's what we've been talking about all through, fashion and simplicity. So if we're going for fashion in our cases, I think that what we're gonna wanna look at is a curved or a double-curved case, probably with a variety of design elements. Maybe titanium, maybe some wood. We're gonna have to investigate that better when I get specifics of the actual materials,",
    "dialog_act_end_id": 59,
    "dialog_act_start_id": 54,
    "speaker_id": "B",
    "type": {
      "main_type": "Task",
      "sub_type": "Inform"
    }
  },
  {
    "dialog_act": "And we wanna go for simplicity. Probably pushbuttons, but I'm sort of intrigued by the idea of a scroll scroll wheel, if anyone has anything",
    "dialog_act_end_id": 63,
    "dialog_act_start_id": 61,
    "speaker_id": "B",
    "type": {
      "main_type": "Task",
      "sub_type": "Inform"
    }
  },
  {
    "dialog_act": "And I'm really intrigued by the idea of a kinetic battery.",
    "dialog_act_end_id": 68,
    "dialog_act_start_id": 68,
    "speaker_id": "B",
    "type": {
      "main_type": "Task",
      "sub_type": "Suggest"
    }
  },
  {
    "dialog_act": "But I think we'd also wanna go for e a simple chip or regular chip to keep our costs down. Uh we really only need a regular or advanced chip t if we're gonna start using an L_C_D_.",
    "dialog_act_end_id": 76,
    "dialog_act_start_id": 74,
    "speaker_id": "B",
    "type": {
      "main_type": "Task",
      "sub_type": "Suggest"
    }
  },
  {
    "dialog_act": "Solar I don't think would be such a good idea,",
    "dialog_act_end_id": 69,
    "dialog_act_start_id": 69,
    "speaker_id": "B",
    "type": {
      "main_type": "Task",
      "sub_type": "Assess"
    }
  },
  {
    "dialog_act": "Is double-curved like would be like two hands kind of thing?",
    "dialog_act_end_id": 2,
    "dialog_act_start_id": 2,
    "speaker_id": "D",
    "type": {
      "main_type": "Elicit",
      "sub_type": "Elicit-Inform"
    }
  },
  {
    "dialog_act": "I'm not sure.",
    "dialog_act_end_id": 83,
    "dialog_act_start_id": 83,
    "speaker_id": "B",
    "type": {
      "main_type": "Task",
      "sub_type": "Inform"
    }
  },
  {
    "dialog_act": "but I'll let you know as soon as I get any pictures. I know if we do have a double-curved case, it can't have any titanium in it.",
    "dialog_act_end_id": 90,
    "dialog_act_start_id": 89,
    "speaker_id": "B",
    "type": {
      "main_type": "Other",
      "sub_type": "Offer"
    }
  },
  {
    "dialog_act": "um the weight of these different elements, have you",
    "dialog_act_end_id": 43,
    "dialog_act_start_id": 43,
    "speaker_id": "A",
    "type": {
      "main_type": "Elicit",
      "sub_type": "Elicit-Inform"
    }
  },
  {
    "dialog_act": "no idea, no idea. Um I'm assuming that a kinetic battery isn't gonna take up that much weight,",
    "dialog_act_end_id": 102,
    "dialog_act_start_id": 101,
    "speaker_id": "B",
    "type": {
      "main_type": "Task",
      "sub_type": "Inform"
    }
  },
  {
    "dialog_act": "but if anyone has any specific questions, don't hesitate to email me or something.",
    "dialog_act_end_id": 114,
    "dialog_act_start_id": 114,
    "speaker_id": "B",
    "type": {
      "main_type": "Task",
      "sub_type": "Suggest"
    }
  },
  {
    "dialog_act": "I'm gonna describe the the concept of the user interface of this des device.",
    "dialog_act_end_id": 6,
    "dialog_act_start_id": 6,
    "speaker_id": "C",
    "type": {
      "main_type": "Other",
      "sub_type": "Offer"
    }
  },
  {
    "dialog_act": "so we need to determine what the essential functions of the d of the device are",
    "dialog_act_end_id": 14,
    "dialog_act_start_id": 14,
    "speaker_id": "C",
    "type": {
      "main_type": "Task",
      "sub_type": "Suggest"
    }
  },
  {
    "dialog_act": "We have a number of different choices for a design concept um",
    "dialog_act_end_id": 17,
    "dialog_act_start_id": 17,
    "speaker_id": "C",
    "type": {
      "main_type": "Task",
      "sub_type": "Inform"
    }
  },
  {
    "dialog_act": "Uh once we've chosen a a concept for it, we can then design the features around the concept,",
    "dialog_act_end_id": 22,
    "dialog_act_start_id": 22,
    "speaker_id": "C",
    "type": {
      "main_type": "Task",
      "sub_type": "Suggest"
    }
  },
  {
    "dialog_act": "M we don't want lots of buttons, uh complicated features.",
    "dialog_act_end_id": 27,
    "dialog_act_start_id": 27,
    "speaker_id": "C",
    "type": {
      "main_type": "Task",
      "sub_type": "Suggest"
    }
  },
  {
    "dialog_act": "Here's a a fairly simple device. This is an an iPod from Apple.",
    "dialog_act_end_id": 30,
    "dialog_act_start_id": 29,
    "speaker_id": "C",
    "type": {
      "main_type": "Task",
      "sub_type": "Inform"
    }
  },
  {
    "dialog_act": "Uh you use these four buttons to m to move around a range of settings on the small L_C_D_ screen.",
    "dialog_act_end_id": 33,
    "dialog_act_start_id": 33,
    "speaker_id": "C",
    "type": {
      "main_type": "Task",
      "sub_type": "Inform"
    }
  },
  {
    "dialog_act": "So I think that's that's a good a good kind of model that we could have. Um here's a another example.",
    "dialog_act_end_id": 41,
    "dialog_act_start_id": 40,
    "speaker_id": "C",
    "type": {
      "main_type": "Task",
      "sub_type": "Suggest"
    }
  },
  {
    "dialog_act": "and I think i it looks pretty cool.",
    "dialog_act_end_id": 43,
    "dialog_act_start_id": 43,
    "speaker_id": "C",
    "type": {
      "main_type": "Task",
      "sub_type": "Assess"
    }
  },
  {
    "dialog_act": "Uh it's nice and colourful, it's nice and bright.",
    "dialog_act_end_id": 45,
    "dialog_act_start_id": 45,
    "speaker_id": "C",
    "type": {
      "main_type": "Task",
      "sub_type": "Assess"
    }
  },
  {
    "dialog_act": "if you're watching T_V_ in the dark or whatever, you can work out which button's which",
    "dialog_act_end_id": 50,
    "dialog_act_start_id": 50,
    "speaker_id": "C",
    "type": {
      "main_type": "Task",
      "sub_type": "Inform"
    }
  },
  {
    "dialog_act": "I I like I like this idea of just having buttons for the features that you use most often.",
    "dialog_act_end_id": 54,
    "dialog_act_start_id": 54,
    "speaker_id": "C",
    "type": {
      "main_type": "Task",
      "sub_type": "Assess"
    }
  },
  {
    "dialog_act": "we'd either have a small L_C_D_ display on the device itself, or uh have a dis a menu display that comes up on your television",
    "dialog_act_end_id": 72,
    "dialog_act_start_id": 71,
    "speaker_id": "C",
    "type": {
      "main_type": "Task",
      "sub_type": "Suggest"
    }
  },
  {
    "dialog_act": "there's no point having a television that you can't tune or that you can't set the contrast, so we need to find a way of including these somehow.",
    "dialog_act_end_id": 68,
    "dialog_act_start_id": 67,
    "speaker_id": "C",
    "type": {
      "main_type": "Task",
      "sub_type": "Inform"
    }
  },
  {
    "dialog_act": "So you'd be advocating an L_C_D_ then?",
    "dialog_act_end_id": 123,
    "dialog_act_start_id": 123,
    "speaker_id": "B",
    "type": {
      "main_type": "Elicit",
      "sub_type": "Elicit-Assessment"
    }
  },
  {
    "dialog_act": "I think that's that's one way to go,",
    "dialog_act_end_id": 76,
    "dialog_act_start_id": 76,
    "speaker_id": "C",
    "type": {
      "main_type": "Task",
      "sub_type": "Inform"
    }
  },
  {
    "dialog_act": "Um I mean there are there are advantages and disadvantages if you if you have an L_C_D_ display,",
    "dialog_act_end_id": 78,
    "dialog_act_start_id": 78,
    "speaker_id": "C",
    "type": {
      "main_type": "Task",
      "sub_type": "Inform"
    }
  },
  {
    "dialog_act": "an an L_C_D_ display would have to be quite small,",
    "dialog_act_end_id": 82,
    "dialog_act_start_id": 82,
    "speaker_id": "C",
    "type": {
      "main_type": "Task",
      "sub_type": "Assess"
    }
  },
  {
    "dialog_act": "Um it would also have to have uh a kind of backlighting in it,",
    "dialog_act_end_id": 87,
    "dialog_act_start_id": 87,
    "speaker_id": "C",
    "type": {
      "main_type": "Task",
      "sub_type": "Suggest"
    }
  },
  {
    "dialog_act": "The alternative is to have a an on-screen display on your television that you control through your remote control. Uh",
    "dialog_act_end_id": 90,
    "dialog_act_start_id": 90,
    "speaker_id": "C",
    "type": {
      "main_type": "Task",
      "sub_type": "Suggest"
    }
  },
  {
    "dialog_act": "but I think th that you do need to have some kind of function where it's um you have t you can see the title of the show or possibly a description of it.",
    "dialog_act_end_id": 70,
    "dialog_act_start_id": 70,
    "speaker_id": "A",
    "type": {
      "main_type": "Task",
      "sub_type": "Suggest"
    }
  },
  {
    "dialog_act": "I think I think we're talking menu like contrast and tuning the V_C_R_ or something if I've understood you correctly, rather than menu as what's on.",
    "dialog_act_end_id": 135,
    "dialog_act_start_id": 135,
    "speaker_id": "B",
    "type": {
      "main_type": "Task",
      "sub_type": "Assess"
    }
  },
  {
    "dialog_act": "we're gonna look a little bit at trend watching.",
    "dialog_act_end_id": 28,
    "dialog_act_start_id": 28,
    "speaker_id": "D",
    "type": {
      "main_type": "Task",
      "sub_type": "Suggest"
    }
  },
  {
    "dialog_act": "that was a market investigation on remote controls that was recently conducted, and then also some fashion watchers in Paris and Milan commented on some things that are gonna be going on this year.",
    "dialog_act_end_id": 31,
    "dialog_act_start_id": 30,
    "speaker_id": "D",
    "type": {
      "main_type": "Task",
      "sub_type": "Inform"
    }
  },
  {
    "dialog_act": "and right now i d they're saying that currently there's a functional look and feel preference, but that really, over the next year it it that's gonna be switching to fancy look and feel remotes,",
    "dialog_act_end_id": 36,
    "dialog_act_start_id": 35,
    "speaker_id": "D",
    "type": {
      "main_type": "Task",
      "sub_type": "Inform"
    }
  },
  {
    "dialog_act": "they're sort of wanting us to remember that the number one thing for everyone is that it's fancy look and feel. And as these are ranked, the top one is doubly important to the second one, which is doubly important to the third one,",
    "dialog_act_end_id": 43,
    "dialog_act_start_id": 41,
    "speaker_id": "D",
    "type": {
      "main_type": "Task",
      "sub_type": "Inform"
    }
  },
  {
    "dialog_act": "The second thing that was mentioned as important was the technological innovations.",
    "dialog_act_end_id": 45,
    "dialog_act_start_id": 45,
    "speaker_id": "D",
    "type": {
      "main_type": "Task",
      "sub_type": "Inform"
    }
  },
  {
    "dialog_act": "And then ease of use was the third most important,",
    "dialog_act_end_id": 47,
    "dialog_act_start_id": 47,
    "speaker_id": "D",
    "type": {
      "main_type": "Task",
      "sub_type": "Inform"
    }
  },
  {
    "dialog_act": "And then the fashion watch talks about that this year's top trend for clothes, shoes and furniture is fruits and vegetables and tha that there's a preference for spongy, tight material. And so that brings us to my personal preferences. Who wants a spongy remote or one with fruit and vegetable padding. Personally, I don't really think that I want one that's gonna go out of style or go stale, excuse the pun, um in a year, so",
    "dialog_act_end_id": 56,
    "dialog_act_start_id": 52,
    "speaker_id": "D",
    "type": {
      "main_type": "Task",
      "sub_type": "Inform"
    }
  },
  {
    "dialog_act": "and if necessarily this whole fashion to technology y edas ease of use is necessarily the right ranking.",
    "dialog_act_end_id": 60,
    "dialog_act_start_id": 60,
    "speaker_id": "D",
    "type": {
      "main_type": "Task",
      "sub_type": "Assess"
    }
  },
  {
    "dialog_act": "Also, considering that the d research b has been carried out by Real Reaction, I'm a little hesitant as to like, how these questions may have been worded,",
    "dialog_act_end_id": 59,
    "dialog_act_start_id": 59,
    "speaker_id": "D",
    "type": {
      "main_type": "Task",
      "sub_type": "Assess"
    }
  },
  {
    "dialog_act": "but if we're working for this company then I guess no matter what, we have to stress fashion the most.",
    "dialog_act_end_id": 62,
    "dialog_act_start_id": 62,
    "speaker_id": "D",
    "type": {
      "main_type": "Task",
      "sub_type": "Suggest"
    }
  },
  {
    "dialog_act": "Um do you have any ideas how to possibly use these? Um how to how to use a fruit or vegetable or um or the spongy material at all?",
    "dialog_act_end_id": 95,
    "dialog_act_start_id": 95,
    "speaker_id": "A",
    "type": {
      "main_type": "Elicit",
      "sub_type": "Elicit-Offer-Or-Suggestion"
    }
  },
  {
    "dialog_act": "could we make a s like could we make a spongy remote?",
    "dialog_act_end_id": 98,
    "dialog_act_start_id": 98,
    "speaker_id": "A",
    "type": {
      "main_type": "Elicit",
      "sub_type": "Elicit-Offer-Or-Suggestion"
    }
  },
  {
    "dialog_act": "If it's latex if it's latexy",
    "dialog_act_end_id": 151,
    "dialog_act_start_id": 151,
    "speaker_id": "B",
    "type": {
      "main_type": "Task",
      "sub_type": "Inform"
    }
  },
  {
    "dialog_act": "my understanding of a latex case is that it's in fact hard to protect stuff inside,",
    "dialog_act_end_id": 154,
    "dialog_act_start_id": 154,
    "speaker_id": "B",
    "type": {
      "main_type": "Task",
      "sub_type": "Suggest"
    }
  },
  {
    "dialog_act": "there's something to be said, I mean we we got that thing earlier from you about um not wanting it to R_ R_ repetitive stress injuries and things",
    "dialog_act_end_id": 158,
    "dialog_act_start_id": 158,
    "speaker_id": "B",
    "type": {
      "main_type": "Task",
      "sub_type": "Inform"
    }
  },
  {
    "dialog_act": "I'm envisioning more like, you know, the material that you have when you sit on like a bicycle,",
    "dialog_act_end_id": 76,
    "dialog_act_start_id": 76,
    "speaker_id": "D",
    "type": {
      "main_type": "Task",
      "sub_type": "Suggest"
    }
  },
  {
    "dialog_act": "could we go in fruit and vegetable colours?",
    "dialog_act_end_id": 166,
    "dialog_act_start_id": 166,
    "speaker_id": "B",
    "type": {
      "main_type": "Elicit",
      "sub_type": "Elicit-Assessment"
    }
  },
  {
    "dialog_act": "um couple main ones being like, I dunno, lemons or strawberries or something.",
    "dialog_act_end_id": 109,
    "dialog_act_start_id": 109,
    "speaker_id": "A",
    "type": {
      "main_type": "Task",
      "sub_type": "Suggest"
    }
  },
  {
    "dialog_act": "I Is it supposed to be shaped like a vegetable? Uh like uh I dunno, like uh carrots or something.",
    "dialog_act_end_id": 118,
    "dialog_act_start_id": 118,
    "speaker_id": "C",
    "type": {
      "main_type": "Elicit",
      "sub_type": "Elicit-Assessment"
    }
  },
  {
    "dialog_act": "Or maybe the buttons could be shaped like different fruits.",
    "dialog_act_end_id": 173,
    "dialog_act_start_id": 173,
    "speaker_id": "B",
    "type": {
      "main_type": "Task",
      "sub_type": "Suggest"
    }
  },
  {
    "dialog_act": "What about the idea of like a round remote? Instead of like a vertical up and down one. Like in terms of holding it. Like that's a f shape of a fruit.",
    "dialog_act_end_id": 84,
    "dialog_act_start_id": 84,
    "speaker_id": "D",
    "type": {
      "main_type": "Elicit",
      "sub_type": "Elicit-Assessment"
    }
  },
  {
    "dialog_act": "would you think you you do you think you'd be able to hold it?",
    "dialog_act_end_id": 118,
    "dialog_act_start_id": 118,
    "speaker_id": "A",
    "type": {
      "main_type": "Elicit",
      "sub_type": "Elicit-Assessment"
    }
  },
  {
    "dialog_act": "I love the idea of the wheel like the iPod.",
    "dialog_act_end_id": 90,
    "dialog_act_start_id": 90,
    "speaker_id": "D",
    "type": {
      "main_type": "Task",
      "sub_type": "Assess"
    }
  },
  {
    "dialog_act": "or is it li more like a scroll thing?",
    "dialog_act_end_id": 140,
    "dialog_act_start_id": 140,
    "speaker_id": "C",
    "type": {
      "main_type": "Elicit",
      "sub_type": "Elicit-Inform"
    }
  },
  {
    "dialog_act": "and you press the centre button, that's that's your all-purpose select button right there.",
    "dialog_act_end_id": 204,
    "dialog_act_start_id": 203,
    "speaker_id": "B",
    "type": {
      "main_type": "Task",
      "sub_type": "Inform"
    }
  },
  {
    "dialog_act": "I think why it would be good for us is 'cause like you could have the same wheel sort of effect for like channel flipping and then the other one could be like for volume.",
    "dialog_act_end_id": 94,
    "dialog_act_start_id": 94,
    "speaker_id": "D",
    "type": {
      "main_type": "Task",
      "sub_type": "Suggest"
    }
  },
  {
    "dialog_act": "I think an L_C_D_ screen might be good in theory, but not as useful in practice.",
    "dialog_act_end_id": 213,
    "dialog_act_start_id": 213,
    "speaker_id": "B",
    "type": {
      "main_type": "Task",
      "sub_type": "Assess"
    }
  },
  {
    "dialog_act": "Um I've one more slide before we close, but in that slide is when we need to make decisions about this these kinds of things,",
    "dialog_act_end_id": 140,
    "dialog_act_start_id": 139,
    "speaker_id": "A",
    "type": {
      "main_type": "Task",
      "sub_type": "Inform"
    }
  },
  {
    "dialog_act": "Could Could we uh could we have changeable covers like for your mobile? In different fruit and vegetable colours,",
    "dialog_act_end_id": 221,
    "dialog_act_start_id": 221,
    "speaker_id": "B",
    "type": {
      "main_type": "Elicit",
      "sub_type": "Elicit-Assessment"
    }
  },
  {
    "dialog_act": "and then like the the covers could be spongy latex",
    "dialog_act_end_id": 144,
    "dialog_act_start_id": 144,
    "speaker_id": "A",
    "type": {
      "main_type": "Task",
      "sub_type": "Suggest"
    }
  },
  {
    "dialog_act": "components concept. Energy, chip on print.",
    "dialog_act_end_id": 149,
    "dialog_act_start_id": 149,
    "speaker_id": "A",
    "type": {
      "main_type": "Elicit",
      "sub_type": "Elicit-Inform"
    }
  },
  {
    "dialog_act": "can you just explain what that is real quick?",
    "dialog_act_end_id": 153,
    "dialog_act_start_id": 153,
    "speaker_id": "A",
    "type": {
      "main_type": "Task",
      "sub_type": "Suggest"
    }
  },
  {
    "dialog_act": "what do people think about this kinetic battery idea?",
    "dialog_act_end_id": 243,
    "dialog_act_start_id": 243,
    "speaker_id": "B",
    "type": {
      "main_type": "Elicit",
      "sub_type": "Elicit-Assessment"
    }
  },
  {
    "dialog_act": "I think it's awesome. I think it's really cool.",
    "dialog_act_end_id": 155,
    "dialog_act_start_id": 155,
    "speaker_id": "A",
    "type": {
      "main_type": "Task",
      "sub_type": "Assess"
    }
  },
  {
    "dialog_act": "as as long as we consider the the cost and the uh how reliable it is,",
    "dialog_act_end_id": 160,
    "dialog_act_start_id": 160,
    "speaker_id": "C",
    "type": {
      "main_type": "Task",
      "sub_type": "Suggest"
    }
  },
  {
    "dialog_act": "I got a whole bunch of information on how circuit boards are produced.",
    "dialog_act_end_id": 255,
    "dialog_act_start_id": 255,
    "speaker_id": "B",
    "type": {
      "main_type": "Task",
      "sub_type": "Inform"
    }
  },
  {
    "dialog_act": "which is chip on print is where the machine prints on the wires and solders it all together for us.",
    "dialog_act_end_id": 258,
    "dialog_act_start_id": 258,
    "speaker_id": "B",
    "type": {
      "main_type": "Task",
      "sub_type": "Inform"
    }
  },
  {
    "dialog_act": "Al all circuit boards are pretty much the same, I think.",
    "dialog_act_end_id": 162,
    "dialog_act_start_id": 162,
    "speaker_id": "C",
    "type": {
      "main_type": "Task",
      "sub_type": "Inform"
    }
  },
  {
    "dialog_act": "I don't really know what to tell you as far as decisions.",
    "dialog_act_end_id": 259,
    "dialog_act_start_id": 259,
    "speaker_id": "B",
    "type": {
      "main_type": "Other",
      "sub_type": "Offer"
    }
  },
  {
    "dialog_act": "I guess maybe if we decided on like a simple, a regular, or an advanced chip, maybe.",
    "dialog_act_end_id": 164,
    "dialog_act_start_id": 164,
    "speaker_id": "A",
    "type": {
      "main_type": "Task",
      "sub_type": "Suggest"
    }
  },
  {
    "dialog_act": "if we're gonna have pushbuttons, they require a simple chip, but a scroll wheel requires a regular chip,",
    "dialog_act_end_id": 279,
    "dialog_act_start_id": 278,
    "speaker_id": "B",
    "type": {
      "main_type": "Task",
      "sub_type": "Inform"
    }
  },
  {
    "dialog_act": "Do we want a scroll wheel,",
    "dialog_act_end_id": 281,
    "dialog_act_start_id": 281,
    "speaker_id": "B",
    "type": {
      "main_type": "Elicit",
      "sub_type": "Elicit-Assessment"
    }
  },
  {
    "dialog_act": "Um I don't think we ne really need the scroll whe wheel.",
    "dialog_act_end_id": 164,
    "dialog_act_start_id": 164,
    "speaker_id": "C",
    "type": {
      "main_type": "Task",
      "sub_type": "Assess"
    }
  },
  {
    "dialog_act": "It would be nice for changing the volume, but I don't know how useful it'd be for changing the channel.",
    "dialog_act_end_id": 166,
    "dialog_act_start_id": 165,
    "speaker_id": "A",
    "type": {
      "main_type": "Task",
      "sub_type": "Assess"
    }
  },
  {
    "dialog_act": "you really need buttons for changing a channel.",
    "dialog_act_end_id": 169,
    "dialog_act_start_id": 169,
    "speaker_id": "C",
    "type": {
      "main_type": "Task",
      "sub_type": "Suggest"
    }
  },
  {
    "dialog_act": "We have five minutes left for the meeting, so.",
    "dialog_act_end_id": 169,
    "dialog_act_start_id": 169,
    "speaker_id": "A",
    "type": {
      "main_type": "Task",
      "sub_type": "Inform"
    }
  },
  {
    "dialog_act": "and the volume would just be like the same way, forward and backward as I'm just thinking like it would make it much like sleeker sort of looking.",
    "dialog_act_end_id": 121,
    "dialog_act_start_id": 121,
    "speaker_id": "D",
    "type": {
      "main_type": "Task",
      "sub_type": "Assess"
    }
  },
  {
    "dialog_act": "When you get on the on-screen menu of all your functions that your remote could do for you without the buttons and you could have a scroll wheel to go through those menus.",
    "dialog_act_end_id": 294,
    "dialog_act_start_id": 294,
    "speaker_id": "B",
    "type": {
      "main_type": "Task",
      "sub_type": "Suggest"
    }
  },
  {
    "dialog_act": "I think yeah, I think a scroll wheel would be nice, but it's not necessary. Um",
    "dialog_act_end_id": 174,
    "dialog_act_start_id": 173,
    "speaker_id": "C",
    "type": {
      "main_type": "Task",
      "sub_type": "Assess"
    }
  },
  {
    "dialog_act": "Uh I'm kinda liking the idea of latex, if if spongy is the in thing.",
    "dialog_act_end_id": 302,
    "dialog_act_start_id": 302,
    "speaker_id": "B",
    "type": {
      "main_type": "Task",
      "sub_type": "Assess"
    }
  },
  {
    "dialog_act": "could it be hard, and then something around it?",
    "dialog_act_end_id": 126,
    "dialog_act_start_id": 126,
    "speaker_id": "D",
    "type": {
      "main_type": "Elicit",
      "sub_type": "Elicit-Assessment"
    }
  },
  {
    "dialog_act": "I would be more okay with like a titanium actual thing and then maybe like a mobile phone kind of thing.",
    "dialog_act_end_id": 183,
    "dialog_act_start_id": 183,
    "speaker_id": "A",
    "type": {
      "main_type": "Task",
      "sub_type": "Assess"
    }
  },
  {
    "dialog_act": "what I've seen, just not related to this, but of latex cases before, is that there's uh like a hard plastic inside, and it's just covered with the latex.",
    "dialog_act_end_id": 307,
    "dialog_act_start_id": 307,
    "speaker_id": "B",
    "type": {
      "main_type": "Task",
      "sub_type": "Inform"
    }
  },
  {
    "dialog_act": "Um and probably in colours, maybe fruity, vegetable colours.",
    "dialog_act_end_id": 194,
    "dialog_act_start_id": 194,
    "speaker_id": "A",
    "type": {
      "main_type": "Elicit",
      "sub_type": "Elicit-Assessment"
    }
  },
  {
    "dialog_act": "and we want a curved case,",
    "dialog_act_end_id": 315,
    "dialog_act_start_id": 315,
    "speaker_id": "B",
    "type": {
      "main_type": "Task",
      "sub_type": "Suggest"
    }
  },
  {
    "dialog_act": "Or a double-curved?",
    "dialog_act_end_id": 317,
    "dialog_act_start_id": 317,
    "speaker_id": "B",
    "type": {
      "main_type": "Elicit",
      "sub_type": "Elicit-Assessment"
    }
  },
  {
    "dialog_act": "Um And I think if we wanna keep our costs down, we should just go for pushbuttons,",
    "dialog_act_end_id": 181,
    "dialog_act_start_id": 181,
    "speaker_id": "C",
    "type": {
      "main_type": "Task",
      "sub_type": "Assess"
    }
  },
  {
    "dialog_act": "For channel surfing I think a scroll an actual like an iPod's kind of scroll thing would be too fast,",
    "dialog_act_end_id": 213,
    "dialog_act_start_id": 213,
    "speaker_id": "A",
    "type": {
      "main_type": "Task",
      "sub_type": "Assess"
    }
  },
  {
    "dialog_act": "I think it might be better to put our money into the stuff like the kinetic battery and the cool case",
    "dialog_act_end_id": 327,
    "dialog_act_start_id": 327,
    "speaker_id": "B",
    "type": {
      "main_type": "Task",
      "sub_type": "Suggest"
    }
  },
  {
    "dialog_act": "I mean I'm not like hard-sold on the scroll wheel, it's more just to give it a different kind of look,",
    "dialog_act_end_id": 132,
    "dialog_act_start_id": 131,
    "speaker_id": "D",
    "type": {
      "main_type": "Task",
      "sub_type": "Inform"
    }
  },
  {
    "dialog_act": "we're gonna go with um type pushbuttons, and then supplements,",
    "dialog_act_end_id": 222,
    "dialog_act_start_id": 221,
    "speaker_id": "A",
    "type": {
      "main_type": "Task",
      "sub_type": "Suggest"
    }
  },
  {
    "dialog_act": "So we're gonna have like a menu button,",
    "dialog_act_end_id": 225,
    "dialog_act_start_id": 225,
    "speaker_id": "A",
    "type": {
      "main_type": "Elicit",
      "sub_type": "Elicit-Assessment"
    }
  },
  {
    "dialog_act": "we're doing an on-screen menu that we can scroll through.",
    "dialog_act_end_id": 229,
    "dialog_act_start_id": 229,
    "speaker_id": "A",
    "type": {
      "main_type": "Task",
      "sub_type": "Suggest"
    }
  },
  {
    "dialog_act": "uh volume, favourite channels, uh and menu.",
    "dialog_act_end_id": 197,
    "dialog_act_start_id": 197,
    "speaker_id": "C",
    "type": {
      "main_type": "Task",
      "sub_type": "Suggest"
    }
  },
  {
    "dialog_act": "Pre-set channels",
    "dialog_act_end_id": 230,
    "dialog_act_start_id": 230,
    "speaker_id": "A",
    "type": {
      "main_type": "Other",
      "sub_type": "Other"
    }
  },
  {
    "dialog_act": "I think maybe numbers seems is kind of old-fashioned.",
    "dialog_act_end_id": 202,
    "dialog_act_start_id": 202,
    "speaker_id": "C",
    "type": {
      "main_type": "Task",
      "sub_type": "Assess"
    }
  },
  {
    "dialog_act": "finishing the meeting now. Um our next meeting starts in thirty minutes, um you each have things to do, look and feel design, user interface design, product evaluation, and you two are going to work together on a prototype using modelling clay. You'll get specific instructions from your personal coach.",
    "dialog_act_end_id": 243,
    "dialog_act_start_id": 239,
    "speaker_id": "A",
    "type": {
      "main_type": "Task",
      "sub_type": "Suggest"
    }
  },
  {
    "dialog_act": "Let's go with a simple chip?",
    "dialog_act_end_id": 245,
    "dialog_act_start_id": 245,
    "speaker_id": "A",
    "type": {
      "main_type": "Task",
      "sub_type": "Suggest"
    }
  },
  {
    "dialog_act": "Um did we decide on a chip?",
    "dialog_act_end_id": 244,
    "dialog_act_start_id": 244,
    "speaker_id": "A",
    "type": {
      "main_type": "Elicit",
      "sub_type": "Elicit-Inform"
    }
  },
  {
    "dialog_act": "but if it's gonna be in a latex type thing and that's gonna look cool, then that's probably gonna have a bigger impact than the scroll wheel.",
    "dialog_act_end_id": 133,
    "dialog_act_start_id": 133,
    "speaker_id": "D",
    "type": {
      "main_type": "Task",
      "sub_type": "Inform"
    }
  }
]