{
  "abs_summ": {
    "abs_summs_count": 26,
    "ext_summs_count": 231
  },
  "ap": [
    [
      {
        "act": "Time is it?",
        "end_time": 57.47,
        "is_in_ext_summ": false,
        "start_time": 56.88
      },
      {
        "act": "Fourteen twenty six.",
        "end_time": 60.4,
        "is_in_ext_summ": false,
        "start_time": 58.83
      }
    ],
    [
      {
        "act": "I'd like to do it in this order, first do the conceptual specification of components, properties and materials um and then the conceptual specification of user interface and finally trend watching.",
        "end_time": 140.08,
        "is_in_ext_summ": false,
        "start_time": 128.59
      },
      {
        "act": "Alright.",
        "end_time": 142.97,
        "is_in_ext_summ": false,
        "start_time": 142.36
      }
    ],
    [
      {
        "act": "There we go.",
        "end_time": 162.7,
        "is_in_ext_summ": false,
        "start_time": 162.31
      },
      {
        "act": "Alright.",
        "end_time": 165.03,
        "is_in_ext_summ": false,
        "start_time": 164.24
      }
    ],
    [
      {
        "act": "Or a solar battery,",
        "end_time": 294.87,
        "is_in_ext_summ": true,
        "start_time": 293.8
      },
      {
        "act": "although there are slight um complications with solar batteries",
        "end_time": 298.77,
        "is_in_ext_summ": true,
        "start_time": 294.87
      },
      {
        "act": "Solar I don't think would be such a good idea,",
        "end_time": 371.07,
        "is_in_ext_summ": true,
        "start_time": 369.05
      }
    ],
    [
      {
        "act": "And I'm really intrigued by the idea of a kinetic battery.",
        "end_time": 369.05,
        "is_in_ext_summ": true,
        "start_time": 365.49
      },
      {
        "act": "I think that that m would be a very interesting thing.",
        "end_time": 385.93,
        "is_in_ext_summ": false,
        "start_time": 382.67
      }
    ],
    [
      {
        "act": "Is double-curved like would be like two hands kind of thing?",
        "end_time": 420.33,
        "is_in_ext_summ": true,
        "start_time": 416.85
      },
      {
        "act": "I'm not sure.",
        "end_time": 421.17,
        "is_in_ext_summ": true,
        "start_time": 420.6
      },
      {
        "act": "Okay.",
        "end_time": 424.26,
        "is_in_ext_summ": false,
        "start_time": 422.47
      },
      {
        "act": "but I've no idea.",
        "end_time": 434.14,
        "is_in_ext_summ": false,
        "start_time": 433.27
      }
    ],
    [
      {
        "act": "and then like one curve would just be like a single vertical-ish kind of looking thing,",
        "end_time": 433.27,
        "is_in_ext_summ": false,
        "start_time": 428.91
      },
      {
        "act": "I'm not sure,",
        "end_time": 434.14,
        "is_in_ext_summ": false,
        "start_time": 433.46
      }
    ],
    [
      {
        "act": "Space-age remote.",
        "end_time": 452.52,
        "is_in_ext_summ": false,
        "start_time": 451.37
      },
      {
        "act": "so that could be quite interesting.",
        "end_time": 451.37,
        "is_in_ext_summ": false,
        "start_time": 449.75
      },
      {
        "act": "Mm-hmm.",
        "end_time": 455.06,
        "is_in_ext_summ": false,
        "start_time": 453.6
      },
      {
        "act": "Just an interesting marketing kind of element.",
        "end_time": 457.57,
        "is_in_ext_summ": false,
        "start_time": 455.06
      },
      {
        "act": "Yeah.",
        "end_time": 457.25,
        "is_in_ext_summ": false,
        "start_time": 456.9
      }
    ],
    [
      {
        "act": "um the weight of these different elements, have you",
        "end_time": 469.91,
        "is_in_ext_summ": true,
        "start_time": 465.97
      },
      {
        "act": "Yeah,",
        "end_time": 469.18,
        "is_in_ext_summ": false,
        "start_time": 469.02
      },
      {
        "act": "no idea, no idea.",
        "end_time": 471.23,
        "is_in_ext_summ": true,
        "start_time": 469.61
      },
      {
        "act": "no idea, okay.",
        "end_time": 470.87,
        "is_in_ext_summ": false,
        "start_time": 469.91
      },
      {
        "act": "Um I'm assuming that a kinetic battery isn't gonna take up that much weight,",
        "end_time": 480.29,
        "is_in_ext_summ": true,
        "start_time": 472.0
      }
    ],
    [
      {
        "act": "and that a tita titanium is very light, I know,",
        "end_time": 483.06,
        "is_in_ext_summ": false,
        "start_time": 480.29
      },
      {
        "act": "Mm-hmm.",
        "end_time": 484.72,
        "is_in_ext_summ": false,
        "start_time": 482.9
      }
    ],
    [
      {
        "act": "I mean, that's all I have gotten so far.",
        "end_time": 489.5,
        "is_in_ext_summ": false,
        "start_time": 486.11
      },
      {
        "act": "Okay.",
        "end_time": 489.28,
        "is_in_ext_summ": false,
        "start_time": 488.97
      }
    ],
    [
      {
        "act": "Any other questions?",
        "end_time": 491.84,
        "is_in_ext_summ": false,
        "start_time": 490.8
      },
      {
        "act": "Uh-huh. Don't think so.",
        "end_time": 495.08,
        "is_in_ext_summ": false,
        "start_time": 493.77
      },
      {
        "act": "No?",
        "end_time": 495.13,
        "is_in_ext_summ": false,
        "start_time": 494.81
      },
      {
        "act": "Okay.",
        "end_time": 495.46,
        "is_in_ext_summ": false,
        "start_time": 495.13
      }
    ],
    [
      {
        "act": "Just in my notebook,",
        "end_time": 515.24,
        "is_in_ext_summ": false,
        "start_time": 513.54
      },
      {
        "act": "oh, uh in your book,",
        "end_time": 514.81,
        "is_in_ext_summ": false,
        "start_time": 513.72
      },
      {
        "act": "then don't worry about that.",
        "end_time": 516.07,
        "is_in_ext_summ": false,
        "start_time": 514.81
      }
    ],
    [
      {
        "act": "This one's so much tighter than the other one.",
        "end_time": 534.8,
        "is_in_ext_summ": false,
        "start_time": 533.3
      },
      {
        "act": "I know.",
        "end_time": 535.29,
        "is_in_ext_summ": false,
        "start_time": 534.58
      }
    ],
    [
      {
        "act": "Uh you can just about make out uh that the button three buttons are uh previous track, next track and play pause.",
        "end_time": 718.26,
        "is_in_ext_summ": false,
        "start_time": 709.15
      },
      {
        "act": "I I like I like this idea of just having buttons for the features that you use most often.",
        "end_time": 777.66,
        "is_in_ext_summ": true,
        "start_time": 771.9
      }
    ],
    [
      {
        "act": "So you'd be advocating an L_C_D_ then?",
        "end_time": 858.78,
        "is_in_ext_summ": true,
        "start_time": 856.79
      },
      {
        "act": "yes.",
        "end_time": 863.67,
        "is_in_ext_summ": false,
        "start_time": 862.97
      },
      {
        "act": "Okay.",
        "end_time": 864.02,
        "is_in_ext_summ": false,
        "start_time": 863.64
      }
    ],
    [
      {
        "act": "we'd either have a small L_C_D_ display on the device itself,",
        "end_time": 833.77,
        "is_in_ext_summ": true,
        "start_time": 829.14
      },
      {
        "act": "it's it's nice,",
        "end_time": 870.45,
        "is_in_ext_summ": false,
        "start_time": 868.96
      },
      {
        "act": "an an L_C_D_ display would have to be quite small,",
        "end_time": 880.86,
        "is_in_ext_summ": true,
        "start_time": 878.47
      },
      {
        "act": "Right",
        "end_time": 882.28,
        "is_in_ext_summ": false,
        "start_time": 881.92
      }
    ],
    [
      {
        "act": "Um it would also have to have uh a kind of backlighting in it,",
        "end_time": 891.3,
        "is_in_ext_summ": true,
        "start_time": 886.8
      },
      {
        "act": "Mm-hmm.",
        "end_time": 893.12,
        "is_in_ext_summ": false,
        "start_time": 892.6
      }
    ],
    [
      {
        "act": "'cause you ten you tend to watch T_V_ in the dark,",
        "end_time": 893.95,
        "is_in_ext_summ": false,
        "start_time": 891.3
      },
      {
        "act": "Right.",
        "end_time": 894.13,
        "is_in_ext_summ": false,
        "start_time": 893.8
      }
    ],
    [
      {
        "act": "The alternative is to have a an on-screen display on your television that you control through your remote control. Uh",
        "end_time": 904.77,
        "is_in_ext_summ": true,
        "start_time": 897.63
      },
      {
        "act": "I mean that that's also a good idea.",
        "end_time": 917.07,
        "is_in_ext_summ": false,
        "start_time": 914.72
      },
      {
        "act": "if you've got a small T_V_ and you're sitting on the other side of a room, it's hard to read the little text that comes up.",
        "end_time": 924.01,
        "is_in_ext_summ": false,
        "start_time": 919.39
      }
    ],
    [
      {
        "act": "a bit like a bit like how they have these um digital boxes",
        "end_time": 909.85,
        "is_in_ext_summ": false,
        "start_time": 905.99
      },
      {
        "act": "Okay.",
        "end_time": 915.31,
        "is_in_ext_summ": false,
        "start_time": 914.83
      }
    ],
    [
      {
        "act": "I do think that um one of the important features for a remote is seeing a menu and seeing what's on.",
        "end_time": 934.87,
        "is_in_ext_summ": false,
        "start_time": 929.78
      },
      {
        "act": "Yeah.",
        "end_time": 935.25,
        "is_in_ext_summ": false,
        "start_time": 934.96
      }
    ],
    [
      {
        "act": "but is that separate from what he was saying?",
        "end_time": 951.22,
        "is_in_ext_summ": false,
        "start_time": 949.37
      },
      {
        "act": "Yeah.",
        "end_time": 951.61,
        "is_in_ext_summ": false,
        "start_time": 951.33
      }
    ],
    [
      {
        "act": "if it if it was a L_ L_C_D_ on th on the remote, I don't know that you could f that you'd be able to see a",
        "end_time": 956.49,
        "is_in_ext_summ": false,
        "start_time": 951.96
      },
      {
        "act": "No,",
        "end_time": 956.01,
        "is_in_ext_summ": false,
        "start_time": 955.8
      }
    ],
    [
      {
        "act": "but I think th that you do need to have some kind of function where it's um you have t you can see the title of the show or possibly a description of it.",
        "end_time": 948.39,
        "is_in_ext_summ": true,
        "start_time": 940.22
      },
      {
        "act": "I think I think we're talking menu like contrast and tuning the V_C_R_ or something if I've understood you correctly, rather than menu as what's on.",
        "end_time": 965.51,
        "is_in_ext_summ": true,
        "start_time": 956.01
      },
      {
        "act": "Okay.",
        "end_time": 960.98,
        "is_in_ext_summ": false,
        "start_time": 960.74
      },
      {
        "act": "Yeah, that that would be one of the features, yes.",
        "end_time": 965.7,
        "is_in_ext_summ": false,
        "start_time": 963.4
      },
      {
        "act": "Okay.",
        "end_time": 966.94,
        "is_in_ext_summ": false,
        "start_time": 966.05
      }
    ],
    [
      {
        "act": "so you can't have the televisions and information back to the remote control, at least I don't think you can.",
        "end_time": 980.44,
        "is_in_ext_summ": false,
        "start_time": 974.77
      },
      {
        "act": "Um I'm not sure.",
        "end_time": 981.47,
        "is_in_ext_summ": false,
        "start_time": 980.44
      },
      {
        "act": "Oh,",
        "end_time": 979.29,
        "is_in_ext_summ": false,
        "start_time": 979.21
      },
      {
        "act": "good point.",
        "end_time": 980.42,
        "is_in_ext_summ": false,
        "start_time": 979.29
      },
      {
        "act": "Mm.",
        "end_time": 980.56,
        "is_in_ext_summ": false,
        "start_time": 979.8
      },
      {
        "act": "Yeah.",
        "end_time": 982.45,
        "is_in_ext_summ": false,
        "start_time": 982.16
      }
    ],
    [
      {
        "act": "What F_ do you have to press,",
        "end_time": 1044.99,
        "is_in_ext_summ": false,
        "start_time": 1043.87
      },
      {
        "act": "Eight.",
        "end_time": 1045.67,
        "is_in_ext_summ": false,
        "start_time": 1045.38
      }
    ],
    [
      {
        "act": "really, no matter what, we need to focus the most on fancy look and feel, according to this.",
        "end_time": 1172.44,
        "is_in_ext_summ": false,
        "start_time": 1167.88
      },
      {
        "act": "I don't know how much we agree with that.",
        "end_time": 1175.15,
        "is_in_ext_summ": false,
        "start_time": 1172.44
      },
      {
        "act": "Personally, like I might reverse it,",
        "end_time": 1237.71,
        "is_in_ext_summ": false,
        "start_time": 1235.84
      }
    ],
    [
      {
        "act": "And then ease of use was the third most important,",
        "end_time": 1166.55,
        "is_in_ext_summ": true,
        "start_time": 1164.29
      },
      {
        "act": "and if necessarily this whole fashion to technology y edas ease of use is necessarily the right ranking.",
        "end_time": 1235.84,
        "is_in_ext_summ": true,
        "start_time": 1228.91
      }
    ],
    [
      {
        "act": "do we have any s some questions for this,",
        "end_time": 1262.97,
        "is_in_ext_summ": false,
        "start_time": 1260.03
      },
      {
        "act": "Yeah,",
        "end_time": 1264.0,
        "is_in_ext_summ": false,
        "start_time": 1263.06
      }
    ],
    [
      {
        "act": "could we make a s like could we make a spongy remote?",
        "end_time": 1282.94,
        "is_in_ext_summ": true,
        "start_time": 1280.73
      },
      {
        "act": "It would be easier on the hands.",
        "end_time": 1284.31,
        "is_in_ext_summ": false,
        "start_time": 1282.94
      },
      {
        "act": "I dunno.",
        "end_time": 1291.73,
        "is_in_ext_summ": false,
        "start_time": 1290.74
      },
      {
        "act": "my understanding of a latex case is that it's in fact hard to protect stuff inside,",
        "end_time": 1299.02,
        "is_in_ext_summ": true,
        "start_time": 1293.33
      },
      {
        "act": "but that it's covered with the latex,",
        "end_time": 1300.46,
        "is_in_ext_summ": false,
        "start_time": 1299.02
      },
      {
        "act": "Uh I'm kinda liking the idea of latex, if if spongy is the in thing.",
        "end_time": 1833.62,
        "is_in_ext_summ": true,
        "start_time": 1828.53
      },
      {
        "act": "Yeah.",
        "end_time": 1832.2,
        "is_in_ext_summ": false,
        "start_time": 1831.99
      },
      {
        "act": "I'm a little um I'm a little hesitant about it,",
        "end_time": 1836.54,
        "is_in_ext_summ": false,
        "start_time": 1834.14
      }
    ],
    [
      {
        "act": "there's something to be said, I mean we we got that thing earlier from you about um not wanting it to R_ R_ repetitive stress injuries and things",
        "end_time": 1313.41,
        "is_in_ext_summ": true,
        "start_time": 1303.67
      },
      {
        "act": "Yeah.",
        "end_time": 1313.41,
        "is_in_ext_summ": false,
        "start_time": 1313.14
      }
    ],
    [
      {
        "act": "But it doesn't necessarily need to be a spongy material.",
        "end_time": 1248.34,
        "is_in_ext_summ": false,
        "start_time": 1242.02
      },
      {
        "act": "I mean we don't we don't we don't wanna go spongy, maybe.",
        "end_time": 1324.83,
        "is_in_ext_summ": false,
        "start_time": 1317.3
      }
    ],
    [
      {
        "act": "something grippable,",
        "end_time": 1317.3,
        "is_in_ext_summ": false,
        "start_time": 1316.16
      },
      {
        "act": "yeah, grip,",
        "end_time": 1318.14,
        "is_in_ext_summ": false,
        "start_time": 1317.55
      }
    ],
    [
      {
        "act": "I'm thinking grip more than like sinking into your hands,",
        "end_time": 1322.39,
        "is_in_ext_summ": false,
        "start_time": 1318.14
      },
      {
        "act": "Yeah. Yeah.",
        "end_time": 1323.24,
        "is_in_ext_summ": false,
        "start_time": 1321.64
      },
      {
        "act": "Yeah.",
        "end_time": 1325.13,
        "is_in_ext_summ": false,
        "start_time": 1324.83
      }
    ],
    [
      {
        "act": "I'm envisioning more like, you know, the material that you have when you sit on like a bicycle,",
        "end_time": 1329.11,
        "is_in_ext_summ": true,
        "start_time": 1323.31
      },
      {
        "act": "Mm-hmm.",
        "end_time": 1329.49,
        "is_in_ext_summ": false,
        "start_time": 1329.12
      },
      {
        "act": "Mm-hmm.",
        "end_time": 1330.67,
        "is_in_ext_summ": false,
        "start_time": 1330.39
      },
      {
        "act": "Yeah, I think that given the list of materials I w I was forwarded it's that seems doable.",
        "end_time": 1339.06,
        "is_in_ext_summ": false,
        "start_time": 1333.43
      }
    ],
    [
      {
        "act": "could we go in fruit and vegetable colours?",
        "end_time": 1342.33,
        "is_in_ext_summ": true,
        "start_time": 1340.13
      },
      {
        "act": "F for sure,",
        "end_time": 1344.08,
        "is_in_ext_summ": false,
        "start_time": 1343.14
      }
    ],
    [
      {
        "act": "I Is it supposed to be shaped like a vegetable? Uh like uh I dunno, like uh carrots or something.",
        "end_time": 1360.71,
        "is_in_ext_summ": true,
        "start_time": 1353.43
      },
      {
        "act": "I don't know.",
        "end_time": 1359.32,
        "is_in_ext_summ": false,
        "start_time": 1358.11
      },
      {
        "act": "Or carrot shaped,",
        "end_time": 1362.75,
        "is_in_ext_summ": false,
        "start_time": 1361.35
      },
      {
        "act": "mm.",
        "end_time": 1364.03,
        "is_in_ext_summ": false,
        "start_time": 1362.75
      },
      {
        "act": "it's quite easy to s shape thing like carrot",
        "end_time": 1363.41,
        "is_in_ext_summ": false,
        "start_time": 1361.18
      }
    ],
    [
      {
        "act": "isn't it?",
        "end_time": 1364.94,
        "is_in_ext_summ": false,
        "start_time": 1363.41
      },
      {
        "act": "Maybe,",
        "end_time": 1365.31,
        "is_in_ext_summ": false,
        "start_time": 1364.84
      }
    ],
    [
      {
        "act": "Or maybe the buttons could be shaped like different fruits.",
        "end_time": 1367.93,
        "is_in_ext_summ": true,
        "start_time": 1364.94
      },
      {
        "act": "yeah.",
        "end_time": 1368.03,
        "is_in_ext_summ": false,
        "start_time": 1367.71
      }
    ],
    [
      {
        "act": "Kind of like a potato.",
        "end_time": 1373.81,
        "is_in_ext_summ": false,
        "start_time": 1372.82
      },
      {
        "act": "yeah.",
        "end_time": 1377.43,
        "is_in_ext_summ": false,
        "start_time": 1375.47
      }
    ],
    [
      {
        "act": "What about the idea of like a round remote? Instead of like a vertical up and down one. Like in terms of holding it. Like that's a f shape of a fruit.",
        "end_time": 1377.88,
        "is_in_ext_summ": true,
        "start_time": 1368.66
      },
      {
        "act": "Yeah.",
        "end_time": 1378.65,
        "is_in_ext_summ": false,
        "start_time": 1378.3
      },
      {
        "act": "Harder to push.",
        "end_time": 1387.46,
        "is_in_ext_summ": false,
        "start_time": 1386.57
      }
    ],
    [
      {
        "act": "would you think you you do you think you'd be able to hold it?",
        "end_time": 1380.78,
        "is_in_ext_summ": true,
        "start_time": 1378.12
      },
      {
        "act": "It'd be harder to press button.",
        "end_time": 1386.9,
        "is_in_ext_summ": false,
        "start_time": 1385.43
      },
      {
        "act": "yeah.",
        "end_time": 1384.23,
        "is_in_ext_summ": false,
        "start_time": 1383.69
      },
      {
        "act": "Depends.",
        "end_time": 1387.07,
        "is_in_ext_summ": false,
        "start_time": 1386.29
      }
    ],
    [
      {
        "act": "When you when you use a remote, do you press the buttons with your thumb, usually?",
        "end_time": 1390.49,
        "is_in_ext_summ": false,
        "start_time": 1387.07
      },
      {
        "act": "Yeah.",
        "end_time": 1392.14,
        "is_in_ext_summ": false,
        "start_time": 1391.45
      },
      {
        "act": "When I'm when I'm pressing buttons on my iPod, that's how I do it, hold it and press the four. Yeah.",
        "end_time": 1424.22,
        "is_in_ext_summ": false,
        "start_time": 1418.13
      },
      {
        "act": "So you hold it in one hand",
        "end_time": 1423.74,
        "is_in_ext_summ": false,
        "start_time": 1422.23
      },
      {
        "act": "Yeah,",
        "end_time": 1426.2,
        "is_in_ext_summ": false,
        "start_time": 1425.96
      },
      {
        "act": "and you press you press the buttons with your thumb",
        "end_time": 1426.79,
        "is_in_ext_summ": false,
        "start_time": 1423.74
      }
    ],
    [
      {
        "act": "Or your fingers?",
        "end_time": 1392.46,
        "is_in_ext_summ": false,
        "start_time": 1391.8
      },
      {
        "act": "Maybe",
        "end_time": 1395.58,
        "is_in_ext_summ": false,
        "start_time": 1395.17
      }
    ],
    [
      {
        "act": "and you press the buttons with your thumb.",
        "end_time": 1402.13,
        "is_in_ext_summ": false,
        "start_time": 1400.67
      },
      {
        "act": "Yeah, that's ts how I tend to do it.",
        "end_time": 1403.55,
        "is_in_ext_summ": false,
        "start_time": 1401.32
      }
    ],
    [
      {
        "act": "Or maybe you want something that's shaped like a mobile phone,",
        "end_time": 1399.03,
        "is_in_ext_summ": false,
        "start_time": 1396.33
      },
      {
        "act": "But then the buttons would have to be very small.",
        "end_time": 1404.41,
        "is_in_ext_summ": false,
        "start_time": 1401.33
      },
      {
        "act": "just thumb-sized.",
        "end_time": 1405.83,
        "is_in_ext_summ": false,
        "start_time": 1404.81
      }
    ],
    [
      {
        "act": "Don't you think?",
        "end_time": 1405.0,
        "is_in_ext_summ": false,
        "start_time": 1404.41
      },
      {
        "act": "Yeah,",
        "end_time": 1404.55,
        "is_in_ext_summ": false,
        "start_time": 1404.29
      },
      {
        "act": "No",
        "end_time": 1404.81,
        "is_in_ext_summ": false,
        "start_time": 1404.65
      }
    ],
    [
      {
        "act": "But I mean in order to get to all of them,",
        "end_time": 1409.66,
        "is_in_ext_summ": false,
        "start_time": 1407.37
      },
      {
        "act": "Yeah.",
        "end_time": 1410.09,
        "is_in_ext_summ": false,
        "start_time": 1409.63
      },
      {
        "act": "Yeah.",
        "end_time": 1410.83,
        "is_in_ext_summ": false,
        "start_time": 1410.45
      }
    ],
    [
      {
        "act": "They would have to be within a certain amount of space with each other.",
        "end_time": 1413.57,
        "is_in_ext_summ": false,
        "start_time": 1410.86
      },
      {
        "act": "Maybe.",
        "end_time": 1412.34,
        "is_in_ext_summ": false,
        "start_time": 1411.41
      },
      {
        "act": "That's true.",
        "end_time": 1412.79,
        "is_in_ext_summ": false,
        "start_time": 1412.19
      },
      {
        "act": "But if you've only got like four or five buttons anyway, then it's it's not so much a problem, perhaps.",
        "end_time": 1417.9,
        "is_in_ext_summ": false,
        "start_time": 1412.34
      },
      {
        "act": "Right.",
        "end_time": 1416.51,
        "is_in_ext_summ": false,
        "start_time": 1416.27
      }
    ],
    [
      {
        "act": "I love the idea of the wheel like the iPod.",
        "end_time": 1436.27,
        "is_in_ext_summ": true,
        "start_time": 1430.93
      },
      {
        "act": "Mm-hmm.",
        "end_time": 1433.78,
        "is_in_ext_summ": false,
        "start_time": 1433.21
      }
    ],
    [
      {
        "act": "is it just four buttons",
        "end_time": 1440.17,
        "is_in_ext_summ": false,
        "start_time": 1438.99
      },
      {
        "act": "It's like five,",
        "end_time": 1441.65,
        "is_in_ext_summ": false,
        "start_time": 1440.6
      },
      {
        "act": "The one I have doesn't have the four on i like around it, I don't think.",
        "end_time": 1452.16,
        "is_in_ext_summ": false,
        "start_time": 1447.32
      },
      {
        "act": "Oh yeah,",
        "end_time": 1451.26,
        "is_in_ext_summ": false,
        "start_time": 1450.87
      }
    ],
    [
      {
        "act": "or is it li more like a scroll thing?",
        "end_time": 1442.41,
        "is_in_ext_summ": true,
        "start_time": 1440.17
      },
      {
        "act": "It's a scroll, yeah, it's a wheel.",
        "end_time": 1442.85,
        "is_in_ext_summ": false,
        "start_time": 1441.18
      },
      {
        "act": "yeah,",
        "end_time": 1443.73,
        "is_in_ext_summ": false,
        "start_time": 1443.01
      }
    ],
    [
      {
        "act": "and you press the centre button,",
        "end_time": 1469.14,
        "is_in_ext_summ": true,
        "start_time": 1467.62
      },
      {
        "act": "Oh, I see, right, yeah.",
        "end_time": 1472.1,
        "is_in_ext_summ": false,
        "start_time": 1469.62
      }
    ],
    [
      {
        "act": "that's that's your all-purpose select button right there.",
        "end_time": 1471.77,
        "is_in_ext_summ": true,
        "start_time": 1469.14
      },
      {
        "act": "Oh, okay.",
        "end_time": 1473.09,
        "is_in_ext_summ": false,
        "start_time": 1472.1
      }
    ],
    [
      {
        "act": "I think why it would be good for us is 'cause like you could have the same wheel sort of effect for like channel flipping and then the other one could be like for volume.",
        "end_time": 1484.91,
        "is_in_ext_summ": true,
        "start_time": 1476.99
      },
      {
        "act": "Yeah.",
        "end_time": 1483.82,
        "is_in_ext_summ": false,
        "start_time": 1483.46
      }
    ],
    [
      {
        "act": "if we would want it on the screen there or on the actual T_V_.",
        "end_time": 1494.45,
        "is_in_ext_summ": false,
        "start_time": 1491.49
      },
      {
        "act": "I dunno",
        "end_time": 1491.49,
        "is_in_ext_summ": false,
        "start_time": 1491.16
      },
      {
        "act": "I kind of am wanting to say on the T_V_,",
        "end_time": 1496.73,
        "is_in_ext_summ": false,
        "start_time": 1494.45
      },
      {
        "act": "Yeah,",
        "end_time": 1502.56,
        "is_in_ext_summ": false,
        "start_time": 1502.47
      }
    ],
    [
      {
        "act": "'cause if you're changing the brightness, don't you wanna see it happening, kind of?",
        "end_time": 1501.45,
        "is_in_ext_summ": false,
        "start_time": 1496.73
      },
      {
        "act": "Mm.",
        "end_time": 1501.02,
        "is_in_ext_summ": false,
        "start_time": 1500.41
      },
      {
        "act": "Yeah.",
        "end_time": 1501.01,
        "is_in_ext_summ": false,
        "start_time": 1500.74
      },
      {
        "act": "Yeah.",
        "end_time": 1501.36,
        "is_in_ext_summ": false,
        "start_time": 1501.09
      }
    ],
    [
      {
        "act": "I think an L_C_D_ screen might be good in theory, but not as useful in practice.",
        "end_time": 1509.22,
        "is_in_ext_summ": true,
        "start_time": 1502.56
      },
      {
        "act": "I think it could be difficult in practice,",
        "end_time": 1509.88,
        "is_in_ext_summ": false,
        "start_time": 1507.87
      },
      {
        "act": "yeah.",
        "end_time": 1510.7,
        "is_in_ext_summ": false,
        "start_time": 1509.88
      },
      {
        "act": "Yeah.",
        "end_time": 1510.56,
        "is_in_ext_summ": false,
        "start_time": 1510.31
      }
    ],
    [
      {
        "act": "Also z yeah, 'cause you would be z looking down at the L_C_D_ screen, than back up at your T_V_",
        "end_time": 1515.16,
        "is_in_ext_summ": false,
        "start_time": 1510.7
      },
      {
        "act": "Mm-hmm. Mm-hmm.",
        "end_time": 1515.51,
        "is_in_ext_summ": false,
        "start_time": 1513.66
      }
    ],
    [
      {
        "act": "and people don't wanna do that.",
        "end_time": 1516.95,
        "is_in_ext_summ": false,
        "start_time": 1515.16
      },
      {
        "act": "Right.",
        "end_time": 1514.37,
        "is_in_ext_summ": false,
        "start_time": 1514.01
      }
    ],
    [
      {
        "act": "we have we've about fifteen minutes left,",
        "end_time": 1521.96,
        "is_in_ext_summ": false,
        "start_time": 1519.61
      },
      {
        "act": "Oh",
        "end_time": 1519.59,
        "is_in_ext_summ": false,
        "start_time": 1519.41
      }
    ],
    [
      {
        "act": "Like, to make it different fruits.",
        "end_time": 1553.66,
        "is_in_ext_summ": false,
        "start_time": 1548.96
      },
      {
        "act": "yeah.",
        "end_time": 1551.27,
        "is_in_ext_summ": false,
        "start_time": 1550.87
      }
    ],
    [
      {
        "act": "Could Could we uh could we have changeable covers like for your mobile? In different fruit and vegetable colours,",
        "end_time": 1550.87,
        "is_in_ext_summ": true,
        "start_time": 1541.57
      },
      {
        "act": "Yeah,",
        "end_time": 1554.72,
        "is_in_ext_summ": false,
        "start_time": 1554.47
      }
    ],
    [
      {
        "act": "and then like the the covers could be spongy latex",
        "end_time": 1558.15,
        "is_in_ext_summ": true,
        "start_time": 1554.72
      },
      {
        "act": "Exactly.",
        "end_time": 1558.86,
        "is_in_ext_summ": false,
        "start_time": 1557.62
      }
    ],
    [
      {
        "act": "and the the packaging is like the peel.",
        "end_time": 1573.38,
        "is_in_ext_summ": false,
        "start_time": 1570.59
      },
      {
        "act": "Ooh.",
        "end_time": 1574.5,
        "is_in_ext_summ": false,
        "start_time": 1573.46
      },
      {
        "act": "there we go.",
        "end_time": 1579.73,
        "is_in_ext_summ": false,
        "start_time": 1578.11
      },
      {
        "act": "Oh.",
        "end_time": 1580.32,
        "is_in_ext_summ": false,
        "start_time": 1578.47
      },
      {
        "act": "Don't know.",
        "end_time": 1579.79,
        "is_in_ext_summ": false,
        "start_time": 1578.49
      },
      {
        "act": "Ah hmm hmm hmm.",
        "end_time": 1581.22,
        "is_in_ext_summ": false,
        "start_time": 1578.91
      }
    ],
    [
      {
        "act": "The iPod packaging is me like was so that was like half the fun.",
        "end_time": 1583.73,
        "is_in_ext_summ": false,
        "start_time": 1579.73
      },
      {
        "act": "It's like the way it all comes all cute.",
        "end_time": 1585.44,
        "is_in_ext_summ": false,
        "start_time": 1583.73
      },
      {
        "act": "Yeah.",
        "end_time": 1584.04,
        "is_in_ext_summ": false,
        "start_time": 1583.76
      }
    ],
    [
      {
        "act": "components concept. Energy, chip on print.",
        "end_time": 1596.66,
        "is_in_ext_summ": true,
        "start_time": 1591.61
      },
      {
        "act": "Uh-hu oh, oh yes.",
        "end_time": 1597.61,
        "is_in_ext_summ": false,
        "start_time": 1595.47
      }
    ],
    [
      {
        "act": "can you just explain what that is real quick?",
        "end_time": 1606.07,
        "is_in_ext_summ": true,
        "start_time": 1604.56
      },
      {
        "act": "Alright,",
        "end_time": 1605.1,
        "is_in_ext_summ": false,
        "start_time": 1604.42
      }
    ],
    [
      {
        "act": "deci decisions on energy I'm thinking is based on the battery.",
        "end_time": 1612.47,
        "is_in_ext_summ": false,
        "start_time": 1608.26
      },
      {
        "act": "Um I dunno,",
        "end_time": 1614.21,
        "is_in_ext_summ": false,
        "start_time": 1612.47
      }
    ],
    [
      {
        "act": "what do people think about this kinetic battery idea?",
        "end_time": 1617.09,
        "is_in_ext_summ": true,
        "start_time": 1614.21
      },
      {
        "act": "I think it's awesome. I think it's really cool.",
        "end_time": 1619.22,
        "is_in_ext_summ": true,
        "start_time": 1617.19
      },
      {
        "act": "it would t totally take care of our problem of not wanting to change batteries.",
        "end_time": 1627.59,
        "is_in_ext_summ": false,
        "start_time": 1622.79
      },
      {
        "act": "Yeah.",
        "end_time": 1628.52,
        "is_in_ext_summ": false,
        "start_time": 1628.23
      },
      {
        "act": "Yeah, um I think it's good,",
        "end_time": 1629.89,
        "is_in_ext_summ": false,
        "start_time": 1628.81
      }
    ],
    [
      {
        "act": "Yeah.",
        "end_time": 1621.25,
        "is_in_ext_summ": false,
        "start_time": 1620.79
      },
      {
        "act": "Yeah,",
        "end_time": 1621.75,
        "is_in_ext_summ": false,
        "start_time": 1621.32
      }
    ],
    [
      {
        "act": "Costs.",
        "end_time": 1637.71,
        "is_in_ext_summ": false,
        "start_time": 1637.04
      },
      {
        "act": "yeah,",
        "end_time": 1637.8,
        "is_in_ext_summ": false,
        "start_time": 1637.58
      }
    ],
    [
      {
        "act": "I was just given that this is how they're done.",
        "end_time": 1674.37,
        "is_in_ext_summ": false,
        "start_time": 1672.56
      },
      {
        "act": "Okay.",
        "end_time": 1675.65,
        "is_in_ext_summ": false,
        "start_time": 1675.01
      }
    ],
    [
      {
        "act": "If they're if they're really options.",
        "end_time": 1686.24,
        "is_in_ext_summ": false,
        "start_time": 1684.76
      },
      {
        "act": "Yeah.",
        "end_time": 1686.96,
        "is_in_ext_summ": false,
        "start_time": 1686.57
      }
    ],
    [
      {
        "act": "But I don't know any decisions on",
        "end_time": 1684.01,
        "is_in_ext_summ": false,
        "start_time": 1682.39
      },
      {
        "act": "Okay.",
        "end_time": 1688.88,
        "is_in_ext_summ": false,
        "start_time": 1688.59
      }
    ],
    [
      {
        "act": "Al all circuit boards are pretty much the same, I think.",
        "end_time": 1691.33,
        "is_in_ext_summ": true,
        "start_time": 1688.8
      },
      {
        "act": "Yeah.",
        "end_time": 1693.25,
        "is_in_ext_summ": false,
        "start_time": 1693.0
      }
    ],
    [
      {
        "act": "I guess maybe if we decided on like a simple, a regular, or an advanced chip, maybe.",
        "end_time": 1706.32,
        "is_in_ext_summ": true,
        "start_time": 1701.57
      },
      {
        "act": "Right.",
        "end_time": 1705.86,
        "is_in_ext_summ": false,
        "start_time": 1705.12
      }
    ],
    [
      {
        "act": "Do we want a scroll wheel,",
        "end_time": 1731.1,
        "is_in_ext_summ": true,
        "start_time": 1730.0
      },
      {
        "act": "I mean it might be nice for changing the volume.",
        "end_time": 1742.42,
        "is_in_ext_summ": false,
        "start_time": 1739.45
      },
      {
        "act": "It would be nice for changing the volume,",
        "end_time": 1743.59,
        "is_in_ext_summ": true,
        "start_time": 1742.29
      },
      {
        "act": "but I don't know how useful it'd be for changing the channel.",
        "end_time": 1746.38,
        "is_in_ext_summ": true,
        "start_time": 1743.59
      },
      {
        "act": "I don't think it would really work.",
        "end_time": 1747.58,
        "is_in_ext_summ": false,
        "start_time": 1746.16
      },
      {
        "act": "Yeah,",
        "end_time": 1746.94,
        "is_in_ext_summ": false,
        "start_time": 1746.82
      },
      {
        "act": "and the volume would just be like the same way, forward and backward as I'm just thinking like it would make it much like sleeker sort of looking.",
        "end_time": 1773.47,
        "is_in_ext_summ": true,
        "start_time": 1764.03
      },
      {
        "act": "But if you c if you could scroll through the channels, and then the volume would just be",
        "end_time": 1762.54,
        "is_in_ext_summ": false,
        "start_time": 1757.77
      },
      {
        "act": "Yeah.",
        "end_time": 1773.13,
        "is_in_ext_summ": false,
        "start_time": 1772.69
      }
    ],
    [
      {
        "act": "'Cause you don't have control over numbers",
        "end_time": 1748.33,
        "is_in_ext_summ": false,
        "start_time": 1746.38
      },
      {
        "act": "Yeah,",
        "end_time": 1749.32,
        "is_in_ext_summ": false,
        "start_time": 1749.03
      }
    ],
    [
      {
        "act": "or do we just want pushbuttons?",
        "end_time": 1732.64,
        "is_in_ext_summ": false,
        "start_time": 1731.1
      },
      {
        "act": "it's gonna inevitably sort of start looking like those group of sort of ugly ones that we saw stacked up.",
        "end_time": 1785.84,
        "is_in_ext_summ": false,
        "start_time": 1778.71
      }
    ],
    [
      {
        "act": "have a scroll for volume?",
        "end_time": 1790.48,
        "is_in_ext_summ": false,
        "start_time": 1788.49
      },
      {
        "act": "I think yeah, I think a scroll wheel would be nice,",
        "end_time": 1805.12,
        "is_in_ext_summ": true,
        "start_time": 1802.45
      },
      {
        "act": "but it's not necessary. Um",
        "end_time": 1807.19,
        "is_in_ext_summ": true,
        "start_time": 1805.12
      },
      {
        "act": "Right.",
        "end_time": 1807.55,
        "is_in_ext_summ": false,
        "start_time": 1806.71
      }
    ],
    [
      {
        "act": "and maybe we could table that decision for later.",
        "end_time": 1812.7,
        "is_in_ext_summ": false,
        "start_time": 1810.74
      },
      {
        "act": "I don't know.",
        "end_time": 1814.84,
        "is_in_ext_summ": false,
        "start_time": 1814.22
      }
    ],
    [
      {
        "act": "I think when we go on to the une userface, we're gonna have to decide the interface we're gonna have to decide um whether we're gonna have a scroll or not.",
        "end_time": 1825.09,
        "is_in_ext_summ": false,
        "start_time": 1818.48
      },
      {
        "act": "Okay.",
        "end_time": 1823.06,
        "is_in_ext_summ": false,
        "start_time": 1822.65
      }
    ],
    [
      {
        "act": "let's think about that while we talk about the case.",
        "end_time": 1827.81,
        "is_in_ext_summ": false,
        "start_time": 1825.36
      },
      {
        "act": "Okay,",
        "end_time": 1827.59,
        "is_in_ext_summ": false,
        "start_time": 1827.4
      }
    ],
    [
      {
        "act": "because I'm worried about protecting the stuff on the inside.",
        "end_time": 1838.6,
        "is_in_ext_summ": false,
        "start_time": 1836.54
      },
      {
        "act": "Okay.",
        "end_time": 1839.52,
        "is_in_ext_summ": false,
        "start_time": 1839.11
      }
    ],
    [
      {
        "act": "could it be hard, and then something around it?",
        "end_time": 1843.19,
        "is_in_ext_summ": true,
        "start_time": 1840.68
      },
      {
        "act": "Uh yeah,",
        "end_time": 1842.67,
        "is_in_ext_summ": false,
        "start_time": 1842.01
      },
      {
        "act": "Yeah,",
        "end_time": 1843.38,
        "is_in_ext_summ": false,
        "start_time": 1843.27
      },
      {
        "act": "I would be more okay with like a titanium actual thing and then maybe like a mobile phone kind of thing.",
        "end_time": 1848.61,
        "is_in_ext_summ": true,
        "start_time": 1843.38
      }
    ],
    [
      {
        "act": "what I've seen, just not related to this, but of latex cases before, is that there's uh like a hard plastic inside, and it's just covered with the latex.",
        "end_time": 1859.42,
        "is_in_ext_summ": true,
        "start_time": 1848.22
      },
      {
        "act": "Okay.",
        "end_time": 1859.22,
        "is_in_ext_summ": false,
        "start_time": 1858.65
      }
    ],
    [
      {
        "act": "Not too thick a layer of latex, just enough to be grippable, like bike handles or or anything that you've seen like that.",
        "end_time": 1866.05,
        "is_in_ext_summ": false,
        "start_time": 1859.42
      },
      {
        "act": "Okay.",
        "end_time": 1863.17,
        "is_in_ext_summ": false,
        "start_time": 1862.84
      }
    ],
    [
      {
        "act": "I think that that's done for us.",
        "end_time": 1871.77,
        "is_in_ext_summ": false,
        "start_time": 1870.32
      },
      {
        "act": "Okay.",
        "end_time": 1873.46,
        "is_in_ext_summ": false,
        "start_time": 1871.89
      },
      {
        "act": "'Kay. Yeah.",
        "end_time": 1873.41,
        "is_in_ext_summ": false,
        "start_time": 1872.73
      }
    ],
    [
      {
        "act": "we uh we do want latex.",
        "end_time": 1875.41,
        "is_in_ext_summ": false,
        "start_time": 1873.71
      },
      {
        "act": "Yeah.",
        "end_time": 1876.0,
        "is_in_ext_summ": false,
        "start_time": 1875.83
      },
      {
        "act": "Yeah.",
        "end_time": 1876.4,
        "is_in_ext_summ": false,
        "start_time": 1876.23
      },
      {
        "act": "Okay.",
        "end_time": 1877.92,
        "is_in_ext_summ": false,
        "start_time": 1877.65
      }
    ],
    [
      {
        "act": "Um and probably in colours, maybe fruity, vegetable colours.",
        "end_time": 1884.8,
        "is_in_ext_summ": true,
        "start_time": 1880.19
      },
      {
        "act": "Yeah.",
        "end_time": 1885.68,
        "is_in_ext_summ": false,
        "start_time": 1885.42
      }
    ],
    [
      {
        "act": "yeah?",
        "end_time": 1898.49,
        "is_in_ext_summ": false,
        "start_time": 1897.72
      },
      {
        "act": "I'm thinking curved of some sort.",
        "end_time": 1904.48,
        "is_in_ext_summ": false,
        "start_time": 1902.21
      },
      {
        "act": "Yeah.",
        "end_time": 1904.13,
        "is_in_ext_summ": false,
        "start_time": 1903.8
      },
      {
        "act": "Yeah, okay.",
        "end_time": 1906.48,
        "is_in_ext_summ": false,
        "start_time": 1904.23
      },
      {
        "act": "Yeah.",
        "end_time": 1904.8,
        "is_in_ext_summ": false,
        "start_time": 1904.45
      }
    ],
    [
      {
        "act": "we don't really know what the difference is,",
        "end_time": 1901.8,
        "is_in_ext_summ": false,
        "start_time": 1900.67
      },
      {
        "act": "We don't really know what the difference",
        "end_time": 1907.65,
        "is_in_ext_summ": false,
        "start_time": 1906.48
      }
    ],
    [
      {
        "act": "right?",
        "end_time": 1918.82,
        "is_in_ext_summ": false,
        "start_time": 1917.87
      },
      {
        "act": "Yep.",
        "end_time": 1919.82,
        "is_in_ext_summ": false,
        "start_time": 1918.53
      }
    ],
    [
      {
        "act": "push or scroll,",
        "end_time": 1917.87,
        "is_in_ext_summ": false,
        "start_time": 1915.81
      },
      {
        "act": "Um And I think if we wanna keep our costs down, we should just go for pushbuttons,",
        "end_time": 1926.7,
        "is_in_ext_summ": true,
        "start_time": 1919.82
      },
      {
        "act": "and it's simpler,",
        "end_time": 1930.58,
        "is_in_ext_summ": false,
        "start_time": 1928.88
      },
      {
        "act": "it's it's cheaper to make pushbuttons than it is a scroll button.",
        "end_time": 1934.13,
        "is_in_ext_summ": false,
        "start_time": 1930.58
      },
      {
        "act": "So in terms of uh in terms of uh economics it's probably better to have pushbuttons.",
        "end_time": 1939.4,
        "is_in_ext_summ": false,
        "start_time": 1934.13
      },
      {
        "act": "Good point.",
        "end_time": 1934.28,
        "is_in_ext_summ": false,
        "start_time": 1933.75
      },
      {
        "act": "I say pushbuttons at least unless we get any information",
        "end_time": 1962.89,
        "is_in_ext_summ": false,
        "start_time": 1958.93
      }
    ],
    [
      {
        "act": "And if we had a sc an on-screen um kind of thing that you could scroll through, like you can use your buttons to scroll through things.",
        "end_time": 1949.11,
        "is_in_ext_summ": false,
        "start_time": 1940.94
      },
      {
        "act": "Yeah, yeah,",
        "end_time": 1948.48,
        "is_in_ext_summ": false,
        "start_time": 1947.69
      },
      {
        "act": "it's uh it's it's fairly simple.",
        "end_time": 1950.62,
        "is_in_ext_summ": false,
        "start_time": 1948.48
      },
      {
        "act": "yeah.",
        "end_time": 1951.17,
        "is_in_ext_summ": false,
        "start_time": 1950.66
      }
    ],
    [
      {
        "act": "For channel surfing I think a scroll an actual like an iPod's kind of scroll thing would be too fast,",
        "end_time": 1957.31,
        "is_in_ext_summ": true,
        "start_time": 1951.17
      },
      {
        "act": "I dunno.",
        "end_time": 1957.81,
        "is_in_ext_summ": false,
        "start_time": 1957.31
      },
      {
        "act": "Yeah.",
        "end_time": 1958.93,
        "is_in_ext_summ": false,
        "start_time": 1956.92
      }
    ],
    [
      {
        "act": "but it's gotta be some more expensive,",
        "end_time": 1969.26,
        "is_in_ext_summ": false,
        "start_time": 1967.27
      },
      {
        "act": "Yeah.",
        "end_time": 1970.23,
        "is_in_ext_summ": false,
        "start_time": 1969.98
      }
    ],
    [
      {
        "act": "I think it might be better to put our money into the stuff like the kinetic battery and the cool case",
        "end_time": 1976.71,
        "is_in_ext_summ": true,
        "start_time": 1970.18
      },
      {
        "act": "Mm-hmm.",
        "end_time": 1977.57,
        "is_in_ext_summ": false,
        "start_time": 1976.33
      },
      {
        "act": "Yeah.",
        "end_time": 1977.84,
        "is_in_ext_summ": false,
        "start_time": 1977.01
      }
    ],
    [
      {
        "act": "Is that okay with you?",
        "end_time": 1978.54,
        "is_in_ext_summ": false,
        "start_time": 1977.57
      },
      {
        "act": "Yeah.",
        "end_time": 1979.49,
        "is_in_ext_summ": false,
        "start_time": 1978.99
      }
    ],
    [
      {
        "act": "and then supplements,",
        "end_time": 2000.39,
        "is_in_ext_summ": true,
        "start_time": 1998.99
      },
      {
        "act": "Uh what do you mean by supplements, exactly?",
        "end_time": 2004.78,
        "is_in_ext_summ": false,
        "start_time": 2002.68
      },
      {
        "act": "Um I assume that's what else we're gonna like h ha the um the additional buttons we can use.",
        "end_time": 2012.63,
        "is_in_ext_summ": false,
        "start_time": 2005.44
      },
      {
        "act": "Oh.",
        "end_time": 2013.97,
        "is_in_ext_summ": false,
        "start_time": 2013.63
      }
    ],
    [
      {
        "act": "So we're gonna have like a menu button,",
        "end_time": 2016.04,
        "is_in_ext_summ": true,
        "start_time": 2013.72
      },
      {
        "act": "Yep.",
        "end_time": 2016.22,
        "is_in_ext_summ": false,
        "start_time": 2015.88
      }
    ],
    [
      {
        "act": "so that we can access on-screen things then?",
        "end_time": 2018.81,
        "is_in_ext_summ": false,
        "start_time": 2016.04
      },
      {
        "act": "Yeah.",
        "end_time": 2018.33,
        "is_in_ext_summ": false,
        "start_time": 2018.12
      },
      {
        "act": "Alright.",
        "end_time": 2019.28,
        "is_in_ext_summ": false,
        "start_time": 2019.05
      },
      {
        "act": "Okay,",
        "end_time": 2019.05,
        "is_in_ext_summ": false,
        "start_time": 2018.81
      }
    ],
    [
      {
        "act": "what are what are our buttons gonna be?",
        "end_time": 2023.08,
        "is_in_ext_summ": false,
        "start_time": 2021.31
      },
      {
        "act": "On off",
        "end_time": 2023.97,
        "is_in_ext_summ": false,
        "start_time": 2023.08
      },
      {
        "act": "Yeah. On off,",
        "end_time": 2024.84,
        "is_in_ext_summ": false,
        "start_time": 2021.46
      },
      {
        "act": "uh volume, favourite channels, uh and menu.",
        "end_time": 2030.92,
        "is_in_ext_summ": true,
        "start_time": 2024.84
      }
    ],
    [
      {
        "act": "So like one through five, or",
        "end_time": 2031.07,
        "is_in_ext_summ": false,
        "start_time": 2028.92
      },
      {
        "act": "Yeah, yeah",
        "end_time": 2031.79,
        "is_in_ext_summ": false,
        "start_time": 2030.92
      }
    ],
    [
      {
        "act": "Like a radio type sorta situation?",
        "end_time": 2033.85,
        "is_in_ext_summ": false,
        "start_time": 2031.01
      },
      {
        "act": "yeah like yeah, a bit like radio presets. Um",
        "end_time": 2036.37,
        "is_in_ext_summ": false,
        "start_time": 2033.2
      }
    ],
    [
      {
        "act": "right?",
        "end_time": 2042.0,
        "is_in_ext_summ": false,
        "start_time": 2041.56
      },
      {
        "act": "Uh we wouldn't even need the numbers.",
        "end_time": 2043.69,
        "is_in_ext_summ": false,
        "start_time": 2041.59
      },
      {
        "act": "No.",
        "end_time": 2043.16,
        "is_in_ext_summ": false,
        "start_time": 2042.7
      },
      {
        "act": "oh",
        "end_time": 2049.0,
        "is_in_ext_summ": false,
        "start_time": 2048.88
      }
    ],
    [
      {
        "act": "and then we're gonna need um numbers one through zero,",
        "end_time": 2041.56,
        "is_in_ext_summ": false,
        "start_time": 2037.77
      },
      {
        "act": "I think maybe numbers seems is kind of old-fashioned.",
        "end_time": 2047.81,
        "is_in_ext_summ": true,
        "start_time": 2045.17
      }
    ],
    [
      {
        "act": "I guess you can just hold it down when you get to one when you're scrolling through.",
        "end_time": 2052.86,
        "is_in_ext_summ": false,
        "start_time": 2049.0
      },
      {
        "act": "Yeah, yeah,",
        "end_time": 2051.25,
        "is_in_ext_summ": false,
        "start_time": 2050.49
      }
    ],
    [
      {
        "act": "and you need some kind of, I dunno, sort of up down kind of button,",
        "end_time": 2056.62,
        "is_in_ext_summ": false,
        "start_time": 2052.65
      },
      {
        "act": "Yeah, up down.",
        "end_time": 2057.33,
        "is_in_ext_summ": false,
        "start_time": 2056.41
      },
      {
        "act": "Mm.",
        "end_time": 2052.06,
        "is_in_ext_summ": false,
        "start_time": 2051.82
      }
    ],
    [
      {
        "act": "but the volume control could double for that, for example.",
        "end_time": 2059.97,
        "is_in_ext_summ": false,
        "start_time": 2056.62
      },
      {
        "act": "Mm-hmm.",
        "end_time": 2062.14,
        "is_in_ext_summ": false,
        "start_time": 2060.11
      }
    ],
    [
      {
        "act": "and you two are going to work together on a prototype using modelling clay.",
        "end_time": 2074.56,
        "is_in_ext_summ": true,
        "start_time": 2071.0
      },
      {
        "act": "Ooh.",
        "end_time": 2079.36,
        "is_in_ext_summ": false,
        "start_time": 2075.15
      },
      {
        "act": "Cool.",
        "end_time": 2079.29,
        "is_in_ext_summ": false,
        "start_time": 2075.56
      },
      {
        "act": "Wow.",
        "end_time": 2077.81,
        "is_in_ext_summ": false,
        "start_time": 2077.39
      }
    ],
    [
      {
        "act": "Let's go with a simple chip?",
        "end_time": 2081.49,
        "is_in_ext_summ": true,
        "start_time": 2079.47
      },
      {
        "act": "Simple chip.",
        "end_time": 2081.51,
        "is_in_ext_summ": false,
        "start_time": 2080.86
      },
      {
        "act": "Okay.",
        "end_time": 2081.79,
        "is_in_ext_summ": false,
        "start_time": 2081.49
      },
      {
        "act": "Yep.",
        "end_time": 2081.77,
        "is_in_ext_summ": false,
        "start_time": 2081.48
      }
    ],
    [
      {
        "act": "these are already in our shared folder, so.",
        "end_time": 2092.78,
        "is_in_ext_summ": false,
        "start_time": 2089.98
      },
      {
        "act": "Okay, cool.",
        "end_time": 2092.1,
        "is_in_ext_summ": false,
        "start_time": 2091.4
      }
    ]
  ],
  "ap_meta": {
    "far_than_3s": 34,
    "total": 335,
    "total_sequences": 115,
    "values": [
      [
        3,
        298.77
      ],
      [
        4,
        369.05
      ],
      [
        5,
        424.26
      ],
      [
        14,
        718.26
      ],
      [
        15,
        858.78
      ],
      [
        16,
        833.77
      ],
      [
        16,
        870.45
      ],
      [
        19,
        904.77
      ],
      [
        20,
        909.85
      ],
      [
        24,
        948.39
      ],
      [
        27,
        1175.15
      ],
      [
        28,
        1166.55
      ],
      [
        30,
        1284.31
      ],
      [
        30,
        1300.46
      ],
      [
        32,
        1248.34
      ],
      [
        41,
        1378.65
      ],
      [
        42,
        1380.78
      ],
      [
        43,
        1392.14
      ],
      [
        51,
        1441.65
      ],
      [
        56,
        1496.73
      ],
      [
        63,
        1550.87
      ],
      [
        65,
        1574.5
      ],
      [
        70,
        1619.22
      ],
      [
        75,
        1684.01
      ],
      [
        78,
        1731.1
      ],
      [
        78,
        1746.94
      ],
      [
        78,
        1762.54
      ],
      [
        80,
        1732.64
      ],
      [
        81,
        1790.48
      ],
      [
        92,
        1898.49
      ],
      [
        93,
        1901.8
      ],
      [
        95,
        1934.28
      ],
      [
        107,
        2043.16
      ],
      [
        108,
        2041.56
      ]
    ]
  },
  "args": [
    [
      {
        "act": "So you'd be advocating an L_C_D_ then?",
        "ae_type": "Yes/No issue",
        "end_time": 858.78,
        "speaker_id": "B",
        "start_time": 856.79
      },
      {
        "act": "I think that's that's one way to go, yes.",
        "ae_type": "Statement",
        "end_time": 863.67,
        "speaker_id": "C",
        "start_time": 860.38
      },
      {
        "act": "Um I mean there are there are advantages and disadvantages if you if you have an L_C_D_ display, it's it's nice, because it's it it lets you just sort of sit there and st and control your television from your armchair.",
        "ae_type": "Statement",
        "end_time": 876.17,
        "speaker_id": "C",
        "start_time": 863.67
      },
      {
        "act": "Okay.",
        "ae_type": "Statement",
        "end_time": 864.02,
        "speaker_id": "B",
        "start_time": 863.64
      },
      {
        "act": "There are disadvantages, an an L_C_D_ display would have to be quite small, 'cause we're we're I well we're I assume we're gonna be making quite a small device. Um it would also have to have uh a kind of backlighting in it, 'cause you ten you tend to watch T_V_ in the dark, but you need to be able to see your L_D_D_ L_C_D_ display.",
        "ae_type": "Statement",
        "end_time": 896.78,
        "speaker_id": "C",
        "start_time": 877.28
      },
      {
        "act": "Right.",
        "ae_type": "Statement",
        "end_time": 882.28,
        "speaker_id": "B",
        "start_time": 881.92
      },
      {
        "act": "a bit like a bit like how they have these um digital boxes where you you press the buttons and it comes up with your this thing of watch lo what's on each channel. I mean that that's also a good idea. It's it can it does have it's problems as well, if you've got a small T_V_ and you're sitting on the other side of a room, it's hard to read the little text that comes up.",
        "ae_type": "Statement",
        "end_time": 924.01,
        "speaker_id": "C",
        "start_time": 905.99
      },
      {
        "act": "Okay.",
        "ae_type": "Statement",
        "end_time": 915.31,
        "speaker_id": "B",
        "start_time": 914.83
      },
      {
        "act": "Uh but that's a that's a design decision that we can make.",
        "ae_type": "Statement",
        "end_time": 928.12,
        "speaker_id": "C",
        "start_time": 925.2
      },
      {
        "act": "'Kay.",
        "ae_type": "Statement",
        "end_time": 928.98,
        "speaker_id": "B",
        "start_time": 928.65
      }
    ],
    [
      {
        "act": "Um do you have any ideas how to possibly use these? Um how to how to use a fruit or vegetable or um or the spongy material at all? Like could we make a s like could we make a spongy remote? It would be easier on the hands.",
        "ae_type": "Open issue",
        "end_time": 1284.31,
        "speaker_id": "A",
        "start_time": 1268.64
      },
      {
        "act": "If it's latex if it's latexy",
        "ae_type": "Statement",
        "end_time": 1285.9,
        "speaker_id": "B",
        "start_time": 1283.41
      },
      {
        "act": "It's kind of and then it we would have to find a way to protect like the chip and all that, I dunno. But",
        "ae_type": "Statement",
        "end_time": 1291.86,
        "speaker_id": "A",
        "start_time": 1285.94
      },
      {
        "act": "An uh I if th my understanding of a latex case is that it's in fact hard to protect stuff inside, but that it's covered with the latex, which is spongier and softer on your hands.",
        "ae_type": "Statement",
        "end_time": 1302.45,
        "speaker_id": "B",
        "start_time": 1291.56
      },
      {
        "act": "R_ R_ repetitive stress injuries and things and and",
        "ae_type": "Statement",
        "end_time": 1314.14,
        "speaker_id": "B",
        "start_time": 1310.28
      },
      {
        "act": "Yeah.",
        "ae_type": "Statement",
        "end_time": 1313.41,
        "speaker_id": "C",
        "start_time": 1313.14
      },
      {
        "act": "Yeah, something grippable, I mean we don't we don't we don't wanna go spongy, maybe. Yeah.",
        "ae_type": "Weak statement",
        "end_time": 1325.13,
        "speaker_id": "B",
        "start_time": 1314.69
      },
      {
        "act": "Yeah, so something, m m instead of a necess yeah, grip, I'm thinking grip more than like sinking into your hands, you know, i and I think I'm envisioning more like, you know, the material that you have when you sit on like a bicycle, so that it doesn't hurt when you're sitting down for a long time, like I'm imagining that sort of thing, I don't know what th that material's called.",
        "ae_type": "Statement",
        "end_time": 1334.83,
        "speaker_id": "D",
        "start_time": 1314.97
      },
      {
        "act": "Yeah. Yeah.",
        "ae_type": "Statement",
        "end_time": 1323.24,
        "speaker_id": "C",
        "start_time": 1321.64
      },
      {
        "act": "Yeah, I think that given the list of materials I w I was forwarded it's that seems doable.",
        "ae_type": "Statement",
        "end_time": 1339.06,
        "speaker_id": "B",
        "start_time": 1333.43
      },
      {
        "act": "could we go in fruit and vegetable colours?",
        "ae_type": "Yes/No issue",
        "end_time": 1342.33,
        "speaker_id": "B",
        "start_time": 1340.13
      },
      {
        "act": "We could colour-co-ordinate them, li",
        "ae_type": "Statement",
        "end_time": 1344.88,
        "speaker_id": "B",
        "start_time": 1342.33
      },
      {
        "act": "um couple main ones being like, I dunno, lemons or strawberries or something.",
        "ae_type": "Statement",
        "end_time": 1351.24,
        "speaker_id": "A",
        "start_time": 1346.45
      },
      {
        "act": "The buttons could be fruit-shaped. Oh well it's quite easy to s shape thing like carrot isn't it? Or maybe the buttons could be shaped like different fruits.",
        "ae_type": "Statement",
        "end_time": 1367.93,
        "speaker_id": "B",
        "start_time": 1351.11
      },
      {
        "act": "Could they be smelly?",
        "ae_type": "Yes/No issue",
        "end_time": 1353.2,
        "speaker_id": "A",
        "start_time": 1352.05
      },
      {
        "act": "I Is it supposed to be shaped like a vegetable? Uh like uh I dunno, like uh carrots or something.",
        "ae_type": "Statement",
        "end_time": 1360.71,
        "speaker_id": "C",
        "start_time": 1353.43
      },
      {
        "act": "I don't know.",
        "ae_type": "Statement",
        "end_time": 1359.32,
        "speaker_id": "A",
        "start_time": 1358.11
      },
      {
        "act": "Or carrot shaped, mm.",
        "ae_type": "Statement",
        "end_time": 1364.03,
        "speaker_id": "A",
        "start_time": 1361.35
      },
      {
        "act": "Like large button, that's what I was thinking of, yeah.",
        "ae_type": "Statement",
        "end_time": 1368.03,
        "speaker_id": "A",
        "start_time": 1366.08
      },
      {
        "act": "What about the idea of like a round remote?",
        "ae_type": "Open issue",
        "end_time": 1370.54,
        "speaker_id": "D",
        "start_time": 1368.66
      },
      {
        "act": "Instead of like a vertical up and down one. Like in terms of holding it. Like that's a f shape of a fruit. Just to tie it in a little.",
        "ae_type": "Statement",
        "end_time": 1379.3,
        "speaker_id": "D",
        "start_time": 1370.54
      },
      {
        "act": "be yeah. It'd be harder to f bu uh buttons I think. It'd be harder to press button.",
        "ae_type": "Statement",
        "end_time": 1386.9,
        "speaker_id": "B",
        "start_time": 1375.3
      },
      {
        "act": "Kind of like a potato.",
        "ae_type": "Statement",
        "end_time": 1373.81,
        "speaker_id": "C",
        "start_time": 1372.82
      },
      {
        "act": "Yeah.",
        "ae_type": "Statement",
        "end_time": 1378.65,
        "speaker_id": "C",
        "start_time": 1378.3
      }
    ],
    [
      {
        "act": "When you when you use a remote, do you press the buttons with your thumb, usually?",
        "ae_type": "Yes/No issue",
        "end_time": 1390.49,
        "speaker_id": "C",
        "start_time": 1387.07
      },
      {
        "act": "Yeah.",
        "ae_type": "Statement",
        "end_time": 1392.14,
        "speaker_id": "D",
        "start_time": 1391.45
      },
      {
        "act": "Or your fingers?",
        "ae_type": "A/B issue",
        "end_time": 1392.46,
        "speaker_id": "C",
        "start_time": 1391.8
      },
      {
        "act": "I usually hold it in one hand. Maybe",
        "ae_type": "Statement",
        "end_time": 1395.58,
        "speaker_id": "A",
        "start_time": 1393.72
      },
      {
        "act": "Or maybe you want something that's shaped like a mobile phone, so you you hold it in one hand, and you press the buttons with your thumb.",
        "ae_type": "Statement",
        "end_time": 1402.13,
        "speaker_id": "C",
        "start_time": 1396.33
      },
      {
        "act": "Yeah, that's ts how I tend to do it.",
        "ae_type": "Statement",
        "end_time": 1403.55,
        "speaker_id": "B",
        "start_time": 1401.32
      },
      {
        "act": "But then the buttons would have to be very small. Don't you think?",
        "ae_type": "Yes/No issue",
        "end_time": 1405.0,
        "speaker_id": "A",
        "start_time": 1401.33
      },
      {
        "act": "Yeah, 'cause otherwise your fingers can't move around. But I like i",
        "ae_type": "Statement",
        "end_time": 1408.2,
        "speaker_id": "D",
        "start_time": 1404.29
      },
      {
        "act": "No just thumb-sized. Jus",
        "ae_type": "Statement",
        "end_time": 1407.66,
        "speaker_id": "B",
        "start_time": 1404.65
      },
      {
        "act": "But I mean in order to get to all of them, you know.",
        "ae_type": "Statement",
        "end_time": 1410.04,
        "speaker_id": "A",
        "start_time": 1407.37
      },
      {
        "act": "Yeah.",
        "ae_type": "Statement",
        "end_time": 1410.09,
        "speaker_id": "C",
        "start_time": 1409.63
      },
      {
        "act": "Yeah.",
        "ae_type": "Statement",
        "end_time": 1410.83,
        "speaker_id": "B",
        "start_time": 1410.45
      },
      {
        "act": "They would have to be within a certain amount of space with each other.",
        "ae_type": "Statement",
        "end_time": 1413.57,
        "speaker_id": "A",
        "start_time": 1410.86
      },
      {
        "act": "Maybe. But if you've only got like four or five buttons anyway, then it's it's not so much a problem, perhaps.",
        "ae_type": "Weak statement",
        "end_time": 1417.9,
        "speaker_id": "C",
        "start_time": 1411.41
      },
      {
        "act": "That's true.",
        "ae_type": "Statement",
        "end_time": 1412.79,
        "speaker_id": "B",
        "start_time": 1412.19
      },
      {
        "act": "I When I'm when I'm pressing buttons on my iPod, that's how I do it, hold it and press the four. Yeah.",
        "ae_type": "Statement",
        "end_time": 1424.22,
        "speaker_id": "B",
        "start_time": 1417.71
      },
      {
        "act": "So you hold it in one hand and you press you press the buttons with your thumb and",
        "ae_type": "Yes/No issue",
        "end_time": 1427.32,
        "speaker_id": "C",
        "start_time": 1422.23
      },
      {
        "act": "Yeah, or in and use my thumb or my pointer finger on the touch scroll wheel.",
        "ae_type": "Statement",
        "end_time": 1430.63,
        "speaker_id": "B",
        "start_time": 1425.96
      },
      {
        "act": "And you find that works quite well?",
        "ae_type": "Yes/No issue",
        "end_time": 1432.14,
        "speaker_id": "C",
        "start_time": 1430.85
      },
      {
        "act": "I love the idea of the wheel like the iPod.",
        "ae_type": "Statement",
        "end_time": 1436.27,
        "speaker_id": "D",
        "start_time": 1430.93
      },
      {
        "act": "Yeah",
        "ae_type": "Statement",
        "end_time": 1432.65,
        "speaker_id": "B",
        "start_time": 1432.3
      },
      {
        "act": "Is that The button on an iPod, is it what is it, is it just four buttons or is it li more like a scroll thing?",
        "ae_type": "A/B issue",
        "end_time": 1442.41,
        "speaker_id": "C",
        "start_time": 1436.12
      },
      {
        "act": "It's like five, 'cause there's one in the middle.",
        "ae_type": "Statement",
        "end_time": 1442.83,
        "speaker_id": "D",
        "start_time": 1440.6
      },
      {
        "act": "It's a scroll, yeah, it's a wheel.",
        "ae_type": "Statement",
        "end_time": 1442.85,
        "speaker_id": "A",
        "start_time": 1441.18
      },
      {
        "act": "It wel well yeah, it would I mean each version of it has been a little bit different, but",
        "ae_type": "Statement",
        "end_time": 1447.94,
        "speaker_id": "B",
        "start_time": 1441.89
      },
      {
        "act": "The one I have doesn't have the four on i like around it, I don't think.",
        "ae_type": "Statement",
        "end_time": 1452.16,
        "speaker_id": "A",
        "start_time": 1447.32
      },
      {
        "act": "Oh yeah, you had one of the in-between ones, when they weren't doing that anymore.",
        "ae_type": "Statement",
        "end_time": 1453.97,
        "speaker_id": "B",
        "start_time": 1450.87
      },
      {
        "act": "Ts and you press the centre button, that's that's your all-purpose select button right there.",
        "ae_type": "Statement",
        "end_time": 1471.77,
        "speaker_id": "B",
        "start_time": 1467.06
      },
      {
        "act": "Right.",
        "ae_type": "Statement",
        "end_time": 1467.8,
        "speaker_id": "C",
        "start_time": 1467.52
      },
      {
        "act": "Oh, I see, right, yeah. Oh, okay. Yeah, that's quite a good design.",
        "ae_type": "Statement",
        "end_time": 1474.25,
        "speaker_id": "C",
        "start_time": 1469.62
      },
      {
        "act": "Since it's the one in the centre that's not marked, yeah.",
        "ae_type": "Statement",
        "end_time": 1475.1,
        "speaker_id": "B",
        "start_time": 1472.71
      },
      {
        "act": "I think why it would be good for us is 'cause like you could have the same wheel sort of effect for like channel flipping and then the other one could be like for volume. Like just the idea of like those so few buttons for main things, but then how you could go back to the menu and like, I dunno if we would want it on the screen there or on the actual T_V_. I kind of am wanting to say on the T_V_, 'cause if you're changing the brightness, don't you wanna see it happening, kind of? And then you could still have that available.",
        "ae_type": "Statement",
        "end_time": 1503.88,
        "speaker_id": "D",
        "start_time": 1476.99
      },
      {
        "act": "Yeah.",
        "ae_type": "Statement",
        "end_time": 1483.82,
        "speaker_id": "B",
        "start_time": 1483.46
      }
    ],
    [
      {
        "act": "Um oh bu I guess maybe if we decided on like a simple, a regular, or an advanced chip, maybe.",
        "ae_type": "A/B issue",
        "end_time": 1706.32,
        "speaker_id": "A",
        "start_time": 1699.82
      },
      {
        "act": "Right. Well okay, here's the here's the thing on the chips that I that I got. Um simple, regular, advanced chip on print. The chip on print includes an infrared sensor, so we don't have to worry about that.",
        "ae_type": "Statement",
        "end_time": 1716.39,
        "speaker_id": "B",
        "start_time": 1705.12
      },
      {
        "act": "'kay, the pushbutton if we're gonna have pushbuttons, they require a simple chip, but a scroll wheel requires a regular chip, and an L_C_D_ requires advanced. Do we want a scroll wheel, or do we just want pushbuttons?",
        "ae_type": "A/B issue",
        "end_time": 1732.64,
        "speaker_id": "B",
        "start_time": 1719.35
      },
      {
        "act": "I don't think we ne really need the scroll whe wheel. I mean it might be nice for changing the volume.",
        "ae_type": "Statement",
        "end_time": 1742.42,
        "speaker_id": "C",
        "start_time": 1737.04
      },
      {
        "act": "It would be nice for changing the volume, but I don't know how useful it'd be for changing the channel. 'Cause you don't have control over numbers or",
        "ae_type": "Statement",
        "end_time": 1749.04,
        "speaker_id": "A",
        "start_time": 1742.29
      },
      {
        "act": "I don't think it would really work.",
        "ae_type": "Statement",
        "end_time": 1747.58,
        "speaker_id": "C",
        "start_time": 1746.16
      },
      {
        "act": "Yeah, you really need buttons for changing a channel.",
        "ae_type": "Statement",
        "end_time": 1751.43,
        "speaker_id": "C",
        "start_time": 1749.03
      },
      {
        "act": "Yeah, th it'd be it'd be handy for going through if there was an on-screen menu of your channel choices, than you can scroll down on the scroll.",
        "ae_type": "Statement",
        "end_time": 1759.64,
        "speaker_id": "B",
        "start_time": 1749.35
      },
      {
        "act": "and the volume would just be like the same way, forward and backward as I'm just thinking like it would make it much like sleeker sort of looking. And otherwise, no matter how may buttons we have, we're gonna have like, you know, black with red sticking out and th no it's gonna inevitably sort of start looking like those group of sort of ugly ones that we saw stacked up.",
        "ae_type": "Statement",
        "end_time": 1785.84,
        "speaker_id": "D",
        "start_time": 1764.03
      },
      {
        "act": "Yeah.",
        "ae_type": "Statement",
        "end_time": 1758.22,
        "speaker_id": "C",
        "start_time": 1758.01
      },
      {
        "act": "Yeah.",
        "ae_type": "Statement",
        "end_time": 1761.66,
        "speaker_id": "B",
        "start_time": 1761.22
      },
      {
        "act": "So, have a scroll for volume?",
        "ae_type": "Yes/No issue",
        "end_time": 1790.48,
        "speaker_id": "A",
        "start_time": 1787.27
      },
      {
        "act": "or for all those secret functions?",
        "ae_type": "A/B issue",
        "end_time": 1793.06,
        "speaker_id": "B",
        "start_time": 1790.93
      },
      {
        "act": "When you get on the on-screen menu of all your functions that your remote could do for you without the buttons and you could have a scroll wheel to go through those menus.",
        "ae_type": "Statement",
        "end_time": 1801.94,
        "speaker_id": "B",
        "start_time": 1793.95
      },
      {
        "act": "I think yeah, I think a scroll wheel would be nice, but it's not necessary.",
        "ae_type": "Statement",
        "end_time": 1806.74,
        "speaker_id": "C",
        "start_time": 1802.45
      },
      {
        "act": "Right. So we could either go with a simple or a regular chip, depending and maybe we could table that decision for later.",
        "ae_type": "Statement",
        "end_time": 1812.7,
        "speaker_id": "B",
        "start_time": 1806.71
      }
    ],
    [
      {
        "act": "Well, let's think about that while we talk about the case.",
        "ae_type": "Statement",
        "end_time": 1827.81,
        "speaker_id": "B",
        "start_time": 1825.27
      },
      {
        "act": "Okay, let's do case.",
        "ae_type": "Statement",
        "end_time": 1828.18,
        "speaker_id": "A",
        "start_time": 1827.4
      },
      {
        "act": "Uh I'm kinda liking the idea of latex, if if spongy is the in thing.",
        "ae_type": "Statement",
        "end_time": 1833.62,
        "speaker_id": "B",
        "start_time": 1828.53
      },
      {
        "act": "Yeah.",
        "ae_type": "Statement",
        "end_time": 1832.2,
        "speaker_id": "C",
        "start_time": 1831.99
      },
      {
        "act": "I'm a little um I'm a little hesitant about it, because I'm worried about protecting the stuff on the inside.",
        "ae_type": "Statement",
        "end_time": 1838.6,
        "speaker_id": "A",
        "start_time": 1834.14
      },
      {
        "act": "Okay.",
        "ae_type": "Statement",
        "end_time": 1839.52,
        "speaker_id": "B",
        "start_time": 1839.11
      },
      {
        "act": "Oh could it be hard, and then something around it?",
        "ae_type": "Yes/No issue",
        "end_time": 1843.19,
        "speaker_id": "D",
        "start_time": 1840.6
      },
      {
        "act": "Uh yeah, everything I've",
        "ae_type": "Statement",
        "end_time": 1843.85,
        "speaker_id": "B",
        "start_time": 1842.01
      },
      {
        "act": "Yeah, I would be more okay with like a titanium actual thing and then maybe like a mobile phone kind of thing.",
        "ae_type": "Statement",
        "end_time": 1848.61,
        "speaker_id": "A",
        "start_time": 1843.27
      },
      {
        "act": "N oh wha what I've what I've seen, just not related to this, but of latex cases before, is that there's uh like a hard plastic inside, and it's just covered with the latex. Not too thick a layer of latex, just enough to be grippable, like bike handles or or anything that you've seen like that. The inside is hard. I don't think we need to worry about protecting the circuit board, I think that that's done for us.",
        "ae_type": "Statement",
        "end_time": 1871.77,
        "speaker_id": "B",
        "start_time": 1846.33
      },
      {
        "act": "Okay.",
        "ae_type": "Statement",
        "end_time": 1859.22,
        "speaker_id": "A",
        "start_time": 1858.65
      },
      {
        "act": "Okay. So we uh we do want latex.",
        "ae_type": "Yes/No issue",
        "end_time": 1875.41,
        "speaker_id": "A",
        "start_time": 1871.89
      },
      {
        "act": "'Kay. Yeah.",
        "ae_type": "Statement",
        "end_time": 1873.41,
        "speaker_id": "C",
        "start_time": 1872.73
      },
      {
        "act": "Yeah.",
        "ae_type": "Statement",
        "end_time": 1876.4,
        "speaker_id": "B",
        "start_time": 1876.23
      },
      {
        "act": "Latex. Um and probably in colours, maybe fruity, vegetable colours.",
        "ae_type": "Statement",
        "end_time": 1884.8,
        "speaker_id": "A",
        "start_time": 1879.38
      },
      {
        "act": "Yeah.",
        "ae_type": "Statement",
        "end_time": 1885.68,
        "speaker_id": "B",
        "start_time": 1885.42
      },
      {
        "act": "Fruity colours. Okay um let's go to the ufe user interface then we'll come back to the chip I suppose.",
        "ae_type": "Statement",
        "end_time": 1896.01,
        "speaker_id": "A",
        "start_time": 1886.36
      },
      {
        "act": "Oh and we want a curved case, yeah? Or a double-curved?",
        "ae_type": "A/B issue",
        "end_time": 1899.75,
        "speaker_id": "B",
        "start_time": 1896.18
      },
      {
        "act": "Well, we don't really know what the difference is, right?",
        "ae_type": "Yes/No issue",
        "end_time": 1902.1,
        "speaker_id": "A",
        "start_time": 1900.54
      },
      {
        "act": "I'm thinking curved of some sort.",
        "ae_type": "Statement",
        "end_time": 1904.48,
        "speaker_id": "D",
        "start_time": 1902.21
      },
      {
        "act": "Yeah.",
        "ae_type": "Statement",
        "end_time": 1904.13,
        "speaker_id": "A",
        "start_time": 1903.8
      },
      {
        "act": "Yeah, okay. We don't really know what the difference",
        "ae_type": "Statement",
        "end_time": 1907.65,
        "speaker_id": "B",
        "start_time": 1904.23
      },
      {
        "act": "Yeah.",
        "ae_type": "Statement",
        "end_time": 1904.8,
        "speaker_id": "C",
        "start_time": 1904.45
      }
    ],
    [
      {
        "act": "Uh what do you mean by supplements, exactly?",
        "ae_type": "Open issue",
        "end_time": 2004.78,
        "speaker_id": "C",
        "start_time": 2002.68
      },
      {
        "act": "Um I assume that's what else we're gonna like h ha the um the additional buttons we can use.",
        "ae_type": "Statement",
        "end_time": 2012.63,
        "speaker_id": "A",
        "start_time": 2005.44
      },
      {
        "act": "So we're gonna have like a menu button, so that we can access on-screen things then? Okay, um so we're doing an on-screen menu that we can scroll through.",
        "ae_type": "Statement",
        "end_time": 2022.33,
        "speaker_id": "A",
        "start_time": 2013.72
      },
      {
        "act": "Yeah.",
        "ae_type": "Statement",
        "end_time": 2018.33,
        "speaker_id": "C",
        "start_time": 2018.12
      },
      {
        "act": "Alright.",
        "ae_type": "Statement",
        "end_time": 2019.28,
        "speaker_id": "B",
        "start_time": 2019.05
      },
      {
        "act": "So what are what are our buttons gonna be? On off",
        "ae_type": "Open issue",
        "end_time": 2023.97,
        "speaker_id": "B",
        "start_time": 2021.11
      },
      {
        "act": "Yeah.",
        "ae_type": "Statement",
        "end_time": 2021.71,
        "speaker_id": "C",
        "start_time": 2021.46
      },
      {
        "act": "On off, uh volume, favourite channels, uh and menu. Yeah, yeah about yeah like yeah, a bit like radio presets. Um",
        "ae_type": "Statement",
        "end_time": 2036.37,
        "speaker_id": "C",
        "start_time": 2024.22
      },
      {
        "act": "So like one through five, or",
        "ae_type": "Statement",
        "end_time": 2031.07,
        "speaker_id": "B",
        "start_time": 2028.92
      },
      {
        "act": "Like a radio type sorta situation?",
        "ae_type": "Yes/No issue",
        "end_time": 2033.85,
        "speaker_id": "D",
        "start_time": 2031.01
      },
      {
        "act": "Pre-set channels and then we're gonna need um numbers one through zero, right?",
        "ae_type": "Yes/No issue",
        "end_time": 2042.0,
        "speaker_id": "A",
        "start_time": 2036.2
      },
      {
        "act": "Uh we wouldn't even need the numbers.",
        "ae_type": "Statement",
        "end_time": 2043.69,
        "speaker_id": "C",
        "start_time": 2041.59
      },
      {
        "act": "No.",
        "ae_type": "Statement",
        "end_time": 2043.16,
        "speaker_id": "B",
        "start_time": 2042.7
      },
      {
        "act": "I think maybe numbers seems is kind of old-fashioned.",
        "ae_type": "Statement",
        "end_time": 2047.81,
        "speaker_id": "C",
        "start_time": 2045.17
      },
      {
        "act": "Well, but in order to pre-set a cha oh I guess you can just hold it down when you get to one when you're scrolling through.",
        "ae_type": "Statement",
        "end_time": 2052.86,
        "speaker_id": "A",
        "start_time": 2047.12
      },
      {
        "act": "Yeah, yeah, you can just and you need some kind of, I dunno, sort of up down kind of button, but the volume control could double for that, for example.",
        "ae_type": "Statement",
        "end_time": 2059.97,
        "speaker_id": "C",
        "start_time": 2050.49
      },
      {
        "act": "Yeah, up down.",
        "ae_type": "Statement",
        "end_time": 2057.33,
        "speaker_id": "B",
        "start_time": 2056.41
      }
    ]
  ],
  "da": {
    "types": {
      "Assess": 179,
      "Backchannel": 39,
      "Be-Negative": 2,
      "Be-Positive": 10,
      "Comment-About-Understanding": 44,
      "Elicit-Assessment": 42,
      "Elicit-Comment-Understanding": 2,
      "Elicit-Inform": 16,
      "Elicit-Offer-Or-Suggestion": 11,
      "Fragment": 75,
      "Inform": 253,
      "Offer": 14,
      "Other": 20,
      "Stall": 82,
      "Suggest": 109
    }
  },
  "dialog_acts": 898,
  "ext_sentense_count": 122,
  "ext_sentense_da_count": 169,
  "ext_summ": {
    "types": {
      "Assess": 21,
      "Elicit-Assessment": 12,
      "Elicit-Inform": 5,
      "Elicit-Offer-Or-Suggestion": 2,
      "Inform": 46,
      "Offer": 3,
      "Other": 1,
      "Suggest": 32
    }
  },
  "segmants": 396
}