[
  {
    "acts": [
      {
        "act": "Mm-hmm.",
        "end_time": 38.61,
        "start_time": 37.99
      },
      {
        "act": "Mm yeah.",
        "end_time": 44.28,
        "start_time": 43.74
      },
      {
        "act": "Okay. I g yeah. Time is it?",
        "end_time": 57.47,
        "start_time": 48.57
      },
      {
        "act": "Fourteen twenty six.",
        "end_time": 60.4,
        "start_time": 58.83
      },
      {
        "act": "Okay. Lovely to see you all again. Um it's our conceptual design meeting and it's starting at approximately fourteen twenty five and so we have forty minutes for this one again and so we'll go just after three o'clock. Um okay our agenda, we're gonna do an opening, I'm gonna review the minutes of the last meeting, then we'll have your three presentations um and then we'll have to make a decision on the remote control concepts, and finally we'll close.",
        "end_time": 90.78,
        "start_time": 61.32
      },
      {
        "act": "Okay.",
        "end_time": 91.92,
        "start_time": 91.66
      },
      {
        "act": "So opening. Um these are our minutes from r the functional design. We decided our target group is the focus on who can afford it, because we have international appeal and we said it's for all age groups, different um functions of it. Our main objectives were simplicity and fashion. And s um in specific functions are something to keep the remote from getting lost, large buttons for the essential functions, a possibility for extra functions, like a sliding a sliding piece and a long-life battery or a charging station. Okay, now three presentations. I'd like to do it in this order, first do the conceptual specification of components, properties and materials um and then the conceptual specification of user interface and finally trend watching.",
        "end_time": 140.08,
        "start_time": 91.68
      },
      {
        "act": "That would be me.",
        "end_time": 134.96,
        "start_time": 134.2
      },
      {
        "act": "Yep.",
        "end_time": 138.79,
        "start_time": 138.56
      }
    ],
    "other_description": null,
    "topic": "opening"
  },
  {
    "acts": [
      {
        "act": "Alright. Well.",
        "end_time": 147.04,
        "start_time": 142.36
      },
      {
        "act": "Mm. 'kay. Function F_ eight it. There we go.",
        "end_time": 162.7,
        "start_time": 152.81
      },
      {
        "act": "Alright. Um I'm very excited by this one actually guys I uh had a lot of fun doing it. Components design. This is where you look at what does it take to make a remote control and what should we make our specific remote control out of. Um.",
        "end_time": 188.09,
        "start_time": 164.24
      },
      {
        "act": "Um I'd appreciate anyone's input, but that's what I'm seeing for the future of the the look of this thing.",
        "end_time": 416.16,
        "start_time": 409.55
      },
      {
        "act": "Is double-curved like would be like two hands kind of thing?",
        "end_time": 420.33,
        "start_time": 416.85
      },
      {
        "act": "I'm not sure. I haven't received any specific",
        "end_time": 423.24,
        "start_time": 420.6
      },
      {
        "act": "Okay. 'Cause I'm imagining like double-curved is like, you know, like two sides that curve and then like one curve would just be like a single vertical-ish kind of looking thing, but I've no idea.",
        "end_time": 434.14,
        "start_time": 422.47
      },
      {
        "act": "visuals of this yet. This is what I'm sort of Yeah. I'm not sure, but I'll let you know as soon as I get any pictures.",
        "end_time": 436.58,
        "start_time": 424.03
      },
      {
        "act": "Sounds good.",
        "end_time": 436.91,
        "start_time": 436.42
      },
      {
        "act": "Yeah, I wonder",
        "end_time": 438.56,
        "start_time": 437.95
      },
      {
        "act": "I know if we do have a double-curved case, it can't have any titanium in it. But the titanium, they were quite they're marketing quite hard to us as being used in the space programme, so that could be quite interesting. Space-age remote.",
        "end_time": 452.52,
        "start_time": 439.37
      },
      {
        "act": "Mm-hmm. Just an interesting marketing kind of element.",
        "end_time": 457.57,
        "start_time": 453.6
      },
      {
        "act": "Just all things to keep in mind. Yeah. That's about all I have to do, guys. I hope I didn't go through that too quickly.",
        "end_time": 463.7,
        "start_time": 454.59
      },
      {
        "act": "Uh just a real quick question um the weight of these different elements, have you no idea, okay.",
        "end_time": 470.87,
        "start_time": 464.71
      },
      {
        "act": "Yeah, n no idea, no idea. Um I'm assuming that a kinetic battery isn't gonna take up that much weight, and that a tita titanium is very light, I know, um but other than that's really basic, I mean, that's all I have gotten so far. Alright?",
        "end_time": 489.82,
        "start_time": 469.02
      },
      {
        "act": "Mm-hmm. Mm-hmm. Okay.",
        "end_time": 489.28,
        "start_time": 479.86
      },
      {
        "act": "Any other questions?",
        "end_time": 491.84,
        "start_time": 490.8
      },
      {
        "act": "Uh-huh. Don't think so.",
        "end_time": 495.08,
        "start_time": 493.77
      },
      {
        "act": "No? Okay.",
        "end_time": 495.46,
        "start_time": 494.81
      },
      {
        "act": "Mm 'kay.",
        "end_time": 498.15,
        "start_time": 497.66
      },
      {
        "act": "I have save this in the uh shared projects, if anyone wants to look and I have c considerable notes on the topic as well, if anyone needs any more information. Uh",
        "end_time": 508.13,
        "start_time": 497.81
      },
      {
        "act": "Thank you, perfect.",
        "end_time": 502.72,
        "start_time": 501.28
      },
      {
        "act": "Thanks.",
        "end_time": 502.6,
        "start_time": 502.15
      },
      {
        "act": "Um if you made notes yourself you can put those on our um underneath our oh, uh in your book, then don't worry about that.",
        "end_time": 516.07,
        "start_time": 508.53
      },
      {
        "act": "Just in my notebook, but if anyone has any specific questions, don't hesitate to email me or something. Alright? Uh I guess I can",
        "end_time": 521.77,
        "start_time": 513.54
      }
    ],
    "other_description": null,
    "topic": "industrial designer presentation"
  },
  {
    "acts": [
      {
        "act": "'Kay now we're um concepts concepts of user interface.",
        "end_time": 526.47,
        "start_time": 522.95
      },
      {
        "act": "Yeah, um. This one's so much tighter than the other one.",
        "end_time": 534.8,
        "start_time": 532.89
      },
      {
        "act": "I know.",
        "end_time": 535.29,
        "start_time": 534.58
      },
      {
        "act": "Okay. Nope. There we go. Here you are.",
        "end_time": 543.39,
        "start_time": 536.94
      },
      {
        "act": "Jess.",
        "end_time": 545.26,
        "start_time": 544.76
      },
      {
        "act": "G oh, geez.",
        "end_time": 555.63,
        "start_time": 554.81
      },
      {
        "act": "Alright, so I'm gonna describe the the concept of the user interface of this des device. Um we've talked about uh the two essential properties of the user interface. We want it to be simple and we want it to be fashionable. Um other we've also got to remember that this is a device that serves as a useful purpose. Uh we want people to be able to use it s as a remote control, so we need to determine what the essential functions of the d of the device are and make sure that we include that we've included all of those and that we actually end up with a device that is going to be useful to people. We have a number of different choices for a design concept um and s that's that's something that that I'll show you some examples of um, but essentially we need to choose how how is this device going to work, how how what kind of model is there going to be for user interaction with this device. Uh once we've chosen a a concept for it, we can then design the features around the concept, making sure that we get all the essential functions in the device and uh the extra functions and the more advanced features. And of course we also have to make it look cool.",
        "end_time": 668.49,
        "start_time": 583.38
      },
      {
        "act": "So basically, that's what we don't want. M we don't want lots of buttons, uh complicated features. We want something that looks nice and simple.",
        "end_time": 680.24,
        "start_time": 671.57
      },
      {
        "act": "Mm.",
        "end_time": 750.86,
        "start_time": 750.47
      }
    ],
    "other_description": null,
    "topic": "interface specialist presentation"
  },
  {
    "acts": [
      {
        "act": "Okay, now we're moving on to market. Marketing.",
        "end_time": 994.17,
        "start_time": 990.38
      },
      {
        "act": "Should I plug that in?",
        "end_time": 991.78,
        "start_time": 990.93
      },
      {
        "act": "Is that going on? Okay.",
        "end_time": 1028.0,
        "start_time": 1027.04
      },
      {
        "act": "Maybe it's just not Is it on?",
        "end_time": 1036.15,
        "start_time": 1033.98
      },
      {
        "act": "Uh that should be alright, actually.",
        "end_time": 1036.62,
        "start_time": 1034.96
      },
      {
        "act": "Ri What F_ do you have to press, five?",
        "end_time": 1045.76,
        "start_time": 1043.55
      },
      {
        "act": "Eight.",
        "end_time": 1045.67,
        "start_time": 1045.38
      },
      {
        "act": "I just keep pressing lots of 'em. Well, I don't know how relevant all of this gonna be. If anything, the that they gave me. Alright.",
        "end_time": 1062.86,
        "start_time": 1047.67
      },
      {
        "act": "No signal.",
        "end_time": 1061.52,
        "start_time": 1060.52
      },
      {
        "act": "Oops, it's not plugged in, quite in well enough. There we are.",
        "end_time": 1066.34,
        "start_time": 1060.63
      },
      {
        "act": "Oop, there we go.",
        "end_time": 1070.64,
        "start_time": 1069.7
      },
      {
        "act": "Mm 'kay.",
        "end_time": 1073.22,
        "start_time": 1072.7
      },
      {
        "act": "Oh yeah.",
        "end_time": 1077.6,
        "start_time": 1077.27
      }
    ],
    "other_description": null,
    "topic": "agenda/equipment issues"
  },
  {
    "acts": [
      {
        "act": "Mm.",
        "end_time": 1243.26,
        "start_time": 1243.18
      },
      {
        "act": "That there's all kinds of scope for imagination in that one though.",
        "end_time": 1251.22,
        "start_time": 1248.18
      },
      {
        "act": "Yeah. I don't have a lot of notes to share if you want them, that pretty much sums it up. So yeah.",
        "end_time": 1259.61,
        "start_time": 1251.33
      },
      {
        "act": "Okay, do we have any s some questions for this, let's see um.",
        "end_time": 1264.24,
        "start_time": 1259.84
      },
      {
        "act": "Yeah, what can I possibly enlighten on?",
        "end_time": 1267.69,
        "start_time": 1263.06
      }
    ],
    "other_description": null,
    "topic": "marketing expert presentation"
  },
  {
    "acts": [
      {
        "act": "Okay um we have we've about fifteen minutes left, so I'm I'm gonna",
        "end_time": 1522.91,
        "start_time": 1517.79
      },
      {
        "act": "Oh we probably have to get going, don't we?",
        "end_time": 1521.01,
        "start_time": 1519.41
      },
      {
        "act": "Uh-huh.",
        "end_time": 1524.58,
        "start_time": 1524.07
      },
      {
        "act": "continue with my pres presentation. Um I've one more slide before we close, but in that slide is when we need to make decisions about this these kinds of things, so I'll just bring that up and show you all",
        "end_time": 1534.08,
        "start_time": 1524.11
      },
      {
        "act": "'Kay.",
        "end_time": 1532.24,
        "start_time": 1531.95
      },
      {
        "act": "before we move on. Um",
        "end_time": 1539.69,
        "start_time": 1535.17
      }
    ],
    "other_description": null,
    "topic": "agenda/equipment issues"
  },
  {
    "acts": [
      {
        "act": "If I get any more information of fruits and vegetables, I'll let you know.",
        "end_time": 1545.66,
        "start_time": 1541.23
      },
      {
        "act": "Could",
        "end_time": 1541.79,
        "start_time": 1541.57
      }
    ],
    "other_description": null,
    "topic": "discussion"
  },
  {
    "acts": [
      {
        "act": "Okay, um components concept. Energy, chip on print.",
        "end_time": 1596.66,
        "start_time": 1590.05
      },
      {
        "act": "Uh-hu oh, oh yes. Right, I had sort of skipped over that hoping it wouldn't get",
        "end_time": 1599.81,
        "start_time": 1595.47
      },
      {
        "act": "G",
        "end_time": 1597.73,
        "start_time": 1597.67
      },
      {
        "act": "be necessary but um",
        "end_time": 1602.32,
        "start_time": 1600.9
      },
      {
        "act": "That's th th this is the agenda they gave me. So can you just explain what that is real quick?",
        "end_time": 1606.07,
        "start_time": 1602.38
      }
    ],
    "other_description": null,
    "topic": "agenda/equipment issues"
  },
  {
    "acts": [],
    "other_description": null,
    "topic": "discussion"
  },
  {
    "acts": [
      {
        "act": "Mm-hmm. Okay, um finishing the meeting now. Um our next meeting starts in thirty minutes, um you each have things to do, look and feel design, user interface design, product evaluation, and you two are going to work together on a prototype using modelling clay. You'll get specific instructions from your personal coach.",
        "end_time": 2076.98,
        "start_time": 2060.11
      },
      {
        "act": "Ooh.",
        "end_time": 2079.36,
        "start_time": 2075.15
      },
      {
        "act": "Cool.",
        "end_time": 2079.29,
        "start_time": 2075.56
      },
      {
        "act": "Wow.",
        "end_time": 2077.81,
        "start_time": 2077.39
      },
      {
        "act": "Um did we decide on a chip? Let's go with a simple chip? Okay.",
        "end_time": 2081.79,
        "start_time": 2078.16
      },
      {
        "act": "Simple chip.",
        "end_time": 2081.51,
        "start_time": 2080.86
      },
      {
        "act": "Yep.",
        "end_time": 2081.77,
        "start_time": 2081.48
      },
      {
        "act": "We are done. Thank you everyone.",
        "end_time": 2085.99,
        "start_time": 2083.34
      }
    ],
    "other_description": null,
    "topic": "closing"
  },
  {
    "acts": [
      {
        "act": "Oh I di these are already in our shared folder, so.",
        "end_time": 2092.78,
        "start_time": 2089.21
      },
      {
        "act": "Okay, cool.",
        "end_time": 2092.1,
        "start_time": 2091.4
      },
      {
        "act": "Clay. I wasn't expecting that.",
        "end_time": 2098.24,
        "start_time": 2095.37
      },
      {
        "act": "Clay.",
        "end_time": 2097.98,
        "start_time": 2094.87
      }
    ],
    "other_description": null,
    "topic": "agenda/equipment issues"
  }
]