[
  {
    "dialog_act": "mailed you the minutes of the last meeting uh just to save time.",
    "dialog_act_end_id": 5,
    "dialog_act_start_id": 5,
    "speaker_id": "C",
    "type": {
      "main_type": "Task",
      "sub_type": "Inform"
    }
  },
  {
    "dialog_act": "Uh in this meeting I I'm going to discuss about the trend watching,",
    "dialog_act_end_id": 3,
    "dialog_act_start_id": 3,
    "speaker_id": "B",
    "type": {
      "main_type": "Other",
      "sub_type": "Offer"
    }
  },
  {
    "dialog_act": "We have done a rec not only a recent remote control market survey, but we also considered the latest fre fashion trends of the market,",
    "dialog_act_end_id": 8,
    "dialog_act_start_id": 8,
    "speaker_id": "B",
    "type": {
      "main_type": "Task",
      "sub_type": "Inform"
    }
  },
  {
    "dialog_act": "when we did our remote control market survey we found that uh people l uh people do have preference for tho fancy mobi uh f remote controls which look and feel very good, rather than having a functional look and feel uh good.",
    "dialog_act_end_id": 14,
    "dialog_act_start_id": 13,
    "speaker_id": "B",
    "type": {
      "main_type": "Task",
      "sub_type": "Inform"
    }
  },
  {
    "dialog_act": "The second most important aspect is that remote control should be a technologically uh innovative.",
    "dialog_act_end_id": 32,
    "dialog_act_start_id": 32,
    "speaker_id": "B",
    "type": {
      "main_type": "Task",
      "sub_type": "Inform"
    }
  },
  {
    "dialog_act": "And the third most important aspect in the ta to take into consideration is that it should be easy to use,",
    "dialog_act_end_id": 36,
    "dialog_act_start_id": 36,
    "speaker_id": "B",
    "type": {
      "main_type": "Task",
      "sub_type": "Inform"
    }
  },
  {
    "dialog_act": "and customers should be provided with manuals that is easy to understand in their local language, something.",
    "dialog_act_end_id": 41,
    "dialog_act_start_id": 41,
    "speaker_id": "B",
    "type": {
      "main_type": "Task",
      "sub_type": "Suggest"
    }
  },
  {
    "dialog_act": "When we did uh f fashions uh, recent fashion uh our recent fashion update shows that",
    "dialog_act_end_id": 43,
    "dialog_act_start_id": 43,
    "speaker_id": "B",
    "type": {
      "main_type": "Minor",
      "sub_type": "Fragment"
    }
  },
  {
    "dialog_act": "because uh d you can see how people have related their clothes, shoes, and everything with fruits and vegetables,",
    "dialog_act_end_id": 47,
    "dialog_act_start_id": 47,
    "speaker_id": "B",
    "type": {
      "main_type": "Task",
      "sub_type": "Inform"
    }
  },
  {
    "dialog_act": "the f feel of the material is expected to be spongy rather than just having a plastic look, hard look.",
    "dialog_act_end_id": 57,
    "dialog_act_start_id": 57,
    "speaker_id": "B",
    "type": {
      "main_type": "Task",
      "sub_type": "Inform"
    }
  },
  {
    "dialog_act": "Do you think like rubber would be good or does it really want to be like gel kind of stuff?",
    "dialog_act_end_id": 27,
    "dialog_act_start_id": 27,
    "speaker_id": "D",
    "type": {
      "main_type": "Elicit",
      "sub_type": "Elicit-Assessment"
    }
  },
  {
    "dialog_act": "The rubber which is good for health and which is quite disposable that we can take into co",
    "dialog_act_end_id": 64,
    "dialog_act_start_id": 64,
    "speaker_id": "B",
    "type": {
      "main_type": "Task",
      "sub_type": "Suggest"
    }
  },
  {
    "dialog_act": "okay, so the interface concept um.",
    "dialog_act_end_id": 52,
    "dialog_act_start_id": 52,
    "speaker_id": "D",
    "type": {
      "main_type": "Task",
      "sub_type": "Inform"
    }
  },
  {
    "dialog_act": "Um so the method, we looked at existing designs,",
    "dialog_act_end_id": 56,
    "dialog_act_start_id": 56,
    "speaker_id": "D",
    "type": {
      "main_type": "Task",
      "sub_type": "Inform"
    }
  },
  {
    "dialog_act": "Okay, so most remote controls use graphical interface,",
    "dialog_act_end_id": 65,
    "dialog_act_start_id": 65,
    "speaker_id": "D",
    "type": {
      "main_type": "Task",
      "sub_type": "Inform"
    }
  },
  {
    "dialog_act": "Um and we also found that there's inconsistent layout, which makes it confusing.",
    "dialog_act_end_id": 67,
    "dialog_act_start_id": 67,
    "speaker_id": "D",
    "type": {
      "main_type": "Task",
      "sub_type": "Inform"
    }
  },
  {
    "dialog_act": "but I think standard kind of um shape and uh play and those kind of but buttons",
    "dialog_act_end_id": 70,
    "dialog_act_start_id": 70,
    "speaker_id": "D",
    "type": {
      "main_type": "Task",
      "sub_type": "Inform"
    }
  },
  {
    "dialog_act": "And we've got some pictures of some uh new remote controls to show you.",
    "dialog_act_end_id": 73,
    "dialog_act_start_id": 73,
    "speaker_id": "D",
    "type": {
      "main_type": "Other",
      "sub_type": "Offer"
    }
  },
  {
    "dialog_act": "There's um an L_C_D_ thing,",
    "dialog_act_end_id": 82,
    "dialog_act_start_id": 82,
    "speaker_id": "D",
    "type": {
      "main_type": "Task",
      "sub_type": "Inform"
    }
  },
  {
    "dialog_act": "I thought could get a bit confusing and a bit expensive as well for us. This one is got a kind of scroll like a mouse,",
    "dialog_act_end_id": 85,
    "dialog_act_start_id": 84,
    "speaker_id": "D",
    "type": {
      "main_type": "Task",
      "sub_type": "Assess"
    }
  },
  {
    "dialog_act": "Um and But I'm not exactly sure how you'd use that,",
    "dialog_act_end_id": 88,
    "dialog_act_start_id": 88,
    "speaker_id": "D",
    "type": {
      "main_type": "Task",
      "sub_type": "Inform"
    }
  },
  {
    "dialog_act": "But the one below that has got like a little scroll function on the side. But I presume that the functions must come up on the T_V_ screen.",
    "dialog_act_end_id": 93,
    "dialog_act_start_id": 92,
    "speaker_id": "D",
    "type": {
      "main_type": "Task",
      "sub_type": "Inform"
    }
  },
  {
    "dialog_act": "Again that's just quite boring shape, grey, looks quite space-agey, but too many buttons, I think on that one. Um this one I thought was really cool. It's w it's got the programmability function that we talked about.",
    "dialog_act_end_id": 100,
    "dialog_act_start_id": 97,
    "speaker_id": "D",
    "type": {
      "main_type": "Task",
      "sub_type": "Assess"
    }
  },
  {
    "dialog_act": "and it's quite an organic shape",
    "dialog_act_end_id": 103,
    "dialog_act_start_id": 103,
    "speaker_id": "D",
    "type": {
      "main_type": "Task",
      "sub_type": "Inform"
    }
  },
  {
    "dialog_act": "Yeah, I m I mean the one thing I think about about these ones is um these kl uh secured areas um, I've seen a lot of them with the the cover missing. So like have it hinge rather than sort of clip on or whatever.",
    "dialog_act_end_id": 51,
    "dialog_act_start_id": 50,
    "speaker_id": "C",
    "type": {
      "main_type": "Task",
      "sub_type": "Assess"
    }
  },
  {
    "dialog_act": "And this one, the over-sized one, I don't know about you, but I think it's a bit too gimmicky.",
    "dialog_act_end_id": 113,
    "dialog_act_start_id": 112,
    "speaker_id": "D",
    "type": {
      "main_type": "Task",
      "sub_type": "Inform"
    }
  },
  {
    "dialog_act": "I like some of these things um the the raised symbols and everything,",
    "dialog_act_end_id": 122,
    "dialog_act_start_id": 122,
    "speaker_id": "D",
    "type": {
      "main_type": "Task",
      "sub_type": "Assess"
    }
  },
  {
    "dialog_act": "and I've just got an e-mail from our technical department saying that they have broken through with some new speech recognition software that you can program in.",
    "dialog_act_end_id": 135,
    "dialog_act_start_id": 135,
    "speaker_id": "D",
    "type": {
      "main_type": "Task",
      "sub_type": "Inform"
    }
  },
  {
    "dialog_act": "I think maybe incorporating that in our design would be good.",
    "dialog_act_end_id": 138,
    "dialog_act_start_id": 138,
    "speaker_id": "D",
    "type": {
      "main_type": "Task",
      "sub_type": "Suggest"
    }
  },
  {
    "dialog_act": "you program it like you say, record, um and then, play, and then, record, play machine, and stuff like that,",
    "dialog_act_end_id": 140,
    "dialog_act_start_id": 140,
    "speaker_id": "D",
    "type": {
      "main_type": "Task",
      "sub_type": "Inform"
    }
  },
  {
    "dialog_act": "the raised symbols I thought were good, the L_C_D_, it does look smart, but I think maybe for our budget,",
    "dialog_act_end_id": 147,
    "dialog_act_start_id": 146,
    "speaker_id": "D",
    "type": {
      "main_type": "Task",
      "sub_type": "Assess"
    }
  },
  {
    "dialog_act": "'cause I think we're definitely going for the speech recognition,",
    "dialog_act_end_id": 151,
    "dialog_act_start_id": 151,
    "speaker_id": "D",
    "type": {
      "main_type": "Task",
      "sub_type": "Inform"
    }
  },
  {
    "dialog_act": "But in our market survey we have seen that people are willing to pay more,",
    "dialog_act_end_id": 82,
    "dialog_act_start_id": 82,
    "speaker_id": "B",
    "type": {
      "main_type": "Task",
      "sub_type": "Inform"
    }
  },
  {
    "dialog_act": "It's still it's still got to get within our twelve fifty, you know.",
    "dialog_act_end_id": 64,
    "dialog_act_start_id": 64,
    "speaker_id": "C",
    "type": {
      "main_type": "Task",
      "sub_type": "Assess"
    }
  },
  {
    "dialog_act": "I'm not sure if the if for twenty five Euros uh per uh twelve Euros fifty m manufacturing cost,.",
    "dialog_act_end_id": 158,
    "dialog_act_start_id": 158,
    "speaker_id": "D",
    "type": {
      "main_type": "Task",
      "sub_type": "Assess"
    }
  },
  {
    "dialog_act": "Although, th I mean to be to be sure they have got I mean they are going crazy with the L_C_D_ technology now,",
    "dialog_act_end_id": 68,
    "dialog_act_start_id": 68,
    "speaker_id": "C",
    "type": {
      "main_type": "Task",
      "sub_type": "Assess"
    }
  },
  {
    "dialog_act": "And one of the survey findings was that they want it easy to use, so I think I'm not sure about the L_C_D_. It's a it's great, it's a good idea, but for our budget and for the thing we're trying to go for eas easy to use, it's not the thing we should go for, I think.",
    "dialog_act_end_id": 171,
    "dialog_act_start_id": 169,
    "speaker_id": "D",
    "type": {
      "main_type": "Task",
      "sub_type": "Assess"
    }
  },
  {
    "dialog_act": "we could make a vegetabley kind of round shape, I think.",
    "dialog_act_end_id": 177,
    "dialog_act_start_id": 177,
    "speaker_id": "D",
    "type": {
      "main_type": "Task",
      "sub_type": "Suggest"
    }
  },
  {
    "dialog_act": "Well, si since we're going for the uh the k the sort of company colours, I think your lemon wasn't that far s",
    "dialog_act_end_id": 83,
    "dialog_act_start_id": 83,
    "speaker_id": "C",
    "type": {
      "main_type": "Task",
      "sub_type": "Assess"
    }
  },
  {
    "dialog_act": "I like I like the colourful buttons as well.",
    "dialog_act_end_id": 86,
    "dialog_act_start_id": 86,
    "speaker_id": "C",
    "type": {
      "main_type": "Task",
      "sub_type": "Assess"
    }
  },
  {
    "dialog_act": "I like the d the different shapes of the buttons and stuff.",
    "dialog_act_end_id": 184,
    "dialog_act_start_id": 184,
    "speaker_id": "D",
    "type": {
      "main_type": "Task",
      "sub_type": "Assess"
    }
  },
  {
    "dialog_act": "And the mouse one, I thought it was a good idea,",
    "dialog_act_end_id": 188,
    "dialog_act_start_id": 188,
    "speaker_id": "D",
    "type": {
      "main_type": "Task",
      "sub_type": "Assess"
    }
  },
  {
    "dialog_act": "Child-friendly, I thought this was good,",
    "dialog_act_end_id": 172,
    "dialog_act_start_id": 172,
    "speaker_id": "D",
    "type": {
      "main_type": "Task",
      "sub_type": "Assess"
    }
  },
  {
    "dialog_act": "I guess there are a lot of options that we're gonna have to choose from among, and I'll I'll give you the uh, I guess, technical considerations for those. And I'm gonna use the whiteboard, just 'cause we haven't used it.",
    "dialog_act_end_id": 48,
    "dialog_act_start_id": 45,
    "speaker_id": "A",
    "type": {
      "main_type": "Task",
      "sub_type": "Inform"
    }
  },
  {
    "dialog_act": "the way I'm gonna do this is uh we're gonna take a look at some old remote controls, see how they work,",
    "dialog_act_end_id": 51,
    "dialog_act_start_id": 51,
    "speaker_id": "A",
    "type": {
      "main_type": "Task",
      "sub_type": "Suggest"
    }
  },
  {
    "dialog_act": "and then we'll throw in our new innovations um",
    "dialog_act_end_id": 54,
    "dialog_act_start_id": 54,
    "speaker_id": "A",
    "type": {
      "main_type": "Task",
      "sub_type": "Suggest"
    }
  },
  {
    "dialog_act": "Um you open it up, there's a circuit board inside,",
    "dialog_act_end_id": 59,
    "dialog_act_start_id": 59,
    "speaker_id": "A",
    "type": {
      "main_type": "Task",
      "sub_type": "Inform"
    }
  },
  {
    "dialog_act": "and there's a a chip, a processor, the T_A_ one one eight three five, which um receives input from the buttons,",
    "dialog_act_end_id": 62,
    "dialog_act_start_id": 61,
    "speaker_id": "A",
    "type": {
      "main_type": "Task",
      "sub_type": "Inform"
    }
  },
  {
    "dialog_act": "Um so that takes a signals from the buttons and translates it into a sequence of pulses that it then sends to the to the amplifier, which is made of some transistors and amplifiers, op-amps, and then that gets sent to the uh to the L_E_D_ light,",
    "dialog_act_end_id": 70,
    "dialog_act_start_id": 68,
    "speaker_id": "A",
    "type": {
      "main_type": "Task",
      "sub_type": "Inform"
    }
  },
  {
    "dialog_act": "Um. So you know, as we said, we got the outer casing, which we have to decide, you know, what's it gonna be,",
    "dialog_act_end_id": 80,
    "dialog_act_start_id": 79,
    "speaker_id": "A",
    "type": {
      "main_type": "Task",
      "sub_type": "Inform"
    }
  },
  {
    "dialog_act": "processor, um we'll probably use the more advanced processor than they had,",
    "dialog_act_end_id": 82,
    "dialog_act_start_id": 82,
    "speaker_id": "A",
    "type": {
      "main_type": "Task",
      "sub_type": "Inform"
    }
  },
  {
    "dialog_act": "Um so for the casing, uh this an e-mail I got from our manufacturing team uh, you know, we have a bunch of options from wood, titanium, rubber, plastic, whatnot, um latex, double-curved, curved.",
    "dialog_act_end_id": 86,
    "dialog_act_start_id": 84,
    "speaker_id": "A",
    "type": {
      "main_type": "Task",
      "sub_type": "Inform"
    }
  },
  {
    "dialog_act": "Well, I mean like la latex has a kinda spongy feeling to it,",
    "dialog_act_end_id": 113,
    "dialog_act_start_id": 113,
    "speaker_id": "C",
    "type": {
      "main_type": "Task",
      "sub_type": "Assess"
    }
  },
  {
    "dialog_act": "And that would k also give it kinda durability",
    "dialog_act_end_id": 117,
    "dialog_act_start_id": 117,
    "speaker_id": "C",
    "type": {
      "main_type": "Task",
      "sub_type": "Assess"
    }
  },
  {
    "dialog_act": "and ther that's also f sorta relatively cheap to cast.",
    "dialog_act_end_id": 119,
    "dialog_act_start_id": 119,
    "speaker_id": "C",
    "type": {
      "main_type": "Task",
      "sub_type": "Assess"
    }
  },
  {
    "dialog_act": "so maybe s uh a sort of uh plastic initial plastic with a a latex kinda sheath?",
    "dialog_act_end_id": 121,
    "dialog_act_start_id": 121,
    "speaker_id": "C",
    "type": {
      "main_type": "Task",
      "sub_type": "Suggest"
    }
  },
  {
    "dialog_act": "I like the rubber, the stress balls, I think,",
    "dialog_act_end_id": 209,
    "dialog_act_start_id": 209,
    "speaker_id": "D",
    "type": {
      "main_type": "Task",
      "sub_type": "Assess"
    }
  },
  {
    "dialog_act": "w like, 'cause there's gonna be the the cover the the rubber or the plastic casing and then the buttons in probably two different colours",
    "dialog_act_end_id": 218,
    "dialog_act_start_id": 218,
    "speaker_id": "D",
    "type": {
      "main_type": "Task",
      "sub_type": "Inform"
    }
  },
  {
    "dialog_act": "So multi-coloured buttons.",
    "dialog_act_end_id": 107,
    "dialog_act_start_id": 107,
    "speaker_id": "A",
    "type": {
      "main_type": "Task",
      "sub_type": "Assess"
    }
  },
  {
    "dialog_act": "or yeah a limit uh maybe even just a limited multi-colour so it it doesn't look too childish, perhaps.",
    "dialog_act_end_id": 133,
    "dialog_act_start_id": 133,
    "speaker_id": "C",
    "type": {
      "main_type": "Task",
      "sub_type": "Suggest"
    }
  },
  {
    "dialog_act": "Although I mean this uh uh also comes to shape as well.",
    "dialog_act_end_id": 135,
    "dialog_act_start_id": 135,
    "speaker_id": "C",
    "type": {
      "main_type": "Task",
      "sub_type": "Assess"
    }
  },
  {
    "dialog_act": "I mean double-curved sounds good to me if we're talking about sorta ergonomic and easy use,",
    "dialog_act_end_id": 137,
    "dialog_act_start_id": 137,
    "speaker_id": "C",
    "type": {
      "main_type": "Task",
      "sub_type": "Assess"
    }
  },
  {
    "dialog_act": "Like uh an hour glass kind of figure,",
    "dialog_act_end_id": 229,
    "dialog_act_start_id": 229,
    "speaker_id": "D",
    "type": {
      "main_type": "Task",
      "sub_type": "Suggest"
    }
  },
  {
    "dialog_act": "Okay, like we could have a big banana shaped remote control,",
    "dialog_act_end_id": 115,
    "dialog_act_start_id": 115,
    "speaker_id": "A",
    "type": {
      "main_type": "Task",
      "sub_type": "Suggest"
    }
  },
  {
    "dialog_act": "Mm and a lemon might be a little hard to grip. Yeah.",
    "dialog_act_end_id": 144,
    "dialog_act_start_id": 144,
    "speaker_id": "C",
    "type": {
      "main_type": "Task",
      "sub_type": "Assess"
    }
  },
  {
    "dialog_act": "How would you point it?",
    "dialog_act_end_id": 238,
    "dialog_act_start_id": 238,
    "speaker_id": "D",
    "type": {
      "main_type": "Elicit",
      "sub_type": "Elicit-Inform"
    }
  },
  {
    "dialog_act": "We could have a little L_E_D_s on each end.",
    "dialog_act_end_id": 120,
    "dialog_act_start_id": 120,
    "speaker_id": "A",
    "type": {
      "main_type": "Task",
      "sub_type": "Suggest"
    }
  },
  {
    "dialog_act": "y I'm I'm not sure about the banana idea.",
    "dialog_act_end_id": 242,
    "dialog_act_start_id": 242,
    "speaker_id": "D",
    "type": {
      "main_type": "Task",
      "sub_type": "Assess"
    }
  },
  {
    "dialog_act": "it does seem a bit uh again childish maybe.",
    "dialog_act_end_id": 151,
    "dialog_act_start_id": 151,
    "speaker_id": "C",
    "type": {
      "main_type": "Task",
      "sub_type": "Assess"
    }
  },
  {
    "dialog_act": "I think maybe just draw on the kind of fruit and vegetable shape.",
    "dialog_act_end_id": 246,
    "dialog_act_start_id": 246,
    "speaker_id": "D",
    "type": {
      "main_type": "Task",
      "sub_type": "Suggest"
    }
  },
  {
    "dialog_act": "So maybe an an unidentifiable fruit or fiable fruit or vegetable",
    "dialog_act_end_id": 126,
    "dialog_act_start_id": 126,
    "speaker_id": "A",
    "type": {
      "main_type": "Task",
      "sub_type": "Suggest"
    }
  },
  {
    "dialog_act": "Like a gourd almost, or a squash of some sort?",
    "dialog_act_end_id": 131,
    "dialog_act_start_id": 131,
    "speaker_id": "A",
    "type": {
      "main_type": "Elicit",
      "sub_type": "Elicit-Inform"
    }
  },
  {
    "dialog_act": "you don't necessarily have to have it sort of clearly identified as a fruit just to have that kind of fruitish shape,",
    "dialog_act_end_id": 163,
    "dialog_act_start_id": 163,
    "speaker_id": "C",
    "type": {
      "main_type": "Task",
      "sub_type": "Suggest"
    }
  },
  {
    "dialog_act": "Or we can do something, we can design two three shapes and we can have a public survey, let the public choose what they want.",
    "dialog_act_end_id": 103,
    "dialog_act_start_id": 103,
    "speaker_id": "B",
    "type": {
      "main_type": "Task",
      "sub_type": "Suggest"
    }
  },
  {
    "dialog_act": "There's a good man. There's a good idea.",
    "dialog_act_end_id": 167,
    "dialog_act_start_id": 167,
    "speaker_id": "C",
    "type": {
      "main_type": "Task",
      "sub_type": "Assess"
    }
  },
  {
    "dialog_act": "Yeah, what about the scroll wheel and speech recognition?",
    "dialog_act_end_id": 273,
    "dialog_act_start_id": 273,
    "speaker_id": "D",
    "type": {
      "main_type": "Elicit",
      "sub_type": "Elicit-Assessment"
    }
  },
  {
    "dialog_act": "uh I could put the microphone here.",
    "dialog_act_end_id": 149,
    "dialog_act_start_id": 149,
    "speaker_id": "A",
    "type": {
      "main_type": "Other",
      "sub_type": "Offer"
    }
  },
  {
    "dialog_act": "Okay, well we can do some user test with scroll-wheels, right?",
    "dialog_act_end_id": 152,
    "dialog_act_start_id": 152,
    "speaker_id": "A",
    "type": {
      "main_type": "Task",
      "sub_type": "Suggest"
    }
  },
  {
    "dialog_act": "Uh speech recognition, I think,",
    "dialog_act_end_id": 176,
    "dialog_act_start_id": 176,
    "speaker_id": "C",
    "type": {
      "main_type": "Task",
      "sub_type": "Assess"
    }
  },
  {
    "dialog_act": "So should the microphone be just anywhere on it or",
    "dialog_act_end_id": 155,
    "dialog_act_start_id": 155,
    "speaker_id": "A",
    "type": {
      "main_type": "Elicit",
      "sub_type": "Elicit-Offer-Or-Suggestion"
    }
  },
  {
    "dialog_act": "What about the glow-in-the-dark thing, the strip around it?",
    "dialog_act_end_id": 291,
    "dialog_act_start_id": 291,
    "speaker_id": "D",
    "type": {
      "main_type": "Elicit",
      "sub_type": "Elicit-Assessment"
    }
  },
  {
    "dialog_act": "I mean how good is the speech recognition thing?",
    "dialog_act_end_id": 202,
    "dialog_act_start_id": 202,
    "speaker_id": "C",
    "type": {
      "main_type": "Elicit",
      "sub_type": "Elicit-Inform"
    }
  },
  {
    "dialog_act": "do we want to just have a device that maybe sits and pretends it's a fruit?",
    "dialog_act_end_id": 205,
    "dialog_act_start_id": 205,
    "speaker_id": "C",
    "type": {
      "main_type": "Task",
      "sub_type": "Suggest"
    }
  },
  {
    "dialog_act": "l like think of a fruit that could sit sort of independently on its own like uh, I dunno, an apple.",
    "dialog_act_end_id": 212,
    "dialog_act_start_id": 212,
    "speaker_id": "C",
    "type": {
      "main_type": "Task",
      "sub_type": "Suggest"
    }
  },
  {
    "dialog_act": "But yeah, about the speech thing, it doesn't have to be hand held or close.",
    "dialog_act_end_id": 180,
    "dialog_act_start_id": 180,
    "speaker_id": "A",
    "type": {
      "main_type": "Task",
      "sub_type": "Inform"
    }
  },
  {
    "dialog_act": "we can just have a remote control and casings of different different shapes, different fruit shapes in such a way that a any casing can be could be fit into this mobile general piece.",
    "dialog_act_end_id": 112,
    "dialog_act_start_id": 111,
    "speaker_id": "B",
    "type": {
      "main_type": "Task",
      "sub_type": "Suggest"
    }
  },
  {
    "dialog_act": "button will be on the upper side, buttons will be the on the upper side.",
    "dialog_act_end_id": 126,
    "dialog_act_start_id": 126,
    "speaker_id": "B",
    "type": {
      "main_type": "Task",
      "sub_type": "Inform"
    }
  },
  {
    "dialog_act": "So in that way we need not to d have different different shape mobiles everything, we will just design casings fruit shape.",
    "dialog_act_end_id": 132,
    "dialog_act_start_id": 132,
    "speaker_id": "B",
    "type": {
      "main_type": "Task",
      "sub_type": "Inform"
    }
  },
  {
    "dialog_act": "s I guess we decided on material,",
    "dialog_act_end_id": 186,
    "dialog_act_start_id": 186,
    "speaker_id": "A",
    "type": {
      "main_type": "Task",
      "sub_type": "Inform"
    }
  },
  {
    "dialog_act": "So that that spongy latex rubber everything feel,",
    "dialog_act_end_id": 188,
    "dialog_act_start_id": 188,
    "speaker_id": "A",
    "type": {
      "main_type": "Task",
      "sub_type": "Inform"
    }
  },
  {
    "dialog_act": "Well, I I'm not sure if we should go so far in the whole fruit thing,",
    "dialog_act_end_id": 337,
    "dialog_act_start_id": 337,
    "speaker_id": "D",
    "type": {
      "main_type": "Task",
      "sub_type": "Assess"
    }
  },
  {
    "dialog_act": "and I think maybe fruit could be a bit of a too much of a gimmick, but something ergonomically shaped and organic, like good to hold, based on fruits and natural things like that, because al already we're going a bit gaudy with the yellow, you know.",
    "dialog_act_end_id": 346,
    "dialog_act_start_id": 344,
    "speaker_id": "D",
    "type": {
      "main_type": "Task",
      "sub_type": "Assess"
    }
  },
  {
    "dialog_act": "So again I mean like we could have, uh I mean, we could quite easily have the the main body be a different",
    "dialog_act_end_id": 245,
    "dialog_act_start_id": 245,
    "speaker_id": "C",
    "type": {
      "main_type": "Task",
      "sub_type": "Suggest"
    }
  },
  {
    "dialog_act": "I mean not necessarily that the um the whole body has to be of the company colour,",
    "dialog_act_end_id": 249,
    "dialog_act_start_id": 249,
    "speaker_id": "C",
    "type": {
      "main_type": "Task",
      "sub_type": "Inform"
    }
  },
  {
    "dialog_act": "So you have the main body blue with the yellow logo and slogan running up one side of it kind of thing.",
    "dialog_act_end_id": 251,
    "dialog_act_start_id": 251,
    "speaker_id": "C",
    "type": {
      "main_type": "Task",
      "sub_type": "Suggest"
    }
  },
  {
    "dialog_act": "Um as for the energy source um, you know, almost every remote control uses just batteries,",
    "dialog_act_end_id": 196,
    "dialog_act_start_id": 196,
    "speaker_id": "A",
    "type": {
      "main_type": "Task",
      "sub_type": "Inform"
    }
  },
  {
    "dialog_act": "We can use a hand-dynamo.",
    "dialog_act_end_id": 198,
    "dialog_act_start_id": 198,
    "speaker_id": "A",
    "type": {
      "main_type": "Task",
      "sub_type": "Inform"
    }
  },
  {
    "dialog_act": "So, this might be an idea for something that people really wanna grab, you can shake it if it's out of power.",
    "dialog_act_end_id": 203,
    "dialog_act_start_id": 203,
    "speaker_id": "A",
    "type": {
      "main_type": "Task",
      "sub_type": "Assess"
    }
  },
  {
    "dialog_act": "But but do you think that it will be a good idea to use dynamo, tha these type of cells?",
    "dialog_act_end_id": 139,
    "dialog_act_start_id": 139,
    "speaker_id": "B",
    "type": {
      "main_type": "Elicit",
      "sub_type": "Elicit-Assessment"
    }
  },
  {
    "dialog_act": "It does leave them with an obligation to",
    "dialog_act_end_id": 260,
    "dialog_act_start_id": 260,
    "speaker_id": "C",
    "type": {
      "main_type": "Task",
      "sub_type": "Inform"
    }
  },
  {
    "dialog_act": "Uh there's solar power. Um.",
    "dialog_act_end_id": 207,
    "dialog_act_start_id": 207,
    "speaker_id": "A",
    "type": {
      "main_type": "Task",
      "sub_type": "Inform"
    }
  },
  {
    "dialog_act": "Uh, solar power will w also not be a good idea,",
    "dialog_act_end_id": 146,
    "dialog_act_start_id": 146,
    "speaker_id": "B",
    "type": {
      "main_type": "Task",
      "sub_type": "Assess"
    }
  },
  {
    "dialog_act": "I think we should a rechargeable battery will be a good idea.",
    "dialog_act_end_id": 152,
    "dialog_act_start_id": 152,
    "speaker_id": "B",
    "type": {
      "main_type": "Task",
      "sub_type": "Suggest"
    }
  },
  {
    "dialog_act": "so that not only it doubles as a stand, but um for using it as uh recharging it, but also for using it as sound recognition.",
    "dialog_act_end_id": 276,
    "dialog_act_start_id": 276,
    "speaker_id": "C",
    "type": {
      "main_type": "Task",
      "sub_type": "Suggest"
    }
  },
  {
    "dialog_act": "having a rechargeable stand,",
    "dialog_act_end_id": 274,
    "dialog_act_start_id": 274,
    "speaker_id": "C",
    "type": {
      "main_type": "Task",
      "sub_type": "Suggest"
    }
  },
  {
    "dialog_act": "and if we if we're just having buttons and the speech then we're getting our cheapest option of chipping.",
    "dialog_act_end_id": 285,
    "dialog_act_start_id": 285,
    "speaker_id": "C",
    "type": {
      "main_type": "Task",
      "sub_type": "Inform"
    }
  },
  {
    "dialog_act": "I just dele I just accidentally deleted what I was supposed to say next.",
    "dialog_act_end_id": 296,
    "dialog_act_start_id": 296,
    "speaker_id": "C",
    "type": {
      "main_type": "Task",
      "sub_type": "Inform"
    }
  },
  {
    "dialog_act": "and what I would like you guys to do is work on giving me a model in clay.",
    "dialog_act_end_id": 303,
    "dialog_act_start_id": 303,
    "speaker_id": "C",
    "type": {
      "main_type": "Task",
      "sub_type": "Suggest"
    }
  },
  {
    "dialog_act": "uh our next meeting's in half an hour",
    "dialog_act_end_id": 302,
    "dialog_act_start_id": 302,
    "speaker_id": "C",
    "type": {
      "main_type": "Task",
      "sub_type": "Inform"
    }
  },
  {
    "dialog_act": "Um and further instructions will be sent by your personal coaches.",
    "dialog_act_end_id": 306,
    "dialog_act_start_id": 306,
    "speaker_id": "C",
    "type": {
      "main_type": "Task",
      "sub_type": "Inform"
    }
  },
  {
    "dialog_act": "Okay. Save everything to the shared documents, is that right?",
    "dialog_act_end_id": 242,
    "dialog_act_start_id": 242,
    "speaker_id": "A",
    "type": {
      "main_type": "Elicit",
      "sub_type": "Elicit-Inform"
    }
  },
  {
    "dialog_act": "You have to keep your pen separate, because I used your pen.",
    "dialog_act_end_id": 185,
    "dialog_act_start_id": 185,
    "speaker_id": "B",
    "type": {
      "main_type": "Task",
      "sub_type": "Suggest"
    }
  },
  {
    "dialog_act": "I wonder if they mean like literally make it, sort of buttons and everything.",
    "dialog_act_end_id": 354,
    "dialog_act_start_id": 354,
    "speaker_id": "C",
    "type": {
      "main_type": "Elicit",
      "sub_type": "Elicit-Inform"
    }
  },
  {
    "dialog_act": "Or we are going to discuss something?",
    "dialog_act_end_id": 191,
    "dialog_act_start_id": 191,
    "speaker_id": "B",
    "type": {
      "main_type": "Elicit",
      "sub_type": "Elicit-Inform"
    }
  },
  {
    "dialog_act": "Uh no, I think that's us our discussion over",
    "dialog_act_end_id": 356,
    "dialog_act_start_id": 356,
    "speaker_id": "C",
    "type": {
      "main_type": "Task",
      "sub_type": "Inform"
    }
  },
  {
    "dialog_act": "Um uh we'll probably get questionnaire in a minute,",
    "dialog_act_end_id": 360,
    "dialog_act_start_id": 360,
    "speaker_id": "C",
    "type": {
      "main_type": "Task",
      "sub_type": "Inform"
    }
  },
  {
    "dialog_act": "There we go. Warning, finish meeting now.",
    "dialog_act_end_id": 364,
    "dialog_act_start_id": 364,
    "speaker_id": "C",
    "type": {
      "main_type": "Task",
      "sub_type": "Inform"
    }
  }
]