{
  "abs_summ": {
    "abs_summs_count": 23,
    "ext_summs_count": 213
  },
  "ap": [
    [
      {
        "act": "'S to do now is to decide how to fulfil what your stuff is,",
        "end_time": 3.86,
        "is_in_ext_summ": false,
        "start_time": 0.02
      },
      {
        "act": "Okay.",
        "end_time": 5.16,
        "is_in_ext_summ": false,
        "start_time": 4.42
      },
      {
        "act": "Yeah, sure.",
        "end_time": 6.95,
        "is_in_ext_summ": false,
        "start_time": 5.03
      }
    ],
    [
      {
        "act": "so it does kind of make sense, yeah.",
        "end_time": 8.77,
        "is_in_ext_summ": false,
        "start_time": 5.74
      },
      {
        "act": "It kinda does make sense, doesn't it,",
        "end_time": 8.16,
        "is_in_ext_summ": false,
        "start_time": 6.95
      }
    ],
    [
      {
        "act": "Okay we all ready to go?",
        "end_time": 16.51,
        "is_in_ext_summ": false,
        "start_time": 15.08
      },
      {
        "act": "Yep.",
        "end_time": 16.59,
        "is_in_ext_summ": false,
        "start_time": 16.5
      }
    ],
    [
      {
        "act": "Is there anything have I forgotten anything?",
        "end_time": 62.37,
        "is_in_ext_summ": false,
        "start_time": 60.98
      },
      {
        "act": "No.",
        "end_time": 63.25,
        "is_in_ext_summ": false,
        "start_time": 63.05
      }
    ],
    [
      {
        "act": "Is that everything?",
        "end_time": 64.47,
        "is_in_ext_summ": false,
        "start_time": 64.0
      },
      {
        "act": "Okay.",
        "end_time": 65.38,
        "is_in_ext_summ": false,
        "start_time": 64.47
      }
    ],
    [
      {
        "act": "and then if you have anything to kind of that you know you're gonna want to discuss, maybe just make a note of it, and we'll have all the discussion at the end.",
        "end_time": 75.18,
        "is_in_ext_summ": false,
        "start_time": 67.7
      },
      {
        "act": "That might be a better idea this time.",
        "end_time": 76.88,
        "is_in_ext_summ": false,
        "start_time": 75.18
      },
      {
        "act": "Sure.",
        "end_time": 75.83,
        "is_in_ext_summ": false,
        "start_time": 75.32
      }
    ],
    [
      {
        "act": "if that's alright.",
        "end_time": 84.25,
        "is_in_ext_summ": false,
        "start_time": 82.89
      },
      {
        "act": "Sure.",
        "end_time": 83.55,
        "is_in_ext_summ": false,
        "start_time": 83.11
      }
    ],
    [
      {
        "act": "Oh I should also point out that um the you know the kind of final objective of this meeting is to reach a decision on the concepts of the product.",
        "end_time": 126.1,
        "is_in_ext_summ": false,
        "start_time": 117.11
      },
      {
        "act": "Okay.",
        "end_time": 126.33,
        "is_in_ext_summ": false,
        "start_time": 125.42
      }
    ],
    [
      {
        "act": "is it function F_ eight?",
        "end_time": 137.44,
        "is_in_ext_summ": false,
        "start_time": 136.21
      },
      {
        "act": "Uh-huh.",
        "end_time": 139.45,
        "is_in_ext_summ": false,
        "start_time": 139.19
      }
    ],
    [
      {
        "act": "Uh-huh oh where'd it all go?",
        "end_time": 165.29,
        "is_in_ext_summ": false,
        "start_time": 161.64
      },
      {
        "act": "Oh no.",
        "end_time": 166.66,
        "is_in_ext_summ": false,
        "start_time": 166.06
      }
    ],
    [
      {
        "act": "I think I just opened up the template.",
        "end_time": 183.96,
        "is_in_ext_summ": false,
        "start_time": 182.46
      },
      {
        "act": "Oh right.",
        "end_time": 184.52,
        "is_in_ext_summ": false,
        "start_time": 184.01
      }
    ],
    [
      {
        "act": "Uh basically what I wanna do here, before we get into it uh too far, is I want to show you all the background information I have that I think we need to acknowledge if we want this to be successful.",
        "end_time": 198.37,
        "is_in_ext_summ": true,
        "start_time": 189.44
      },
      {
        "act": "Okay.",
        "end_time": 199.13,
        "is_in_ext_summ": false,
        "start_time": 198.74
      }
    ],
    [
      {
        "act": "Does that make sense, tha that sort of strategy?",
        "end_time": 236.95,
        "is_in_ext_summ": false,
        "start_time": 234.72
      },
      {
        "act": "Mm-hmm.",
        "end_time": 235.92,
        "is_in_ext_summ": false,
        "start_time": 235.53
      },
      {
        "act": "Yep.",
        "end_time": 235.89,
        "is_in_ext_summ": false,
        "start_time": 235.64
      }
    ],
    [
      {
        "act": "I thought that that will impact on the rest of what we do,",
        "end_time": 238.95,
        "is_in_ext_summ": false,
        "start_time": 236.95
      },
      {
        "act": "Aye a fair point definitely.",
        "end_time": 241.14,
        "is_in_ext_summ": false,
        "start_time": 239.91
      }
    ],
    [
      {
        "act": "Well that's I guess where we're gonna go with this.",
        "end_time": 325.82,
        "is_in_ext_summ": false,
        "start_time": 323.5
      },
      {
        "act": "Okay.",
        "end_time": 325.47,
        "is_in_ext_summ": false,
        "start_time": 325.01
      }
    ],
    [
      {
        "act": "but when you hold it in your hand there's like no buttons.",
        "end_time": 449.43,
        "is_in_ext_summ": false,
        "start_time": 446.98
      },
      {
        "act": "Mm that's true, yeah.",
        "end_time": 451.32,
        "is_in_ext_summ": false,
        "start_time": 449.57
      }
    ],
    [
      {
        "act": "'cause I'm thinking that some of these ideas will seem quite coherent if we use them in terms of their what people associate this them with in terms of texture, shape, colours, things like that.",
        "end_time": 524.97,
        "is_in_ext_summ": false,
        "start_time": 515.28
      },
      {
        "act": "Great.",
        "end_time": 527.24,
        "is_in_ext_summ": false,
        "start_time": 526.87
      }
    ],
    [
      {
        "act": "covers or something so.",
        "end_time": 581.38,
        "is_in_ext_summ": true,
        "start_time": 579.96
      },
      {
        "act": "Okay.",
        "end_time": 581.52,
        "is_in_ext_summ": false,
        "start_time": 581.11
      }
    ],
    [
      {
        "act": "that's all I have,",
        "end_time": 582.91,
        "is_in_ext_summ": false,
        "start_time": 581.94
      },
      {
        "act": "That's great.",
        "end_time": 583.64,
        "is_in_ext_summ": false,
        "start_time": 583.06
      }
    ],
    [
      {
        "act": "but uh hopefully we can we can revisit those ideas when we get into",
        "end_time": 587.13,
        "is_in_ext_summ": false,
        "start_time": 582.91
      },
      {
        "act": "Uh-huh.",
        "end_time": 586.35,
        "is_in_ext_summ": false,
        "start_time": 586.01
      }
    ],
    [
      {
        "act": "Is it working?",
        "end_time": 641.19,
        "is_in_ext_summ": false,
        "start_time": 640.72
      },
      {
        "act": "Mm.",
        "end_time": 642.71,
        "is_in_ext_summ": false,
        "start_time": 642.06
      },
      {
        "act": "Not quite.",
        "end_time": 646.75,
        "is_in_ext_summ": false,
        "start_time": 645.86
      },
      {
        "act": "Did you press F_ eight?",
        "end_time": 647.42,
        "is_in_ext_summ": false,
        "start_time": 646.52
      },
      {
        "act": "It's probably not sending.",
        "end_time": 649.15,
        "is_in_ext_summ": false,
        "start_time": 647.89
      },
      {
        "act": "Yeah.",
        "end_time": 651.09,
        "is_in_ext_summ": false,
        "start_time": 650.76
      }
    ],
    [
      {
        "act": "Oh something coming now, yeah.",
        "end_time": 658.95,
        "is_in_ext_summ": false,
        "start_time": 657.14
      },
      {
        "act": "Yep, there it is.",
        "end_time": 659.2,
        "is_in_ext_summ": false,
        "start_time": 658.05
      }
    ],
    [
      {
        "act": "Um obviously trying trying to avoid being tacky there, but it could um tie-in very easily with your your lime and lemon idea.",
        "end_time": 793.08,
        "is_in_ext_summ": false,
        "start_time": 786.99
      },
      {
        "act": "Yeah. Okay,",
        "end_time": 793.07,
        "is_in_ext_summ": false,
        "start_time": 792.11
      }
    ],
    [
      {
        "act": "do we have a corporate colour scheme?",
        "end_time": 794.34,
        "is_in_ext_summ": false,
        "start_time": 793.07
      },
      {
        "act": "I think it's yellow",
        "end_time": 795.95,
        "is_in_ext_summ": false,
        "start_time": 794.57
      }
    ],
    [
      {
        "act": "because like the website is yellow and there's a band at the bottom is yellow,",
        "end_time": 799.75,
        "is_in_ext_summ": false,
        "start_time": 795.95
      },
      {
        "act": "Okay.",
        "end_time": 798.57,
        "is_in_ext_summ": false,
        "start_time": 798.37
      }
    ],
    [
      {
        "act": "And the Play-Doh 's yellow.",
        "end_time": 802.51,
        "is_in_ext_summ": false,
        "start_time": 799.87
      },
      {
        "act": "Fantastic.",
        "end_time": 803.33,
        "is_in_ext_summ": false,
        "start_time": 801.45
      }
    ],
    [
      {
        "act": "Um we should definitely avoid the big square block look.",
        "end_time": 833.87,
        "is_in_ext_summ": true,
        "start_time": 830.01
      },
      {
        "act": "Mm 'kay.",
        "end_time": 835.7,
        "is_in_ext_summ": false,
        "start_time": 835.3
      }
    ],
    [
      {
        "act": "So it sh it could be good to have them um confirm any action you take",
        "end_time": 848.98,
        "is_in_ext_summ": true,
        "start_time": 845.97
      },
      {
        "act": "Aye that's a good idea, yeah.",
        "end_time": 851.55,
        "is_in_ext_summ": false,
        "start_time": 849.75
      }
    ],
    [
      {
        "act": "I think it's um, fashion into electronics.",
        "end_time": 862.26,
        "is_in_ext_summ": true,
        "start_time": 859.31
      },
      {
        "act": "Yeah.",
        "end_time": 861.65,
        "is_in_ext_summ": false,
        "start_time": 861.22
      }
    ],
    [
      {
        "act": "but they don't say you know if we can use any other colours at all or",
        "end_time": 869.84,
        "is_in_ext_summ": false,
        "start_time": 866.81
      },
      {
        "act": "Okay.",
        "end_time": 871.84,
        "is_in_ext_summ": false,
        "start_time": 871.13
      }
    ],
    [
      {
        "act": "That's it.",
        "end_time": 874.44,
        "is_in_ext_summ": false,
        "start_time": 874.07
      },
      {
        "act": "Cool.",
        "end_time": 874.52,
        "is_in_ext_summ": false,
        "start_time": 874.12
      },
      {
        "act": "Okay.",
        "end_time": 875.29,
        "is_in_ext_summ": false,
        "start_time": 874.79
      }
    ],
    [
      {
        "act": "Lots of good information there.",
        "end_time": 878.29,
        "is_in_ext_summ": false,
        "start_time": 876.98
      },
      {
        "act": "Yeah that that was very good,",
        "end_time": 880.82,
        "is_in_ext_summ": false,
        "start_time": 878.6
      }
    ],
    [
      {
        "act": "It's a shame the cable wasn't just in the middle of the table,",
        "end_time": 902.94,
        "is_in_ext_summ": false,
        "start_time": 899.84
      },
      {
        "act": "I know it'd be handy, wouldn't it.",
        "end_time": 903.62,
        "is_in_ext_summ": false,
        "start_time": 902.12
      }
    ],
    [
      {
        "act": "um I think these are quite standard things.",
        "end_time": 1068.69,
        "is_in_ext_summ": false,
        "start_time": 1066.64
      },
      {
        "act": "They're standard, aren't they?",
        "end_time": 1069.76,
        "is_in_ext_summ": false,
        "start_time": 1068.95
      },
      {
        "act": "No",
        "end_time": 1070.44,
        "is_in_ext_summ": false,
        "start_time": 1070.14
      },
      {
        "act": "well in the sense that these are all the options available for you.",
        "end_time": 1073.88,
        "is_in_ext_summ": false,
        "start_time": 1071.6
      }
    ],
    [
      {
        "act": "um I don't think you can use them in a combination,",
        "end_time": 1089.35,
        "is_in_ext_summ": true,
        "start_time": 1086.98
      },
      {
        "act": "We you couldn't have like plastic and rubber?",
        "end_time": 1097.28,
        "is_in_ext_summ": false,
        "start_time": 1094.87
      },
      {
        "act": "Um I think plastic and rubber would be fine,",
        "end_time": 1100.0,
        "is_in_ext_summ": true,
        "start_time": 1097.83
      }
    ],
    [
      {
        "act": "it's a wind-up you know, a crank.",
        "end_time": 1169.52,
        "is_in_ext_summ": true,
        "start_time": 1163.15
      },
      {
        "act": "I'll clear one of these things for you.",
        "end_time": 1168.04,
        "is_in_ext_summ": false,
        "start_time": 1166.42
      },
      {
        "act": "Just by moving it yeah.",
        "end_time": 1170.28,
        "is_in_ext_summ": false,
        "start_time": 1168.76
      },
      {
        "act": "Yeah",
        "end_time": 1170.06,
        "is_in_ext_summ": false,
        "start_time": 1169.52
      }
    ],
    [
      {
        "act": "'cause I don't think anybody wants to keep doing one thing.",
        "end_time": 1184.52,
        "is_in_ext_summ": false,
        "start_time": 1181.1
      },
      {
        "act": "No.",
        "end_time": 1183.92,
        "is_in_ext_summ": false,
        "start_time": 1183.56
      }
    ],
    [
      {
        "act": "You know",
        "end_time": 1213.07,
        "is_in_ext_summ": false,
        "start_time": 1211.78
      },
      {
        "act": "W yeah.",
        "end_time": 1213.68,
        "is_in_ext_summ": false,
        "start_time": 1212.53
      }
    ],
    [
      {
        "act": "you know",
        "end_time": 1213.58,
        "is_in_ext_summ": false,
        "start_time": 1213.07
      },
      {
        "act": "Uh yeah yeah, I see.",
        "end_time": 1214.57,
        "is_in_ext_summ": false,
        "start_time": 1213.68
      }
    ],
    [
      {
        "act": "if you get frustrated wi remote control you can throw it,",
        "end_time": 1225.76,
        "is_in_ext_summ": false,
        "start_time": 1223.54
      },
      {
        "act": "I know what you mean yeah.",
        "end_time": 1228.69,
        "is_in_ext_summ": false,
        "start_time": 1227.54
      }
    ],
    [
      {
        "act": "titanium case can't be curved, it has to be square.",
        "end_time": 1300.04,
        "is_in_ext_summ": true,
        "start_time": 1297.71
      },
      {
        "act": "Okay.",
        "end_time": 1300.4,
        "is_in_ext_summ": false,
        "start_time": 1300.01
      },
      {
        "act": "It can't be curved.",
        "end_time": 1304.31,
        "is_in_ext_summ": false,
        "start_time": 1302.79
      },
      {
        "act": "it can't be curved",
        "end_time": 1304.63,
        "is_in_ext_summ": false,
        "start_time": 1303.77
      },
      {
        "act": "Okay.",
        "end_time": 1304.71,
        "is_in_ext_summ": false,
        "start_time": 1304.31
      }
    ],
    [
      {
        "act": "So that's again, I don't think you can use them in a combination,",
        "end_time": 1309.19,
        "is_in_ext_summ": false,
        "start_time": 1305.08
      },
      {
        "act": "Okay.",
        "end_time": 1309.09,
        "is_in_ext_summ": false,
        "start_time": 1308.71
      }
    ],
    [
      {
        "act": "So um mixing them may not be a good idea",
        "end_time": 1317.31,
        "is_in_ext_summ": false,
        "start_time": 1313.81
      },
      {
        "act": "Okay.",
        "end_time": 1317.27,
        "is_in_ext_summ": false,
        "start_time": 1316.85
      }
    ],
    [
      {
        "act": "can I ask a question?",
        "end_time": 1321.51,
        "is_in_ext_summ": false,
        "start_time": 1320.63
      },
      {
        "act": "Yeah well yeah",
        "end_time": 1322.57,
        "is_in_ext_summ": false,
        "start_time": 1321.37
      },
      {
        "act": "it's just I'm quite keen to get the discussion going with the time we've left so",
        "end_time": 1326.78,
        "is_in_ext_summ": false,
        "start_time": 1322.57
      },
      {
        "act": "but yeah you c ask away.",
        "end_time": 1328.7,
        "is_in_ext_summ": false,
        "start_time": 1326.78
      },
      {
        "act": "Okay.",
        "end_time": 1326.57,
        "is_in_ext_summ": false,
        "start_time": 1326.32
      },
      {
        "act": "Can we uh power a light in this?",
        "end_time": 1330.99,
        "is_in_ext_summ": false,
        "start_time": 1327.92
      }
    ],
    [
      {
        "act": "Can we get a strong enough battery to power a light?",
        "end_time": 1333.07,
        "is_in_ext_summ": true,
        "start_time": 1330.99
      },
      {
        "act": "Um I think we could because the L_C_D_ panel requires power,",
        "end_time": 1337.51,
        "is_in_ext_summ": true,
        "start_time": 1333.28
      },
      {
        "act": "and the L_C_D_ is a form of a light",
        "end_time": 1339.73,
        "is_in_ext_summ": true,
        "start_time": 1337.51
      },
      {
        "act": "Okay.",
        "end_time": 1339.38,
        "is_in_ext_summ": false,
        "start_time": 1339.12
      },
      {
        "act": "So maybe one of the things we can just try and include is a really good battery.",
        "end_time": 1343.77,
        "is_in_ext_summ": false,
        "start_time": 1340.16
      },
      {
        "act": "Why what kind of light do you want are you thinking of?",
        "end_time": 1347.06,
        "is_in_ext_summ": false,
        "start_time": 1344.68
      },
      {
        "act": "I mean I'm thinking it might be That for uh this to be a high-tech thing it's gonna have to have something high-tech about it",
        "end_time": 1356.08,
        "is_in_ext_summ": false,
        "start_time": 1348.36
      },
      {
        "act": "Yeah.",
        "end_time": 1356.41,
        "is_in_ext_summ": false,
        "start_time": 1356.05
      }
    ],
    [
      {
        "act": "or a light in the sense of it glows kind of you know Frankenstein, it's alive.",
        "end_time": 1375.5,
        "is_in_ext_summ": false,
        "start_time": 1369.99
      },
      {
        "act": "Illuminate the buttons.",
        "end_time": 1373.41,
        "is_in_ext_summ": false,
        "start_time": 1371.73
      },
      {
        "act": "Yeah it glows.",
        "end_time": 1374.08,
        "is_in_ext_summ": false,
        "start_time": 1373.41
      }
    ],
    [
      {
        "act": "and that's what everybody does. Oh where's the volume button in the dark,",
        "end_time": 1386.75,
        "is_in_ext_summ": false,
        "start_time": 1382.61
      },
      {
        "act": "Yeah yeah yeah.",
        "end_time": 1386.66,
        "is_in_ext_summ": false,
        "start_time": 1386.06
      }
    ],
    [
      {
        "act": "Like a phone yeah, like the backlight in a phone.",
        "end_time": 1393.3,
        "is_in_ext_summ": false,
        "start_time": 1390.65
      },
      {
        "act": "Like a phone, yeah yeah.",
        "end_time": 1393.07,
        "is_in_ext_summ": false,
        "start_time": 1391.73
      }
    ],
    [
      {
        "act": "Whereas with phones, people charge them once a week.",
        "end_time": 1397.44,
        "is_in_ext_summ": false,
        "start_time": 1394.12
      },
      {
        "act": "Yeah.",
        "end_time": 1397.47,
        "is_in_ext_summ": false,
        "start_time": 1396.96
      }
    ],
    [
      {
        "act": "We're gonna need to put in a really good battery so people don't have to charge their r remote control every few days.",
        "end_time": 1404.5,
        "is_in_ext_summ": true,
        "start_time": 1397.44
      },
      {
        "act": "Um that's why I think the option of the the kinetic thing which basically means as long as you shake it like a watch, like an automatic watch",
        "end_time": 1410.12,
        "is_in_ext_summ": true,
        "start_time": 1404.39
      },
      {
        "act": "But are people gonna wanna shake their movie controller?",
        "end_time": 1411.26,
        "is_in_ext_summ": true,
        "start_time": 1409.38
      },
      {
        "act": "um it's probably sensitive enough when you fiddle it.",
        "end_time": 1415.13,
        "is_in_ext_summ": true,
        "start_time": 1411.56
      },
      {
        "act": "Right.",
        "end_time": 1414.53,
        "is_in_ext_summ": false,
        "start_time": 1414.29
      },
      {
        "act": "Sure.",
        "end_time": 1415.77,
        "is_in_ext_summ": false,
        "start_time": 1415.48
      }
    ],
    [
      {
        "act": "like I said the bouncing ball thing,",
        "end_time": 1418.46,
        "is_in_ext_summ": false,
        "start_time": 1417.18
      },
      {
        "act": "Okay.",
        "end_time": 1419.2,
        "is_in_ext_summ": false,
        "start_time": 1418.8
      }
    ],
    [
      {
        "act": "glowingness.",
        "end_time": 1427.92,
        "is_in_ext_summ": false,
        "start_time": 1427.07
      },
      {
        "act": "Okay, great.",
        "end_time": 1429.01,
        "is_in_ext_summ": false,
        "start_time": 1428.02
      }
    ],
    [
      {
        "act": "and just giving an id idea on the time, we've got about fifteen minutes to play with at most.",
        "end_time": 1438.24,
        "is_in_ext_summ": false,
        "start_time": 1433.45
      },
      {
        "act": "Okay.",
        "end_time": 1438.39,
        "is_in_ext_summ": false,
        "start_time": 1438.11
      }
    ],
    [
      {
        "act": "Does anybody have any ideas of about how we can fit all that in together?",
        "end_time": 1465.17,
        "is_in_ext_summ": false,
        "start_time": 1462.24
      },
      {
        "act": "Um I think we could go for like um maybe not a p a fruit shape but a very sort of curvy type shape.",
        "end_time": 1476.63,
        "is_in_ext_summ": true,
        "start_time": 1469.46
      },
      {
        "act": "Um you could have the same sort of texture and colour as a fruit.",
        "end_time": 1479.09,
        "is_in_ext_summ": true,
        "start_time": 1476.63
      },
      {
        "act": "So maybe do y are we thinking something that like s could sit in your hand comfortably, or do you th you'd hold onto comfortably or",
        "end_time": 1486.07,
        "is_in_ext_summ": false,
        "start_time": 1479.62
      },
      {
        "act": "Um probably something that s sits in your hand comfortably, sort of feels right in your hand.",
        "end_time": 1489.52,
        "is_in_ext_summ": true,
        "start_time": 1486.44
      },
      {
        "act": "So something quite curvy?",
        "end_time": 1489.99,
        "is_in_ext_summ": true,
        "start_time": 1488.53
      },
      {
        "act": "Okay",
        "end_time": 1491.8,
        "is_in_ext_summ": false,
        "start_time": 1489.99
      }
    ],
    [
      {
        "act": "or uh I can't remember who made the point about how if you've a nice bright colour you'll not lose it,",
        "end_time": 1500.22,
        "is_in_ext_summ": false,
        "start_time": 1496.59
      },
      {
        "act": "I think he made that.",
        "end_time": 1502.47,
        "is_in_ext_summ": false,
        "start_time": 1501.75
      },
      {
        "act": "What's that?",
        "end_time": 1502.18,
        "is_in_ext_summ": false,
        "start_time": 1501.81
      },
      {
        "act": "about how if you have a bright colour you'll not lose it so much.",
        "end_time": 1505.8,
        "is_in_ext_summ": true,
        "start_time": 1502.47
      },
      {
        "act": "Yeah.",
        "end_time": 1505.6,
        "is_in_ext_summ": false,
        "start_time": 1505.25
      }
    ],
    [
      {
        "act": "I mean maybe we could think about about the colour of the whole product being yellow",
        "end_time": 1512.38,
        "is_in_ext_summ": true,
        "start_time": 1508.15
      },
      {
        "act": "Okay.",
        "end_time": 1512.3,
        "is_in_ext_summ": false,
        "start_time": 1511.94
      }
    ],
    [
      {
        "act": "We just come up with something like that we kind of use it as a theme to inspire the",
        "end_time": 1574.58,
        "is_in_ext_summ": false,
        "start_time": 1570.21
      },
      {
        "act": "Okay.",
        "end_time": 1575.92,
        "is_in_ext_summ": false,
        "start_time": 1575.39
      }
    ],
    [
      {
        "act": "shapes and things.",
        "end_time": 1576.55,
        "is_in_ext_summ": false,
        "start_time": 1575.89
      },
      {
        "act": "Right.",
        "end_time": 1578.13,
        "is_in_ext_summ": false,
        "start_time": 1577.56
      }
    ],
    [
      {
        "act": "Like does marketing have any research on does it need to be long?",
        "end_time": 1586.93,
        "is_in_ext_summ": false,
        "start_time": 1582.86
      },
      {
        "act": "Oh you know like in circular in shape or",
        "end_time": 1590.33,
        "is_in_ext_summ": false,
        "start_time": 1587.82
      },
      {
        "act": "Yeah",
        "end_time": 1590.9,
        "is_in_ext_summ": false,
        "start_time": 1590.47
      }
    ],
    [
      {
        "act": "'cause that will n help narrow down the choice of",
        "end_time": 1593.44,
        "is_in_ext_summ": false,
        "start_time": 1590.9
      },
      {
        "act": "Like fruit.",
        "end_time": 1595.99,
        "is_in_ext_summ": false,
        "start_time": 1594.51
      },
      {
        "act": "Choice of material yeah.",
        "end_time": 1595.91,
        "is_in_ext_summ": false,
        "start_time": 1593.96
      },
      {
        "act": "Yeah.",
        "end_time": 1593.73,
        "is_in_ext_summ": false,
        "start_time": 1593.41
      }
    ],
    [
      {
        "act": "do we really want it in like the shape of a lemon or",
        "end_time": 1629.57,
        "is_in_ext_summ": false,
        "start_time": 1626.38
      },
      {
        "act": "No no no not at all.",
        "end_time": 1631.08,
        "is_in_ext_summ": false,
        "start_time": 1628.7
      },
      {
        "act": "no I don't think we do either.",
        "end_time": 1630.78,
        "is_in_ext_summ": false,
        "start_time": 1629.57
      }
    ],
    [
      {
        "act": "so thoughts about the actual shape of the thing.",
        "end_time": 1647.01,
        "is_in_ext_summ": false,
        "start_time": 1644.66
      },
      {
        "act": "I'd quite like a sort of uh snowman type shape.",
        "end_time": 1649.89,
        "is_in_ext_summ": true,
        "start_time": 1648.02
      },
      {
        "act": "A snowman shape?",
        "end_time": 1651.01,
        "is_in_ext_summ": false,
        "start_time": 1650.05
      },
      {
        "act": "Um so a p sort of larger bit sits in your hand, and then you got maybe another bubble at the top for just any other function you need.",
        "end_time": 1657.01,
        "is_in_ext_summ": true,
        "start_time": 1651.24
      },
      {
        "act": "That's quite a distinctive shape,",
        "end_time": 1658.82,
        "is_in_ext_summ": false,
        "start_time": 1657.6
      },
      {
        "act": "that would be good",
        "end_time": 1659.4,
        "is_in_ext_summ": false,
        "start_time": 1658.82
      }
    ],
    [
      {
        "act": "wouldn't it.",
        "end_time": 1659.76,
        "is_in_ext_summ": false,
        "start_time": 1659.4
      },
      {
        "act": "Yeah.",
        "end_time": 1661.17,
        "is_in_ext_summ": false,
        "start_time": 1660.88
      },
      {
        "act": "Yeah",
        "end_time": 1662.33,
        "is_in_ext_summ": false,
        "start_time": 1661.27
      }
    ],
    [
      {
        "act": "Do you wanna draw it on the board?",
        "end_time": 1671.27,
        "is_in_ext_summ": false,
        "start_time": 1669.99
      },
      {
        "act": "yeah just t we can visualize it.",
        "end_time": 1672.8,
        "is_in_ext_summ": false,
        "start_time": 1671.08
      }
    ],
    [
      {
        "act": "maybe it could fold up and you get a third group inside",
        "end_time": 1696.38,
        "is_in_ext_summ": false,
        "start_time": 1693.93
      },
      {
        "act": "Okay.",
        "end_time": 1696.52,
        "is_in_ext_summ": false,
        "start_time": 1696.19
      },
      {
        "act": "Ooh that'd be good.",
        "end_time": 1697.49,
        "is_in_ext_summ": false,
        "start_time": 1696.24
      }
    ],
    [
      {
        "act": "or uh you have volume controls about there.",
        "end_time": 1700.35,
        "is_in_ext_summ": false,
        "start_time": 1696.38
      },
      {
        "act": "Okay.",
        "end_time": 1701.03,
        "is_in_ext_summ": false,
        "start_time": 1700.74
      },
      {
        "act": "Yep.",
        "end_time": 1703.31,
        "is_in_ext_summ": false,
        "start_time": 1703.18
      }
    ],
    [
      {
        "act": "Um and I mean colour-wise what does everybody think?",
        "end_time": 1715.3,
        "is_in_ext_summ": false,
        "start_time": 1712.86
      },
      {
        "act": "So I reckon it'd look quite nice if we just had um this here, had a sorta background yellow,",
        "end_time": 1727.37,
        "is_in_ext_summ": true,
        "start_time": 1722.72
      },
      {
        "act": "and then have sort of a nice bold colour for the buttons.",
        "end_time": 1729.8,
        "is_in_ext_summ": true,
        "start_time": 1727.37
      },
      {
        "act": "Okay cool.",
        "end_time": 1730.96,
        "is_in_ext_summ": false,
        "start_time": 1730.08
      }
    ],
    [
      {
        "act": "I d I d any thoughts on that at all?",
        "end_time": 1754.85,
        "is_in_ext_summ": false,
        "start_time": 1753.03
      },
      {
        "act": "I think that'd probably scare me.",
        "end_time": 1756.46,
        "is_in_ext_summ": true,
        "start_time": 1755.47
      }
    ],
    [
      {
        "act": "You turn it on your control possessed s.",
        "end_time": 1758.83,
        "is_in_ext_summ": false,
        "start_time": 1756.46
      },
      {
        "act": "I know.",
        "end_time": 1759.57,
        "is_in_ext_summ": false,
        "start_time": 1758.34
      }
    ],
    [
      {
        "act": "also would that work if we wanted to incorporate um an L_C_D_ display, where would we put that?",
        "end_time": 1769.78,
        "is_in_ext_summ": true,
        "start_time": 1763.63
      },
      {
        "act": "Do we need an L_C_D_ display?",
        "end_time": 1774.99,
        "is_in_ext_summ": true,
        "start_time": 1773.29
      },
      {
        "act": "It's bound to increase the cost of it a lot, I would've thought.",
        "end_time": 1780.31,
        "is_in_ext_summ": true,
        "start_time": 1776.61
      },
      {
        "act": "Yeah but the question is what are we using it",
        "end_time": 1781.47,
        "is_in_ext_summ": false,
        "start_time": 1779.2
      },
      {
        "act": "What would it achieve?",
        "end_time": 1780.99,
        "is_in_ext_summ": false,
        "start_time": 1780.25
      },
      {
        "act": "what would we what would we achieve from it?",
        "end_time": 1783.14,
        "is_in_ext_summ": true,
        "start_time": 1781.47
      }
    ],
    [
      {
        "act": "So as you scroll through, 'cause we said we might have a jog dial, so as you scroll through your stations you can y it actually tells you what it is.",
        "end_time": 1802.36,
        "is_in_ext_summ": true,
        "start_time": 1794.76
      },
      {
        "act": "I think that will be a problem because we don't have an input device to get the listings into it,",
        "end_time": 1807.15,
        "is_in_ext_summ": true,
        "start_time": 1802.2
      },
      {
        "act": "Right, okay.",
        "end_time": 1807.2,
        "is_in_ext_summ": false,
        "start_time": 1806.57
      },
      {
        "act": "Mm oh yeah that's true.",
        "end_time": 1808.76,
        "is_in_ext_summ": false,
        "start_time": 1807.2
      }
    ],
    [
      {
        "act": "So so no need for an L_C_D_ display?",
        "end_time": 1813.7,
        "is_in_ext_summ": false,
        "start_time": 1810.68
      },
      {
        "act": "Um I I'm not saying there's no need for an L_C_D_ display,",
        "end_time": 1815.83,
        "is_in_ext_summ": false,
        "start_time": 1813.49
      }
    ],
    [
      {
        "act": "the sa the same thing goes for the speaker, is there a need for the remote control to to talk back?",
        "end_time": 1836.47,
        "is_in_ext_summ": false,
        "start_time": 1830.34
      },
      {
        "act": "I don't know if there is really,",
        "end_time": 1836.77,
        "is_in_ext_summ": false,
        "start_time": 1834.26
      },
      {
        "act": "no um",
        "end_time": 1838.58,
        "is_in_ext_summ": false,
        "start_time": 1836.77
      },
      {
        "act": "Nah.",
        "end_time": 1836.65,
        "is_in_ext_summ": false,
        "start_time": 1836.16
      }
    ],
    [
      {
        "act": "'cause the L_C_D_ tends to be an output as uh as opposed to an input so um does the remote control need to talk back to the user?",
        "end_time": 1828.82,
        "is_in_ext_summ": false,
        "start_time": 1819.27
      },
      {
        "act": "Mm not real",
        "end_time": 1828.88,
        "is_in_ext_summ": false,
        "start_time": 1827.99
      }
    ],
    [
      {
        "act": "Uh does anybody disagree with that?",
        "end_time": 1843.28,
        "is_in_ext_summ": false,
        "start_time": 1841.59
      },
      {
        "act": "No.",
        "end_time": 1844.66,
        "is_in_ext_summ": false,
        "start_time": 1844.4
      }
    ],
    [
      {
        "act": "um I mean do you wanna group them into s head of the snowman, body of the snowman, inside of the snowman,",
        "end_time": 1863.19,
        "is_in_ext_summ": true,
        "start_time": 1857.6
      },
      {
        "act": "Um well I think the advanced ones the the ones you don't usually use could be hid inside.",
        "end_time": 1869.52,
        "is_in_ext_summ": true,
        "start_time": 1864.41
      },
      {
        "act": "Okay.",
        "end_time": 1869.66,
        "is_in_ext_summ": false,
        "start_time": 1869.18
      }
    ],
    [
      {
        "act": "they'd have to go on the the front somewhere.",
        "end_time": 1874.06,
        "is_in_ext_summ": false,
        "start_time": 1872.56
      },
      {
        "act": "Okay",
        "end_time": 1875.45,
        "is_in_ext_summ": false,
        "start_time": 1874.38
      }
    ],
    [
      {
        "act": "and the the the one issue we need to keep in mind with them is that you're committing the user to moving it,",
        "end_time": 1936.28,
        "is_in_ext_summ": false,
        "start_time": 1930.03
      },
      {
        "act": "No,",
        "end_time": 1936.49,
        "is_in_ext_summ": false,
        "start_time": 1936.36
      },
      {
        "act": "like I said we have a h hybrid kind of thing, so it's not gonna charge the battery, it's just",
        "end_time": 1942.63,
        "is_in_ext_summ": false,
        "start_time": 1936.49
      },
      {
        "act": "Sure,",
        "end_time": 1940.26,
        "is_in_ext_summ": false,
        "start_time": 1939.06
      },
      {
        "act": "okay,",
        "end_time": 1941.31,
        "is_in_ext_summ": false,
        "start_time": 1940.26
      },
      {
        "act": "right, okay.",
        "end_time": 1941.9,
        "is_in_ext_summ": false,
        "start_time": 1941.31
      }
    ],
    [
      {
        "act": "Chip on print, is that that's an industrial design thing, is it David?",
        "end_time": 1992.85,
        "is_in_ext_summ": false,
        "start_time": 1987.97
      },
      {
        "act": "Yes yes.",
        "end_time": 1992.8,
        "is_in_ext_summ": false,
        "start_time": 1991.95
      }
    ],
    [
      {
        "act": "And this size here, I'd suggest this be small, like quite small.",
        "end_time": 2001.89,
        "is_in_ext_summ": true,
        "start_time": 1997.15
      },
      {
        "act": "Yeah",
        "end_time": 2000.9,
        "is_in_ext_summ": false,
        "start_time": 2000.42
      }
    ],
    [
      {
        "act": "I know we're gonna have like rubber buttons",
        "end_time": 2002.5,
        "is_in_ext_summ": true,
        "start_time": 2000.9
      },
      {
        "act": "Yeah I think so yeah.",
        "end_time": 2006.06,
        "is_in_ext_summ": false,
        "start_time": 2005.16
      }
    ],
    [
      {
        "act": "we're gonna have to wrap up quite quickly,",
        "end_time": 1983.12,
        "is_in_ext_summ": false,
        "start_time": 1981.77
      },
      {
        "act": "I realise we're being efficient to wrap up the meeting and have lots of decisions made,",
        "end_time": 2017.1,
        "is_in_ext_summ": false,
        "start_time": 2012.73
      }
    ],
    [
      {
        "act": "like what is it that we're u we're using to to achieve those goals?",
        "end_time": 2038.31,
        "is_in_ext_summ": false,
        "start_time": 2033.88
      },
      {
        "act": "Could have things like backlighting the buttons and stuff like that.",
        "end_time": 2041.64,
        "is_in_ext_summ": false,
        "start_time": 2038.4
      },
      {
        "act": "Okay so so backlighting, that would be good.",
        "end_time": 2043.59,
        "is_in_ext_summ": true,
        "start_time": 2040.69
      }
    ],
    [
      {
        "act": "Or even a clear case.",
        "end_time": 2044.48,
        "is_in_ext_summ": false,
        "start_time": 2042.64
      },
      {
        "act": "Yeah clear,",
        "end_time": 2045.27,
        "is_in_ext_summ": false,
        "start_time": 2044.65
      },
      {
        "act": "Aye that would be a good idea.",
        "end_time": 2047.52,
        "is_in_ext_summ": false,
        "start_time": 2045.94
      },
      {
        "act": "Okay.",
        "end_time": 2047.15,
        "is_in_ext_summ": false,
        "start_time": 2046.67
      }
    ],
    [
      {
        "act": "but in the dark it sort of, it's alive.",
        "end_time": 2055.47,
        "is_in_ext_summ": false,
        "start_time": 2050.39
      },
      {
        "act": "Yeah sure.",
        "end_time": 2054.95,
        "is_in_ext_summ": false,
        "start_time": 2054.2
      }
    ],
    [
      {
        "act": "Is that what you mean?",
        "end_time": 2063.23,
        "is_in_ext_summ": false,
        "start_time": 2062.56
      },
      {
        "act": "Or or there might be a light running through it like a mouse.",
        "end_time": 2065.92,
        "is_in_ext_summ": true,
        "start_time": 2062.82
      }
    ],
    [
      {
        "act": "that sort of",
        "end_time": 2075.42,
        "is_in_ext_summ": false,
        "start_time": 2074.36
      },
      {
        "act": "Yeah they they emanate a light through it.",
        "end_time": 2077.11,
        "is_in_ext_summ": false,
        "start_time": 2075.4
      },
      {
        "act": "Yeah",
        "end_time": 2077.4,
        "is_in_ext_summ": false,
        "start_time": 2077.05
      }
    ],
    [
      {
        "act": "but because the case is transparent so it gives it a little bit of a glow, doesn't make it freaky.",
        "end_time": 2083.16,
        "is_in_ext_summ": true,
        "start_time": 2077.4
      },
      {
        "act": "Okay.",
        "end_time": 2082.98,
        "is_in_ext_summ": false,
        "start_time": 2082.32
      }
    ],
    [
      {
        "act": "Could we use like a jog dial, like a nice just sort of round, somewhere on it where you just roll it?",
        "end_time": 2106.68,
        "is_in_ext_summ": true,
        "start_time": 2101.36
      },
      {
        "act": "The question is when you're rolling it, how do you wanna roll it?",
        "end_time": 2108.17,
        "is_in_ext_summ": true,
        "start_time": 2105.57
      }
    ],
    [
      {
        "act": "whereas the other thing about having it jog dial this way, it tends to get moved accidentally.",
        "end_time": 2120.08,
        "is_in_ext_summ": true,
        "start_time": 2115.38
      },
      {
        "act": "Mm-hmm.",
        "end_time": 2121.3,
        "is_in_ext_summ": false,
        "start_time": 2120.31
      },
      {
        "act": "Well why don't we do it like a mouse then?",
        "end_time": 2122.74,
        "is_in_ext_summ": false,
        "start_time": 2121.3
      }
    ],
    [
      {
        "act": "Yeah if you are holding it in your hand you could you could do that, couldn't you?",
        "end_time": 2124.42,
        "is_in_ext_summ": false,
        "start_time": 2121.24
      },
      {
        "act": "That's a very unnatural motion to",
        "end_time": 2128.94,
        "is_in_ext_summ": false,
        "start_time": 2126.41
      },
      {
        "act": "Do you think?",
        "end_time": 2129.46,
        "is_in_ext_summ": false,
        "start_time": 2128.26
      },
      {
        "act": "yeah.",
        "end_time": 2130.2,
        "is_in_ext_summ": false,
        "start_time": 2128.94
      },
      {
        "act": "Okay.",
        "end_time": 2129.89,
        "is_in_ext_summ": false,
        "start_time": 2129.46
      }
    ],
    [
      {
        "act": "Um it might work for volume,",
        "end_time": 2134.63,
        "is_in_ext_summ": true,
        "start_time": 2132.27
      },
      {
        "act": "Yeah.",
        "end_time": 2134.55,
        "is_in_ext_summ": false,
        "start_time": 2134.27
      }
    ],
    [
      {
        "act": "can you imagine trying to.",
        "end_time": 2146.12,
        "is_in_ext_summ": false,
        "start_time": 2143.35
      },
      {
        "act": "okay okay",
        "end_time": 2147.09,
        "is_in_ext_summ": false,
        "start_time": 2144.43
      }
    ],
    [
      {
        "act": "Um and I don't think having that you know too quick too slow kin it's confusing to the",
        "end_time": 2151.83,
        "is_in_ext_summ": false,
        "start_time": 2146.12
      },
      {
        "act": "Well, but then for um for skipping a large amount of channels you do have to uh to skip the channel button, the number part.",
        "end_time": 2156.13,
        "is_in_ext_summ": false,
        "start_time": 2150.47
      },
      {
        "act": "Yeah.",
        "end_time": 2156.02,
        "is_in_ext_summ": false,
        "start_time": 2155.45
      }
    ],
    [
      {
        "act": "and once they lose out on the user experience they're like",
        "end_time": 2159.92,
        "is_in_ext_summ": false,
        "start_time": 2157.99
      },
      {
        "act": "Okay.",
        "end_time": 2161.15,
        "is_in_ext_summ": false,
        "start_time": 2160.6
      }
    ],
    [
      {
        "act": "Because that's becomes the most accessible thing in front of",
        "end_time": 2164.04,
        "is_in_ext_summ": false,
        "start_time": 2161.04
      },
      {
        "act": "But that's not a bad thing is it?",
        "end_time": 2164.99,
        "is_in_ext_summ": false,
        "start_time": 2163.33
      }
    ],
    [
      {
        "act": "Jog dials are much easier than that.",
        "end_time": 2170.44,
        "is_in_ext_summ": false,
        "start_time": 2168.89
      },
      {
        "act": "Okay",
        "end_time": 2171.72,
        "is_in_ext_summ": false,
        "start_time": 2170.93
      }
    ],
    [
      {
        "act": "And the other thing was um can we think of any way of getting the slogan into this thing?",
        "end_time": 2193.05,
        "is_in_ext_summ": true,
        "start_time": 2188.0
      },
      {
        "act": "Yeah",
        "end_time": 2193.73,
        "is_in_ext_summ": false,
        "start_time": 2193.22
      }
    ],
    [
      {
        "act": "I wouldn't be surprised if we could take this idea, imagine that, I dunno, that it's within the shape of the hand, it's quite small",
        "end_time": 2205.37,
        "is_in_ext_summ": false,
        "start_time": 2198.25
      },
      {
        "act": "I dunno.",
        "end_time": 2207.26,
        "is_in_ext_summ": false,
        "start_time": 2206.82
      }
    ],
    [
      {
        "act": "we really gotta wrap up",
        "end_time": 2208.35,
        "is_in_ext_summ": false,
        "start_time": 2206.95
      },
      {
        "act": "Yeah.",
        "end_time": 2208.75,
        "is_in_ext_summ": false,
        "start_time": 2208.38
      }
    ],
    [
      {
        "act": "and that we've got like the the l slogan somewhere like on the casing at the side,",
        "end_time": 2214.99,
        "is_in_ext_summ": true,
        "start_time": 2210.13
      },
      {
        "act": "Okay",
        "end_time": 2215.51,
        "is_in_ext_summ": false,
        "start_time": 2214.18
      },
      {
        "act": "well if we can do that, great.",
        "end_time": 2217.41,
        "is_in_ext_summ": false,
        "start_time": 2215.51
      },
      {
        "act": "Yeah okay.",
        "end_time": 2218.38,
        "is_in_ext_summ": false,
        "start_time": 2217.41
      }
    ],
    [
      {
        "act": "well I mean isn't that what we just h said said we s just have to decide now?",
        "end_time": 2221.88,
        "is_in_ext_summ": false,
        "start_time": 2218.06
      },
      {
        "act": "Yeah",
        "end_time": 2223.56,
        "is_in_ext_summ": false,
        "start_time": 2222.88
      }
    ],
    [
      {
        "act": "let's let's try and get the slogan on there",
        "end_time": 2225.95,
        "is_in_ext_summ": false,
        "start_time": 2223.56
      },
      {
        "act": "Yeah.",
        "end_time": 2226.82,
        "is_in_ext_summ": false,
        "start_time": 2225.94
      }
    ],
    [
      {
        "act": "And then like a jog dial somewhere that fits in with the shape of it",
        "end_time": 2232.06,
        "is_in_ext_summ": false,
        "start_time": 2229.04
      },
      {
        "act": "That that might have one problem in terms of um in terms of whether you're left handed or you're right handed you might be locking yourself in.",
        "end_time": 2243.66,
        "is_in_ext_summ": true,
        "start_time": 2235.31
      },
      {
        "act": "It would get bumped,",
        "end_time": 2238.79,
        "is_in_ext_summ": false,
        "start_time": 2238.05
      },
      {
        "act": "it's doesn't really fit with your hand.",
        "end_time": 2241.07,
        "is_in_ext_summ": false,
        "start_time": 2238.79
      },
      {
        "act": "Yeah.",
        "end_time": 2241.37,
        "is_in_ext_summ": false,
        "start_time": 2241.07
      }
    ],
    [
      {
        "act": "I'm really gonna have to hurry you on here 'cause we're we're actually over time.",
        "end_time": 2250.99,
        "is_in_ext_summ": false,
        "start_time": 2247.55
      },
      {
        "act": "Yeah",
        "end_time": 2250.78,
        "is_in_ext_summ": false,
        "start_time": 2249.5
      }
    ],
    [
      {
        "act": "Um I think one thing would be the jog dial 'cause that's gonna have quite a big impact on the thing um",
        "end_time": 2285.15,
        "is_in_ext_summ": false,
        "start_time": 2276.58
      },
      {
        "act": "Yeah I think the jog dial,",
        "end_time": 2284.72,
        "is_in_ext_summ": true,
        "start_time": 2283.53
      }
    ],
    [
      {
        "act": "what if it was flat and you just spun it,",
        "end_time": 2287.84,
        "is_in_ext_summ": true,
        "start_time": 2285.88
      },
      {
        "act": "Yeah that's what I was thinking the",
        "end_time": 2288.62,
        "is_in_ext_summ": false,
        "start_time": 2286.85
      }
    ],
    [
      {
        "act": "I think incorporating a logo is quite straight forward.",
        "end_time": 2293.15,
        "is_in_ext_summ": false,
        "start_time": 2291.36
      },
      {
        "act": "Okay.",
        "end_time": 2293.51,
        "is_in_ext_summ": false,
        "start_time": 2293.15
      },
      {
        "act": "That's kind of a design thing that you guys can can discuss, yeah.",
        "end_time": 2297.61,
        "is_in_ext_summ": false,
        "start_time": 2294.69
      },
      {
        "act": "Yeah but it's also a a marketing and a function",
        "end_time": 2300.11,
        "is_in_ext_summ": false,
        "start_time": 2296.32
      },
      {
        "act": "Okay.",
        "end_time": 2299.89,
        "is_in_ext_summ": false,
        "start_time": 2299.48
      }
    ],
    [
      {
        "act": "and materials we sorta said we'd do plastic and rubber, didn't we,",
        "end_time": 2303.67,
        "is_in_ext_summ": false,
        "start_time": 2299.96
      },
      {
        "act": "Yeah.",
        "end_time": 2304.5,
        "is_in_ext_summ": false,
        "start_time": 2302.93
      },
      {
        "act": "Yeah.",
        "end_time": 2303.59,
        "is_in_ext_summ": false,
        "start_time": 2303.17
      }
    ],
    [
      {
        "act": "To make something flush with the case?",
        "end_time": 2311.61,
        "is_in_ext_summ": false,
        "start_time": 2309.82
      },
      {
        "act": "Something a bit more flush, yeah,",
        "end_time": 2313.1,
        "is_in_ext_summ": false,
        "start_time": 2311.16
      },
      {
        "act": "Okay right.",
        "end_time": 2313.42,
        "is_in_ext_summ": false,
        "start_time": 2312.56
      }
    ],
    [
      {
        "act": "or maybe have rubber incorporated into the case as well,",
        "end_time": 2315.89,
        "is_in_ext_summ": false,
        "start_time": 2313.1
      },
      {
        "act": "Okay.",
        "end_time": 2316.65,
        "is_in_ext_summ": false,
        "start_time": 2315.98
      }
    ],
    [
      {
        "act": "they're actually just plastic that's textured,",
        "end_time": 2331.93,
        "is_in_ext_summ": false,
        "start_time": 2330.02
      },
      {
        "act": "Yeah yeah kinda like that yeah.",
        "end_time": 2333.38,
        "is_in_ext_summ": false,
        "start_time": 2332.03
      }
    ],
    [
      {
        "act": "Play-doh time.",
        "end_time": 2351.44,
        "is_in_ext_summ": false,
        "start_time": 2350.29
      },
      {
        "act": "Yeah quite jealous actually.",
        "end_time": 2352.91,
        "is_in_ext_summ": false,
        "start_time": 2351.41
      }
    ]
  ],
  "ap_meta": {
    "far_than_3s": 7,
    "total": 310,
    "total_sequences": 113,
    "values": [
      [
        20,
        642.71
      ],
      [
        34,
        1089.35
      ],
      [
        53,
        1465.17
      ],
      [
        66,
        1715.3
      ],
      [
        69,
        1769.78
      ],
      [
        81,
        1983.12
      ],
      [
        103,
        2232.06
      ]
    ]
  },
  "args": [
    [
      {
        "act": "Can we uh power a light in this? Can we get a strong enough battery to power a light?",
        "ae_type": "Yes/No issue",
        "end_time": 1333.07,
        "speaker_id": "D",
        "start_time": 1327.92
      },
      {
        "act": "Um I think we could because the L_C_D_ panel requires power, and the L_C_D_ is a form of a light so that",
        "ae_type": "Statement",
        "end_time": 1340.34,
        "speaker_id": "A",
        "start_time": 1333.28
      },
      {
        "act": "Okay.",
        "ae_type": "Statement",
        "end_time": 1339.38,
        "speaker_id": "D",
        "start_time": 1339.12
      },
      {
        "act": "So maybe one of the things we can just try and include is a really good battery.",
        "ae_type": "Statement",
        "end_time": 1343.77,
        "speaker_id": "D",
        "start_time": 1340.16
      },
      {
        "act": "Why what kind of light do you want are you thinking of?",
        "ae_type": "Open issue",
        "end_time": 1347.06,
        "speaker_id": "B",
        "start_time": 1344.68
      },
      {
        "act": "That for uh this to be a high-tech thing it's gonna have to have something high-tech about it and that's gonna take battery power, and to make that to make that a realistic goal I think one of the issues that will come up later is, can the battery power it?",
        "ae_type": "Yes/No issue",
        "end_time": 1365.75,
        "speaker_id": "D",
        "start_time": 1351.3
      },
      {
        "act": "Yeah.",
        "ae_type": "Statement",
        "end_time": 1356.41,
        "speaker_id": "B",
        "start_time": 1356.05
      },
      {
        "act": "Are you thinking are you thinking of of a light in the sense of um a light light, or a light in the sense of it glows kind of you know Frankenstein, it's alive.",
        "ae_type": "A/B issue",
        "end_time": 1375.5,
        "speaker_id": "A",
        "start_time": 1364.68
      },
      {
        "act": "Illuminate the buttons. Yeah it glows.",
        "ae_type": "Statement",
        "end_time": 1374.08,
        "speaker_id": "D",
        "start_time": 1371.73
      },
      {
        "act": "Well m I'm thinking along the lines of you're you're in the dark watching a D_V_D_ and you um you find the thing in the dark and you go like this, and that's what everybody does. Oh where's the volume button in the dark, and uh y you just touch it, or you just pick it up, and it lights up or something.",
        "ae_type": "Statement",
        "end_time": 1390.63,
        "speaker_id": "D",
        "start_time": 1375.0
      },
      {
        "act": "Okay.",
        "ae_type": "Statement",
        "end_time": 1379.39,
        "speaker_id": "A",
        "start_time": 1379.04
      },
      {
        "act": "Yeah yeah yeah.",
        "ae_type": "Statement",
        "end_time": 1386.66,
        "speaker_id": "B",
        "start_time": 1386.06
      },
      {
        "act": "Like a phone yeah, like the backlight in a phone. Okay cool.",
        "ae_type": "Statement",
        "end_time": 1394.33,
        "speaker_id": "B",
        "start_time": 1390.65
      },
      {
        "act": "Like a phone, yeah yeah.",
        "ae_type": "Statement",
        "end_time": 1393.07,
        "speaker_id": "D",
        "start_time": 1391.73
      },
      {
        "act": "Whereas with phones, people charge them once a week. We're gonna need to put in a really good battery so people don't have to charge their r remote control every few days.",
        "ae_type": "Statement",
        "end_time": 1404.5,
        "speaker_id": "D",
        "start_time": 1394.12
      },
      {
        "act": "Yeah.",
        "ae_type": "Statement",
        "end_time": 1397.47,
        "speaker_id": "B",
        "start_time": 1396.96
      },
      {
        "act": "Um that's why I think the option of the the kinetic thing which basically means as long as you shake it like a watch, like an automatic watch",
        "ae_type": "Statement",
        "end_time": 1410.12,
        "speaker_id": "A",
        "start_time": 1404.39
      },
      {
        "act": "But are people gonna wanna shake their movie controller?",
        "ae_type": "Yes/No issue",
        "end_time": 1411.26,
        "speaker_id": "D",
        "start_time": 1409.38
      },
      {
        "act": "um it's probably sensitive enough when you fiddle it. So you could trigger that to a light, like I said the bouncing ball thing, or you could trigger that to use that to power the light as opposed to so when they pick it up, right, and then that that sorta triggers the",
        "ae_type": "Weak statement",
        "end_time": 1425.69,
        "speaker_id": "A",
        "start_time": 1411.56
      },
      {
        "act": "Right.",
        "ae_type": "Statement",
        "end_time": 1414.53,
        "speaker_id": "D",
        "start_time": 1414.29
      },
      {
        "act": "Okay.",
        "ae_type": "Statement",
        "end_time": 1419.2,
        "speaker_id": "B",
        "start_time": 1418.8
      }
    ],
    [
      {
        "act": "Is there a particular shape that you're interested in? Like does marketing have any research on does it need to be long? Does it need with a square thing wha",
        "ae_type": "Open issue",
        "end_time": 1589.17,
        "speaker_id": "A",
        "start_time": 1578.71
      },
      {
        "act": "Oh you know like in circular in shape or",
        "ae_type": "Statement",
        "end_time": 1590.33,
        "speaker_id": "B",
        "start_time": 1587.82
      },
      {
        "act": "Yeah 'cause that will n help narrow down the choice of",
        "ae_type": "Statement",
        "end_time": 1593.44,
        "speaker_id": "A",
        "start_time": 1590.47
      },
      {
        "act": "Yeah.",
        "ae_type": "Statement",
        "end_time": 1593.73,
        "speaker_id": "D",
        "start_time": 1593.41
      },
      {
        "act": "Choice of material yeah. 'Cause I I I was kinda thinking about as well you know how you get these shock resistant mobile phones, and they're plastic but then also have like rubber on the outside, and it kinda feels it feels kind of warmer to the touch. It feels a bit more comfortable, and maybe we could incorporate plastic and rubber",
        "ae_type": "Statement",
        "end_time": 1610.73,
        "speaker_id": "B",
        "start_time": 1593.96
      },
      {
        "act": "Like fruit. I'm thinking fruits in my head, but that's tacky.",
        "ae_type": "Statement",
        "end_time": 1598.22,
        "speaker_id": "A",
        "start_time": 1594.51
      },
      {
        "act": "Yeah.",
        "ae_type": "Statement",
        "end_time": 1607.42,
        "speaker_id": "D",
        "start_time": 1607.17
      },
      {
        "act": "And then then we could have curved shapes, 'cause wood or titanium, yeah, it's gonna have to be boxy and rectangular and I think we might be moving away from that you know so um",
        "ae_type": "Statement",
        "end_time": 1623.35,
        "speaker_id": "B",
        "start_time": 1611.91
      },
      {
        "act": "Well I'm do we really want it in like the shape of a lemon or no I don't think we do either",
        "ae_type": "Statement",
        "end_time": 1630.78,
        "speaker_id": "B",
        "start_time": 1625.86
      },
      {
        "act": "what it is we're trying to achieve, so and then we have one one sorta theme that we stick with. Do you know what I mean?",
        "ae_type": "Yes/No issue",
        "end_time": 1641.81,
        "speaker_id": "D",
        "start_time": 1636.08
      },
      {
        "act": "Okay right well um so thoughts about the actual shape of the thing.",
        "ae_type": "Statement",
        "end_time": 1647.01,
        "speaker_id": "B",
        "start_time": 1641.28
      },
      {
        "act": "I'd quite like a sort of uh snowman type shape.",
        "ae_type": "Statement",
        "end_time": 1649.89,
        "speaker_id": "C",
        "start_time": 1648.02
      },
      {
        "act": "A snowman shape?",
        "ae_type": "Open issue",
        "end_time": 1651.01,
        "speaker_id": "B",
        "start_time": 1650.05
      },
      {
        "act": "Um so a p sort of larger bit sits in your hand, and then you got maybe another bubble at the top for just any other function you need.",
        "ae_type": "Statement",
        "end_time": 1657.01,
        "speaker_id": "C",
        "start_time": 1651.24
      },
      {
        "act": "That's quite a distinctive shape, that would be good wouldn't it.",
        "ae_type": "Statement",
        "end_time": 1659.76,
        "speaker_id": "B",
        "start_time": 1657.6
      },
      {
        "act": "Right, sure.",
        "ae_type": "Statement",
        "end_time": 1659.14,
        "speaker_id": "D",
        "start_time": 1657.81
      },
      {
        "act": "Yeah so yeah should we go with that?",
        "ae_type": "Yes/No issue",
        "end_time": 1664.09,
        "speaker_id": "B",
        "start_time": 1661.27
      },
      {
        "act": "Do you wanna draw it on the board?",
        "ae_type": "Yes/No issue",
        "end_time": 1671.27,
        "speaker_id": "B",
        "start_time": 1669.99
      },
      {
        "act": "Can you like yeah just t we can visualize it.",
        "ae_type": "Statement",
        "end_time": 1672.8,
        "speaker_id": "D",
        "start_time": 1670.31
      },
      {
        "act": "Um something like that um you got two groups there um maybe it could fold up and you get a third group inside or uh you have volume controls about there.",
        "ae_type": "Statement",
        "end_time": 1700.35,
        "speaker_id": "C",
        "start_time": 1690.79
      },
      {
        "act": "Okay.",
        "ae_type": "Statement",
        "end_time": 1696.52,
        "speaker_id": "D",
        "start_time": 1696.19
      },
      {
        "act": "Ooh that'd be good.",
        "ae_type": "Statement",
        "end_time": 1697.49,
        "speaker_id": "B",
        "start_time": 1696.24
      },
      {
        "act": "So call it the snowman-shape trademark.",
        "ae_type": "Statement",
        "end_time": 1707.93,
        "speaker_id": "B",
        "start_time": 1703.76
      }
    ],
    [
      {
        "act": "Um unless an a I mean if you also would that work if we wanted to incorporate um an L_C_D_ display, where would we put that? Would we put that on the inside or",
        "ae_type": "Open issue",
        "end_time": 1771.44,
        "speaker_id": "B",
        "start_time": 1759.57
      },
      {
        "act": "Do we need an L_C_D_ display?",
        "ae_type": "Yes/No issue",
        "end_time": 1774.99,
        "speaker_id": "A",
        "start_time": 1773.29
      },
      {
        "act": "What what's the functionality of that?",
        "ae_type": "Open issue",
        "end_time": 1777.12,
        "speaker_id": "A",
        "start_time": 1774.99
      },
      {
        "act": "It's bound to increase the cost of it a lot, I would've thought.",
        "ae_type": "Statement",
        "end_time": 1780.31,
        "speaker_id": "B",
        "start_time": 1776.61
      },
      {
        "act": "Yeah but the question is what are we using it what would we what would we achieve from it? Putting in lights is cheap but putting in an L_C_D_ panel just to make it glow is a bit of a",
        "ae_type": "Statement",
        "end_time": 1787.16,
        "speaker_id": "A",
        "start_time": 1779.2
      },
      {
        "act": "What would it achieve?",
        "ae_type": "Open issue",
        "end_time": 1780.99,
        "speaker_id": "D",
        "start_time": 1780.25
      },
      {
        "act": "L_C_ well I'd when you used to mention the L_C_D_ I'd think I wonder what that would be about. And the th the thing I could see it helping with would be if it was somehow connected with um listings. So as you scroll through, 'cause we said we might have a jog dial, so as you scroll through your stations you can y it actually tells you what it is.",
        "ae_type": "Statement",
        "end_time": 1802.36,
        "speaker_id": "D",
        "start_time": 1785.21
      },
      {
        "act": "Yeah.",
        "ae_type": "Statement",
        "end_time": 1795.47,
        "speaker_id": "B",
        "start_time": 1795.0
      },
      {
        "act": "I think that will be a problem because we don't have an input device to get the listings into it, so um it's a bit nuts to get the Monday Tuesday Wednesday you know.",
        "ae_type": "Statement",
        "end_time": 1812.3,
        "speaker_id": "A",
        "start_time": 1802.2
      },
      {
        "act": "Right, okay",
        "ae_type": "Statement",
        "end_time": 1807.2,
        "speaker_id": "D",
        "start_time": 1806.57
      },
      {
        "act": "Mm oh yeah that's true.",
        "ae_type": "Statement",
        "end_time": 1808.76,
        "speaker_id": "B",
        "start_time": 1807.2
      },
      {
        "act": "So so no need for an L_C_D_ display?",
        "ae_type": "Yes/No issue",
        "end_time": 1813.7,
        "speaker_id": "B",
        "start_time": 1810.68
      },
      {
        "act": "Um I I'm not saying there's no need for an L_C_D_ display, but um it's what's what what would it tell the user, 'cause the L_C_D_ tends to be an output as uh as opposed to an input so um does the remote control need to talk back to the user? We have the option of the speaker as well the sa the same thing goes for the speaker, is there a need for the remote control to to talk back?",
        "ae_type": "Yes/No issue",
        "end_time": 1836.47,
        "speaker_id": "A",
        "start_time": 1813.49
      }
    ],
    [
      {
        "act": "I mean one of the things running through my mind right now, I realise we're being efficient to wrap up the meeting and have lots of decisions made, um but we are leaning quite a bit to the side of being low-tech, rubber buttons plastic frame, it's almost like we're reproducing the same old remote control that's out there. Should we think about how we are actually getting this high-tech user friendly uh um theme like what is it that we're u we're using to to achieve those goals? Like",
        "ae_type": "Open issue",
        "end_time": 2038.68,
        "speaker_id": "D",
        "start_time": 2011.25
      },
      {
        "act": "Could have things like backlighting the buttons and stuff like that.",
        "ae_type": "Weak statement",
        "end_time": 2041.64,
        "speaker_id": "B",
        "start_time": 2038.4
      },
      {
        "act": "Okay so so backlighting, that would be good.",
        "ae_type": "Statement",
        "end_time": 2043.59,
        "speaker_id": "D",
        "start_time": 2040.69
      },
      {
        "act": "Or even a clear case. Um you know a a glowing a a glowing yellow type case where the yellow is showable, but in the dark it sort of, it's alive. Um in in a slight subtle way.",
        "ae_type": "Statement",
        "end_time": 2057.47,
        "speaker_id": "A",
        "start_time": 2042.64
      },
      {
        "act": "Yeah clear, that'd be",
        "ae_type": "Statement",
        "end_time": 2045.55,
        "speaker_id": "D",
        "start_time": 2044.65
      },
      {
        "act": "Aye that would be a good idea.",
        "ae_type": "Statement",
        "end_time": 2047.52,
        "speaker_id": "B",
        "start_time": 2045.94
      },
      {
        "act": "Okay.",
        "ae_type": "Statement",
        "end_time": 2047.15,
        "speaker_id": "D",
        "start_time": 2046.67
      },
      {
        "act": "S so like cur slightly transparent case, so it's yellow, like tinted yellow, but you can maybe see through it. Is that what you mean?",
        "ae_type": "Yes/No issue",
        "end_time": 2063.23,
        "speaker_id": "B",
        "start_time": 2056.02
      },
      {
        "act": "Yeah that'd be really good.",
        "ae_type": "Statement",
        "end_time": 2057.81,
        "speaker_id": "D",
        "start_time": 2056.9
      },
      {
        "act": "Yeah yeah.",
        "ae_type": "Statement",
        "end_time": 2059.67,
        "speaker_id": "A",
        "start_time": 2058.68
      },
      {
        "act": "Or or there might be a light running through it like a mouse. You know you have cordless mice and they don't eat that much power right. So the power the battery in that sense, maybe you have one or two stratig strategically placed lights that sort of",
        "ae_type": "Weak statement",
        "end_time": 2075.42,
        "speaker_id": "A",
        "start_time": 2062.82
      },
      {
        "act": "Sure.",
        "ae_type": "Statement",
        "end_time": 2065.79,
        "speaker_id": "D",
        "start_time": 2065.44
      },
      {
        "act": "Yeah they they emanate a light through it.",
        "ae_type": "Statement",
        "end_time": 2077.11,
        "speaker_id": "D",
        "start_time": 2075.4
      },
      {
        "act": "Okay.",
        "ae_type": "Statement",
        "end_time": 2077.61,
        "speaker_id": "B",
        "start_time": 2077.17
      },
      {
        "act": "Yeah but because the case is transparent so it gives it a little bit of a glow, doesn't make it freaky.",
        "ae_type": "Statement",
        "end_time": 2083.16,
        "speaker_id": "A",
        "start_time": 2077.05
      },
      {
        "act": "'Kay.",
        "ae_type": "Statement",
        "end_time": 2080.27,
        "speaker_id": "D",
        "start_time": 2080.02
      }
    ]
  ],
  "da": {
    "types": {
      "Assess": 165,
      "Backchannel": 170,
      "Be-Positive": 7,
      "Comment-About-Understanding": 8,
      "Elicit-Assessment": 19,
      "Elicit-Comment-Understanding": 6,
      "Elicit-Inform": 46,
      "Elicit-Offer-Or-Suggestion": 12,
      "Fragment": 56,
      "Inform": 334,
      "Offer": 18,
      "Other": 16,
      "Stall": 33,
      "Suggest": 106
    }
  },
  "dialog_acts": 996,
  "ext_sentense_count": 107,
  "ext_sentense_da_count": 172,
  "ext_summ": {
    "types": {
      "Assess": 8,
      "Comment-About-Understanding": 1,
      "Elicit-Assessment": 1,
      "Elicit-Inform": 7,
      "Elicit-Offer-Or-Suggestion": 4,
      "Inform": 63,
      "Offer": 2,
      "Suggest": 21
    }
  },
  "segmants": 504
}