[
  {
    "end_time": 10.441,
    "segment": "Me too.",
    "speaker_id": "A",
    "start_time": 9.76
  },
  {
    "end_time": 42.24,
    "segment": "Okay. Um here's the agenda for our last meeting. Um after the opening we're going to have a prototype presentation, then we're going to discuss the evaluation criteria and the financing of our remote. Then we're going to evaluate the product and I think the whole production process, and then we're gonna close it up, and we have forty minutes, so",
    "speaker_id": "A",
    "start_time": 19.336
  },
  {
    "end_time": 47.345,
    "segment": "let's get started. Oh, no, let's have the prototype presentation.",
    "speaker_id": "A",
    "start_time": 43.57
  },
  {
    "end_time": 77.241,
    "segment": "Right.",
    "speaker_id": "A",
    "start_time": 76.832
  },
  {
    "end_time": 85.563,
    "segment": "Hmm.",
    "speaker_id": "A",
    "start_time": 84.965
  },
  {
    "end_time": 87.841,
    "segment": "Yeah.",
    "speaker_id": "A",
    "start_time": 87.23
  },
  {
    "end_time": 102.159,
    "segment": "Great.",
    "speaker_id": "A",
    "start_time": 101.542
  },
  {
    "end_time": 107.97,
    "segment": "Okay.",
    "speaker_id": "A",
    "start_time": 107.472
  },
  {
    "end_time": 164.832,
    "segment": "Okay. And did you determine um the curvature of the bottom part of it for the hand, is it gonna be a single or a double?",
    "speaker_id": "A",
    "start_time": 158.773
  },
  {
    "end_time": 172.632,
    "segment": "Single. Single sounds good, 'cause it's not big enough to really constitute a double.",
    "speaker_id": "A",
    "start_time": 167.898
  },
  {
    "end_time": 180.441,
    "segment": "Great. Great. I think you did an awesome job. It is beautiful, and it's everything that we discussed.",
    "speaker_id": "A",
    "start_time": 174.399
  },
  {
    "end_time": 182.748,
    "segment": "Good job.",
    "speaker_id": "A",
    "start_time": 181.76
  },
  {
    "end_time": 188.08,
    "segment": "Alright what's next in our agenda?",
    "speaker_id": "A",
    "start_time": 184.801
  },
  {
    "end_time": 196.893,
    "segment": "Um we're gonna discuss the evaluation criteria, and that's with Courtney.",
    "speaker_id": "A",
    "start_time": 192.48
  },
  {
    "end_time": 204.892,
    "segment": "Right.",
    "speaker_id": "A",
    "start_time": 204.416
  },
  {
    "end_time": 221.27,
    "segment": "Mm.",
    "speaker_id": "A",
    "start_time": 220.684
  },
  {
    "end_time": 234.834,
    "segment": "Right.",
    "speaker_id": "A",
    "start_time": 234.102
  },
  {
    "end_time": 246.117,
    "segment": "Sqi",
    "speaker_id": "A",
    "start_time": 245.014
  },
  {
    "end_time": 252.866,
    "segment": "Right.",
    "speaker_id": "A",
    "start_time": 252.4
  },
  {
    "end_time": 266.065,
    "segment": "Right.",
    "speaker_id": "A",
    "start_time": 265.292
  },
  {
    "end_time": 268.196,
    "segment": "'Kay.",
    "speaker_id": "A",
    "start_time": 267.633
  },
  {
    "end_time": 270.233,
    "segment": "I'll wait.",
    "speaker_id": "A",
    "start_time": 269.627
  },
  {
    "end_time": 300.032,
    "segment": "Are we going to indi I say we individually rate what do you say? Just orally. Why not? We have okay.",
    "speaker_id": "A",
    "start_time": 294.704
  },
  {
    "end_time": 304.576,
    "segment": "Um easy to use. I vote six.",
    "speaker_id": "A",
    "start_time": 301.296
  },
  {
    "end_time": 307.698,
    "segment": "Oh, two.",
    "speaker_id": "A",
    "start_time": 306.176
  },
  {
    "end_time": 314.087,
    "segment": "Uh hello, we're great.",
    "speaker_id": "A",
    "start_time": 311.664
  },
  {
    "end_time": 316.758,
    "segment": "Um one.",
    "speaker_id": "A",
    "start_time": 315.632
  },
  {
    "end_time": 321.25,
    "segment": "No. Me too, very chic.",
    "speaker_id": "A",
    "start_time": 317.509
  },
  {
    "end_time": 323.709,
    "segment": "One, I give it a one.",
    "speaker_id": "A",
    "start_time": 322.015
  },
  {
    "end_time": 329.032,
    "segment": "Oh, and ma it's a prototype, right.",
    "speaker_id": "A",
    "start_time": 326.256
  },
  {
    "end_time": 336.784,
    "segment": "Well, now I'm. So, the average is about a two.",
    "speaker_id": "A",
    "start_time": 333.36
  },
  {
    "end_time": 341.174,
    "segment": "Two or three. Two point five.",
    "speaker_id": "A",
    "start_time": 337.84
  },
  {
    "end_time": 348.545,
    "segment": "Imagine, since we obviously don't have that.",
    "speaker_id": "A",
    "start_time": 346.208
  },
  {
    "end_time": 355.152,
    "segment": "And it's i it is very ergonomically designed. It's gonna be curved.",
    "speaker_id": "A",
    "start_time": 350.992
  },
  {
    "end_time": 357.888,
    "segment": "Yeah.",
    "speaker_id": "A",
    "start_time": 357.507
  },
  {
    "end_time": 359.952,
    "segment": "I think so too.",
    "speaker_id": "A",
    "start_time": 359.184
  },
  {
    "end_time": 362.826,
    "segment": "'Kay. Two.",
    "speaker_id": "A",
    "start_time": 361.31
  },
  {
    "end_time": 369.04,
    "segment": "Alright, average is two.",
    "speaker_id": "A",
    "start_time": 367.68
  },
  {
    "end_time": 378.878,
    "segment": "Is it technologically innovative? Oh sorry I'm taking over your job here. Go right ahead.",
    "speaker_id": "A",
    "start_time": 370.272
  },
  {
    "end_time": 388.724,
    "segment": "Yes. Right? We were able to do it with that kind of chip.",
    "speaker_id": "A",
    "start_time": 384.08
  },
  {
    "end_time": 398.992,
    "segment": "Yeah, right. That was 'kay. And we discussed that being included.",
    "speaker_id": "A",
    "start_time": 393.52
  },
  {
    "end_time": 409.211,
    "segment": "Well we don' have the you know, we can't say channel, and it changes the channel, channel eight.",
    "speaker_id": "A",
    "start_time": 405.52
  },
  {
    "end_time": 411.492,
    "segment": "Right.",
    "speaker_id": "A",
    "start_time": 410.976
  },
  {
    "end_time": 414.576,
    "segment": "Okay.",
    "speaker_id": "A",
    "start_time": 414.16
  },
  {
    "end_time": 427.504,
    "segment": "Yeah. I'd go for a three or four on that one, so okay, let's go for a three point five.",
    "speaker_id": "A",
    "start_time": 421.136
  },
  {
    "end_time": 432.512,
    "segment": "Alright, and the last criteria is it is it um",
    "speaker_id": "A",
    "start_time": 428.733
  },
  {
    "end_time": 436.815,
    "segment": "Well, we've covered that with the trendy.",
    "speaker_id": "A",
    "start_time": 433.584
  },
  {
    "end_time": 443.024,
    "segment": "Sure. Capable. Very capable.",
    "speaker_id": "A",
    "start_time": 440.073
  },
  {
    "end_time": 449.829,
    "segment": "And it's very important. 'Kay, there we go. So.",
    "speaker_id": "A",
    "start_time": 445.248
  },
  {
    "end_time": 455.132,
    "segment": "Next.",
    "speaker_id": "A",
    "start_time": 450.848
  },
  {
    "end_time": 473.417,
    "segment": "It does. Very good. Alright, let's go back to this",
    "speaker_id": "A",
    "start_time": 466.208
  },
  {
    "end_time": 480.158,
    "segment": "No, that's it. Hmm.",
    "speaker_id": "A",
    "start_time": 475.283
  },
  {
    "end_time": 483.984,
    "segment": "Oops.",
    "speaker_id": "A",
    "start_time": 483.472
  },
  {
    "end_time": 507.19,
    "segment": "Okay, so now uh we're moving on to finance, okay. I'm gonna show you an Excel spreadsheet and we're going to fill it in together based on what components we're including in our remote and see if it's under twelve fifty Euro. If so, we can proceed, if not, we need to go back to the drawing board a little bit. 'Kay? So let me bring that up.",
    "speaker_id": "A",
    "start_time": 486.704
  },
  {
    "end_time": 518.48,
    "segment": "Here we go. Alright. Um it's not hand dynamo, it's powered by battery, so we give it a",
    "speaker_id": "A",
    "start_time": 510.368
  },
  {
    "end_time": 525.504,
    "segment": "Number of components you plan to use. Do I just put quantity being one battery, or",
    "speaker_id": "A",
    "start_time": 519.616
  },
  {
    "end_time": 553.248,
    "segment": "Yeah. But if it's a do you wanna go for this is where we need to make a final call on if it's a lithium or do we wanna go triple A_s, 'cause triple A_s we're gonna have t do more than one battery. Oh, let's just go for a lithium. What do you say? I think uh I think the people who purchase this are gonna be technologically right. Okay, down to the electronics um section. We're gonna need this kind, correct, if we do the voice sensor, so one of those.",
    "speaker_id": "A",
    "start_time": 526.544
  },
  {
    "end_time": 557.536,
    "segment": "It is a single-curved, so one of those.",
    "speaker_id": "A",
    "start_time": 554.272
  },
  {
    "end_time": 564.896,
    "segment": "Oh. What's that? Yeah, that's correct. 'Kay, down here, case material. Plastic.",
    "speaker_id": "A",
    "start_time": 558.816
  },
  {
    "end_time": 568.192,
    "segment": "'Kay.",
    "speaker_id": "A",
    "start_time": 567.698
  },
  {
    "end_time": 576.205,
    "segment": "Down here, interface type. We're gonna have the integrated scroll scroll wheel. Isn't oh those are just regular buttons.",
    "speaker_id": "A",
    "start_time": 569.44
  },
  {
    "end_time": 579.142,
    "segment": "This?",
    "speaker_id": "A",
    "start_time": 578.592
  },
  {
    "end_time": 586.384,
    "segment": "Okay, so we can just go um.",
    "speaker_id": "A",
    "start_time": 583.936
  },
  {
    "end_time": 608.727,
    "segment": "Right I think she's I think what Courtney's talking about is do we need to put two here?",
    "speaker_id": "A",
    "start_time": 604.397
  },
  {
    "end_time": 614.584,
    "segment": "Right.",
    "speaker_id": "A",
    "start_time": 613.984
  },
  {
    "end_time": 622.688,
    "segment": "I don't know, they might put us well, let's just.",
    "speaker_id": "A",
    "start_time": 619.936
  },
  {
    "end_time": 625.441,
    "segment": "Two or would it be three?",
    "speaker_id": "A",
    "start_time": 623.721
  },
  {
    "end_time": 635.984,
    "segment": "Okay and we're gonna button supplements the buttons are no uh okay.",
    "speaker_id": "A",
    "start_time": 630.873
  },
  {
    "end_time": 639.008,
    "segment": "Are they?",
    "speaker_id": "A",
    "start_time": 638.608
  },
  {
    "end_time": 640.752,
    "segment": "Oh, right.",
    "speaker_id": "A",
    "start_time": 640.032
  },
  {
    "end_time": 646.496,
    "segment": "Mm. Well, we're under cost then.",
    "speaker_id": "A",
    "start_time": 644.576
  },
  {
    "end_time": 652.672,
    "segment": "Alright. No, we're under. Twelve point five is our limit. We've got eleven point two.",
    "speaker_id": "A",
    "start_time": 647.728
  },
  {
    "end_time": 654.563,
    "segment": "Alright.",
    "speaker_id": "A",
    "start_time": 653.898
  },
  {
    "end_time": 656.576,
    "segment": "We can go to",
    "speaker_id": "A",
    "start_time": 655.376
  },
  {
    "end_time": 667.968,
    "segment": "I dunno what I just did.",
    "speaker_id": "A",
    "start_time": 666.112
  },
  {
    "end_time": 699.216,
    "segment": "Okay. Now we're gonna talk about the project process um and whether or not we're satisfied with the whole process and the result. Um did we have a lot of room for creativity? Did we have a lot of room for individual leadership, um teamwork, and the means, meaning the technology that we used to produce our little guy there, and if we found any new ideas. Now, question is, how do we do this?",
    "speaker_id": "A",
    "start_time": 669.568
  },
  {
    "end_time": 704.38,
    "segment": "Discuss, sure.",
    "speaker_id": "A",
    "start_time": 702.773
  },
  {
    "end_time": 708.144,
    "segment": "Alright. Who want who would like to go first?",
    "speaker_id": "A",
    "start_time": 705.488
  },
  {
    "end_time": 717.36,
    "segment": "Hmm.",
    "speaker_id": "A",
    "start_time": 716.992
  },
  {
    "end_time": 718.793,
    "segment": "Hmm.",
    "speaker_id": "A",
    "start_time": 718.218
  },
  {
    "end_time": 733.868,
    "segment": "And how did you feel about the whole the whole process though?",
    "speaker_id": "A",
    "start_time": 730.623
  },
  {
    "end_time": 745.136,
    "segment": "Right, and we got say over",
    "speaker_id": "A",
    "start_time": 743.248
  },
  {
    "end_time": 754.0,
    "segment": "what how technologically advanced it should be and also how fashionable, which I kind of like we yep.",
    "speaker_id": "A",
    "start_time": 746.128
  },
  {
    "end_time": 755.2,
    "segment": "You know it.",
    "speaker_id": "A",
    "start_time": 754.647
  },
  {
    "end_time": 762.912,
    "segment": "Um what about um the teamwork aspect? How did you guys enjoy making the model, the prototype?",
    "speaker_id": "A",
    "start_time": 756.642
  },
  {
    "end_time": 767.759,
    "segment": "I think ya' did. Did you work well together in there, and 'kay.",
    "speaker_id": "A",
    "start_time": 764.48
  },
  {
    "end_time": 775.248,
    "segment": "Oh my God, and we've all been a pretty congenial team here, I think. We hadn't had any ma fallings out.",
    "speaker_id": "A",
    "start_time": 769.472
  },
  {
    "end_time": 779.334,
    "segment": "Irritating.",
    "speaker_id": "A",
    "start_time": 777.104
  },
  {
    "end_time": 783.341,
    "segment": "Okay.",
    "speaker_id": "A",
    "start_time": 782.643
  },
  {
    "end_time": 788.633,
    "segment": "Yeah. I have to knock that one down a couple notches.",
    "speaker_id": "A",
    "start_time": 785.808
  },
  {
    "end_time": 798.775,
    "segment": "Yeah, digital pens. They were fine.",
    "speaker_id": "A",
    "start_time": 795.968
  },
  {
    "end_time": 813.488,
    "segment": "Right, laptops are extremely handy, wireless. And that we have a shared network where we can put all of the",
    "speaker_id": "A",
    "start_time": 806.964
  },
  {
    "end_time": 820.24,
    "segment": "Big brother.",
    "speaker_id": "A",
    "start_time": 819.584
  },
  {
    "end_time": 825.161,
    "segment": "'Kay, have we found any new ideas through this process?",
    "speaker_id": "A",
    "start_time": 822.466
  },
  {
    "end_time": 859.392,
    "segment": "For something that looks cool and also has what I want it to b do technologically. And that's your right brain taking over, w wanting the artistic, the fashionable, the hip, you know. If we all just went out and bought useful things, I don't think I mean that's not what technology.",
    "speaker_id": "A",
    "start_time": 844.128
  },
  {
    "end_time": 867.744,
    "segment": "Mm.",
    "speaker_id": "A",
    "start_time": 867.28
  },
  {
    "end_time": 872.375,
    "segment": "Yeah.",
    "speaker_id": "A",
    "start_time": 871.681
  },
  {
    "end_time": 877.736,
    "segment": "Yeah.",
    "speaker_id": "A",
    "start_time": 877.299
  },
  {
    "end_time": 883.097,
    "segment": "Just the Mac font bothers me even. But I do like iPods, go figure.",
    "speaker_id": "A",
    "start_time": 878.752
  },
  {
    "end_time": 885.376,
    "segment": "Yeah.",
    "speaker_id": "A",
    "start_time": 884.928
  },
  {
    "end_time": 897.114,
    "segment": "Mm-hmm. Colours. Exactly. I mean how many people went out and bough a Nokia phone, back when we were like in high school, just so they could get the changeable face plates.",
    "speaker_id": "A",
    "start_time": 887.562
  },
  {
    "end_time": 901.927,
    "segment": "Okay. Anyway, so that is definitely at work.",
    "speaker_id": "A",
    "start_time": 898.006
  },
  {
    "end_time": 913.856,
    "segment": "Yeah. Fashionable chic people will.",
    "speaker_id": "A",
    "start_time": 909.711
  },
  {
    "end_time": 927.003,
    "segment": "Hmm.",
    "speaker_id": "A",
    "start_time": 926.127
  },
  {
    "end_time": 935.776,
    "segment": "There you go, marketing.",
    "speaker_id": "A",
    "start_time": 934.057
  },
  {
    "end_time": 960.305,
    "segment": "Alright. Okay, we're gonna wrap this up now. Um the costs are within the budget, we evaluated the project, and now we're gonna complete the final questionnaire and meeting summary, and then we're going to have a big giant party, apparently, according to this, so. Alright, thank you team, you did a great job, it was lovely working with you.",
    "speaker_id": "A",
    "start_time": 937.936
  },
  {
    "end_time": 50.192,
    "segment": "Mm 'kay, you ready?",
    "speaker_id": "B",
    "start_time": 46.784
  },
  {
    "end_time": 57.104,
    "segment": "Y you read that stuff, since you wrote it.",
    "speaker_id": "B",
    "start_time": 53.437
  },
  {
    "end_time": 59.312,
    "segment": "I'll be the Vanna.",
    "speaker_id": "B",
    "start_time": 58.128
  },
  {
    "end_time": 111.04,
    "segment": "No.",
    "speaker_id": "B",
    "start_time": 110.226
  },
  {
    "end_time": 113.73,
    "segment": "They're just buttons.",
    "speaker_id": "B",
    "start_time": 112.16
  },
  {
    "end_time": 134.768,
    "segment": "On off switch will be here and as you've noticed on our prototype um they've ended up with a curvature kind of, by concave sort of thing, except for, you know, can't see underneath. So I'm hoping that when we get to production we can actually make them like that, because they're very",
    "speaker_id": "B",
    "start_time": 117.664
  },
  {
    "end_time": 152.528,
    "segment": "nice to stock you know, stick your finger in. Um the two squared buttons are are two probably least used, menu, mute, and then these are the numbers, so our channel and our volume will be on either side.",
    "speaker_id": "B",
    "start_time": 135.76
  },
  {
    "end_time": 168.595,
    "segment": "I'd say a single.",
    "speaker_id": "B",
    "start_time": 167.2
  },
  {
    "end_time": 174.576,
    "segment": "Yeah, it's only actually the size of my hand.",
    "speaker_id": "B",
    "start_time": 171.381
  },
  {
    "end_time": 183.472,
    "segment": "Whoohoo.",
    "speaker_id": "B",
    "start_time": 181.312
  },
  {
    "end_time": 261.712,
    "segment": "Yeah, it was a little difficult to incorporate the cover with the cherry fruit on it.",
    "speaker_id": "B",
    "start_time": 257.632
  },
  {
    "end_time": 266.324,
    "segment": "Yes.",
    "speaker_id": "B",
    "start_time": 265.488
  },
  {
    "end_time": 309.902,
    "segment": "I'd say two as well.",
    "speaker_id": "B",
    "start_time": 308.834
  },
  {
    "end_time": 317.952,
    "segment": "At the moment, no.",
    "speaker_id": "B",
    "start_time": 316.016
  },
  {
    "end_time": 326.618,
    "segment": "Okay. I'll give it a two, because at the moment it's not looking that way.",
    "speaker_id": "B",
    "start_time": 321.664
  },
  {
    "end_time": 346.288,
    "segment": "Neither are all o all the customers we have, either.",
    "speaker_id": "B",
    "start_time": 342.512
  },
  {
    "end_time": 350.565,
    "segment": "Uh the shape of it actually does uh.",
    "speaker_id": "B",
    "start_time": 348.36
  },
  {
    "end_time": 367.712,
    "segment": "I'd say a two.",
    "speaker_id": "B",
    "start_time": 366.107
  },
  {
    "end_time": 396.896,
    "segment": "We could do it with the chip, yes. It wasn't we have no reflection of it on the prototype, but that's because it's only two dimensions, really.",
    "speaker_id": "B",
    "start_time": 387.544
  },
  {
    "end_time": 404.944,
    "segment": "It",
    "speaker_id": "B",
    "start_time": 403.348
  },
  {
    "end_time": 413.696,
    "segment": "Yeah.",
    "speaker_id": "B",
    "start_time": 412.966
  },
  {
    "end_time": 428.752,
    "segment": "Three and an half.",
    "speaker_id": "B",
    "start_time": 427.952
  },
  {
    "end_time": 442.752,
    "segment": "It's capable of being squishy and fruity.",
    "speaker_id": "B",
    "start_time": 439.92
  },
  {
    "end_time": 469.328,
    "segment": "How did you get that in there? The slightly resembling a giant delicious cookie. That was good.",
    "speaker_id": "B",
    "start_time": 460.704
  },
  {
    "end_time": 517.184,
    "segment": "Yep.",
    "speaker_id": "B",
    "start_time": 516.384
  },
  {
    "end_time": 528.058,
    "segment": "Mm 'kay.",
    "speaker_id": "B",
    "start_time": 527.152
  },
  {
    "end_time": 540.48,
    "segment": "Yeah, it's.",
    "speaker_id": "B",
    "start_time": 538.096
  },
  {
    "end_time": 551.856,
    "segment": "Yep.",
    "speaker_id": "B",
    "start_time": 550.944
  },
  {
    "end_time": 577.552,
    "segment": "Well, that's the push-button too, right there.",
    "speaker_id": "B",
    "start_time": 575.552
  },
  {
    "end_time": 584.0,
    "segment": "Integrated scroll-wheel or push-button. We're really having just push-button interface.",
    "speaker_id": "B",
    "start_time": 579.616
  },
  {
    "end_time": 598.944,
    "segment": "But it that just covers the type of button we're having. Because we're not doing a scroll on the side, it's still push-button.",
    "speaker_id": "B",
    "start_time": 592.752
  },
  {
    "end_time": 605.808,
    "segment": "Push-button. But we just have push",
    "speaker_id": "B",
    "start_time": 602.96
  },
  {
    "end_time": 617.072,
    "segment": "Yeah. Okay.",
    "speaker_id": "B",
    "start_time": 615.136
  },
  {
    "end_time": 625.68,
    "segment": "Let's call it th",
    "speaker_id": "B",
    "start_time": 623.872
  },
  {
    "end_time": 631.84,
    "segment": "Okay.",
    "speaker_id": "B",
    "start_time": 630.72
  },
  {
    "end_time": 649.471,
    "segment": "Grand.",
    "speaker_id": "B",
    "start_time": 648.608
  },
  {
    "end_time": 655.616,
    "segment": "So we can go to production.",
    "speaker_id": "B",
    "start_time": 653.808
  },
  {
    "end_time": 701.808,
    "segment": "Go back.",
    "speaker_id": "B",
    "start_time": 701.2
  },
  {
    "end_time": 703.968,
    "segment": "Previous.",
    "speaker_id": "B",
    "start_time": 703.04
  },
  {
    "end_time": 718.848,
    "segment": "We think we got stifled for cri creativity by the company itself, in restricting us only to using a T_V_ remote, initially.",
    "speaker_id": "B",
    "start_time": 708.384
  },
  {
    "end_time": 755.488,
    "segment": "right.",
    "speaker_id": "B",
    "start_time": 754.64
  },
  {
    "end_time": 764.528,
    "segment": "Yeah.",
    "speaker_id": "B",
    "start_time": 762.56
  },
  {
    "end_time": 771.072,
    "segment": "Well, no, there was there was scratching and fighting, but no.",
    "speaker_id": "B",
    "start_time": 767.216
  },
  {
    "end_time": 779.36,
    "segment": "Irritating.",
    "speaker_id": "B",
    "start_time": 777.124
  },
  {
    "end_time": 785.696,
    "segment": "The means, the whiteboard didn't work.",
    "speaker_id": "B",
    "start_time": 783.04
  },
  {
    "end_time": 792.736,
    "segment": "A and our friend here really feels strongly about the internet.",
    "speaker_id": "B",
    "start_time": 787.472
  },
  {
    "end_time": 799.168,
    "segment": "I really appreciated those, yeah.",
    "speaker_id": "B",
    "start_time": 796.791
  },
  {
    "end_time": 810.064,
    "segment": "The use of the laptops for receiving everything. It was wireless too, so.",
    "speaker_id": "B",
    "start_time": 804.304
  },
  {
    "end_time": 818.698,
    "segment": "And let's not forget the sexy dual microphones everyone gets to wear.",
    "speaker_id": "B",
    "start_time": 814.336
  },
  {
    "end_time": 875.096,
    "segment": "The Toronto district school would only use his Macs with their kids.",
    "speaker_id": "B",
    "start_time": 871.191
  },
  {
    "end_time": 890.848,
    "segment": "Well, i iPods are now quite trendy, and they come in different colours. Yeah.",
    "speaker_id": "B",
    "start_time": 885.408
  },
  {
    "end_time": 902.96,
    "segment": "Not me. I didn't have a phone 'til university.",
    "speaker_id": "B",
    "start_time": 898.768
  },
  {
    "end_time": 929.744,
    "segment": "That's okay. We can create a commercial where they think that all their needs will be met. This will help them find the one. That's right.",
    "speaker_id": "B",
    "start_time": 921.504
  },
  {
    "end_time": 938.944,
    "segment": "And so the serpent says, use our remote.",
    "speaker_id": "B",
    "start_time": 932.768
  },
  {
    "end_time": 959.2,
    "segment": "Whoohoo. Margaritas for everyone.",
    "speaker_id": "B",
    "start_time": 956.08
  },
  {
    "end_time": 964.384,
    "segment": "Yay. Thanks to the Project Leader.",
    "speaker_id": "B",
    "start_time": 960.831
  },
  {
    "end_time": 969.216,
    "segment": "Now we know w",
    "speaker_id": "B",
    "start_time": 967.968
  },
  {
    "end_time": 52.048,
    "segment": "Um sure. You or me?",
    "speaker_id": "C",
    "start_time": 49.717
  },
  {
    "end_time": 91.92,
    "segment": "Okay. Well, since our materials aren't exactly what we were going for, I'm just gonna translate what this all means for you. The base is gonna be gunmetal gray, which is what we had decided, and it's gonna be plastic. Um then there's the latex cover, which is what you see as red. Um because it can be replaceable, we just kinda went with the colour. Um and then the buttons are actually kind of poking through rather than on top. Um and the buttons will be a l much lighter blue, almost see-through. It's just sort of a very pale blue and a light-up yellow. The whole thing lights up if you press any button, rather than it just that one button will light up.",
    "speaker_id": "C",
    "start_time": 56.033
  },
  {
    "end_time": 107.424,
    "segment": "Um and then at the bottom we have our logo. Um bright yellow sort of design with the R_R_ which will actually look like our logo. And then on the side you have the buttons. They're one button, but they kind of push up and down.",
    "speaker_id": "C",
    "start_time": 93.232
  },
  {
    "end_time": 109.728,
    "segment": "I don't think they're scrolling.",
    "speaker_id": "C",
    "start_time": 108.576
  },
  {
    "end_time": 117.326,
    "segment": "Right, yeah. And then yeah, the buttons.",
    "speaker_id": "C",
    "start_time": 112.773
  },
  {
    "end_time": 140.285,
    "segment": "Thumb-shaped.",
    "speaker_id": "C",
    "start_time": 139.022
  },
  {
    "end_time": 159.296,
    "segment": "Yeah. And then the last thing is just that it'll be black labelling on top, just which we didn't do.",
    "speaker_id": "C",
    "start_time": 152.56
  },
  {
    "end_time": 169.117,
    "segment": "Single.",
    "speaker_id": "C",
    "start_time": 168.608
  },
  {
    "end_time": 172.576,
    "segment": "Right.",
    "speaker_id": "C",
    "start_time": 172.048
  },
  {
    "end_time": 183.377,
    "segment": "Oh thank you.",
    "speaker_id": "C",
    "start_time": 181.576
  },
  {
    "end_time": 234.8,
    "segment": "Feel good meaning what? Physically, okay.",
    "speaker_id": "C",
    "start_time": 230.536
  },
  {
    "end_time": 278.128,
    "segment": "Yeah.",
    "speaker_id": "C",
    "start_time": 277.424
  },
  {
    "end_time": 296.469,
    "segment": "True or false, easy to use.",
    "speaker_id": "C",
    "start_time": 294.659
  },
  {
    "end_time": 298.688,
    "segment": "Yeah.",
    "speaker_id": "C",
    "start_time": 297.712
  },
  {
    "end_time": 310.992,
    "segment": "Yeah, two.",
    "speaker_id": "C",
    "start_time": 310.288
  },
  {
    "end_time": 332.88,
    "segment": "Mm I don't think it's that fashionable. I'd give it like three or four.",
    "speaker_id": "C",
    "start_time": 329.145
  },
  {
    "end_time": 338.812,
    "segment": "But then I'm not fashionable, so",
    "speaker_id": "C",
    "start_time": 337.328
  },
  {
    "end_time": 341.472,
    "segment": "don't use my opinion.",
    "speaker_id": "C",
    "start_time": 339.584
  },
  {
    "end_time": 348.48,
    "segment": "Does it feel good?",
    "speaker_id": "C",
    "start_time": 347.288
  },
  {
    "end_time": 356.88,
    "segment": "Yeah, it's gonna be thicker.",
    "speaker_id": "C",
    "start_time": 355.488
  },
  {
    "end_time": 358.336,
    "segment": "Depth.",
    "speaker_id": "C",
    "start_time": 357.904
  },
  {
    "end_time": 364.252,
    "segment": "I'll give it a one.",
    "speaker_id": "C",
    "start_time": 361.808
  },
  {
    "end_time": 388.266,
    "segment": "Oh right, the",
    "speaker_id": "C",
    "start_time": 387.008
  },
  {
    "end_time": 398.581,
    "segment": "Right.",
    "speaker_id": "C",
    "start_time": 397.839
  },
  {
    "end_time": 424.512,
    "segment": "Yeah I go four.",
    "speaker_id": "C",
    "start_time": 423.552
  },
  {
    "end_time": 436.534,
    "segment": "Squishy and fruity. It's just trendy, basically.",
    "speaker_id": "C",
    "start_time": 432.24
  },
  {
    "end_time": 445.008,
    "segment": "Okay.",
    "speaker_id": "C",
    "start_time": 442.751
  },
  {
    "end_time": 564.08,
    "segment": "It's plastic.",
    "speaker_id": "C",
    "start_time": 562.419
  },
  {
    "end_time": 567.632,
    "segment": "And special colour.",
    "speaker_id": "C",
    "start_time": 566.4
  },
  {
    "end_time": 576.453,
    "segment": "No, we don't have the scroll. Buttons.",
    "speaker_id": "C",
    "start_time": 573.38
  },
  {
    "end_time": 603.184,
    "segment": "Oh like the twenty nine means like you have both scrolls and",
    "speaker_id": "C",
    "start_time": 600.016
  },
  {
    "end_time": 606.29,
    "segment": "push-buttons. But we don't have any scrolls.",
    "speaker_id": "C",
    "start_time": 604.192
  },
  {
    "end_time": 624.845,
    "segment": "Two interfaces, is that what w should we s say?",
    "speaker_id": "C",
    "start_time": 622.144
  },
  {
    "end_time": 626.848,
    "segment": "Okay, fine. Yeah.",
    "speaker_id": "C",
    "start_time": 625.92
  },
  {
    "end_time": 643.12,
    "segment": "And then s yeah.",
    "speaker_id": "C",
    "start_time": 640.646
  },
  {
    "end_time": 648.448,
    "segment": "We're over?",
    "speaker_id": "C",
    "start_time": 647.888
  },
  {
    "end_time": 650.165,
    "segment": "Okay.",
    "speaker_id": "C",
    "start_time": 649.48
  },
  {
    "end_time": 652.06,
    "segment": "Oh, I see.",
    "speaker_id": "C",
    "start_time": 651.248
  },
  {
    "end_time": 710.432,
    "segment": "We didn't have a whiteboard.",
    "speaker_id": "C",
    "start_time": 708.448
  },
  {
    "end_time": 720.44,
    "segment": "Yeah. And no internet.",
    "speaker_id": "C",
    "start_time": 717.92
  },
  {
    "end_time": 764.379,
    "segment": "I think we did well.",
    "speaker_id": "C",
    "start_time": 762.839
  },
  {
    "end_time": 767.795,
    "segment": "Yep.",
    "speaker_id": "C",
    "start_time": 766.335
  },
  {
    "end_time": 771.309,
    "segment": "Gouges.",
    "speaker_id": "C",
    "start_time": 768.944
  },
  {
    "end_time": 779.52,
    "segment": "Irritating.",
    "speaker_id": "C",
    "start_time": 778.083
  },
  {
    "end_time": 786.784,
    "segment": "And no internet.",
    "speaker_id": "C",
    "start_time": 785.692
  },
  {
    "end_time": 795.968,
    "segment": "Misses. I do. There's so much available. Like it's information",
    "speaker_id": "C",
    "start_time": 791.073
  },
  {
    "end_time": 814.416,
    "segment": "Yeah.",
    "speaker_id": "C",
    "start_time": 813.888
  },
  {
    "end_time": 849.127,
    "segment": "Yeah.",
    "speaker_id": "C",
    "start_time": 848.466
  },
  {
    "end_time": 871.248,
    "segment": "Well, that's why I don't like uh Macs or Apples, just 'cause I look at it, and I know it's probably a very good computer, but I look at it, and I'm taken back to elementary school, 'cause they look the same. They look like they did when I was in elementary school, and that's so old-fashioned to me.",
    "speaker_id": "C",
    "start_time": 858.496
  },
  {
    "end_time": 879.5,
    "segment": "Exactly, so I associate them with like really low-tech, really cheap, bad",
    "speaker_id": "C",
    "start_time": 874.896
  },
  {
    "end_time": 881.184,
    "segment": "Yeah.",
    "speaker_id": "C",
    "start_time": 880.352
  },
  {
    "end_time": 909.84,
    "segment": "But the my but my one issue is just like the whole it's for T_V_ only. I was like who's gonna buy a remote just for the T_V_ unless they've lost theirs.",
    "speaker_id": "C",
    "start_time": 900.128
  },
  {
    "end_time": 912.202,
    "segment": "You're kidding.",
    "speaker_id": "C",
    "start_time": 911.184
  },
  {
    "end_time": 921.76,
    "segment": "No, no. No, marketing has to actually create the desire for it.",
    "speaker_id": "C",
    "start_time": 913.512
  },
  {
    "end_time": 929.889,
    "segment": "Ri They'll be sexy with it.",
    "speaker_id": "C",
    "start_time": 925.66
  },
  {
    "end_time": 932.545,
    "segment": "Oh right.",
    "speaker_id": "C",
    "start_time": 931.552
  },
  {
    "end_time": 935.385,
    "segment": "Let you loose.",
    "speaker_id": "C",
    "start_time": 934.155
  },
  {
    "end_time": 940.691,
    "segment": "Yeah, no.",
    "speaker_id": "C",
    "start_time": 939.44
  },
  {
    "end_time": 961.074,
    "segment": "Good.",
    "speaker_id": "C",
    "start_time": 959.229
  },
  {
    "end_time": 9.888,
    "segment": "I wanna find our if our remote works.",
    "speaker_id": "D",
    "start_time": 7.995
  },
  {
    "end_time": 13.016,
    "segment": "Oh.",
    "speaker_id": "D",
    "start_time": 11.168
  },
  {
    "end_time": 20.095,
    "segment": "Whoohoo.",
    "speaker_id": "D",
    "start_time": 19.363
  },
  {
    "end_time": 87.408,
    "segment": "That's nice.",
    "speaker_id": "D",
    "start_time": 86.378
  },
  {
    "end_time": 92.3,
    "segment": "Good.",
    "speaker_id": "D",
    "start_time": 91.84
  },
  {
    "end_time": 129.033,
    "segment": "Yeah.",
    "speaker_id": "D",
    "start_time": 128.604
  },
  {
    "end_time": 139.572,
    "segment": "Yeah.",
    "speaker_id": "D",
    "start_time": 138.992
  },
  {
    "end_time": 170.817,
    "segment": "Yeah.",
    "speaker_id": "D",
    "start_time": 169.815
  },
  {
    "end_time": 178.541,
    "segment": "Yeah, I think it's a beautiful",
    "speaker_id": "D",
    "start_time": 176.896
  },
  {
    "end_time": 180.411,
    "segment": "Yeah.",
    "speaker_id": "D",
    "start_time": 179.334
  },
  {
    "end_time": 183.355,
    "segment": "Good job, you guys. Those are really good.",
    "speaker_id": "D",
    "start_time": 181.248
  },
  {
    "end_time": 203.952,
    "segment": "Okay, it's a PowerPoint presentation. I don't really know exactly what we should uh talk about. It's under evaluation.",
    "speaker_id": "D",
    "start_time": 196.592
  },
  {
    "end_time": 221.659,
    "segment": "Alright. Um so these are the criteria we're gonna ask, is it easy to use, is it fashionable uh yeah, I guess we should write these down so we can reference them.",
    "speaker_id": "D",
    "start_time": 210.608
  },
  {
    "end_time": 234.816,
    "segment": "Like does it feel good, like yeah, physically.",
    "speaker_id": "D",
    "start_time": 231.808
  },
  {
    "end_time": 254.995,
    "segment": "That's just for current trend. It doesn't really count, you guys.",
    "speaker_id": "D",
    "start_time": 250.474
  },
  {
    "end_time": 262.464,
    "segment": "Yeah.",
    "speaker_id": "D",
    "start_time": 262.048
  },
  {
    "end_time": 269.264,
    "segment": "But it's so we do have removable covers, right? Yeah, well then that's covered. And so we n k everybody have that?",
    "speaker_id": "D",
    "start_time": 263.472
  },
  {
    "end_time": 276.348,
    "segment": "Yeah, she's got it.",
    "speaker_id": "D",
    "start_time": 275.44
  },
  {
    "end_time": 291.583,
    "segment": "It's good. Yeah. Okay so, we're using the criteria uh for a seven point scale, and so we need to discuss how we feel. It falls within this range, so for easy to use,",
    "speaker_id": "D",
    "start_time": 277.12
  },
  {
    "end_time": 294.56,
    "segment": "do we feel it's very easy to use?",
    "speaker_id": "D",
    "start_time": 293.104
  },
  {
    "end_time": 297.674,
    "segment": "You guys",
    "speaker_id": "D",
    "start_time": 297.001
  },
  {
    "end_time": 300.24,
    "segment": "Okay.",
    "speaker_id": "D",
    "start_time": 299.952
  },
  {
    "end_time": 306.16,
    "segment": "Oh wait, that's false.",
    "speaker_id": "D",
    "start_time": 305.152
  },
  {
    "end_time": 308.401,
    "segment": "Okay.",
    "speaker_id": "D",
    "start_time": 307.936
  },
  {
    "end_time": 312.496,
    "segment": "Two. That's what I say.",
    "speaker_id": "D",
    "start_time": 310.912
  },
  {
    "end_time": 314.954,
    "segment": "Okay, fashionable?",
    "speaker_id": "D",
    "start_time": 313.448
  },
  {
    "end_time": 319.864,
    "segment": "No. I mean like no, I think it's very fashionable.",
    "speaker_id": "D",
    "start_time": 317.417
  },
  {
    "end_time": 321.887,
    "segment": "I thi I would give it a one.",
    "speaker_id": "D",
    "start_time": 320.563
  },
  {
    "end_time": 329.869,
    "segment": "Well, that's that's just like that's a clay, it's a prototype. What do you think?",
    "speaker_id": "D",
    "start_time": 325.937
  },
  {
    "end_time": 333.968,
    "segment": "Okay.",
    "speaker_id": "D",
    "start_time": 333.536
  },
  {
    "end_time": 337.795,
    "segment": "Yeah, it's a two.",
    "speaker_id": "D",
    "start_time": 336.88
  },
  {
    "end_time": 343.169,
    "segment": "That's okay. Yeah. Um",
    "speaker_id": "D",
    "start_time": 340.544
  },
  {
    "end_time": 345.753,
    "segment": "does it feel good?",
    "speaker_id": "D",
    "start_time": 344.718
  },
  {
    "end_time": 348.525,
    "segment": "I feel like",
    "speaker_id": "D",
    "start_time": 347.65
  },
  {
    "end_time": 359.264,
    "segment": "I think it feels good.",
    "speaker_id": "D",
    "start_time": 358.256
  },
  {
    "end_time": 360.928,
    "segment": "I'll give it a two.",
    "speaker_id": "D",
    "start_time": 360.256
  },
  {
    "end_time": 366.48,
    "segment": "What do you say?",
    "speaker_id": "D",
    "start_time": 366.048
  },
  {
    "end_time": 368.404,
    "segment": "Okay.",
    "speaker_id": "D",
    "start_time": 367.916
  },
  {
    "end_time": 381.68,
    "segment": "Oh no, it's fine, you're I mean you're Project Manager. Um yeah, I mean and it does it have voice I mean the phrase recognition on it?",
    "speaker_id": "D",
    "start_time": 373.376
  },
  {
    "end_time": 394.774,
    "segment": "And there's no way you can represent it on here. Y",
    "speaker_id": "D",
    "start_time": 391.488
  },
  {
    "end_time": 405.6,
    "segment": "Yeah, so. Then yes, then I would well it isn't what else would it need for it to be technologically innovative?",
    "speaker_id": "D",
    "start_time": 396.404
  },
  {
    "end_time": 412.899,
    "segment": "And it doesn't cover anything other then T_V_, so I'd probably give it a three.",
    "speaker_id": "D",
    "start_time": 408.464
  },
  {
    "end_time": 419.821,
    "segment": "Even though it is for just a T_V_ remote it's uh very advanced. But it is just a T_V_ remote.",
    "speaker_id": "D",
    "start_time": 414.496
  },
  {
    "end_time": 438.64,
    "segment": "Well yeah, so I'd give it a two.",
    "speaker_id": "D",
    "start_time": 433.114
  },
  {
    "end_time": 443.954,
    "segment": "Oh, it's very capable of being squishy and fruity.",
    "speaker_id": "D",
    "start_time": 440.883
  },
  {
    "end_time": 447.573,
    "segment": "Yeah.",
    "speaker_id": "D",
    "start_time": 447.104
  },
  {
    "end_time": 451.084,
    "segment": "Okay, next.",
    "speaker_id": "D",
    "start_time": 449.024
  },
  {
    "end_time": 460.608,
    "segment": "So um our re model slightly resembling a giant delicious cookie appears to be a winner, and uh hopefully we'll sell millions. Good job, team.",
    "speaker_id": "D",
    "start_time": 452.016
  },
  {
    "end_time": 463.671,
    "segment": "What?",
    "speaker_id": "D",
    "start_time": 462.752
  },
  {
    "end_time": 468.3,
    "segment": "It it does.",
    "speaker_id": "D",
    "start_time": 466.384
  },
  {
    "end_time": 470.314,
    "segment": "Thanks.",
    "speaker_id": "D",
    "start_time": 469.296
  },
  {
    "end_time": 519.216,
    "segment": "Two.",
    "speaker_id": "D",
    "start_time": 518.752
  },
  {
    "end_time": 526.624,
    "segment": "Yeah.",
    "speaker_id": "D",
    "start_time": 526.16
  },
  {
    "end_time": 539.36,
    "segment": "Yeah, let's let's do a lithium.",
    "speaker_id": "D",
    "start_time": 537.284
  },
  {
    "end_time": 541.503,
    "segment": "We're gon that's gon",
    "speaker_id": "D",
    "start_time": 540.274
  },
  {
    "end_time": 544.608,
    "segment": "Nologically advanced, yeah.",
    "speaker_id": "D",
    "start_time": 542.852
  },
  {
    "end_time": 550.912,
    "segment": "Yeah.",
    "speaker_id": "D",
    "start_time": 550.544
  },
  {
    "end_time": 559.278,
    "segment": "Uh.",
    "speaker_id": "D",
    "start_time": 558.208
  },
  {
    "end_time": 561.296,
    "segment": "Yeah.",
    "speaker_id": "D",
    "start_time": 560.832
  },
  {
    "end_time": 564.883,
    "segment": "We plastic.",
    "speaker_id": "D",
    "start_time": 562.832
  },
  {
    "end_time": 567.408,
    "segment": "And special colour.",
    "speaker_id": "D",
    "start_time": 565.943
  },
  {
    "end_time": 576.173,
    "segment": "But it's",
    "speaker_id": "D",
    "start_time": 575.416
  },
  {
    "end_time": 580.697,
    "segment": "Yeah, but i so i",
    "speaker_id": "D",
    "start_time": 577.792
  },
  {
    "end_time": 593.675,
    "segment": "But will we w actually we'll need two, won't we? One for the top and then one for the s one e for each side.",
    "speaker_id": "D",
    "start_time": 587.344
  },
  {
    "end_time": 605.019,
    "segment": "Okay.",
    "speaker_id": "D",
    "start_time": 604.416
  },
  {
    "end_time": 619.76,
    "segment": "Like because there's like one interface right here and then because it's not gonna be on the same plane when you press the button. There's gonna have to be additional signals on the sides. So is that gonna be an extra one on each side?",
    "speaker_id": "D",
    "start_time": 607.552
  },
  {
    "end_time": 630.736,
    "segment": "Or three, because of one on each side and one on top. I mean it's fine 'cause it comes out the same as twenty nine. Well less than twenty nine even.",
    "speaker_id": "D",
    "start_time": 624.132
  },
  {
    "end_time": 635.568,
    "segment": "They're a special colour.",
    "speaker_id": "D",
    "start_time": 634.48
  },
  {
    "end_time": 639.536,
    "segment": "Um they're uh they're a special form, 'cause they're indented.",
    "speaker_id": "D",
    "start_time": 636.592
  },
  {
    "end_time": 642.704,
    "segment": "And, they're a special material.",
    "speaker_id": "D",
    "start_time": 640.912
  },
  {
    "end_time": 649.428,
    "segment": "We're under.",
    "speaker_id": "D",
    "start_time": 648.614
  },
  {
    "end_time": 702.88,
    "segment": "I think we just discuss it.",
    "speaker_id": "D",
    "start_time": 701.808
  },
  {
    "end_time": 719.221,
    "segment": "Oh that's true.",
    "speaker_id": "D",
    "start_time": 718.297
  },
  {
    "end_time": 721.61,
    "segment": "Yeah.",
    "speaker_id": "D",
    "start_time": 721.046
  },
  {
    "end_time": 730.704,
    "segment": "No, yeah, that's a good point. 'Cause I'd forgotten that that wasn't our decision, yeah.",
    "speaker_id": "D",
    "start_time": 722.896
  },
  {
    "end_time": 736.272,
    "segment": "Oh, overall I mean I thought we did a good job like",
    "speaker_id": "D",
    "start_time": 733.984
  },
  {
    "end_time": 743.328,
    "segment": "We got to choose basically we had control over minus it being just merely a T_V_ remote we got to choose what we wanted to do with it.",
    "speaker_id": "D",
    "start_time": 737.127
  },
  {
    "end_time": 753.712,
    "segment": "And we're a fashion forward technology company.",
    "speaker_id": "D",
    "start_time": 751.257
  },
  {
    "end_time": 769.851,
    "segment": "Minus that one fight. Yeah.",
    "speaker_id": "D",
    "start_time": 767.26
  },
  {
    "end_time": 782.496,
    "segment": "Yeah. I mean minus you guys being wha what is it, the survey, annoying or what is it? Irritating, yeah. Wow that's a it's definitely a strong one.",
    "speaker_id": "D",
    "start_time": 773.52
  },
  {
    "end_time": 786.346,
    "segment": "Yeah.",
    "speaker_id": "D",
    "start_time": 785.66
  },
  {
    "end_time": 789.201,
    "segment": "Yeah, and no internet.",
    "speaker_id": "D",
    "start_time": 787.678
  },
  {
    "end_time": 804.613,
    "segment": "And the digital the digital pens were they were pretty cool. Yeah they were fun, even though I'm not really sure what I could do with them, but they are awesome.",
    "speaker_id": "D",
    "start_time": 792.924
  },
  {
    "end_time": 807.591,
    "segment": "Yeah.",
    "speaker_id": "D",
    "start_time": 806.915
  },
  {
    "end_time": 811.083,
    "segment": "And these things whoa.",
    "speaker_id": "D",
    "start_time": 809.872
  },
  {
    "end_time": 819.158,
    "segment": "Yeah. And Big Brother.",
    "speaker_id": "D",
    "start_time": 817.021
  },
  {
    "end_time": 821.809,
    "segment": "Yeah.",
    "speaker_id": "D",
    "start_time": 820.277
  },
  {
    "end_time": 830.144,
    "segment": "Um we are really gonna sell this. Ta-da.",
    "speaker_id": "D",
    "start_time": 826.976
  },
  {
    "end_time": 854.704,
    "segment": "Mm-hmm.",
    "speaker_id": "D",
    "start_time": 854.368
  },
  {
    "end_time": 868.271,
    "segment": "Yeah.",
    "speaker_id": "D",
    "start_time": 867.716
  },
  {
    "end_time": 871.871,
    "segment": "Yeah, 'cause they're pretty and just like",
    "speaker_id": "D",
    "start_time": 869.585
  },
  {
    "end_time": 880.561,
    "segment": "Uh yeah.",
    "speaker_id": "D",
    "start_time": 879.83
  },
  {
    "end_time": 886.659,
    "segment": "Yeah, no, iPods They want all those words for presentation, even the plugs.",
    "speaker_id": "D",
    "start_time": 882.88
  },
  {
    "end_time": 897.744,
    "segment": "Oh yeah, everybody.",
    "speaker_id": "D",
    "start_time": 896.464
  },
  {
    "end_time": 902.163,
    "segment": "Mine is amber. Oh.",
    "speaker_id": "D",
    "start_time": 898.907
  },
  {
    "end_time": 916.288,
    "segment": "Look at it. That is a piece of work. Wow. Marketing Director says yeah.",
    "speaker_id": "D",
    "start_time": 909.6
  },
  {
    "end_time": 918.876,
    "segment": "Fashionable people will buy it.",
    "speaker_id": "D",
    "start_time": 917.296
  },
  {
    "end_time": 923.775,
    "segment": "Oh, I will create desire.",
    "speaker_id": "D",
    "start_time": 920.768
  },
  {
    "end_time": 934.167,
    "segment": "We could have like an Adam and Eve type commercial, and that's the fig-leaf. Mm. That'll sell.",
    "speaker_id": "D",
    "start_time": 928.336
  },
  {
    "end_time": 938.498,
    "segment": "Yeah.",
    "speaker_id": "D",
    "start_time": 937.85
  },
  {
    "end_time": 939.843,
    "segment": "Yeah.",
    "speaker_id": "D",
    "start_time": 939.352
  },
  {
    "end_time": 961.168,
    "segment": "You too.",
    "speaker_id": "D",
    "start_time": 960.688
  }
]