[
  {
    "source": {
      "act": "Who would like to go first?",
      "count": 1,
      "end_time": 76.65,
      "start_time": 75.24
    },
    "target": {
      "act": "Just trying to move mine right now.",
      "count": 1,
      "end_time": 80.88,
      "start_time": 79.39
    },
    "type": "Support/Possitive Assessment"
  },
  {
    "source": {
      "act": "Just trying to move mine right now.",
      "count": 1,
      "end_time": 80.88,
      "start_time": 79.39
    },
    "target": {
      "act": "Okay.",
      "count": 1,
      "end_time": 81.87,
      "start_time": 80.89
    },
    "type": "Support/Possitive Assessment"
  },
  {
    "source": {
      "act": "Um Courtney would you mind starting us off?",
      "count": 1,
      "end_time": 83.75,
      "start_time": 81.87
    },
    "target": {
      "act": "Yeah.",
      "count": 1,
      "end_time": 84.12,
      "start_time": 83.11
    },
    "type": "Support/Possitive Assessment"
  },
  {
    "source": {
      "act": "Yeah.",
      "count": 1,
      "end_time": 84.12,
      "start_time": 83.11
    },
    "target": {
      "act": "Okay.",
      "count": 1,
      "end_time": 84.35,
      "start_time": 83.75
    },
    "type": "Support/Possitive Assessment"
  },
  {
    "source": {
      "act": "Trend watching?",
      "count": 1,
      "end_time": 90.07,
      "start_time": 89.15
    },
    "target": {
      "act": "Yeah.",
      "count": 1,
      "end_time": 90.59,
      "start_time": 90.27
    },
    "type": "Support/Possitive Assessment"
  },
  {
    "source": null,
    "target": {
      "act": "They want everything, but simply.",
      "count": 1,
      "end_time": 144.61,
      "start_time": 142.11
    },
    "type": "Support/Possitive Assessment"
  },
  {
    "source": {
      "act": "They want everything, but simply.",
      "count": 1,
      "end_time": 144.61,
      "start_time": 142.11
    },
    "target": {
      "act": "Yes. Exactly.",
      "count": 1,
      "end_time": 145.72,
      "start_time": 143.52
    },
    "type": "Support/Possitive Assessment"
  },
  {
    "source": {
      "act": "Yes. Exactly.",
      "count": 1,
      "end_time": 145.72,
      "start_time": 143.52
    },
    "target": {
      "act": "Okay.",
      "count": 1,
      "end_time": 145.04,
      "start_time": 144.61
    },
    "type": "Support/Possitive Assessment"
  },
  {
    "source": {
      "act": "I mean do you guys know what I mean.",
      "count": 1,
      "end_time": 180.14,
      "start_time": 178.55
    },
    "target": {
      "act": "Yeah th",
      "count": 1,
      "end_time": 180.64,
      "start_time": 179.94
    },
    "type": "Support/Possitive Assessment"
  },
  {
    "source": {
      "act": "I mean do you guys know what I mean.",
      "count": 1,
      "end_time": 180.14,
      "start_time": 178.55
    },
    "target": {
      "act": "Right. Yes.",
      "count": 1,
      "end_time": 180.44,
      "start_time": 179.62
    },
    "type": "Support/Possitive Assessment"
  },
  {
    "source": {
      "act": "Right. Yes.",
      "count": 1,
      "end_time": 180.44,
      "start_time": 179.62
    },
    "target": {
      "act": "Yeah.",
      "count": 1,
      "end_time": 180.44,
      "start_time": 180.14
    },
    "type": "Support/Possitive Assessment"
  },
  {
    "source": {
      "act": "Yeah th",
      "count": 1,
      "end_time": 180.64,
      "start_time": 179.94
    },
    "target": {
      "act": "Yeah.",
      "count": 1,
      "end_time": 180.44,
      "start_time": 180.14
    },
    "type": "Support/Possitive Assessment"
  },
  {
    "source": {
      "act": "and our product we want to stay around for much longer than just a few months,",
      "count": 1,
      "end_time": 191.98,
      "start_time": 187.35
    },
    "target": {
      "act": "Right.",
      "count": 1,
      "end_time": 192.12,
      "start_time": 191.93
    },
    "type": "Support/Possitive Assessment"
  },
  {
    "source": {
      "act": "People don't buy a new remote every so often.",
      "count": 1,
      "end_time": 194.5,
      "start_time": 192.12
    },
    "target": {
      "act": "Yeah.",
      "count": 1,
      "end_time": 193.74,
      "start_time": 193.16
    },
    "type": "Support/Possitive Assessment"
  },
  {
    "source": null,
    "target": {
      "act": "I can address some of that issue, I think, with uh my presentation.",
      "count": 1,
      "end_time": 200.49,
      "start_time": 196.34
    },
    "type": "Support/Possitive Assessment"
  },
  {
    "source": {
      "act": "I can address some of that issue, I think, with uh my presentation.",
      "count": 1,
      "end_time": 200.49,
      "start_time": 196.34
    },
    "target": {
      "act": "Okay. Awesome.",
      "count": 1,
      "end_time": 203.79,
      "start_time": 200.96
    },
    "type": "Support/Possitive Assessment"
  },
  {
    "source": {
      "act": "So I mean that's just an idea if you guys like it.",
      "count": 1,
      "end_time": 262.9,
      "start_time": 259.12
    },
    "target": {
      "act": "Very good. I like it.",
      "count": 1,
      "end_time": 262.62,
      "start_time": 260.84
    },
    "type": "Support/Possitive Assessment"
  },
  {
    "source": {
      "act": "Okay, ready for the next slide?",
      "count": 1,
      "end_time": 264.04,
      "start_time": 262.62
    },
    "target": {
      "act": "yep.",
      "count": 1,
      "end_time": 264.87,
      "start_time": 263.95
    },
    "type": "Support/Possitive Assessment"
  },
  {
    "source": {
      "act": "And that's it.",
      "count": 1,
      "end_time": 267.02,
      "start_time": 264.87
    },
    "target": {
      "act": "Op mm 'kay.",
      "count": 1,
      "end_time": 266.77,
      "start_time": 265.46
    },
    "type": "Support/Possitive Assessment"
  },
  {
    "source": {
      "act": "Ready?",
      "count": 1,
      "end_time": 272.19,
      "start_time": 271.94
    },
    "target": {
      "act": "Okay",
      "count": 1,
      "end_time": 274.31,
      "start_time": 274.0
    },
    "type": "Support/Possitive Assessment"
  },
  {
    "source": {
      "act": "hang on.",
      "count": 1,
      "end_time": 274.92,
      "start_time": 274.31
    },
    "target": {
      "act": "'Kay.",
      "count": 1,
      "end_time": 275.54,
      "start_time": 274.9
    },
    "type": "Support/Possitive Assessment"
  },
  {
    "source": {
      "act": "See if it's there.",
      "count": 1,
      "end_time": 277.2,
      "start_time": 276.52
    },
    "target": {
      "act": "Which one is it?",
      "count": 1,
      "end_time": 290.98,
      "start_time": 289.65
    },
    "type": "Uncertain"
  },
  {
    "source": {
      "act": "Which one is it?",
      "count": 1,
      "end_time": 290.98,
      "start_time": 289.65
    },
    "target": {
      "act": "I don't know.",
      "count": 1,
      "end_time": 292.35,
      "start_time": 291.99
    },
    "type": "Uncertain"
  },
  {
    "source": {
      "act": "Interface concepts,",
      "count": 1,
      "end_time": 294.71,
      "start_time": 293.36
    },
    "target": {
      "act": "Interface concepts new.",
      "count": 1,
      "end_time": 298.4,
      "start_time": 296.2
    },
    "type": "Support/Possitive Assessment"
  },
  {
    "source": {
      "act": "Interface concepts new.",
      "count": 1,
      "end_time": 298.4,
      "start_time": 296.2
    },
    "target": {
      "act": "Either refresh it,",
      "count": 1,
      "end_time": 299.4,
      "start_time": 298.34
    },
    "type": "Support/Possitive Assessment"
  },
  {
    "source": {
      "act": "Mine will always read copy of something or other.",
      "count": 1,
      "end_time": 306.43,
      "start_time": 303.12
    },
    "target": {
      "act": "Sorry?",
      "count": 1,
      "end_time": 305.98,
      "start_time": 305.48
    },
    "type": "Uncertain"
  },
  {
    "source": {
      "act": "Sorry?",
      "count": 1,
      "end_time": 305.98,
      "start_time": 305.48
    },
    "target": {
      "act": "I I copied mine before I sent it over.",
      "count": 1,
      "end_time": 308.83,
      "start_time": 306.43
    },
    "type": "Support/Possitive Assessment"
  },
  {
    "source": {
      "act": "I I copied mine before I sent it over.",
      "count": 1,
      "end_time": 308.83,
      "start_time": 306.43
    },
    "target": {
      "act": "Oh okay.",
      "count": 1,
      "end_time": 309.5,
      "start_time": 309.01
    },
    "type": "Support/Possitive Assessment"
  },
  {
    "source": null,
    "target": {
      "act": "Oh there we go.",
      "count": 1,
      "end_time": 329.53,
      "start_time": 328.6
    },
    "type": "Support/Possitive Assessment"
  },
  {
    "source": {
      "act": "Oh there we go.",
      "count": 1,
      "end_time": 329.53,
      "start_time": 328.6
    },
    "target": {
      "act": "Okay.",
      "count": 1,
      "end_time": 330.46,
      "start_time": 329.6
    },
    "type": "Support/Possitive Assessment"
  },
  {
    "source": {
      "act": "Uh if you wanna start the next slide.",
      "count": 1,
      "end_time": 353.13,
      "start_time": 351.49
    },
    "target": {
      "act": "Sure.",
      "count": 1,
      "end_time": 353.64,
      "start_time": 353.09
    },
    "type": "Support/Possitive Assessment"
  },
  {
    "source": {
      "act": "Um this is particularly geared towards children.",
      "count": 1,
      "end_time": 466.77,
      "start_time": 463.46
    },
    "target": {
      "act": "That's cute.",
      "count": 1,
      "end_time": 466.81,
      "start_time": 466.22
    },
    "type": "Support/Possitive Assessment"
  },
  {
    "source": {
      "act": "That's cute.",
      "count": 1,
      "end_time": 466.81,
      "start_time": 466.22
    },
    "target": {
      "act": "Um it's very cute,",
      "count": 1,
      "end_time": 468.49,
      "start_time": 466.77
    },
    "type": "Support/Possitive Assessment"
  },
  {
    "source": {
      "act": "But it's sort of like just taking aspects out of that and saying, well out of this one we like, you know the round section of um, b or we'd like the the button size on this.",
      "count": 1,
      "end_time": 552.79,
      "start_time": 543.04
    },
    "target": {
      "act": "Or I like, you know, the black finish or the silver finish or whatever.",
      "count": 1,
      "end_time": 556.14,
      "start_time": 552.56
    },
    "type": "Support/Possitive Assessment"
  },
  {
    "source": {
      "act": "Or I like, you know, the black finish or the silver finish or whatever.",
      "count": 1,
      "end_time": 556.14,
      "start_time": 552.56
    },
    "target": {
      "act": "Right.",
      "count": 1,
      "end_time": 556.1,
      "start_time": 555.78
    },
    "type": "Support/Possitive Assessment"
  },
  {
    "source": null,
    "target": {
      "act": "I have four of those remotes.",
      "count": 1,
      "end_time": 558.21,
      "start_time": 556.56
    },
    "type": "Support/Possitive Assessment"
  },
  {
    "source": {
      "act": "Okay. Ready?",
      "count": 1,
      "end_time": 561.83,
      "start_time": 560.06
    },
    "target": {
      "act": "That's it.",
      "count": 1,
      "end_time": 562.23,
      "start_time": 561.62
    },
    "type": "Support/Possitive Assessment"
  },
  {
    "source": {
      "act": "That's it.",
      "count": 1,
      "end_time": 562.23,
      "start_time": 561.62
    },
    "target": {
      "act": "Oh, yeah. Okay.",
      "count": 1,
      "end_time": 563.42,
      "start_time": 561.83
    },
    "type": "Support/Possitive Assessment"
  },
  {
    "source": null,
    "target": {
      "act": "Great job.",
      "count": 1,
      "end_time": 565.22,
      "start_time": 564.63
    },
    "type": "Support/Possitive Assessment"
  },
  {
    "source": {
      "act": "Okay, my turn.",
      "count": 1,
      "end_time": 566.86,
      "start_time": 566.19
    },
    "target": {
      "act": "Okay.",
      "count": 1,
      "end_time": 568.8,
      "start_time": 568.36
    },
    "type": "Support/Possitive Assessment"
  },
  {
    "source": {
      "act": "What's the title?",
      "count": 1,
      "end_time": 571.0,
      "start_time": 569.88
    },
    "target": {
      "act": "It'll be copy of component design.",
      "count": 1,
      "end_time": 574.48,
      "start_time": 571.19
    },
    "type": "Support/Possitive Assessment"
  },
  {
    "source": {
      "act": "It'll be copy of component design.",
      "count": 1,
      "end_time": 574.48,
      "start_time": 571.19
    },
    "target": {
      "act": "Got it.",
      "count": 1,
      "end_time": 574.86,
      "start_time": 574.18
    },
    "type": "Support/Possitive Assessment"
  },
  {
    "source": {
      "act": "Got it.",
      "count": 1,
      "end_time": 574.86,
      "start_time": 574.18
    },
    "target": {
      "act": "Yeah. Th that looks like it.",
      "count": 1,
      "end_time": 581.18,
      "start_time": 579.35
    },
    "type": "Support/Possitive Assessment"
  },
  {
    "source": null,
    "target": {
      "act": "Interesting.",
      "count": 1,
      "end_time": 701.6,
      "start_time": 700.86
    },
    "type": "Support/Possitive Assessment"
  },
  {
    "source": {
      "act": "I don't think anyone's gonna go for a wood one, because splinters",
      "count": 1,
      "end_time": 717.87,
      "start_time": 714.4
    },
    "target": {
      "act": "That would be amazing, though, yeah.",
      "count": 1,
      "end_time": 719.37,
      "start_time": 717.03
    },
    "type": "Support/Possitive Assessment"
  },
  {
    "source": {
      "act": "I don't think anyone's gonna go for a wood one, because splinters",
      "count": 1,
      "end_time": 717.87,
      "start_time": 714.4
    },
    "target": {
      "act": "No, splinters would",
      "count": 1,
      "end_time": 720.17,
      "start_time": 719.37
    },
    "type": "Support/Possitive Assessment"
  },
  {
    "source": {
      "act": "That would be amazing, though, yeah.",
      "count": 1,
      "end_time": 719.37,
      "start_time": 717.03
    },
    "target": {
      "act": "Yeah.",
      "count": 1,
      "end_time": 720.82,
      "start_time": 719.57
    },
    "type": "Support/Possitive Assessment"
  },
  {
    "source": {
      "act": "Double-curved, you can't do titanium.",
      "count": 1,
      "end_time": 734.69,
      "start_time": 731.76
    },
    "target": {
      "act": "What is that?",
      "count": 1,
      "end_time": 733.88,
      "start_time": 733.24
    },
    "type": "Uncertain"
  },
  {
    "source": {
      "act": "What is that?",
      "count": 1,
      "end_time": 733.88,
      "start_time": 733.24
    },
    "target": {
      "act": "Um that would be two curvatures,",
      "count": 1,
      "end_time": 736.11,
      "start_time": 734.69
    },
    "type": "Support/Possitive Assessment"
  },
  {
    "source": null,
    "target": {
      "act": "No, I didn't.",
      "count": 1,
      "end_time": 763.28,
      "start_time": 762.49
    },
    "type": "Support/Possitive Assessment"
  },
  {
    "source": {
      "act": "No, I didn't.",
      "count": 1,
      "end_time": 763.28,
      "start_time": 762.49
    },
    "target": {
      "act": "No, okay.",
      "count": 1,
      "end_time": 763.81,
      "start_time": 762.83
    },
    "type": "Support/Possitive Assessment"
  },
  {
    "source": {
      "act": "And that's all I got.",
      "count": 1,
      "end_time": 827.34,
      "start_time": 826.58
    },
    "target": {
      "act": "Okay. Alright,",
      "count": 1,
      "end_time": 828.3,
      "start_time": 826.65
    },
    "type": "Support/Possitive Assessment"
  },
  {
    "source": {
      "act": "Now we have to make some decisions.",
      "count": 1,
      "end_time": 835.68,
      "start_time": 833.89
    },
    "target": {
      "act": "Let me just add one more thing that I couldn't say before,",
      "count": 1,
      "end_time": 839.79,
      "start_time": 837.46
    },
    "type": "Support/Possitive Assessment"
  },
  {
    "source": {
      "act": "Let me just add one more thing that I couldn't say before,",
      "count": 1,
      "end_time": 839.79,
      "start_time": 837.46
    },
    "target": {
      "act": "Sure.",
      "count": 1,
      "end_time": 839.82,
      "start_time": 839.35
    },
    "type": "Support/Possitive Assessment"
  },
  {
    "source": {
      "act": "and that's just that there's the new technology that they've developed on the voice recognition.",
      "count": 1,
      "end_time": 845.24,
      "start_time": 839.79
    },
    "target": {
      "act": "Oh this the thing we were talking about earlier.",
      "count": 1,
      "end_time": 848.44,
      "start_time": 846.62
    },
    "type": "Support/Possitive Assessment"
  },
  {
    "source": {
      "act": "Oh this the thing we were talking about earlier.",
      "count": 1,
      "end_time": 848.44,
      "start_time": 846.62
    },
    "target": {
      "act": "Right",
      "count": 1,
      "end_time": 849.59,
      "start_time": 848.59
    },
    "type": "Support/Possitive Assessment"
  },
  {
    "source": {
      "act": "Oh this the thing we were talking about earlier.",
      "count": 1,
      "end_time": 848.44,
      "start_time": 846.62
    },
    "target": {
      "act": "except that it's sort of odd,",
      "count": 1,
      "end_time": 850.89,
      "start_time": 849.59
    },
    "type": "Partial agreement/support"
  },
  {
    "source": {
      "act": "or does the actually user program it, to say a channel means this.",
      "count": 1,
      "end_time": 885.25,
      "start_time": 881.97
    },
    "target": {
      "act": "Yeah,",
      "count": 1,
      "end_time": 885.33,
      "start_time": 885.11
    },
    "type": "Support/Possitive Assessment"
  },
  {
    "source": {
      "act": "or does the actually user program it, to say a channel means this.",
      "count": 1,
      "end_time": 885.25,
      "start_time": 881.97
    },
    "target": {
      "act": "like using the menu to be like, enter your name into the screen like on the menu options.",
      "count": 1,
      "end_time": 889.7,
      "start_time": 885.33
    },
    "type": "Support/Possitive Assessment"
  },
  {
    "source": {
      "act": "like using the menu to be like, enter your name into the screen like on the menu options.",
      "count": 1,
      "end_time": 889.7,
      "start_time": 885.33
    },
    "target": {
      "act": "Right,",
      "count": 1,
      "end_time": 890.54,
      "start_time": 889.75
    },
    "type": "Support/Possitive Assessment"
  },
  {
    "source": null,
    "target": {
      "act": "I feel like voice recognition would be, I don't know, w it would be too hard to really",
      "count": 1,
      "end_time": 905.5,
      "start_time": 898.38
    },
    "type": "Support/Possitive Assessment"
  },
  {
    "source": {
      "act": "I feel like voice recognition would be, I don't know, w it would be too hard to really",
      "count": 1,
      "end_time": 905.5,
      "start_time": 898.38
    },
    "target": {
      "act": "Programme.",
      "count": 1,
      "end_time": 905.92,
      "start_time": 905.3
    },
    "type": "Support/Possitive Assessment"
  },
  {
    "source": {
      "act": "I mean we could do it, but",
      "count": 1,
      "end_time": 907.1,
      "start_time": 905.5
    },
    "target": {
      "act": "If it's within our price to get that kind of chip that would, you know, technology",
      "count": 1,
      "end_time": 913.28,
      "start_time": 907.94
    },
    "type": "Support/Possitive Assessment"
  },
  {
    "source": {
      "act": "If it's within our price to get that kind of chip that would, you know, technology",
      "count": 1,
      "end_time": 913.28,
      "start_time": 907.94
    },
    "target": {
      "act": "Well, we are making the chip.",
      "count": 1,
      "end_time": 915.57,
      "start_time": 912.92
    },
    "type": "Support/Possitive Assessment"
  },
  {
    "source": {
      "act": "But, I guess, we have to look at w what our production cost is for the chip itself anyway.",
      "count": 1,
      "end_time": 926.37,
      "start_time": 919.82
    },
    "target": {
      "act": "And it is a growing trend, the higher technological, like",
      "count": 1,
      "end_time": 929.03,
      "start_time": 924.72
    },
    "type": "Support/Possitive Assessment"
  },
  {
    "source": {
      "act": "I think we'd have to decide on the power options, maybe.",
      "count": 1,
      "end_time": 945.28,
      "start_time": 941.6
    },
    "target": {
      "act": "Yeah,",
      "count": 1,
      "end_time": 945.5,
      "start_time": 945.35
    },
    "type": "Support/Possitive Assessment"
  },
  {
    "source": {
      "act": "I think we'd have to decide on the power options, maybe.",
      "count": 1,
      "end_time": 945.28,
      "start_time": 941.6
    },
    "target": {
      "act": "'cause we need to know how big it's gonna be and how heavy.",
      "count": 1,
      "end_time": 948.29,
      "start_time": 945.5
    },
    "type": "Support/Possitive Assessment"
  },
  {
    "source": {
      "act": "'cause we need to know how big it's gonna be and how heavy.",
      "count": 1,
      "end_time": 948.29,
      "start_time": 945.5
    },
    "target": {
      "act": "Okay, that kind of brings us to this,",
      "count": 1,
      "end_time": 949.87,
      "start_time": 948.13
    },
    "type": "Support/Possitive Assessment"
  },
  {
    "source": {
      "act": "Do we wanna go for batteries or a stand like the one that we saw illustrated earlier?",
      "count": 1,
      "end_time": 966.17,
      "start_time": 959.27
    },
    "target": {
      "act": "Oh the base, yeah.",
      "count": 1,
      "end_time": 969.49,
      "start_time": 968.51
    },
    "type": "Support/Possitive Assessment"
  },
  {
    "source": {
      "act": "Oh the base, yeah.",
      "count": 1,
      "end_time": 969.49,
      "start_time": 968.51
    },
    "target": {
      "act": "The base, the charging base with rechargeable batteries?",
      "count": 1,
      "end_time": 973.49,
      "start_time": 969.36
    },
    "type": "Support/Possitive Assessment"
  },
  {
    "source": {
      "act": "Do we wanna go for batteries or a stand like the one that we saw illustrated earlier?",
      "count": 1,
      "end_time": 966.17,
      "start_time": 959.27
    },
    "target": {
      "act": "I always feel like first I wanna know what it looks like, before",
      "count": 1,
      "end_time": 974.85,
      "start_time": 971.94
    },
    "type": "Uncertain"
  },
  {
    "source": {
      "act": "that was p quite a s substantial size sort of standing up",
      "count": 1,
      "end_time": 983.59,
      "start_time": 980.34
    },
    "target": {
      "act": "Yeah,",
      "count": 1,
      "end_time": 983.99,
      "start_time": 983.75
    },
    "type": "Support/Possitive Assessment"
  },
  {
    "source": {
      "act": "that was p quite a s substantial size sort of standing up",
      "count": 1,
      "end_time": 983.59,
      "start_time": 980.34
    },
    "target": {
      "act": "and we don't have multiple things that it has to control, it just has to control the T_V_.",
      "count": 1,
      "end_time": 988.46,
      "start_time": 983.99
    },
    "type": "Support/Possitive Assessment"
  },
  {
    "source": {
      "act": "It's not gonna be a huge universal remote.",
      "count": 1,
      "end_time": 990.52,
      "start_time": 988.46
    },
    "target": {
      "act": "Right.",
      "count": 1,
      "end_time": 991.51,
      "start_time": 991.11
    },
    "type": "Support/Possitive Assessment"
  },
  {
    "source": {
      "act": "It's not gonna be a huge universal remote.",
      "count": 1,
      "end_time": 990.52,
      "start_time": 988.46
    },
    "target": {
      "act": "We need to decide, well so we can figure how big it's gonna be, like exactly what buttons we want",
      "count": 1,
      "end_time": 996.21,
      "start_time": 991.01
    },
    "type": "Support/Possitive Assessment"
  },
  {
    "source": {
      "act": "We need to decide, well so we can figure how big it's gonna be, like exactly what buttons we want",
      "count": 1,
      "end_time": 996.21,
      "start_time": 991.01
    },
    "target": {
      "act": "What size battery and",
      "count": 1,
      "end_time": 995.45,
      "start_time": 994.15
    },
    "type": "Support/Possitive Assessment"
  },
  {
    "source": {
      "act": "Well, the other thing is like even if it's got a few buttons, so we want it to be bigger than this,",
      "count": 1,
      "end_time": 1002.58,
      "start_time": 996.66
    },
    "target": {
      "act": "It could be like this.",
      "count": 1,
      "end_time": 1001.54,
      "start_time": 1000.08
    },
    "type": "Support/Possitive Assessment"
  },
  {
    "source": {
      "act": "Well, the other thing is like even if it's got a few buttons, so we want it to be bigger than this,",
      "count": 1,
      "end_time": 1002.58,
      "start_time": 996.66
    },
    "target": {
      "act": "Yes.",
      "count": 1,
      "end_time": 1002.1,
      "start_time": 1001.54
    },
    "type": "Support/Possitive Assessment"
  },
  {
    "source": {
      "act": "'cause it still fits in your hand, so you still wanted something that's comfortable and substantial, but not necessarily full of buttons.",
      "count": 1,
      "end_time": 1008.18,
      "start_time": 1002.58
    },
    "target": {
      "act": "This one is really comfortable,",
      "count": 1,
      "end_time": 1009.42,
      "start_time": 1007.99
    },
    "type": "Support/Possitive Assessment"
  },
  {
    "source": {
      "act": "like I like the sides whatever,",
      "count": 1,
      "end_time": 1011.76,
      "start_time": 1009.42
    },
    "target": {
      "act": "Are you gonna lose it easier?",
      "count": 1,
      "end_time": 1012.84,
      "start_time": 1011.47
    },
    "type": "Objection/Negative Assessment"
  },
  {
    "source": {
      "act": "Are you gonna lose it easier?",
      "count": 1,
      "end_time": 1012.84,
      "start_time": 1011.47
    },
    "target": {
      "act": "But if we have the um, the locator, then we don't have to worry about that.",
      "count": 1,
      "end_time": 1017.45,
      "start_time": 1013.0
    },
    "type": "Objection/Negative Assessment"
  },
  {
    "source": {
      "act": "But if we have the um, the locator, then we don't have to worry about that.",
      "count": 1,
      "end_time": 1017.45,
      "start_time": 1013.0
    },
    "target": {
      "act": "That's true.",
      "count": 1,
      "end_time": 1018.23,
      "start_time": 1017.63
    },
    "type": "Support/Possitive Assessment"
  },
  {
    "source": {
      "act": "So we can make it small if we have a l locating device.",
      "count": 1,
      "end_time": 1021.36,
      "start_time": 1018.71
    },
    "target": {
      "act": "If we do a voice-activated locator, though, we're gonna be looking at a more substantial chip.",
      "count": 1,
      "end_time": 1027.92,
      "start_time": 1021.55
    },
    "type": "Partial agreement/support"
  },
  {
    "source": {
      "act": "If we do a voice-activated locator, though, we're gonna be looking at a more substantial chip.",
      "count": 1,
      "end_time": 1027.92,
      "start_time": 1021.55
    },
    "target": {
      "act": "So i That's the other thing,",
      "count": 1,
      "end_time": 1029.88,
      "start_time": 1028.39
    },
    "type": "Support/Possitive Assessment"
  },
  {
    "source": {
      "act": "If we do a voice-activated locator, though, we're gonna be looking at a more substantial chip.",
      "count": 1,
      "end_time": 1027.92,
      "start_time": 1021.55
    },
    "target": {
      "act": "Are we gonna have certain chips that are gonna require bigger size period?",
      "count": 1,
      "end_time": 1037.0,
      "start_time": 1033.96
    },
    "type": "Support/Possitive Assessment"
  },
  {
    "source": {
      "act": "Are we gonna have certain chips that are gonna require bigger size period?",
      "count": 1,
      "end_time": 1037.0,
      "start_time": 1033.96
    },
    "target": {
      "act": "Two double A_s, for this size.",
      "count": 1,
      "end_time": 1040.19,
      "start_time": 1037.33
    },
    "type": "Support/Possitive Assessment"
  },
  {
    "source": {
      "act": "Two double A_s, for this size.",
      "count": 1,
      "end_time": 1040.19,
      "start_time": 1037.33
    },
    "target": {
      "act": "But like, you know, if we get more complicated then it's gonna v be have to be bigger to just accommodate the chip size.",
      "count": 1,
      "end_time": 1049.51,
      "start_time": 1043.83
    },
    "type": "Objection/Negative Assessment"
  },
  {
    "source": {
      "act": "if we did do a nice small, compact",
      "count": 1,
      "end_time": 1057.16,
      "start_time": 1054.01
    },
    "target": {
      "act": "Right. I agree,",
      "count": 1,
      "end_time": 1057.96,
      "start_time": 1056.64
    },
    "type": "Support/Possitive Assessment"
  },
  {
    "source": {
      "act": "it's either gonna be bigger with a base or smaller with just",
      "count": 1,
      "end_time": 1060.72,
      "start_time": 1057.96
    },
    "target": {
      "act": "Yeah.",
      "count": 1,
      "end_time": 1061.84,
      "start_time": 1061.4
    },
    "type": "Support/Possitive Assessment"
  },
  {
    "source": {
      "act": "Alright, so what direction do you want to go in?",
      "count": 1,
      "end_time": 1066.84,
      "start_time": 1064.34
    },
    "target": {
      "act": "I think if we had a a locating device with the small one, I think that seems way more advanced.",
      "count": 1,
      "end_time": 1072.88,
      "start_time": 1068.23
    },
    "type": "Support/Possitive Assessment"
  },
  {
    "source": null,
    "target": {
      "act": "I'm kind of I'm kind of leaning in the direction of this kind of",
      "count": 1,
      "end_time": 1075.79,
      "start_time": 1072.85
    },
    "type": "Support/Possitive Assessment"
  },
  {
    "source": {
      "act": "I'm kind of I'm kind of leaning in the direction of this kind of",
      "count": 1,
      "end_time": 1075.79,
      "start_time": 1072.85
    },
    "target": {
      "act": "I'm a away from the base.",
      "count": 1,
      "end_time": 1077.62,
      "start_time": 1074.26
    },
    "type": "Support/Possitive Assessment"
  },
  {
    "source": {
      "act": "I'm a away from the base.",
      "count": 1,
      "end_time": 1077.62,
      "start_time": 1074.26
    },
    "target": {
      "act": "bigger and the base.",
      "count": 1,
      "end_time": 1078.66,
      "start_time": 1076.92
    },
    "type": "Support/Possitive Assessment"
  },
  {
    "source": {
      "act": "bigger and the base.",
      "count": 1,
      "end_time": 1078.66,
      "start_time": 1076.92
    },
    "target": {
      "act": "Yeah.",
      "count": 1,
      "end_time": 1077.9,
      "start_time": 1077.62
    },
    "type": "Support/Possitive Assessment"
  },
  {
    "source": {
      "act": "That just seems so clunky and",
      "count": 1,
      "end_time": 1080.03,
      "start_time": 1078.66
    },
    "target": {
      "act": "Yeah,",
      "count": 1,
      "end_time": 1080.29,
      "start_time": 1080.04
    },
    "type": "Support/Possitive Assessment"
  },
  {
    "source": {
      "act": "because I mean if even looking at cellphones right now, those trends the smaller the hotter it is,",
      "count": 1,
      "end_time": 1086.18,
      "start_time": 1080.29
    },
    "target": {
      "act": "Smaller and smaller, yeah, yeah, yeah.",
      "count": 1,
      "end_time": 1086.12,
      "start_time": 1084.26
    },
    "type": "Support/Possitive Assessment"
  },
  {
    "source": {
      "act": "Smaller and smaller, yeah, yeah, yeah.",
      "count": 1,
      "end_time": 1086.12,
      "start_time": 1084.26
    },
    "target": {
      "act": "yeah",
      "count": 1,
      "end_time": 1086.43,
      "start_time": 1086.18
    },
    "type": "Support/Possitive Assessment"
  },
  {
    "source": {
      "act": "Smaller and smaller, yeah, yeah, yeah.",
      "count": 1,
      "end_time": 1086.12,
      "start_time": 1084.26
    },
    "target": {
      "act": "The only problem with that is if you forget to take it out of your pocket and it goes in wash.",
      "count": 1,
      "end_time": 1090.08,
      "start_time": 1086.93
    },
    "type": "Partial agreement/support"
  },
  {
    "source": {
      "act": "The only problem with that is if you forget to take it out of your pocket and it goes in wash.",
      "count": 1,
      "end_time": 1090.08,
      "start_time": 1086.93
    },
    "target": {
      "act": "Oh.",
      "count": 1,
      "end_time": 1090.98,
      "start_time": 1090.22
    },
    "type": "Support/Possitive Assessment"
  },
  {
    "source": {
      "act": "The only problem with that is if you forget to take it out of your pocket and it goes in wash.",
      "count": 1,
      "end_time": 1090.08,
      "start_time": 1086.93
    },
    "target": {
      "act": "You're kidding.",
      "count": 1,
      "end_time": 1092.0,
      "start_time": 1091.16
    },
    "type": "Support/Possitive Assessment"
  },
  {
    "source": {
      "act": "You're kidding.",
      "count": 1,
      "end_time": 1092.0,
      "start_time": 1091.16
    },
    "target": {
      "act": "You know it happens.",
      "count": 1,
      "end_time": 1094.34,
      "start_time": 1092.52
    },
    "type": "Support/Possitive Assessment"
  },
  {
    "source": {
      "act": "I've had three watches go that way too.",
      "count": 1,
      "end_time": 1096.92,
      "start_time": 1094.34
    },
    "target": {
      "act": "Oh watches I've but I've never washed a cell phone.",
      "count": 1,
      "end_time": 1099.28,
      "start_time": 1096.29
    },
    "type": "Support/Possitive Assessment"
  },
  {
    "source": {
      "act": "Oh watches I've but I've never washed a cell phone.",
      "count": 1,
      "end_time": 1099.28,
      "start_time": 1096.29
    },
    "target": {
      "act": "A phone, whoa, that would wow, that would hurt.",
      "count": 1,
      "end_time": 1101.25,
      "start_time": 1098.35
    },
    "type": "Support/Possitive Assessment"
  },
  {
    "source": {
      "act": "A phone, whoa, that would wow, that would hurt.",
      "count": 1,
      "end_time": 1101.25,
      "start_time": 1098.35
    },
    "target": {
      "act": "Pieces everywhere.",
      "count": 1,
      "end_time": 1102.49,
      "start_time": 1101.57
    },
    "type": "Support/Possitive Assessment"
  },
  {
    "source": {
      "act": "Okay, so what kind of material do we want to be made out of?",
      "count": 1,
      "end_time": 1105.02,
      "start_time": 1101.56
    },
    "target": {
      "act": "Well, we have lots of options.",
      "count": 1,
      "end_time": 1106.67,
      "start_time": 1105.52
    },
    "type": "Support/Possitive Assessment"
  },
  {
    "source": {
      "act": "Okay, so what kind of material do we want to be made out of?",
      "count": 1,
      "end_time": 1105.02,
      "start_time": 1101.56
    },
    "target": {
      "act": "I don't think wood is a viable option.",
      "count": 1,
      "end_time": 1108.48,
      "start_time": 1106.67
    },
    "type": "Support/Possitive Assessment"
  },
  {
    "source": {
      "act": "I don't think wood is a viable option.",
      "count": 1,
      "end_time": 1108.48,
      "start_time": 1106.67
    },
    "target": {
      "act": "Yeah wood.",
      "count": 1,
      "end_time": 1108.55,
      "start_time": 1107.69
    },
    "type": "Support/Possitive Assessment"
  },
  {
    "source": {
      "act": "I don't think wood is a viable option.",
      "count": 1,
      "end_time": 1108.48,
      "start_time": 1106.67
    },
    "target": {
      "act": "No.",
      "count": 1,
      "end_time": 1109.84,
      "start_time": 1109.14
    },
    "type": "Support/Possitive Assessment"
  },
  {
    "source": {
      "act": "go ahead.",
      "count": 1,
      "end_time": 1111.49,
      "start_time": 1111.11
    },
    "target": {
      "act": "I was saying that titanium, if we're being restricted then I would probably lean away from that.",
      "count": 1,
      "end_time": 1117.94,
      "start_time": 1111.59
    },
    "type": "Support/Possitive Assessment"
  },
  {
    "source": {
      "act": "I was saying that titanium, if we're being restricted then I would probably lean away from that.",
      "count": 1,
      "end_time": 1117.94,
      "start_time": 1111.59
    },
    "target": {
      "act": "Yeah,",
      "count": 1,
      "end_time": 1118.61,
      "start_time": 1118.31
    },
    "type": "Support/Possitive Assessment"
  },
  {
    "source": {
      "act": "I was saying that titanium, if we're being restricted then I would probably lean away from that.",
      "count": 1,
      "end_time": 1117.94,
      "start_time": 1111.59
    },
    "target": {
      "act": "'cause if it's gonna cost us more to produce a chip, titanium will be more expensive.",
      "count": 1,
      "end_time": 1121.42,
      "start_time": 1118.61
    },
    "type": "Support/Possitive Assessment"
  },
  {
    "source": {
      "act": "'cause if it's gonna cost us more to produce a chip, titanium will be more expensive.",
      "count": 1,
      "end_time": 1121.42,
      "start_time": 1118.61
    },
    "target": {
      "act": "Yeah,",
      "count": 1,
      "end_time": 1118.61,
      "start_time": 1118.31
    },
    "type": "Support/Possitive Assessment"
  },
  {
    "source": {
      "act": "Right.",
      "count": 1,
      "end_time": 1123.09,
      "start_time": 1121.64
    },
    "target": {
      "act": "However,",
      "count": 1,
      "end_time": 1124.07,
      "start_time": 1122.24
    },
    "type": "Objection/Negative Assessment"
  },
  {
    "source": {
      "act": "However,",
      "count": 1,
      "end_time": 1124.07,
      "start_time": 1122.24
    },
    "target": {
      "act": "What would you recommend?",
      "count": 1,
      "end_time": 1123.92,
      "start_time": 1123.09
    },
    "type": "Support/Possitive Assessment"
  },
  {
    "source": {
      "act": "What would you recommend?",
      "count": 1,
      "end_time": 1123.92,
      "start_time": 1123.09
    },
    "target": {
      "act": "well, we only wanna sell it for twenty five Euro",
      "count": 1,
      "end_time": 1126.25,
      "start_time": 1124.07
    },
    "type": "Support/Possitive Assessment"
  },
  {
    "source": {
      "act": "right?",
      "count": 1,
      "end_time": 1127.38,
      "start_time": 1126.25
    },
    "target": {
      "act": "Yeah.",
      "count": 1,
      "end_time": 1127.44,
      "start_time": 1126.98
    },
    "type": "Support/Possitive Assessment"
  },
  {
    "source": {
      "act": "'Cause I was thinking if we wanted to get the high in market then you could produce a few in titanium,",
      "count": 1,
      "end_time": 1132.26,
      "start_time": 1127.38
    },
    "target": {
      "act": "Yeah, exactly.",
      "count": 1,
      "end_time": 1130.14,
      "start_time": 1129.36
    },
    "type": "Support/Possitive Assessment"
  },
  {
    "source": {
      "act": "make them a rarity so to speak.",
      "count": 1,
      "end_time": 1134.18,
      "start_time": 1132.26
    },
    "target": {
      "act": "The selling point, yeah.",
      "count": 1,
      "end_time": 1134.34,
      "start_time": 1133.16
    },
    "type": "Support/Possitive Assessment"
  },
  {
    "source": {
      "act": "'Cause I was thinking if we wanted to get the high in market then you could produce a few in titanium,",
      "count": 1,
      "end_time": 1132.26,
      "start_time": 1127.38
    },
    "target": {
      "act": "We could do that,",
      "count": 1,
      "end_time": 1134.36,
      "start_time": 1133.72
    },
    "type": "Support/Possitive Assessment"
  },
  {
    "source": null,
    "target": {
      "act": "Are we restricted by this?",
      "count": 1,
      "end_time": 1140.61,
      "start_time": 1139.06
    },
    "type": "Support/Possitive Assessment"
  },
  {
    "source": {
      "act": "If this was a successful remote, we might then produce a higher end version of it, I think.",
      "count": 1,
      "end_time": 1160.17,
      "start_time": 1154.67
    },
    "target": {
      "act": "Yeah. Good plan.",
      "count": 1,
      "end_time": 1161.75,
      "start_time": 1160.49
    },
    "type": "Support/Possitive Assessment"
  },
  {
    "source": {
      "act": "If this was a successful remote, we might then produce a higher end version of it, I think.",
      "count": 1,
      "end_time": 1160.17,
      "start_time": 1154.67
    },
    "target": {
      "act": "Good plan.",
      "count": 1,
      "end_time": 1160.94,
      "start_time": 1160.56
    },
    "type": "Support/Possitive Assessment"
  },
  {
    "source": {
      "act": "or what would you recommend for materials?",
      "count": 1,
      "end_time": 1166.71,
      "start_time": 1164.74
    },
    "target": {
      "act": "uh since we're going with batteries instead of solar power, I'd recommend maybe a uh soft like latex,",
      "count": 1,
      "end_time": 1176.54,
      "start_time": 1169.26
    },
    "type": "Support/Possitive Assessment"
  },
  {
    "source": {
      "act": "God only knows why,",
      "count": 1,
      "end_time": 1190.45,
      "start_time": 1189.1
    },
    "target": {
      "act": "Yeah, who knows.",
      "count": 1,
      "end_time": 1190.84,
      "start_time": 1189.26
    },
    "type": "Support/Possitive Assessment"
  },
  {
    "source": {
      "act": "or is it gonna be the kinda thing where people come back and swap it?",
      "count": 1,
      "end_time": 1207.14,
      "start_time": 1204.52
    },
    "target": {
      "act": "O or we could like take off this.",
      "count": 1,
      "end_time": 1207.95,
      "start_time": 1206.09
    },
    "type": "Support/Possitive Assessment"
  },
  {
    "source": {
      "act": "or is it gonna be the kinda thing where people come back and swap it?",
      "count": 1,
      "end_time": 1207.14,
      "start_time": 1204.52
    },
    "target": {
      "act": "They could buy cases, maybe,",
      "count": 1,
      "end_time": 1209.22,
      "start_time": 1206.87
    },
    "type": "Support/Possitive Assessment"
  },
  {
    "source": {
      "act": "or is it gonna be the kinda thing where people come back and swap it?",
      "count": 1,
      "end_time": 1207.14,
      "start_time": 1204.52
    },
    "target": {
      "act": "They could come back. And buy the extra case.",
      "count": 1,
      "end_time": 1214.25,
      "start_time": 1207.11
    },
    "type": "Support/Possitive Assessment"
  },
  {
    "source": {
      "act": "They could come back. And buy the extra case.",
      "count": 1,
      "end_time": 1214.25,
      "start_time": 1207.11
    },
    "target": {
      "act": "if they wanted.",
      "count": 1,
      "end_time": 1211.67,
      "start_time": 1210.42
    },
    "type": "Support/Possitive Assessment"
  },
  {
    "source": {
      "act": "I think it's good to sell a basic thing and then sell options.",
      "count": 1,
      "end_time": 1215.45,
      "start_time": 1211.67
    },
    "target": {
      "act": "So we could do like a b a hard base plastic, and then we could give two latex covers to start.",
      "count": 1,
      "end_time": 1224.19,
      "start_time": 1214.25
    },
    "type": "Support/Possitive Assessment"
  },
  {
    "source": {
      "act": "So we could do like a b a hard base plastic, and then we could give two latex covers to start.",
      "count": 1,
      "end_time": 1224.19,
      "start_time": 1214.25
    },
    "target": {
      "act": "what the top face, right?",
      "count": 1,
      "end_time": 1221.94,
      "start_time": 1220.42
    },
    "type": "Support/Possitive Assessment"
  },
  {
    "source": {
      "act": "So we could do like a b a hard base plastic, and then we could give two latex covers to start.",
      "count": 1,
      "end_time": 1224.19,
      "start_time": 1214.25
    },
    "target": {
      "act": "Yeah,",
      "count": 1,
      "end_time": 1225.82,
      "start_time": 1225.63
    },
    "type": "Support/Possitive Assessment"
  },
  {
    "source": {
      "act": "Okay, and what kind of chip would we need for this guy?",
      "count": 1,
      "end_time": 1236.98,
      "start_time": 1233.3
    },
    "target": {
      "act": "Are we gonna go with the voice activated",
      "count": 1,
      "end_time": 1239.67,
      "start_time": 1238.08
    },
    "type": "Uncertain"
  },
  {
    "source": {
      "act": "Are we gonna go with the voice activated",
      "count": 1,
      "end_time": 1239.67,
      "start_time": 1238.08
    },
    "target": {
      "act": "I don't think we should do voice,",
      "count": 1,
      "end_time": 1240.98,
      "start_time": 1239.81
    },
    "type": "Support/Possitive Assessment"
  },
  {
    "source": {
      "act": "Are we gonna go with the voice activated",
      "count": 1,
      "end_time": 1239.67,
      "start_time": 1238.08
    },
    "target": {
      "act": "I think we should just do um the recognition for when it's lost, you know.",
      "count": 1,
      "end_time": 1246.85,
      "start_time": 1240.98
    },
    "type": "Support/Possitive Assessment"
  },
  {
    "source": {
      "act": "I think we should just do um the recognition for when it's lost, you know.",
      "count": 1,
      "end_time": 1246.85,
      "start_time": 1240.98
    },
    "target": {
      "act": "A tracker, yeah.",
      "count": 1,
      "end_time": 1247.87,
      "start_time": 1246.75
    },
    "type": "Uncertain"
  },
  {
    "source": {
      "act": "A tracker, yeah.",
      "count": 1,
      "end_time": 1247.87,
      "start_time": 1246.75
    },
    "target": {
      "act": "Yeah.",
      "count": 1,
      "end_time": 1248.24,
      "start_time": 1247.87
    },
    "type": "Support/Possitive Assessment"
  },
  {
    "source": {
      "act": "I think we should just do um the recognition for when it's lost, you know.",
      "count": 1,
      "end_time": 1246.85,
      "start_time": 1240.98
    },
    "target": {
      "act": "for voice activation would it be like a certain term what we would say like,",
      "count": 1,
      "end_time": 1254.06,
      "start_time": 1250.38
    },
    "type": "Uncertain"
  },
  {
    "source": {
      "act": "because people could just be talking and we don't want it going off all the time.",
      "count": 1,
      "end_time": 1258.22,
      "start_time": 1255.0
    },
    "target": {
      "act": "Right.",
      "count": 1,
      "end_time": 1260.78,
      "start_time": 1260.52
    },
    "type": "Support/Possitive Assessment"
  },
  {
    "source": {
      "act": "because people could just be talking and we don't want it going off all the time.",
      "count": 1,
      "end_time": 1258.22,
      "start_time": 1255.0
    },
    "target": {
      "act": "Well, we could give it a specific code, you know, remote missing.",
      "count": 1,
      "end_time": 1264.84,
      "start_time": 1261.41
    },
    "type": "Support/Possitive Assessment"
  },
  {
    "source": {
      "act": "Well, we could give it a specific code, you know, remote missing.",
      "count": 1,
      "end_time": 1264.84,
      "start_time": 1261.41
    },
    "target": {
      "act": "Ooh.",
      "count": 1,
      "end_time": 1268.02,
      "start_time": 1266.58
    },
    "type": "Support/Possitive Assessment"
  },
  {
    "source": {
      "act": "because I know that's it's definitely gonna be big,",
      "count": 1,
      "end_time": 1273.15,
      "start_time": 1269.92
    },
    "target": {
      "act": "Well, my little sister got for Christmas she got one of those key finders that's like a key-ring, and you have to whistle in a certain frequency for it to work.",
      "count": 1,
      "end_time": 1285.41,
      "start_time": 1275.33
    },
    "type": "Objection/Negative Assessment"
  },
  {
    "source": {
      "act": "Well, my little sister got for Christmas she got one of those key finders that's like a key-ring, and you have to whistle in a certain frequency for it to work.",
      "count": 1,
      "end_time": 1285.41,
      "start_time": 1275.33
    },
    "target": {
      "act": "Yeah, see that would just irritate me.",
      "count": 1,
      "end_time": 1286.63,
      "start_time": 1284.97
    },
    "type": "Support/Possitive Assessment"
  },
  {
    "source": {
      "act": "because I know that's it's definitely gonna be big,",
      "count": 1,
      "end_time": 1273.15,
      "start_time": 1269.92
    },
    "target": {
      "act": "And then she would laugh and it would start going off in her purse, and you couldn't turn it off.",
      "count": 1,
      "end_time": 1289.87,
      "start_time": 1285.41
    },
    "type": "Objection/Negative Assessment"
  },
  {
    "source": {
      "act": "Uh see I'm uh I'm strangely attracted to it,",
      "count": 1,
      "end_time": 1269.92,
      "start_time": 1268.02
    },
    "target": {
      "act": "So it became highly irritating.",
      "count": 1,
      "end_time": 1291.52,
      "start_time": 1289.87
    },
    "type": "Objection/Negative Assessment"
  },
  {
    "source": {
      "act": "And then she would laugh and it would start going off in her purse, and you couldn't turn it off.",
      "count": 1,
      "end_time": 1289.87,
      "start_time": 1285.41
    },
    "target": {
      "act": "Oh dear.",
      "count": 1,
      "end_time": 1289.69,
      "start_time": 1289.19
    },
    "type": "Support/Possitive Assessment"
  },
  {
    "source": {
      "act": "And then she would laugh and it would start going off in her purse, and you couldn't turn it off.",
      "count": 1,
      "end_time": 1289.87,
      "start_time": 1285.41
    },
    "target": {
      "act": "Oh,",
      "count": 1,
      "end_time": 1289.94,
      "start_time": 1289.33
    },
    "type": "Support/Possitive Assessment"
  },
  {
    "source": {
      "act": "So it became highly irritating.",
      "count": 1,
      "end_time": 1291.52,
      "start_time": 1289.87
    },
    "target": {
      "act": "maybe voice activation won't be good.",
      "count": 1,
      "end_time": 1293.65,
      "start_time": 1291.96
    },
    "type": "Support/Possitive Assessment"
  },
  {
    "source": {
      "act": "So it became highly irritating.",
      "count": 1,
      "end_time": 1291.52,
      "start_time": 1289.87
    },
    "target": {
      "act": "So I think having a key-phrase is much better.",
      "count": 1,
      "end_time": 1294.72,
      "start_time": 1292.32
    },
    "type": "Support/Possitive Assessment"
  },
  {
    "source": {
      "act": "So I think having a key-phrase is much better.",
      "count": 1,
      "end_time": 1294.72,
      "start_time": 1292.32
    },
    "target": {
      "act": "Okay.",
      "count": 1,
      "end_time": 1295.78,
      "start_time": 1294.84
    },
    "type": "Support/Possitive Assessment"
  },
  {
    "source": {
      "act": "right?",
      "count": 1,
      "end_time": 1301.07,
      "start_time": 1300.22
    },
    "target": {
      "act": "Yeah, n n no, we just want it to be a finder.",
      "count": 1,
      "end_time": 1302.28,
      "start_time": 1300.34
    },
    "type": "Support/Possitive Assessment"
  },
  {
    "source": {
      "act": "right?",
      "count": 1,
      "end_time": 1301.07,
      "start_time": 1300.22
    },
    "target": {
      "act": "No.",
      "count": 1,
      "end_time": 1301.6,
      "start_time": 1301.13
    },
    "type": "Support/Possitive Assessment"
  },
  {
    "source": {
      "act": "Yeah, n n no, we just want it to be a finder.",
      "count": 1,
      "end_time": 1302.28,
      "start_time": 1300.34
    },
    "target": {
      "act": "Okay, alright.",
      "count": 1,
      "end_time": 1302.72,
      "start_time": 1301.91
    },
    "type": "Support/Possitive Assessment"
  },
  {
    "source": {
      "act": "can the department make",
      "count": 1,
      "end_time": 1306.49,
      "start_time": 1305.43
    },
    "target": {
      "act": "That would be like a mid-class um Yeah.",
      "count": 1,
      "end_time": 1310.77,
      "start_time": 1306.88
    },
    "type": "Support/Possitive Assessment"
  },
  {
    "source": {
      "act": "That would be like a mid-class um Yeah.",
      "count": 1,
      "end_time": 1310.77,
      "start_time": 1306.88
    },
    "target": {
      "act": "Oh, brilliant then.",
      "count": 1,
      "end_time": 1310.77,
      "start_time": 1309.84
    },
    "type": "Support/Possitive Assessment"
  },
  {
    "source": {
      "act": "Why not introduce it in this way?",
      "count": 1,
      "end_time": 1322.64,
      "start_time": 1321.1
    },
    "target": {
      "act": "Yeah, good point.",
      "count": 1,
      "end_time": 1324.06,
      "start_time": 1323.09
    },
    "type": "Support/Possitive Assessment"
  },
  {
    "source": {
      "act": "Why not introduce it in this way?",
      "count": 1,
      "end_time": 1322.64,
      "start_time": 1321.1
    },
    "target": {
      "act": "Mm 'kay.",
      "count": 1,
      "end_time": 1323.9,
      "start_time": 1323.44
    },
    "type": "Support/Possitive Assessment"
  },
  {
    "source": {
      "act": "Uh and what size batteries, double A_, triple A_?",
      "count": 1,
      "end_time": 1329.13,
      "start_time": 1325.08
    },
    "target": {
      "act": "I think triple A_, it'll be lighter.",
      "count": 1,
      "end_time": 1331.33,
      "start_time": 1329.57
    },
    "type": "Support/Possitive Assessment"
  },
  {
    "source": {
      "act": "Two?",
      "count": 1,
      "end_time": 1331.79,
      "start_time": 1331.49
    },
    "target": {
      "act": "I mean more more come in a package.",
      "count": 1,
      "end_time": 1335.67,
      "start_time": 1333.01
    },
    "type": "Support/Possitive Assessment"
  },
  {
    "source": {
      "act": "Could it run off of two",
      "count": 1,
      "end_time": 1333.97,
      "start_time": 1332.91
    },
    "target": {
      "act": "Well, that depends on what the energy is needed.",
      "count": 1,
      "end_time": 1335.89,
      "start_time": 1334.15
    },
    "type": "Uncertain"
  },
  {
    "source": {
      "act": "Two?",
      "count": 1,
      "end_time": 1331.79,
      "start_time": 1331.49
    },
    "target": {
      "act": "I think, well, we could d r do two",
      "count": 1,
      "end_time": 1339.89,
      "start_time": 1336.54
    },
    "type": "Support/Possitive Assessment"
  },
  {
    "source": {
      "act": "Two?",
      "count": 1,
      "end_time": 1331.79,
      "start_time": 1331.49
    },
    "target": {
      "act": "or we could do one small lithium,",
      "count": 1,
      "end_time": 1342.47,
      "start_time": 1339.89
    },
    "type": "Objection/Negative Assessment"
  },
  {
    "source": {
      "act": "And they also have a longer battery life than most batteries.",
      "count": 1,
      "end_time": 1356.35,
      "start_time": 1351.41
    },
    "target": {
      "act": "They're more expensive though, too.",
      "count": 1,
      "end_time": 1355.73,
      "start_time": 1354.5
    },
    "type": "Objection/Negative Assessment"
  },
  {
    "source": {
      "act": "They're more expensive though, too.",
      "count": 1,
      "end_time": 1355.73,
      "start_time": 1354.5
    },
    "target": {
      "act": "But if you only have to replace it every five years.",
      "count": 1,
      "end_time": 1359.3,
      "start_time": 1356.35
    },
    "type": "Objection/Negative Assessment"
  },
  {
    "source": {
      "act": "But if you only have to replace it every five years.",
      "count": 1,
      "end_time": 1359.3,
      "start_time": 1356.35
    },
    "target": {
      "act": "That's a good point.",
      "count": 1,
      "end_time": 1361.78,
      "start_time": 1361.01
    },
    "type": "Support/Possitive Assessment"
  },
  {
    "source": {
      "act": "But if you only have to replace it every five years.",
      "count": 1,
      "end_time": 1359.3,
      "start_time": 1356.35
    },
    "target": {
      "act": "Thoughts anybody?",
      "count": 1,
      "end_time": 1362.64,
      "start_time": 1361.43
    },
    "type": "Support/Possitive Assessment"
  },
  {
    "source": {
      "act": "Thoughts anybody?",
      "count": 1,
      "end_time": 1362.64,
      "start_time": 1361.43
    },
    "target": {
      "act": "As long as we sell it with it.",
      "count": 1,
      "end_time": 1363.28,
      "start_time": 1362.15
    },
    "type": "Partial agreement/support"
  },
  {
    "source": {
      "act": "As long as we sell it with it.",
      "count": 1,
      "end_time": 1363.28,
      "start_time": 1362.15
    },
    "target": {
      "act": "Well, how about a initial, you get one battery when you buy it,",
      "count": 1,
      "end_time": 1368.68,
      "start_time": 1364.43
    },
    "type": "Support/Possitive Assessment"
  },
  {
    "source": {
      "act": "Well, how about a initial, you get one battery when you buy it,",
      "count": 1,
      "end_time": 1368.68,
      "start_time": 1364.43
    },
    "target": {
      "act": "Right, that's what I meant.",
      "count": 1,
      "end_time": 1369.83,
      "start_time": 1368.68
    },
    "type": "Support/Possitive Assessment"
  },
  {
    "source": {
      "act": "Well, how about a initial, you get one battery when you buy it,",
      "count": 1,
      "end_time": 1368.68,
      "start_time": 1364.43
    },
    "target": {
      "act": "We could think about it and come back to it next meeting.",
      "count": 1,
      "end_time": 1372.03,
      "start_time": 1370.02
    },
    "type": "Uncertain"
  },
  {
    "source": {
      "act": "We could think about it and come back to it next meeting.",
      "count": 1,
      "end_time": 1372.03,
      "start_time": 1370.02
    },
    "target": {
      "act": "Yeah.",
      "count": 1,
      "end_time": 1372.3,
      "start_time": 1371.81
    },
    "type": "Support/Possitive Assessment"
  },
  {
    "source": {
      "act": "We could think about it and come back to it next meeting.",
      "count": 1,
      "end_time": 1372.03,
      "start_time": 1370.02
    },
    "target": {
      "act": "Okay.",
      "count": 1,
      "end_time": 1371.76,
      "start_time": 1370.84
    },
    "type": "Support/Possitive Assessment"
  },
  {
    "source": {
      "act": "We still have one more meeting.",
      "count": 1,
      "end_time": 1372.8,
      "start_time": 1372.03
    },
    "target": {
      "act": "Yeah. Alright.",
      "count": 1,
      "end_time": 1373.21,
      "start_time": 1371.76
    },
    "type": "Support/Possitive Assessment"
  },
  {
    "source": {
      "act": "meaning design.",
      "count": 1,
      "end_time": 1388.62,
      "start_time": 1386.67
    },
    "target": {
      "act": "Yeah, what's it gonna look like.",
      "count": 1,
      "end_time": 1389.89,
      "start_time": 1388.79
    },
    "type": "Support/Possitive Assessment"
  },
  {
    "source": {
      "act": "Yeah, what's it gonna look like.",
      "count": 1,
      "end_time": 1389.89,
      "start_time": 1388.79
    },
    "target": {
      "act": "Okay.",
      "count": 1,
      "end_time": 1391.27,
      "start_time": 1390.08
    },
    "type": "Support/Possitive Assessment"
  },
  {
    "source": {
      "act": "It might be the four way scroll, too.",
      "count": 1,
      "end_time": 1404.41,
      "start_time": 1402.13
    },
    "target": {
      "act": "Yeah, it could be whatever,",
      "count": 1,
      "end_time": 1405.96,
      "start_time": 1404.4
    },
    "type": "Support/Possitive Assessment"
  },
  {
    "source": {
      "act": "Yeah, it could be whatever,",
      "count": 1,
      "end_time": 1405.96,
      "start_time": 1404.4
    },
    "target": {
      "act": "Yeah.",
      "count": 1,
      "end_time": 1406.29,
      "start_time": 1405.9
    },
    "type": "Support/Possitive Assessment"
  },
  {
    "source": {
      "act": "because like the old phones, there's like that just like piece of metal or like a picture or something in the middle.",
      "count": 1,
      "end_time": 1412.91,
      "start_time": 1407.81
    },
    "target": {
      "act": "Well, my issue with that is if it got too big though,",
      "count": 1,
      "end_time": 1415.36,
      "start_time": 1411.72
    },
    "type": "Partial agreement/support"
  },
  {
    "source": {
      "act": "'cause if you have the circle and the button in the middle, then is it gonna get wider than your your hands are,",
      "count": 1,
      "end_time": 1420.75,
      "start_time": 1415.36
    },
    "target": {
      "act": "Oh, that's true.",
      "count": 1,
      "end_time": 1419.76,
      "start_time": 1418.96
    },
    "type": "Support/Possitive Assessment"
  },
  {
    "source": {
      "act": "because w And then would the buttons be too small if it was enough to fit on it?",
      "count": 1,
      "end_time": 1425.41,
      "start_time": 1420.75
    },
    "target": {
      "act": "Good point.",
      "count": 1,
      "end_time": 1426.18,
      "start_time": 1425.59
    },
    "type": "Support/Possitive Assessment"
  },
  {
    "source": {
      "act": "which I think if we make it curved like a hand like a hand-shape like if we put the the scroll-button on the side,",
      "count": 1,
      "end_time": 1439.52,
      "start_time": 1431.78
    },
    "target": {
      "act": "Oh, I see what you mean.",
      "count": 1,
      "end_time": 1439.97,
      "start_time": 1439.06
    },
    "type": "Support/Possitive Assessment"
  },
  {
    "source": {
      "act": "that could be particularly useful.",
      "count": 1,
      "end_time": 1441.76,
      "start_time": 1439.52
    },
    "target": {
      "act": "I think so.",
      "count": 1,
      "end_time": 1441.9,
      "start_time": 1441.33
    },
    "type": "Support/Possitive Assessment"
  },
  {
    "source": {
      "act": "which I think if we make it curved like a hand like a hand-shape like if we put the the scroll-button on the side,",
      "count": 1,
      "end_time": 1439.52,
      "start_time": 1431.78
    },
    "target": {
      "act": "So scroll buttons on the side and then buttons on top?",
      "count": 1,
      "end_time": 1444.64,
      "start_time": 1442.37
    },
    "type": "Support/Possitive Assessment"
  },
  {
    "source": {
      "act": "So scroll buttons on the side and then buttons on top?",
      "count": 1,
      "end_time": 1444.64,
      "start_time": 1442.37
    },
    "target": {
      "act": "Yeah, I like that.",
      "count": 1,
      "end_time": 1444.78,
      "start_time": 1443.46
    },
    "type": "Support/Possitive Assessment"
  },
  {
    "source": {
      "act": "If we have scroll things on the side, we definitely have to have 'em labelled.",
      "count": 1,
      "end_time": 1460.25,
      "start_time": 1457.26
    },
    "target": {
      "act": "Well, if it's just up and down",
      "count": 1,
      "end_time": 1464.5,
      "start_time": 1463.0
    },
    "type": "Uncertain"
  },
  {
    "source": {
      "act": "Well, if it's just up and down",
      "count": 1,
      "end_time": 1464.5,
      "start_time": 1463.0
    },
    "target": {
      "act": "Oh if it's just up and down.",
      "count": 1,
      "end_time": 1466.11,
      "start_time": 1465.13
    },
    "type": "Support/Possitive Assessment"
  },
  {
    "source": {
      "act": "Well, if it's just up and down",
      "count": 1,
      "end_time": 1464.5,
      "start_time": 1463.0
    },
    "target": {
      "act": "But is that for",
      "count": 1,
      "end_time": 1469.37,
      "start_time": 1466.0
    },
    "type": "Uncertain"
  },
  {
    "source": {
      "act": "But is that for",
      "count": 1,
      "end_time": 1469.37,
      "start_time": 1466.0
    },
    "target": {
      "act": "Volume or channel.",
      "count": 1,
      "end_time": 1470.13,
      "start_time": 1467.88
    },
    "type": "Support/Possitive Assessment"
  },
  {
    "source": {
      "act": "Volume or channel.",
      "count": 1,
      "end_time": 1470.13,
      "start_time": 1467.88
    },
    "target": {
      "act": "Which?",
      "count": 1,
      "end_time": 1469.91,
      "start_time": 1469.37
    },
    "type": "Support/Possitive Assessment"
  },
  {
    "source": {
      "act": "Which?",
      "count": 1,
      "end_time": 1469.91,
      "start_time": 1469.37
    },
    "target": {
      "act": "I don't know.",
      "count": 1,
      "end_time": 1470.62,
      "start_time": 1470.13
    },
    "type": "Uncertain"
  },
  {
    "source": {
      "act": "I don't know.",
      "count": 1,
      "end_time": 1470.62,
      "start_time": 1470.13
    },
    "target": {
      "act": "Well, you could do some on both sides.",
      "count": 1,
      "end_time": 1472.47,
      "start_time": 1470.6
    },
    "type": "Support/Possitive Assessment"
  },
  {
    "source": {
      "act": "I don't know.",
      "count": 1,
      "end_time": 1470.62,
      "start_time": 1470.13
    },
    "target": {
      "act": "Do we have both sides?",
      "count": 1,
      "end_time": 1472.55,
      "start_time": 1471.11
    },
    "type": "Support/Possitive Assessment"
  },
  {
    "source": {
      "act": "Well, you could do some on both sides.",
      "count": 1,
      "end_time": 1472.47,
      "start_time": 1470.6
    },
    "target": {
      "act": "Can we?",
      "count": 1,
      "end_time": 1473.8,
      "start_time": 1473.33
    },
    "type": "Uncertain"
  },
  {
    "source": {
      "act": "Can we?",
      "count": 1,
      "end_time": 1473.8,
      "start_time": 1473.33
    },
    "target": {
      "act": "Mm yeah.",
      "count": 1,
      "end_time": 1475.44,
      "start_time": 1473.47
    },
    "type": "Support/Possitive Assessment"
  },
  {
    "source": {
      "act": "We should probably make it that you have to depress it to activate it then,",
      "count": 1,
      "end_time": 1479.46,
      "start_time": 1475.44
    },
    "target": {
      "act": "Yeah.",
      "count": 1,
      "end_time": 1480.18,
      "start_time": 1478.79
    },
    "type": "Support/Possitive Assessment"
  },
  {
    "source": {
      "act": "We should probably make it that you have to depress it to activate it then,",
      "count": 1,
      "end_time": 1479.46,
      "start_time": 1475.44
    },
    "target": {
      "act": "So that you're just not holding it and it changes the chan",
      "count": 1,
      "end_time": 1481.34,
      "start_time": 1479.25
    },
    "type": "Support/Possitive Assessment"
  },
  {
    "source": {
      "act": "We should probably make it that you have to depress it to activate it then,",
      "count": 1,
      "end_time": 1479.46,
      "start_time": 1475.44
    },
    "target": {
      "act": "Well, the other option is in instead of a scroll you just have the buttons up on the side which are on the side.",
      "count": 1,
      "end_time": 1487.24,
      "start_time": 1482.61
    },
    "type": "Objection/Negative Assessment"
  },
  {
    "source": {
      "act": "Well, the other option is in instead of a scroll you just have the buttons up on the side which are on the side.",
      "count": 1,
      "end_time": 1487.24,
      "start_time": 1482.61
    },
    "target": {
      "act": "have buttons.",
      "count": 1,
      "end_time": 1485.77,
      "start_time": 1484.93
    },
    "type": "Support/Possitive Assessment"
  },
  {
    "source": {
      "act": "Well, the other option is in instead of a scroll you just have the buttons up on the side which are on the side.",
      "count": 1,
      "end_time": 1487.24,
      "start_time": 1482.61
    },
    "target": {
      "act": "Yeah.",
      "count": 1,
      "end_time": 1488.28,
      "start_time": 1487.84
    },
    "type": "Support/Possitive Assessment"
  },
  {
    "source": {
      "act": "Well, the other option is in instead of a scroll you just have the buttons up on the side which are on the side.",
      "count": 1,
      "end_time": 1487.24,
      "start_time": 1482.61
    },
    "target": {
      "act": "Yeah, that.",
      "count": 1,
      "end_time": 1489.18,
      "start_time": 1487.94
    },
    "type": "Support/Possitive Assessment"
  },
  {
    "source": {
      "act": "'Kay any other ideas?",
      "count": 1,
      "end_time": 1501.52,
      "start_time": 1500.39
    },
    "target": {
      "act": "Um what colour?",
      "count": 1,
      "end_time": 1505.79,
      "start_time": 1503.25
    },
    "type": "Support/Possitive Assessment"
  },
  {
    "source": {
      "act": "Um what colour?",
      "count": 1,
      "end_time": 1505.79,
      "start_time": 1503.25
    },
    "target": {
      "act": "Oh, yeah. Latex covers. W",
      "count": 1,
      "end_time": 1509.94,
      "start_time": 1506.44
    },
    "type": "Support/Possitive Assessment"
  },
  {
    "source": {
      "act": "so we'll have to like have a little square or something, so that the our logo's available.",
      "count": 1,
      "end_time": 1520.04,
      "start_time": 1514.81
    },
    "target": {
      "act": "Well I sort of like having the a yellow strip at the bottom with the R_R_ like that.",
      "count": 1,
      "end_time": 1524.55,
      "start_time": 1518.31
    },
    "type": "Support/Possitive Assessment"
  },
  {
    "source": {
      "act": "Well I sort of like having the a yellow strip at the bottom with the R_R_ like that.",
      "count": 1,
      "end_time": 1524.55,
      "start_time": 1518.31
    },
    "target": {
      "act": "I think maybe we should do it on a b button itself though,",
      "count": 1,
      "end_time": 1529.91,
      "start_time": 1527.17
    },
    "type": "Objection/Negative Assessment"
  },
  {
    "source": {
      "act": "I think maybe we should do it on a b button itself though,",
      "count": 1,
      "end_time": 1529.91,
      "start_time": 1527.17
    },
    "target": {
      "act": "Which button?",
      "count": 1,
      "end_time": 1531.81,
      "start_time": 1531.08
    },
    "type": "Support/Possitive Assessment"
  },
  {
    "source": {
      "act": "Which button?",
      "count": 1,
      "end_time": 1531.81,
      "start_time": 1531.08
    },
    "target": {
      "act": "I don't know,",
      "count": 1,
      "end_time": 1533.01,
      "start_time": 1532.66
    },
    "type": "Uncertain"
  },
  {
    "source": {
      "act": "Which button?",
      "count": 1,
      "end_time": 1531.81,
      "start_time": 1531.08
    },
    "target": {
      "act": "maybe the on-off button, something, some the menu button,",
      "count": 1,
      "end_time": 1536.77,
      "start_time": 1533.01
    },
    "type": "Support/Possitive Assessment"
  },
  {
    "source": {
      "act": "Are they all gonna have our company logo on them?",
      "count": 1,
      "end_time": 1545.04,
      "start_time": 1542.76
    },
    "target": {
      "act": "Yeah, I don't think we should do that, because that would just be icky.",
      "count": 1,
      "end_time": 1550.0,
      "start_time": 1546.08
    },
    "type": "Support/Possitive Assessment"
  },
  {
    "source": {
      "act": "So I think maybe putting it on a button is probably a good idea.",
      "count": 1,
      "end_time": 1552.53,
      "start_time": 1550.0
    },
    "target": {
      "act": "If we want it to be visible and",
      "count": 1,
      "end_time": 1555.05,
      "start_time": 1553.09
    },
    "type": "Support/Possitive Assessment"
  },
  {
    "source": {
      "act": "Um are all those those one that you showed where they were um s met silver-metallic looking?",
      "count": 1,
      "end_time": 1564.29,
      "start_time": 1556.96
    },
    "target": {
      "act": "Yeah.",
      "count": 1,
      "end_time": 1564.09,
      "start_time": 1563.83
    },
    "type": "Support/Possitive Assessment"
  },
  {
    "source": {
      "act": "But those are plastic, right?",
      "count": 1,
      "end_time": 1565.63,
      "start_time": 1564.29
    },
    "target": {
      "act": "Yeah.",
      "count": 1,
      "end_time": 1565.94,
      "start_time": 1565.59
    },
    "type": "Support/Possitive Assessment"
  },
  {
    "source": {
      "act": "I kind of like that look.",
      "count": 1,
      "end_time": 1569.08,
      "start_time": 1566.7
    },
    "target": {
      "act": "For our base one?",
      "count": 1,
      "end_time": 1571.49,
      "start_time": 1569.68
    },
    "type": "Uncertain"
  },
  {
    "source": {
      "act": "For our base one?",
      "count": 1,
      "end_time": 1571.49,
      "start_time": 1569.68
    },
    "target": {
      "act": "Yeah, for the base",
      "count": 1,
      "end_time": 1572.39,
      "start_time": 1570.78
    },
    "type": "Support/Possitive Assessment"
  },
  {
    "source": {
      "act": "or if we're going for the retro look, I think, like a really shiny black would be cool.",
      "count": 1,
      "end_time": 1577.47,
      "start_time": 1572.39
    },
    "target": {
      "act": "Yeah,",
      "count": 1,
      "end_time": 1578.44,
      "start_time": 1577.83
    },
    "type": "Support/Possitive Assessment"
  },
  {
    "source": {
      "act": "or if we're going for the retro look, I think, like a really shiny black would be cool.",
      "count": 1,
      "end_time": 1577.47,
      "start_time": 1572.39
    },
    "target": {
      "act": "or like a gun-metal grey,",
      "count": 1,
      "end_time": 1579.81,
      "start_time": 1578.44
    },
    "type": "Support/Possitive Assessment"
  },
  {
    "source": {
      "act": "or like a gun-metal grey,",
      "count": 1,
      "end_time": 1579.81,
      "start_time": 1578.44
    },
    "target": {
      "act": "Gun-metal gray.",
      "count": 1,
      "end_time": 1580.75,
      "start_time": 1579.8
    },
    "type": "Support/Possitive Assessment"
  },
  {
    "source": {
      "act": "'cause then it combines the silver and the black.",
      "count": 1,
      "end_time": 1582.34,
      "start_time": 1579.81
    },
    "target": {
      "act": "There you go, gun-metal gray.",
      "count": 1,
      "end_time": 1584.0,
      "start_time": 1582.19
    },
    "type": "Support/Possitive Assessment"
  },
  {
    "source": null,
    "target": {
      "act": "I'm just really wary of the putting anything on a button.",
      "count": 1,
      "end_time": 1597.88,
      "start_time": 1594.82
    },
    "type": "Objection/Negative Assessment"
  },
  {
    "source": {
      "act": "I'm just really wary of the putting anything on a button.",
      "count": 1,
      "end_time": 1597.88,
      "start_time": 1594.82
    },
    "target": {
      "act": "Why?",
      "count": 1,
      "end_time": 1598.17,
      "start_time": 1597.89
    },
    "type": "Uncertain"
  },
  {
    "source": {
      "act": "Why?",
      "count": 1,
      "end_time": 1598.17,
      "start_time": 1597.89
    },
    "target": {
      "act": "Well, w w then what's the button do,",
      "count": 1,
      "end_time": 1601.94,
      "start_time": 1600.1
    },
    "type": "Support/Possitive Assessment"
  },
  {
    "source": {
      "act": "Why?",
      "count": 1,
      "end_time": 1598.17,
      "start_time": 1597.89
    },
    "target": {
      "act": "and how do you know that that is what the button does?",
      "count": 1,
      "end_time": 1604.25,
      "start_time": 1601.94
    },
    "type": "Support/Possitive Assessment"
  },
  {
    "source": {
      "act": "Why?",
      "count": 1,
      "end_time": 1598.17,
      "start_time": 1597.89
    },
    "target": {
      "act": "It'll wear off.",
      "count": 1,
      "end_time": 1600.7,
      "start_time": 1598.72
    },
    "type": "Support/Possitive Assessment"
  },
  {
    "source": {
      "act": "It'll wear off.",
      "count": 1,
      "end_time": 1600.7,
      "start_time": 1598.72
    },
    "target": {
      "act": "Yeah, buttons wear off.",
      "count": 1,
      "end_time": 1600.53,
      "start_time": 1599.54
    },
    "type": "Support/Possitive Assessment"
  },
  {
    "source": {
      "act": "I guess. Just looking at examples, y you just don't ever see the logo on a button, it's always on the actual casing.",
      "count": 1,
      "end_time": 1613.11,
      "start_time": 1606.02
    },
    "target": {
      "act": "Right.",
      "count": 1,
      "end_time": 1614.09,
      "start_time": 1613.4
    },
    "type": "Support/Possitive Assessment"
  },
  {
    "source": {
      "act": "I guess. Just looking at examples, y you just don't ever see the logo on a button, it's always on the actual casing.",
      "count": 1,
      "end_time": 1613.11,
      "start_time": 1606.02
    },
    "target": {
      "act": "Hmm.",
      "count": 1,
      "end_time": 1616.27,
      "start_time": 1615.82
    },
    "type": "Uncertain"
  },
  {
    "source": {
      "act": "I guess. Just looking at examples, y you just don't ever see the logo on a button, it's always on the actual casing.",
      "count": 1,
      "end_time": 1613.11,
      "start_time": 1606.02
    },
    "target": {
      "act": "There's nothing saying that we have to put the logo on the front of the actual",
      "count": 1,
      "end_time": 1622.33,
      "start_time": 1618.1
    },
    "type": "Support/Possitive Assessment"
  },
  {
    "source": {
      "act": "There's nothing saying that we have to put the logo on the front of the actual",
      "count": 1,
      "end_time": 1622.33,
      "start_time": 1618.1
    },
    "target": {
      "act": "But we want it to be seen.",
      "count": 1,
      "end_time": 1623.02,
      "start_time": 1621.51
    },
    "type": "Objection/Negative Assessment"
  },
  {
    "source": {
      "act": "There's nothing saying that we have to put the logo on the front of the actual",
      "count": 1,
      "end_time": 1622.33,
      "start_time": 1618.1
    },
    "target": {
      "act": "On the back?",
      "count": 1,
      "end_time": 1622.49,
      "start_time": 1621.52
    },
    "type": "Uncertain"
  },
  {
    "source": {
      "act": "But we want it to be seen.",
      "count": 1,
      "end_time": 1623.02,
      "start_time": 1621.51
    },
    "target": {
      "act": "But uh, yeah, you don't see it.",
      "count": 1,
      "end_time": 1624.21,
      "start_time": 1622.82
    },
    "type": "Support/Possitive Assessment"
  },
  {
    "source": {
      "act": "'Cause if it was only on the back really the only time you're gonna see it is when you drop it or when you're changing the battery.",
      "count": 1,
      "end_time": 1629.86,
      "start_time": 1624.77
    },
    "target": {
      "act": "Well, hang on.",
      "count": 1,
      "end_time": 1628.81,
      "start_time": 1627.68
    },
    "type": "Uncertain"
  },
  {
    "source": {
      "act": "The other option is, I don't know if you can see it but it's like if",
      "count": 1,
      "end_time": 1634.57,
      "start_time": 1630.56
    },
    "target": {
      "act": "I can find it again.",
      "count": 1,
      "end_time": 1636.64,
      "start_time": 1635.34
    },
    "type": "Support/Possitive Assessment"
  },
  {
    "source": {
      "act": "I can find it again.",
      "count": 1,
      "end_time": 1636.64,
      "start_time": 1635.34
    },
    "target": {
      "act": "Yeah,",
      "count": 1,
      "end_time": 1637.59,
      "start_time": 1636.72
    },
    "type": "Support/Possitive Assessment"
  },
  {
    "source": {
      "act": "I can find it again.",
      "count": 1,
      "end_time": 1636.64,
      "start_time": 1635.34
    },
    "target": {
      "act": "it's like the second to last slide.",
      "count": 1,
      "end_time": 1639.2,
      "start_time": 1637.59
    },
    "type": "Support/Possitive Assessment"
  },
  {
    "source": {
      "act": "it's like the second to last slide.",
      "count": 1,
      "end_time": 1639.2,
      "start_time": 1637.59
    },
    "target": {
      "act": "Okay.",
      "count": 1,
      "end_time": 1639.77,
      "start_time": 1639.33
    },
    "type": "Support/Possitive Assessment"
  },
  {
    "source": {
      "act": "And yours was called Interface Concept?",
      "count": 1,
      "end_time": 1642.86,
      "start_time": 1639.77
    },
    "target": {
      "act": "Interface, yeah.",
      "count": 1,
      "end_time": 1643.02,
      "start_time": 1641.77
    },
    "type": "Support/Possitive Assessment"
  },
  {
    "source": {
      "act": "This one?",
      "count": 1,
      "end_time": 1646.4,
      "start_time": 1644.71
    },
    "target": {
      "act": "Yeah. Um.",
      "count": 1,
      "end_time": 1647.04,
      "start_time": 1645.16
    },
    "type": "Support/Possitive Assessment"
  },
  {
    "source": {
      "act": "Yeah. Um.",
      "count": 1,
      "end_time": 1647.04,
      "start_time": 1645.16
    },
    "target": {
      "act": "Well, for some reason I can't get it to just go to that slide directly.",
      "count": 1,
      "end_time": 1649.82,
      "start_time": 1646.4
    },
    "type": "Support/Possitive Assessment"
  },
  {
    "source": {
      "act": "And so you have that one piece that stays and the rest just sort of clips in.",
      "count": 1,
      "end_time": 1669.51,
      "start_time": 1666.41
    },
    "target": {
      "act": "Okay, yes",
      "count": 1,
      "end_time": 1671.82,
      "start_time": 1669.89
    },
    "type": "Support/Possitive Assessment"
  },
  {
    "source": {
      "act": "If c you envisioning it?",
      "count": 1,
      "end_time": 1671.62,
      "start_time": 1670.38
    },
    "target": {
      "act": "yes.",
      "count": 1,
      "end_time": 1672.38,
      "start_time": 1671.82
    },
    "type": "Support/Possitive Assessment"
  },
  {
    "source": {
      "act": "and then you have this s slip that kinda clips in and that's the bit that changes.",
      "count": 1,
      "end_time": 1678.17,
      "start_time": 1674.44
    },
    "target": {
      "act": "Okay.",
      "count": 1,
      "end_time": 1679.07,
      "start_time": 1678.64
    },
    "type": "Support/Possitive Assessment"
  },
  {
    "source": {
      "act": "and then you have this s slip that kinda clips in and that's the bit that changes.",
      "count": 1,
      "end_time": 1678.17,
      "start_time": 1674.44
    },
    "target": {
      "act": "The only problem is we're using a latex overlay so it actually would go over top of everything and have holes for the buttons,",
      "count": 1,
      "end_time": 1686.22,
      "start_time": 1679.57
    },
    "type": "Partial agreement/support"
  },
  {
    "source": {
      "act": "so I was thinking maybe instead of doing that what we could do is leave a space for where the logo should be.",
      "count": 1,
      "end_time": 1692.29,
      "start_time": 1686.22
    },
    "target": {
      "act": "Yeah. Yeah, yeah.",
      "count": 1,
      "end_time": 1692.3,
      "start_time": 1691.33
    },
    "type": "Support/Possitive Assessment"
  },
  {
    "source": {
      "act": "so I was thinking maybe instead of doing that what we could do is leave a space for where the logo should be.",
      "count": 1,
      "end_time": 1692.29,
      "start_time": 1686.22
    },
    "target": {
      "act": "Like a little cut-out kind of",
      "count": 1,
      "end_time": 1694.22,
      "start_time": 1692.31
    },
    "type": "Support/Possitive Assessment"
  },
  {
    "source": {
      "act": "Like a little cut-out kind of",
      "count": 1,
      "end_time": 1694.22,
      "start_time": 1692.31
    },
    "target": {
      "act": "Yeah.",
      "count": 1,
      "end_time": 1693.98,
      "start_time": 1693.7
    },
    "type": "Support/Possitive Assessment"
  },
  {
    "source": {
      "act": "Like a little cut-out kind of",
      "count": 1,
      "end_time": 1694.22,
      "start_time": 1692.31
    },
    "target": {
      "act": "Right.",
      "count": 1,
      "end_time": 1695.12,
      "start_time": 1693.94
    },
    "type": "Support/Possitive Assessment"
  },
  {
    "source": {
      "act": "And so, what we are gonna do it like bright yellow with the R_R_?",
      "count": 1,
      "end_time": 1704.51,
      "start_time": 1701.67
    },
    "target": {
      "act": "Yeah.",
      "count": 1,
      "end_time": 1705.98,
      "start_time": 1705.7
    },
    "type": "Support/Possitive Assessment"
  },
  {
    "source": null,
    "target": {
      "act": "Anybody see anything that they liked in these ones?",
      "count": 1,
      "end_time": 1716.63,
      "start_time": 1713.72
    },
    "type": "Support/Possitive Assessment"
  },
  {
    "source": {
      "act": "Anybody see anything that they liked in these ones?",
      "count": 1,
      "end_time": 1716.63,
      "start_time": 1713.72
    },
    "target": {
      "act": "Well, some of those buttons though are blue-based.",
      "count": 1,
      "end_time": 1718.08,
      "start_time": 1715.72
    },
    "type": "Support/Possitive Assessment"
  },
  {
    "source": {
      "act": "Um and then if v we do have them illuminate upon contact, they could illuminate yellow.",
      "count": 1,
      "end_time": 1728.05,
      "start_time": 1721.61
    },
    "target": {
      "act": "Yellow.",
      "count": 1,
      "end_time": 1725.66,
      "start_time": 1725.27
    },
    "type": "Support/Possitive Assessment"
  },
  {
    "source": {
      "act": "Um and then if v we do have them illuminate upon contact, they could illuminate yellow.",
      "count": 1,
      "end_time": 1728.05,
      "start_time": 1721.61
    },
    "target": {
      "act": "Yellow, I like that idea.",
      "count": 1,
      "end_time": 1728.41,
      "start_time": 1727.04
    },
    "type": "Support/Possitive Assessment"
  },
  {
    "source": null,
    "target": {
      "act": "Oh, that one.",
      "count": 1,
      "end_time": 1744.88,
      "start_time": 1743.86
    },
    "type": "Support/Possitive Assessment"
  },
  {
    "source": {
      "act": "Oh, that one.",
      "count": 1,
      "end_time": 1744.88,
      "start_time": 1743.86
    },
    "target": {
      "act": "Yeah.",
      "count": 1,
      "end_time": 1745.98,
      "start_time": 1745.7
    },
    "type": "Support/Possitive Assessment"
  },
  {
    "source": {
      "act": "So we'd have blue and yellow for the touch buttons.",
      "count": 1,
      "end_time": 1744.45,
      "start_time": 1741.94
    },
    "target": {
      "act": "I like the yellow illumination idea, very good.",
      "count": 1,
      "end_time": 1749.03,
      "start_time": 1745.32
    },
    "type": "Support/Possitive Assessment"
  },
  {
    "source": {
      "act": "We all seem to be fairly in agreement about what we wanna do with this project so",
      "count": 1,
      "end_time": 1767.82,
      "start_time": 1764.44
    },
    "target": {
      "act": "Um. Ha hang on",
      "count": 1,
      "end_time": 1767.85,
      "start_time": 1764.49
    },
    "type": "Uncertain"
  },
  {
    "source": {
      "act": "We all seem to be fairly in agreement about what we wanna do with this project so",
      "count": 1,
      "end_time": 1767.82,
      "start_time": 1764.44
    },
    "target": {
      "act": "Let me catch up.",
      "count": 1,
      "end_time": 1768.88,
      "start_time": 1767.85
    },
    "type": "Uncertain"
  },
  {
    "source": {
      "act": "Let me catch up.",
      "count": 1,
      "end_time": 1768.88,
      "start_time": 1767.85
    },
    "target": {
      "act": "'Kay.",
      "count": 1,
      "end_time": 1769.23,
      "start_time": 1768.7
    },
    "type": "Support/Possitive Assessment"
  },
  {
    "source": {
      "act": "right?",
      "count": 1,
      "end_time": 1809.82,
      "start_time": 1809.55
    },
    "target": {
      "act": "Yeah.",
      "count": 1,
      "end_time": 1811.45,
      "start_time": 1810.5
    },
    "type": "Support/Possitive Assessment"
  },
  {
    "source": {
      "act": "Okay, and right now, the I_D_ and U_I_D_, you two are going to work together on a prototype using modelling clay.",
      "count": 1,
      "end_time": 1821.83,
      "start_time": 1816.08
    },
    "target": {
      "act": "Great. Play Doh.",
      "count": 1,
      "end_time": 1824.58,
      "start_time": 1822.99
    },
    "type": "Support/Possitive Assessment"
  },
  {
    "source": {
      "act": "Okay, and right now, the I_D_ and U_I_D_, you two are going to work together on a prototype using modelling clay.",
      "count": 1,
      "end_time": 1821.83,
      "start_time": 1816.08
    },
    "target": {
      "act": "Fun.",
      "count": 1,
      "end_time": 1824.53,
      "start_time": 1824.1
    },
    "type": "Support/Possitive Assessment"
  },
  {
    "source": {
      "act": "Great. Play Doh.",
      "count": 1,
      "end_time": 1824.58,
      "start_time": 1822.99
    },
    "target": {
      "act": "Yeah.",
      "count": 1,
      "end_time": 1826.05,
      "start_time": 1824.91
    },
    "type": "Support/Possitive Assessment"
  },
  {
    "source": {
      "act": "Alright.",
      "count": 1,
      "end_time": 1829.73,
      "start_time": 1829.1
    },
    "target": {
      "act": "Wonderful",
      "count": 1,
      "end_time": 1830.61,
      "start_time": 1829.87
    },
    "type": "Support/Possitive Assessment"
  },
  {
    "source": {
      "act": "Well, thank you for a very productive meeting.",
      "count": 1,
      "end_time": 1831.62,
      "start_time": 1829.73
    },
    "target": {
      "act": "Ooh.",
      "count": 1,
      "end_time": 1832.44,
      "start_time": 1832.03
    },
    "type": "Support/Possitive Assessment"
  }
]