{
  "abstract": [
    {
      "extract_summ": [
        {
          "act": "w welcome to the the first meeting of uh Real Reaction's uh um development meetings for our our new television remote control.",
          "end_time": 30.06,
          "id": 2,
          "speaker_id": "A",
          "start_time": 19.95,
          "type": {
            "main_type": "Other",
            "sub_type": "Be-Positive"
          },
          "word_range": "ES2012a.A.words1-ES2012a.A.words23"
        },
        {
          "act": "taking advantage of the uh the the latest developments in in technology and the uh the latest uh uh feelings in in consumer design and and demand",
          "end_time": 50.89,
          "id": 5,
          "speaker_id": "A",
          "start_time": 38.86,
          "type": {
            "main_type": "Task",
            "sub_type": "Inform"
          },
          "word_range": "ES2012a.A.words51-ES2012a.A.words78"
        },
        {
          "act": "and uh we want to make this the the very best product th that's possible for everybody,",
          "end_time": 57.78,
          "id": 6,
          "speaker_id": "A",
          "start_time": 50.89,
          "type": {
            "main_type": "Task",
            "sub_type": "Inform"
          },
          "word_range": "ES2012a.A.words79-ES2012a.A.words96"
        },
        {
          "act": "uh at a good price for the consumer and at a good price for the company.",
          "end_time": 63.42,
          "id": 8,
          "speaker_id": "A",
          "start_time": 59.64,
          "type": {
            "main_type": "Task",
            "sub_type": "Inform"
          },
          "word_range": "ES2012a.A.words103-ES2012a.A.words119"
        },
        {
          "act": "um I'll just go round th the table,",
          "end_time": 80.84,
          "id": 11,
          "speaker_id": "A",
          "start_time": 78.01,
          "type": {
            "main_type": "Other",
            "sub_type": "Offer"
          },
          "word_range": "ES2012a.A.words156-ES2012a.A.words165"
        },
        {
          "act": "Andrew, marketing,",
          "end_time": 83.3,
          "id": 12,
          "speaker_id": "A",
          "start_time": 80.84,
          "type": {
            "main_type": "Task",
            "sub_type": "Inform"
          },
          "word_range": "ES2012a.A.words166-ES2012a.A.words169"
        },
        {
          "act": "um m Kendra with the uh um designing the the the User Interface",
          "end_time": 89.68,
          "id": 13,
          "speaker_id": "A",
          "start_time": 83.3,
          "type": {
            "main_type": "Task",
            "sub_type": "Inform"
          },
          "word_range": "ES2012a.A.words170-ES2012a.A.words183"
        },
        {
          "act": "uh uh and Kate with the the industrial design. Um.",
          "end_time": 93.57,
          "id": 14,
          "speaker_id": "A",
          "start_time": 89.68,
          "type": {
            "main_type": "Task",
            "sub_type": "Inform"
          },
          "word_range": "ES2012a.A.words184-ES2012a.A.words195"
        },
        {
          "act": "ev everybody is is free to uh say wh whatever they want,",
          "end_time": 110.34,
          "id": 16,
          "speaker_id": "A",
          "start_time": 105.02,
          "type": {
            "main_type": "Task",
            "sub_type": "Suggest"
          },
          "word_range": "ES2012a.A.words223-ES2012a.A.words235"
        },
        {
          "act": "uh everybody has a contribution to make",
          "end_time": 114.6,
          "id": 17,
          "speaker_id": "A",
          "start_time": 110.34,
          "type": {
            "main_type": "Task",
            "sub_type": "Suggest"
          },
          "word_range": "ES2012a.A.words236-ES2012a.A.words242"
        }
      ],
      "summary": "The project manager opens the meeting by welcoming everybody and saying they will be developing a new television remote control."
    },
    {
      "extract_summ": [
        {
          "act": "if if if anybody wants to b briefly give their their background",
          "end_time": 141.66,
          "id": 22,
          "speaker_id": "A",
          "start_time": 137.87,
          "type": {
            "main_type": "Task",
            "sub_type": "Suggest"
          },
          "word_range": "ES2012a.A.words307-ES2012a.A.words318"
        },
        {
          "act": "in fact we will do that by by going round the table quickly",
          "end_time": 160.98,
          "id": 26,
          "speaker_id": "A",
          "start_time": 157.84,
          "type": {
            "main_type": "Task",
            "sub_type": "Suggest"
          },
          "word_range": "ES2012a.A.words352-ES2012a.A.words364"
        },
        {
          "act": "my name's Andrew",
          "end_time": 166.43,
          "id": 3,
          "speaker_id": "D",
          "start_time": 165.57,
          "type": {
            "main_type": "Task",
            "sub_type": "Inform"
          },
          "word_range": "ES2012a.D.words3-ES2012a.D.words5"
        },
        {
          "act": "I'm a I'm the Market Research person for this uh for this meeting and this uh project for creating this new remote control",
          "end_time": 176.58,
          "id": 4,
          "speaker_id": "D",
          "start_time": 166.43,
          "type": {
            "main_type": "Task",
            "sub_type": "Inform"
          },
          "word_range": "ES2012a.D.words6-ES2012a.D.words29"
        },
        {
          "act": "and uh yeah I'll be uh presenting information statistics on what people want to want to uh get from this new design,",
          "end_time": 185.49,
          "id": 5,
          "speaker_id": "D",
          "start_time": 176.58,
          "type": {
            "main_type": "Task",
            "sub_type": "Inform"
          },
          "word_range": "ES2012a.D.words30-ES2012a.D.words52"
        },
        {
          "act": "what people want to like and from a fashion point of view and the practicality point of view.",
          "end_time": 189.77,
          "id": 6,
          "speaker_id": "D",
          "start_time": 185.49,
          "type": {
            "main_type": "Task",
            "sub_type": "Inform"
          },
          "word_range": "ES2012a.D.words53-ES2012a.D.words73"
        },
        {
          "act": "I'm Kendra",
          "end_time": 193.08,
          "id": 1,
          "speaker_id": "C",
          "start_time": 192.1,
          "type": {
            "main_type": "Task",
            "sub_type": "Inform"
          },
          "word_range": "ES2012a.C.words0-ES2012a.C.words2"
        },
        {
          "act": "and I'm the Us User Interface Designer and um",
          "end_time": 197.69,
          "id": 2,
          "speaker_id": "C",
          "start_time": 193.08,
          "type": {
            "main_type": "Task",
            "sub_type": "Inform"
          },
          "word_range": "ES2012a.C.words3-ES2012a.C.words12"
        },
        {
          "act": "I haven't had a whole lot of experience in this kind of thing before",
          "end_time": 201.79,
          "id": 3,
          "speaker_id": "C",
          "start_time": 197.69,
          "type": {
            "main_type": "Task",
            "sub_type": "Inform"
          },
          "word_range": "ES2012a.C.words13-ES2012a.C.words26"
        },
        {
          "act": "Uh I'm Katie,",
          "end_time": 218.02,
          "id": 1,
          "speaker_id": "B",
          "start_time": 217.19,
          "type": {
            "main_type": "Task",
            "sub_type": "Inform"
          },
          "word_range": "ES2012a.B.words0-ES2012a.B.words4"
        },
        {
          "act": "I'm the Industrial Designer",
          "end_time": 219.32,
          "id": 2,
          "speaker_id": "B",
          "start_time": 218.02,
          "type": {
            "main_type": "Task",
            "sub_type": "Inform"
          },
          "word_range": "ES2012a.B.words5-ES2012a.B.words8"
        },
        {
          "act": "and I'll just be I guess presenting about the the inter workings of our little remote control",
          "end_time": 223.97,
          "id": 3,
          "speaker_id": "B",
          "start_time": 219.32,
          "type": {
            "main_type": "Task",
            "sub_type": "Inform"
          },
          "word_range": "ES2012a.B.words9-ES2012a.B.words25"
        }
      ],
      "summary": "Then each group member states his/her name and role in the group."
    },
    {
      "extract_summ": [
        {
          "act": "um but um briefly um th th this is what we want to do.",
          "end_time": 259.7,
          "id": 43,
          "speaker_id": "A",
          "start_time": 252.12,
          "type": {
            "main_type": "Other",
            "sub_type": "Offer"
          },
          "word_range": "ES2012a.A.words473-ES2012a.A.words487"
        },
        {
          "act": "The the remote control needs to be original,",
          "end_time": 261.99,
          "id": 44,
          "speaker_id": "A",
          "start_time": 259.7,
          "type": {
            "main_type": "Task",
            "sub_type": "Inform"
          },
          "word_range": "ES2012a.A.words488-ES2012a.A.words496"
        },
        {
          "act": "there has to be something about it that uh other remote controls don't have",
          "end_time": 265.95,
          "id": 45,
          "speaker_id": "A",
          "start_time": 261.99,
          "type": {
            "main_type": "Task",
            "sub_type": "Inform"
          },
          "word_range": "ES2012a.A.words497-ES2012a.A.words510"
        },
        {
          "act": "um and that goes along with being trendy, uh uh you know the I want it uh scenario.",
          "end_time": 282.32,
          "id": 48,
          "speaker_id": "A",
          "start_time": 273.26,
          "type": {
            "main_type": "Task",
            "sub_type": "Inform"
          },
          "word_range": "ES2012a.A.words531-ES2012a.A.words550"
        },
        {
          "act": "User-friendly",
          "end_time": 283.33,
          "id": 49,
          "speaker_id": "A",
          "start_time": 282.32,
          "type": {
            "main_type": "Task",
            "sub_type": "Inform"
          },
          "word_range": "ES2012a.A.words551-ES2012a.A.words551"
        },
        {
          "act": "as as we all know, remote controls can be uh uh very user-unfriendly",
          "end_time": 290.77,
          "id": 50,
          "speaker_id": "A",
          "start_time": 283.33,
          "type": {
            "main_type": "Task",
            "sub_type": "Inform"
          },
          "word_range": "ES2012a.A.words552-ES2012a.A.words565"
        },
        {
          "act": "And last but not least, or indeed first of all, it it must make the company money,",
          "end_time": 316.86,
          "id": 57,
          "speaker_id": "A",
          "start_time": 310.27,
          "type": {
            "main_type": "Task",
            "sub_type": "Suggest"
          },
          "word_range": "ES2012a.A.words627-ES2012a.A.words646"
        }
      ],
      "summary": "The project manager states that the remote needs to be original, trendy, and user-friendly."
    },
    {
      "extract_summ": [
        {
          "act": "The uh the further work to be done is i the um the functional design, uh what it uh what it must actually do,",
          "end_time": 337.54,
          "id": 59,
          "speaker_id": "A",
          "start_time": 324.99,
          "type": {
            "main_type": "Task",
            "sub_type": "Inform"
          },
          "word_range": "ES2012a.A.words660-ES2012a.A.words685"
        },
        {
          "act": "the uh conceptual design, uh how we actually present that to the consumer",
          "end_time": 344.8,
          "id": 61,
          "speaker_id": "A",
          "start_time": 337.54,
          "type": {
            "main_type": "Task",
            "sub_type": "Inform"
          },
          "word_range": "ES2012a.A.words686-ES2012a.A.words699"
        },
        {
          "act": "and th the the detailed design i is uh how we get that into production.",
          "end_time": 351.03,
          "id": 63,
          "speaker_id": "A",
          "start_time": 344.8,
          "type": {
            "main_type": "Task",
            "sub_type": "Inform"
          },
          "word_range": "ES2012a.A.words700-ES2012a.A.words715"
        }
      ],
      "summary": "The further work will be on the functional, conceptual, and detailed design."
    },
    {
      "extract_summ": [
        {
          "act": "Uh now th the main design tool that we have available to us at the moment is is the white board",
          "end_time": 360.39,
          "id": 64,
          "speaker_id": "A",
          "start_time": 353.18,
          "type": {
            "main_type": "Task",
            "sub_type": "Inform"
          },
          "word_range": "ES2012a.A.words716-ES2012a.A.words736"
        },
        {
          "act": "and uh uh let us very quickly do what i what it says in the in the in the prompt slide here, um",
          "end_time": 371.41,
          "id": 65,
          "speaker_id": "A",
          "start_time": 360.39,
          "type": {
            "main_type": "Task",
            "sub_type": "Suggest"
          },
          "word_range": "ES2012a.A.words737-ES2012a.A.words762"
        },
        {
          "act": "In fact I suggest to avoid everybody untangling themselves from the uh the the wires, that we don't do that, um",
          "end_time": 382.3,
          "id": 66,
          "speaker_id": "A",
          "start_time": 374.45,
          "type": {
            "main_type": "Task",
            "sub_type": "Suggest"
          },
          "word_range": "ES2012a.A.words763-ES2012a.A.words785"
        },
        {
          "act": "everybody knows what whiteboard is",
          "end_time": 388.08,
          "id": 69,
          "speaker_id": "A",
          "start_time": 386.77,
          "type": {
            "main_type": "Task",
            "sub_type": "Inform"
          },
          "word_range": "ES2012a.A.words790-ES2012a.A.words794"
        },
        {
          "act": "so we'll um uh we'll do a virtual drawing on the on on the whiteboard of of your your own uh uh favourite animal,",
          "end_time": 398.44,
          "id": 70,
          "speaker_id": "A",
          "start_time": 388.08,
          "type": {
            "main_type": "Task",
            "sub_type": "Suggest"
          },
          "word_range": "ES2012a.A.words795-ES2012a.A.words819"
        },
        {
          "act": "but le let's go round the table,",
          "end_time": 400.41,
          "id": 71,
          "speaker_id": "A",
          "start_time": 398.44,
          "type": {
            "main_type": "Task",
            "sub_type": "Suggest"
          },
          "word_range": "ES2012a.A.words820-ES2012a.A.words827"
        },
        {
          "act": "Um, badger.",
          "end_time": 405.8,
          "id": 8,
          "speaker_id": "D",
          "start_time": 402.99,
          "type": {
            "main_type": "Task",
            "sub_type": "Inform"
          },
          "word_range": "ES2012a.D.words75-ES2012a.D.words79"
        },
        {
          "act": "Um probably a duck",
          "end_time": 426.3,
          "id": 10,
          "speaker_id": "C",
          "start_time": 424.75,
          "type": {
            "main_type": "Task",
            "sub_type": "Inform"
          },
          "word_range": "ES2012a.C.words50-ES2012a.C.words54"
        },
        {
          "act": "Uh 's horses,",
          "end_time": 437.59,
          "id": 7,
          "speaker_id": "B",
          "start_time": 436.06,
          "type": {
            "main_type": "Task",
            "sub_type": "Inform"
          },
          "word_range": "ES2012a.B.words32-ES2012a.B.words35"
        },
        {
          "act": "I think homo sapien",
          "end_time": 444.04,
          "id": 85,
          "speaker_id": "A",
          "start_time": 442.25,
          "type": {
            "main_type": "Task",
            "sub_type": "Inform"
          },
          "word_range": "ES2012a.A.words891-ES2012a.A.words894"
        }
      ],
      "summary": "Since they all know what a whiteboard is, they do a virtual drawing by each stating their favorite animal."
    },
    {
      "extract_summ": [
        {
          "act": "and uh w we need to keep in mind here that the uh we want to sell this for for twenty five Euro um,",
          "end_time": 467.95,
          "id": 91,
          "speaker_id": "A",
          "start_time": 459.16,
          "type": {
            "main_type": "Task",
            "sub_type": "Inform"
          },
          "word_range": "ES2012a.A.words918-ES2012a.A.words943"
        },
        {
          "act": "we want to m make an overall profit for the the company of fifty million Euros",
          "end_time": 473.68,
          "id": 92,
          "speaker_id": "A",
          "start_time": 467.95,
          "type": {
            "main_type": "Task",
            "sub_type": "Inform"
          },
          "word_range": "ES2012a.A.words944-ES2012a.A.words959"
        },
        {
          "act": "so we're we're looking at selling a lot of these um ag across the the entire planet",
          "end_time": 480.12,
          "id": 93,
          "speaker_id": "A",
          "start_time": 473.68,
          "type": {
            "main_type": "Task",
            "sub_type": "Inform"
          },
          "word_range": "ES2012a.A.words960-ES2012a.A.words976"
        },
        {
          "act": "and and we're looking at a gross profit of fifty percent.",
          "end_time": 484.82,
          "id": 94,
          "speaker_id": "A",
          "start_time": 480.12,
          "type": {
            "main_type": "Task",
            "sub_type": "Inform"
          },
          "word_range": "ES2012a.A.words977-ES2012a.A.words988"
        },
        {
          "act": "It needs to cost twelve Euros fifty to make.",
          "end_time": 488.18,
          "id": 95,
          "speaker_id": "A",
          "start_time": 484.82,
          "type": {
            "main_type": "Task",
            "sub_type": "Inform"
          },
          "word_range": "ES2012a.A.words989-ES2012a.A.words999"
        }
      ],
      "summary": "The project manager tells them the project budget."
    },
    {
      "extract_summ": [
        {
          "act": "would anybody like t like to to start by giving their o um sort of quick views of of current remote controls.",
          "end_time": 511.38,
          "id": 99,
          "speaker_id": "A",
          "start_time": 504.17,
          "type": {
            "main_type": "Elicit",
            "sub_type": "Elicit-Offer-Or-Suggestion"
          },
          "word_range": "ES2012a.A.words1031-ES2012a.A.words1053"
        },
        {
          "act": "I think I find a lot of them really complicated to use with all the different buttons",
          "end_time": 518.54,
          "id": 17,
          "speaker_id": "C",
          "start_time": 513.99,
          "type": {
            "main_type": "Task",
            "sub_type": "Assess"
          },
          "word_range": "ES2012a.C.words89-ES2012a.C.words106"
        },
        {
          "act": "and uh it's handiest when you have one that works both the D_V_D_ player or whatever and the T_V_ as well.",
          "end_time": 526.12,
          "id": 18,
          "speaker_id": "C",
          "start_time": 518.54,
          "type": {
            "main_type": "Task",
            "sub_type": "Assess"
          },
          "word_range": "ES2012a.C.words107-ES2012a.C.words128"
        },
        {
          "act": "Um, but that it's easy to if you can switch back and forth instead of having to press a bunch of different buttons",
          "end_time": 535.03,
          "id": 19,
          "speaker_id": "C",
          "start_time": 526.12,
          "type": {
            "main_type": "Task",
            "sub_type": "Assess"
          },
          "word_range": "ES2012a.C.words129-ES2012a.C.words155"
        },
        {
          "act": "so I think it's is best when they're clearly labelled",
          "end_time": 540.09,
          "id": 21,
          "speaker_id": "C",
          "start_time": 536.76,
          "type": {
            "main_type": "Task",
            "sub_type": "Assess"
          },
          "word_range": "ES2012a.C.words158-ES2012a.C.words167"
        },
        {
          "act": "and you can see which buttons you're supposed to use,",
          "end_time": 543.19,
          "id": 22,
          "speaker_id": "C",
          "start_time": 540.09,
          "type": {
            "main_type": "Task",
            "sub_type": "Assess"
          },
          "word_range": "ES2012a.C.words168-ES2012a.C.words178"
        },
        {
          "act": "Or anybody else, strong feelings about remote controls?",
          "end_time": 555.36,
          "id": 102,
          "speaker_id": "A",
          "start_time": 552.04,
          "type": {
            "main_type": "Elicit",
            "sub_type": "Elicit-Assessment"
          },
          "word_range": "ES2012a.A.words1075-ES2012a.A.words1084"
        },
        {
          "act": "Um I think it's important that you should be able to when you when you press the buttons it'll actually pick up the signals from kind of anywhere",
          "end_time": 567.51,
          "id": 12,
          "speaker_id": "B",
          "start_time": 559.7,
          "type": {
            "main_type": "Task",
            "sub_type": "Suggest"
          },
          "word_range": "ES2012a.B.words46-ES2012a.B.words76"
        },
        {
          "act": "and you shouldn't have to like contort yourself",
          "end_time": 569.16,
          "id": 13,
          "speaker_id": "B",
          "start_time": 567.51,
          "type": {
            "main_type": "Task",
            "sub_type": "Suggest"
          },
          "word_range": "ES2012a.B.words77-ES2012a.B.words84"
        },
        {
          "act": "Think a lot of the time, remotes that come with T_V_ players and T_V_s and D_V_ players, like they aren't",
          "end_time": 580.93,
          "id": 16,
          "speaker_id": "D",
          "start_time": 575.16,
          "type": {
            "main_type": "Task",
            "sub_type": "Inform"
          },
          "word_range": "ES2012a.D.words123-ES2012a.D.words145"
        },
        {
          "act": "they're very boring,",
          "end_time": 584.66,
          "id": 18,
          "speaker_id": "D",
          "start_time": 583.99,
          "type": {
            "main_type": "Task",
            "sub_type": "Assess"
          },
          "word_range": "ES2012a.D.words157-ES2012a.D.words160"
        },
        {
          "act": "making a a stylish remote control would be a very like",
          "end_time": 591.74,
          "id": 23,
          "speaker_id": "D",
          "start_time": 589.15,
          "type": {
            "main_type": "Task",
            "sub_type": "Assess"
          },
          "word_range": "ES2012a.D.words173-ES2012a.D.words184"
        },
        {
          "act": "Easily put us one step ahead of the current competition.",
          "end_time": 595.21,
          "id": 24,
          "speaker_id": "D",
          "start_time": 593.0,
          "type": {
            "main_type": "Task",
            "sub_type": "Assess"
          },
          "word_range": "ES2012a.D.words185-ES2012a.D.words195"
        },
        {
          "act": "Um. Something that looks looks doesn't look like remote control.",
          "end_time": 604.51,
          "id": 25,
          "speaker_id": "D",
          "start_time": 599.13,
          "type": {
            "main_type": "Task",
            "sub_type": "Suggest"
          },
          "word_range": "ES2012a.D.words196-ES2012a.D.words209"
        },
        {
          "act": "I mean do you think there's a risk if it doesn't look like remote control,",
          "end_time": 619.63,
          "id": 111,
          "speaker_id": "A",
          "start_time": 616.75,
          "type": {
            "main_type": "Elicit",
            "sub_type": "Elicit-Inform"
          },
          "word_range": "ES2012a.A.words1133-ES2012a.A.words1148"
        },
        {
          "act": "people won't see it as a remote control",
          "end_time": 621.83,
          "id": 112,
          "speaker_id": "A",
          "start_time": 619.63,
          "type": {
            "main_type": "Elicit",
            "sub_type": "Elicit-Inform"
          },
          "word_range": "ES2012a.A.words1149-ES2012a.A.words1157"
        },
        {
          "act": "I think something that's comfortable to hold",
          "end_time": 643.68,
          "id": 25,
          "speaker_id": "C",
          "start_time": 641.68,
          "type": {
            "main_type": "Task",
            "sub_type": "Suggest"
          },
          "word_range": "ES2012a.C.words184-ES2012a.C.words190"
        },
        {
          "act": "because sometimes you get the remote controls that are just those big, rectangular things",
          "end_time": 648.55,
          "id": 26,
          "speaker_id": "C",
          "start_time": 643.68,
          "type": {
            "main_type": "Task",
            "sub_type": "Inform"
          },
          "word_range": "ES2012a.C.words191-ES2012a.C.words205"
        },
        {
          "act": "so something that's more comfortable",
          "end_time": 651.58,
          "id": 28,
          "speaker_id": "C",
          "start_time": 650.2,
          "type": {
            "main_type": "Task",
            "sub_type": "Suggest"
          },
          "word_range": "ES2012a.C.words216-ES2012a.C.words220"
        },
        {
          "act": "that fits in a person's hand better.",
          "end_time": 654.14,
          "id": 29,
          "speaker_id": "C",
          "start_time": 651.58,
          "type": {
            "main_type": "Task",
            "sub_type": "Suggest"
          },
          "word_range": "ES2012a.C.words221-ES2012a.C.words228"
        },
        {
          "act": "that instead of being raised out of the device uh you push into device you see, like a mouse button.",
          "end_time": 709.5,
          "id": 43,
          "speaker_id": "D",
          "start_time": 702.84,
          "type": {
            "main_type": "Task",
            "sub_type": "Suggest"
          },
          "word_range": "ES2012a.D.words328-ES2012a.D.words349"
        },
        {
          "act": "remote is a piece of plastic with the big rubber buttons sticking out of it",
          "end_time": 696.32,
          "id": 38,
          "speaker_id": "D",
          "start_time": 692.3,
          "type": {
            "main_type": "Task",
            "sub_type": "Inform"
          },
          "word_range": "ES2012a.D.words289-ES2012a.D.words304"
        },
        {
          "act": "whereas if you want",
          "end_time": 699.13,
          "id": 40,
          "speaker_id": "D",
          "start_time": 697.64,
          "type": {
            "main_type": "Minor",
            "sub_type": "Fragment"
          },
          "word_range": "ES2012a.D.words309-ES2012a.D.words314"
        },
        {
          "act": "could all be flat",
          "end_time": 700.78,
          "id": 41,
          "speaker_id": "D",
          "start_time": 699.13,
          "type": {
            "main_type": "Task",
            "sub_type": "Suggest"
          },
          "word_range": "ES2012a.D.words315-ES2012a.D.words318"
        },
        {
          "act": "I mean the only thing is if if you're watching television in a in a a darkened room um you need to be able to uh",
          "end_time": 718.09,
          "id": 124,
          "speaker_id": "A",
          "start_time": 710.51,
          "type": {
            "main_type": "Task",
            "sub_type": "Assess"
          },
          "word_range": "ES2012a.A.words1249-ES2012a.A.words1275"
        },
        {
          "act": "fi find the button buttons easily.",
          "end_time": 721.53,
          "id": 125,
          "speaker_id": "A",
          "start_time": 719.28,
          "type": {
            "main_type": "Task",
            "sub_type": "Assess"
          },
          "word_range": "ES2012a.A.words1276-ES2012a.A.words1282"
        },
        {
          "act": "But maybe they could be concave instead of sticking up to have them be kind of down",
          "end_time": 726.48,
          "id": 33,
          "speaker_id": "C",
          "start_time": 722.05,
          "type": {
            "main_type": "Task",
            "sub_type": "Suggest"
          },
          "word_range": "ES2012a.C.words235-ES2012a.C.words252"
        },
        {
          "act": "must admit I don't think I've ever seen one with concave buttons,",
          "end_time": 735.81,
          "id": 128,
          "speaker_id": "A",
          "start_time": 732.15,
          "type": {
            "main_type": "Task",
            "sub_type": "Inform"
          },
          "word_range": "ES2012a.A.words1288-ES2012a.A.words1300"
        },
        {
          "act": "I can't think of any re remote controls that I know of that actually light up at all.",
          "end_time": 749.85,
          "id": 131,
          "speaker_id": "A",
          "start_time": 743.44,
          "type": {
            "main_type": "Task",
            "sub_type": "Inform"
          },
          "word_range": "ES2012a.A.words1316-ES2012a.A.words1334"
        },
        {
          "act": "Andrew have you had any thoughts yet about how we might market something",
          "end_time": 772.17,
          "id": 135,
          "speaker_id": "A",
          "start_time": 767.26,
          "type": {
            "main_type": "Elicit",
            "sub_type": "Elicit-Offer-Or-Suggestion"
          },
          "word_range": "ES2012a.A.words1348-ES2012a.A.words1360"
        },
        {
          "act": "we could have parallel marketing s schemes",
          "end_time": 805.61,
          "id": 54,
          "speaker_id": "D",
          "start_time": 803.97,
          "type": {
            "main_type": "Task",
            "sub_type": "Suggest"
          },
          "word_range": "ES2012a.D.words432-ES2012a.D.words438"
        },
        {
          "act": "where you've got one where it appeals to people that want to have the new device that looks cool, is fashionable",
          "end_time": 811.98,
          "id": 55,
          "speaker_id": "D",
          "start_time": 805.61,
          "type": {
            "main_type": "Task",
            "sub_type": "Suggest"
          },
          "word_range": "ES2012a.D.words439-ES2012a.D.words460"
        },
        {
          "act": "it's it's like uh it's one that rather than ra I wan I want rather than a kind of a need relationship with the device,",
          "end_time": 818.63,
          "id": 57,
          "speaker_id": "D",
          "start_time": 812.78,
          "type": {
            "main_type": "Task",
            "sub_type": "Inform"
          },
          "word_range": "ES2012a.D.words466-ES2012a.D.words491"
        },
        {
          "act": "I think it's this is gonna have to appeal to people that want device that can enhance their living room",
          "end_time": 836.32,
          "id": 62,
          "speaker_id": "D",
          "start_time": 830.08,
          "type": {
            "main_type": "Task",
            "sub_type": "Inform"
          },
          "word_range": "ES2012a.D.words538-ES2012a.D.words558"
        },
        {
          "act": "They they just need to be very very dependable",
          "end_time": 886.36,
          "id": 40,
          "speaker_id": "B",
          "start_time": 884.61,
          "type": {
            "main_type": "Task",
            "sub_type": "Suggest"
          },
          "word_range": "ES2012a.B.words215-ES2012a.B.words223"
        },
        {
          "act": "because people sort of take them for granted",
          "end_time": 889.14,
          "id": 41,
          "speaker_id": "B",
          "start_time": 886.36,
          "type": {
            "main_type": "Task",
            "sub_type": "Inform"
          },
          "word_range": "ES2012a.B.words224-ES2012a.B.words231"
        },
        {
          "act": "it needs to be very effective, very always dependable. Uh",
          "end_time": 900.53,
          "id": 44,
          "speaker_id": "B",
          "start_time": 896.14,
          "type": {
            "main_type": "Task",
            "sub_type": "Suggest"
          },
          "word_range": "ES2012a.B.words257-ES2012a.B.words269"
        },
        {
          "act": "but also if you make it too small kinda like you know how mobile phones are getting smaller and smaller um, it's just gonna end up under a couch cushion somewhere and um yeah.",
          "end_time": 916.63,
          "id": 48,
          "speaker_id": "B",
          "start_time": 908.14,
          "type": {
            "main_type": "Task",
            "sub_type": "Inform"
          },
          "word_range": "ES2012a.B.words305-ES2012a.B.words340"
        },
        {
          "act": "most I think most of the remote controls now are either just black or grey,",
          "end_time": 941.02,
          "id": 42,
          "speaker_id": "C",
          "start_time": 937.27,
          "type": {
            "main_type": "Task",
            "sub_type": "Inform"
          },
          "word_range": "ES2012a.C.words278-ES2012a.C.words294"
        },
        {
          "act": "I was just thinking of um what they're doing with mobile phones now",
          "end_time": 949.59,
          "id": 45,
          "speaker_id": "C",
          "start_time": 945.32,
          "type": {
            "main_type": "Task",
            "sub_type": "Suggest"
          },
          "word_range": "ES2012a.C.words308-ES2012a.C.words321"
        },
        {
          "act": "how you can get the different um what are they called? Like the face-plates",
          "end_time": 953.68,
          "id": 46,
          "speaker_id": "C",
          "start_time": 949.59,
          "type": {
            "main_type": "Task",
            "sub_type": "Inform"
          },
          "word_range": "ES2012a.C.words322-ES2012a.C.words337"
        },
        {
          "act": "I don't know if it would be feasible to do something with that,",
          "end_time": 958.57,
          "id": 49,
          "speaker_id": "C",
          "start_time": 955.8,
          "type": {
            "main_type": "Task",
            "sub_type": "Assess"
          },
          "word_range": "ES2012a.C.words347-ES2012a.C.words360"
        },
        {
          "act": "so people can get different different things.",
          "end_time": 965.93,
          "id": 52,
          "speaker_id": "C",
          "start_time": 962.47,
          "type": {
            "main_type": "Task",
            "sub_type": "Suggest"
          },
          "word_range": "ES2012a.C.words373-ES2012a.C.words380"
        },
        {
          "act": "Again I don't think that's ever been done before,",
          "end_time": 982.57,
          "id": 156,
          "speaker_id": "A",
          "start_time": 980.61,
          "type": {
            "main_type": "Task",
            "sub_type": "Inform"
          },
          "word_range": "ES2012a.A.words1469-ES2012a.A.words1478"
        },
        {
          "act": "but uh maybe thinking of that, it's considering the nature of the device, maybe a second thing like a second campaign to market new facials for your to your might go a bit astray",
          "end_time": 1041.29,
          "id": 76,
          "speaker_id": "D",
          "start_time": 1025.67,
          "type": {
            "main_type": "Task",
            "sub_type": "Assess"
          },
          "word_range": "ES2012a.D.words644-ES2012a.D.words684"
        },
        {
          "act": "since it is the kind of thing where y you generally get one",
          "end_time": 1043.71,
          "id": 78,
          "speaker_id": "D",
          "start_time": 1041.29,
          "type": {
            "main_type": "Task",
            "sub_type": "Inform"
          },
          "word_range": "ES2012a.D.words685-ES2012a.D.words697"
        },
        {
          "act": "you could come up with like novelty ones,",
          "end_time": 1047.65,
          "id": 56,
          "speaker_id": "B",
          "start_time": 1046.36,
          "type": {
            "main_type": "Task",
            "sub_type": "Suggest"
          },
          "word_range": "ES2012a.B.words365-ES2012a.B.words373"
        }
      ],
      "summary": "They proceed to discuss problems with current remotes as well as preferable styles and looks, such as using face-plates so the look is changable."
    },
    {
      "extract_summ": [
        {
          "act": "I think we've got um a good idea now.",
          "end_time": 1065.95,
          "id": 166,
          "speaker_id": "A",
          "start_time": 1062.14,
          "type": {
            "main_type": "Task",
            "sub_type": "Assess"
          },
          "word_range": "ES2012a.A.words1539-ES2012a.A.words1548"
        },
        {
          "act": "Needs to be k uh wrapped up fairly quickly.",
          "end_time": 1072.82,
          "id": 169,
          "speaker_id": "A",
          "start_time": 1070.05,
          "type": {
            "main_type": "Task",
            "sub_type": "Suggest"
          },
          "word_range": "ES2012a.A.words1556-ES2012a.A.words1565"
        },
        {
          "act": "we've got thirty minutes to start looking at the um at the design in more detail.",
          "end_time": 1085.25,
          "id": 171,
          "speaker_id": "A",
          "start_time": 1075.5,
          "type": {
            "main_type": "Task",
            "sub_type": "Inform"
          },
          "word_range": "ES2012a.A.words1569-ES2012a.A.words1585"
        },
        {
          "act": "Um then we'll we will reconvene in in thirty minutes",
          "end_time": 1094.58,
          "id": 172,
          "speaker_id": "A",
          "start_time": 1085.25,
          "type": {
            "main_type": "Task",
            "sub_type": "Inform"
          },
          "word_range": "ES2012a.A.words1586-ES2012a.A.words1595"
        },
        {
          "act": "and try to get some of these ideas uh uh more formalised.",
          "end_time": 1099.97,
          "id": 173,
          "speaker_id": "A",
          "start_time": 1094.58,
          "type": {
            "main_type": "Task",
            "sub_type": "Inform"
          },
          "word_range": "ES2012a.A.words1596-ES2012a.A.words1608"
        }
      ],
      "summary": "The project manager closes the meeting."
    }
  ],
  "actions": [],
  "decisions": [
    {
      "extract_summ": [
        {
          "act": "and uh w we need to keep in mind here that the uh we want to sell this for for twenty five Euro um,",
          "end_time": 467.95,
          "id": 91,
          "speaker_id": "A",
          "start_time": 459.16,
          "type": {
            "main_type": "Task",
            "sub_type": "Inform"
          },
          "word_range": "ES2012a.A.words918-ES2012a.A.words943"
        }
      ],
      "summary": "The product will be sold for twenty five Euro."
    },
    {
      "extract_summ": [
        {
          "act": "we want to m make an overall profit for the the company of fifty million Euros",
          "end_time": 473.68,
          "id": 92,
          "speaker_id": "A",
          "start_time": 467.95,
          "type": {
            "main_type": "Task",
            "sub_type": "Inform"
          },
          "word_range": "ES2012a.A.words944-ES2012a.A.words959"
        }
      ],
      "summary": "The company should profit fifty million Euros overall."
    },
    {
      "extract_summ": [
        {
          "act": "It needs to cost twelve Euros fifty to make.",
          "end_time": 488.18,
          "id": 95,
          "speaker_id": "A",
          "start_time": 484.82,
          "type": {
            "main_type": "Task",
            "sub_type": "Inform"
          },
          "word_range": "ES2012a.A.words989-ES2012a.A.words999"
        }
      ],
      "summary": "The production cost should be twelve Euros fifty."
    }
  ],
  "problems": [
    {
      "extract_summ": [],
      "summary": "NA."
    }
  ]
}