[
  {
    "acts": [
      {
        "act": "Is this okay?",
        "end_time": 23.58,
        "start_time": 22.78
      },
      {
        "act": "Uh yeah. Fine now. Oh, it's not liking us, it went that-a-way. Computer adjusting. Oh. Uh. Okay. So. Right. You ready back there? Uh okay.",
        "end_time": 105.56,
        "start_time": 27.56
      }
    ],
    "other_description": null,
    "topic": "agenda/equipment issues"
  },
  {
    "acts": [
      {
        "act": "Welcome everyone. Um this is the kick-off meeting for the day. Um we're the new group uh to create a new remote control for Real Reaction. As you can see our agenda is to open up the meeting, um become acquainted with each other, um have a little training on tools, uh create a plan, discuss things and and we only have twenty minut twenty five minutes total.",
        "end_time": 137.08,
        "start_time": 107.09
      }
    ],
    "other_description": null,
    "topic": "opening"
  },
  {
    "acts": [
      {
        "act": "Okay. The new remote control is to be original, trendy and user-friendly. That, Steph, is your part, is the user-friendliness. The originality um is gonna take all of us. Um the trendiness we'll probably go look at for some marketing research information from you, Sarah. Um and we'll get on with it. Okay, so we'll have a functional design individual work um with meeting and then conceptual design t and then detailed design. Okay?",
        "end_time": 178.92,
        "start_time": 139.05
      }
    ],
    "other_description": null,
    "topic": "project specs and roles of participants"
  },
  {
    "acts": [
      {
        "act": "Right. Everybody's supposed to try out the whiteboard. Kate, why don't you try it first, if you can either bring your things with you, I guess",
        "end_time": 190.73,
        "start_time": 178.92
      },
      {
        "act": "Uh yeah, if I can pick up with all these bits and pieces, hang on.",
        "end_time": 191.37,
        "start_time": 188.01
      },
      {
        "act": "And while you're doing that we'll try and figure out how to hook these things on as well, 'cause we're all gonna have to be able to walk around.",
        "end_time": 199.59,
        "start_time": 191.76
      }
    ],
    "other_description": null,
    "topic": "agenda/equipment issues"
  },
  {
    "acts": [
      {
        "act": "Uh right, so you want an animal and the characteristics of that animal. Do you have to be able to recognise what animal it is? Um",
        "end_time": 223.12,
        "start_time": 208.55
      },
      {
        "act": "Uh I do not think so, I think it's just to try out the whiteboard.",
        "end_time": 221.76,
        "start_time": 217.81
      },
      {
        "act": "Are we all gonna draw a cat?",
        "end_time": 232.44,
        "start_time": 231.22
      },
      {
        "act": "Only animal I could thin I could draw.",
        "end_time": 236.87,
        "start_time": 233.77
      },
      {
        "act": "I know.",
        "end_time": 233.15,
        "start_time": 232.66
      },
      {
        "act": "Ah.",
        "end_time": 238.2,
        "start_time": 237.27
      },
      {
        "act": "Its a sort of bunny rabbit cat. You can tell it's not a bunny rabbit by the ears. Um I suppose it should have a mouth as well, sort of",
        "end_time": 251.72,
        "start_time": 242.26
      },
      {
        "act": "Uh-huh. Okay.",
        "end_time": 252.41,
        "start_time": 247.91
      },
      {
        "act": "Right, yeah.",
        "end_time": 254.71,
        "start_time": 253.07
      },
      {
        "act": "Great. And the characteristics?",
        "end_time": 257.13,
        "start_time": 254.6
      },
      {
        "act": "Um the favourite characteristics of the cat um the whiskers I think, um because they're the easiest to draw. In fact, I'll give it some more",
        "end_time": 265.62,
        "start_time": 255.75
      },
      {
        "act": "Uh-huh.",
        "end_time": 263.93,
        "start_time": 263.62
      },
      {
        "act": "Oh, and the tail",
        "end_time": 269.32,
        "start_time": 268.49
      },
      {
        "act": "Okay. Fantastic. Since you're handy as well, why don't you do yours next, Steph. I think it's to get us used to using the pen.",
        "end_time": 287.66,
        "start_time": 268.53
      },
      {
        "act": "Yes. Um sure it's not to test our artistic",
        "end_time": 292.13,
        "start_time": 287.65
      },
      {
        "act": "Uh no.",
        "end_time": 294.93,
        "start_time": 292.81
      },
      {
        "act": "It's a mouse.",
        "end_time": 300.19,
        "start_time": 299.25
      },
      {
        "act": "A mouse-y?",
        "end_time": 300.37,
        "start_time": 299.74
      },
      {
        "act": "That's not a mouse-y, no.",
        "end_time": 302.0,
        "start_time": 300.84
      },
      {
        "act": "No it's not a mouse. It's a wombat.",
        "end_time": 308.2,
        "start_time": 302.16
      },
      {
        "act": "Oh.",
        "end_time": 307.66,
        "start_time": 307.46
      },
      {
        "act": "It's a ratty.",
        "end_time": 316.45,
        "start_time": 315.59
      },
      {
        "act": "Argh. Rat.",
        "end_time": 318.7,
        "start_time": 317.16
      },
      {
        "act": "A what?",
        "end_time": 318.16,
        "start_time": 317.84
      },
      {
        "act": "A ratty.",
        "end_time": 319.23,
        "start_time": 318.4
      },
      {
        "act": "Not a mouse, a rat.",
        "end_time": 321.36,
        "start_time": 320.23
      },
      {
        "act": "A webbed foot. Webbed f Oh right.",
        "end_time": 328.42,
        "start_time": 320.63
      },
      {
        "act": "It's clothes. That's it's clothes.",
        "end_time": 324.77,
        "start_time": 322.57
      },
      {
        "act": "It's a ratty with a with a with a very long tail.",
        "end_time": 328.2,
        "start_time": 326.21
      },
      {
        "act": "And your favourite characteristics of that animal.",
        "end_time": 333.77,
        "start_time": 330.7
      },
      {
        "act": "I love whiskers. Uh they're intelligent and they're cheeky and uh fantastic pets and very friendly. And they sit on your shoulder and whisper the answers to your homework in your ear when you're doing your homework.",
        "end_time": 349.04,
        "start_time": 331.6
      },
      {
        "act": "Oh. Okay. Kate?",
        "end_time": 344.43,
        "start_time": 341.97
      },
      {
        "act": "Thanks.",
        "end_time": 353.64,
        "start_time": 353.16
      },
      {
        "act": "Oh, a fish.",
        "end_time": 380.41,
        "start_time": 379.44
      },
      {
        "act": "Gosh, why didn't I think of fish? That's even easier to draw than cat.",
        "end_time": 387.23,
        "start_time": 382.23
      },
      {
        "act": "A shark?",
        "end_time": 382.51,
        "start_time": 381.89
      },
      {
        "act": "Mm this is very representational fish. Um I like them because they're sleek and they have a lot of freedom but they also do n uh swim in groups, so.",
        "end_time": 401.91,
        "start_time": 387.48
      },
      {
        "act": "Oh, okay. Fine. Favourite characteristics? 'Kay.",
        "end_time": 401.91,
        "start_time": 390.34
      },
      {
        "act": "So they have team elements.",
        "end_time": 407.14,
        "start_time": 403.09
      },
      {
        "act": "Do you have a favourite one?",
        "end_time": 404.57,
        "start_time": 403.17
      },
      {
        "act": "I'm afraid I'm with Steph. And I think your pen's running out of whatever. But I'm afraid I take the coward's way out, and the cat's looking the other way. He's hiding.",
        "end_time": 429.99,
        "start_time": 411.27
      },
      {
        "act": "Um cats are sometimes very independent. My parents had cats. Uh and they can mm decide for themselves what is best. Okay.",
        "end_time": 451.84,
        "start_time": 431.28
      }
    ],
    "other_description": null,
    "topic": "drawing exercise"
  },
  {
    "acts": [
      {
        "act": "Now um we have to get down to the nitty-gritty of how to make this and this remote control has to be sold um we're to sell it for twenty five Euros, with a profit aim ultimately of fifty million Euros. That tells you something about how many um we have to sell on an international scale. Um would be an awful lot of these, would be like what, a hundred million of them um to make twenty five Euros on each one and to make a total profit of fifty million. Um the production is to only cost twelve and a half Euros per item. Now if they cost twelve and a half, you're selling it for twenty five, you're making twelve and a half Euros each. Um and we're to make a profit of fifty million, that's t uh can you do the maths and how many are we selling?",
        "end_time": 518.48,
        "start_time": 454.08
      },
      {
        "act": "Okay? Right.",
        "end_time": 597.49,
        "start_time": 593.71
      }
    ],
    "other_description": null,
    "topic": "project budget"
  },
  {
    "acts": [
      {
        "act": "Experience with a remote control.",
        "end_time": 605.07,
        "start_time": 603.0
      }
    ],
    "other_description": null,
    "topic": "discussion"
  },
  {
    "acts": [
      {
        "act": "Ooh, closing the meeting.",
        "end_time": 744.65,
        "start_time": 743.47
      },
      {
        "act": "Yeah. Um I know this sounds like it was very quick, but the",
        "end_time": 752.86,
        "start_time": 745.77
      },
      {
        "act": "That was quick.",
        "end_time": 747.99,
        "start_time": 747.19
      },
      {
        "act": "I think that's the industrial design is the first one, that's Kate, for the working design. And user, that's you S Steph, for the technical functions design, and for marketing the user requirements specification. I think there's going to be a lot of we have to help each other and work through this as a group, and I think we all, you know, we like our kitty-cat and our rat and our fish, but I think we all have to like each other um to get this done. Uh as it says, we're gonna get individual instructions, but uh I don't think they allowed a lot of extra time, so I think a little bit of less of this and more at do will set us in good stead. Do you all agree?",
        "end_time": 803.58,
        "start_time": 754.98
      },
      {
        "act": "Mm. Mm-hmm.",
        "end_time": 759.29,
        "start_time": 756.77
      },
      {
        "act": "Mm-hmm.",
        "end_time": 804.14,
        "start_time": 803.93
      },
      {
        "act": "Mm-hmm.",
        "end_time": 804.93,
        "start_time": 804.27
      },
      {
        "act": "Alright. Um then I don't see any reason to prolong it and f we should finish this meeting at ni right now and go into other things. Alright, so this is the end of the first meeting. Thank you all.",
        "end_time": 822.32,
        "start_time": 805.44
      },
      {
        "act": "Okay.",
        "end_time": 819.41,
        "start_time": 819.14
      },
      {
        "act": "'Kay.",
        "end_time": 819.92,
        "start_time": 819.77
      }
    ],
    "other_description": null,
    "topic": "closing"
  }
]