[
  {
    "acts": [
      {
        "act": "...",
        "end_time": 27.712,
        "start_time": 0.0
      },
      {
        "act": "Okay. So, this is uh first meeting of this design project. Um and I um like to show you the agenda for the meeting, I don't know if it was sent round to all of you.",
        "end_time": 26.65,
        "start_time": 8.7
      },
      {
        "act": "Mm, yeah. I didn't receive it yet.",
        "end_time": 31.16,
        "start_time": 28.03
      },
      {
        "act": "Maybe not. Anyway, this is the the plan for today's meeting is um firstly just to introduce the project briefly, um although I'm sure you've actually got some of the information already. Then the main purpose is to so that we get to know each other a little bit more. Um then we want to practice using some of the tools that we'll be using during the the course of the design project and the meetings, um specifically the whiteboard over there. Um then we need to go through the specifics of our project plan um and discuss come up with some preliminary ideas about it.",
        "end_time": 75.56,
        "start_time": 29.66
      },
      {
        "act": "Mm-hmm.",
        "end_time": 49.66,
        "start_time": 49.38
      },
      {
        "act": "And then that's it. So we've got twenty five minutes to do that, that's until eleven twenty five.",
        "end_time": 82.58,
        "start_time": 76.88
      },
      {
        "act": "so sh",
        "end_time": 86.98,
        "start_time": 86.5
      },
      {
        "act": "S so any any questions? Is i",
        "end_time": 88.73,
        "start_time": 85.17
      },
      {
        "act": ".",
        "end_time": 91.334,
        "start_time": 91.334
      },
      {
        "act": "Not at this point.",
        "end_time": 90.22,
        "start_time": 89.3
      },
      {
        "act": "not at this point.",
        "end_time": 91.36,
        "start_time": 90.07
      }
    ],
    "other_description": null,
    "topic": "opening"
  },
  {
    "acts": [
      {
        "act": "So this is our project. What we're aiming to do is to create a new remote control for a television. Um we want it to be something original, something trendy and also something user friendly, so it has to be quite intuitive that people are able to use this product. The method that we're going to use to complete the project, that has three components as such. There's the functional design of the the remote control. We're going the way we'll do that I think is to to work individually initially and then come together for meetings to to work on that. Um similarly with the conceptual design, we'll start off by working individually with our own expertise on our own laptops and then we'll bring what we've done together. Um and then the detailed design will come after that. We'll pull it all together.",
        "end_time": 188.11,
        "start_time": 94.72
      },
      {
        "act": "I'm a bit confused about uh what's the difference between the functional design and conceptual design? Uh i is it just uh more detail, uh as I understand it?",
        "end_time": 199.12,
        "start_time": 188.69
      },
      {
        "act": "I think it th w we're talking the the functional design is more your um area of things where you'll be we want to look at what functions we need in the remote control and what what specific things it it has to do but the conceptual design is um perhaps bigger than that and includes the how people are going to use it and and that kind of thing.",
        "end_time": 225.83,
        "start_time": 199.01
      },
      {
        "act": "Right. How how it will be done. So whe where do we identify the components of our uh product? Uh I think it's it's in the conceptual design phase that we identify the it's in the conceptual design phase that we identify the components of our product?",
        "end_time": 243.33,
        "start_time": 212.63
      },
      {
        "act": "Um I think we'll we'll start that initially with the functional design already but then yeah.",
        "end_time": 251.9,
        "start_time": 244.45
      },
      {
        "act": "Okay.",
        "end_time": 249.99,
        "start_time": 249.72
      },
      {
        "act": "Okay, so that's just a brief overview of the p the the project itself. Um what I'd like us to do now is simultaneously introduce ourselves and start using some of the tools that we're using for for the project, specifically the whiteboard.",
        "end_time": 278.45,
        "start_time": 258.04
      },
      {
        "act": "Hmm.",
        "end_time": 279.75,
        "start_time": 279.07
      }
    ],
    "other_description": null,
    "topic": "project specs and roles of participants"
  },
  {
    "acts": [
      {
        "act": "So each person in turn, I'd like us to go up to the whiteboard, the pen's just underneath it there and draw your favourite animal and then tell everyone what the f your favourite characteristics of that animal are and while you're doing that tell us your name, what your role is and perhaps how your animal relates to the role that you're taking in this project.",
        "end_time": 309.11,
        "start_time": 279.87
      },
      {
        "act": "Why are you looking at me?",
        "end_time": 307.6,
        "start_time": 306.41
      },
      {
        "act": "Would you like to go first?",
        "end_time": 314.98,
        "start_time": 311.26
      },
      {
        "act": "Do I have a choice? Okay. Ooh ooh, things falling everywhere. Right, okay.",
        "end_time": 320.16,
        "start_time": 313.0
      },
      {
        "act": "Oh, yeah, p put them in pockets.",
        "end_time": 320.61,
        "start_time": 316.86
      },
      {
        "act": "Cool.",
        "end_time": 326.41,
        "start_time": 325.98
      },
      {
        "act": "You don't have to hurry, we've got plenty of time.",
        "end_time": 330.65,
        "start_time": 328.14
      },
      {
        "act": "Okay. So, my name's Cat and I'm really not very good at this whole drawing malarkey so um",
        "end_time": 338.15,
        "start_time": 328.23
      },
      {
        "act": "Okay.",
        "end_time": 351.45,
        "start_time": 351.08
      },
      {
        "act": "It's got no eyes.",
        "end_time": 353.85,
        "start_time": 352.69
      },
      {
        "act": "Oh, good point. Ah, the eyes always ruin it. Right. Okay, what do it's eyes like? Okay, cool. Um this is a rabbit.",
        "end_time": 375.85,
        "start_time": 354.5
      },
      {
        "act": "I thought it might be a cat.",
        "end_time": 376.52,
        "start_time": 374.64
      },
      {
        "act": "Yeah well origi uh at first I thought it was going to be cat.",
        "end_time": 379.21,
        "start_time": 375.5
      },
      {
        "act": "Yeah, I don't think it's furry enough, so we'll make it a fluffy rabbit.",
        "end_time": 382.56,
        "start_time": 379.17
      },
      {
        "act": "Yeah now I now I understand now, yeah.",
        "end_time": 383.92,
        "start_time": 380.88
      },
      {
        "act": "Yeah I can see by the ears.",
        "end_time": 385.18,
        "start_time": 383.12
      },
      {
        "act": "Yeah.",
        "end_time": 385.86,
        "start_time": 385.49
      },
      {
        "act": "Okay, right, it's a fluffy rabbit, blue. Rabbits don't come in blue but you know. Um okay and I like it because it's small and it's fluffy.",
        "end_time": 396.19,
        "start_time": 386.2
      },
      {
        "act": "Mm.",
        "end_time": 394.63,
        "start_time": 394.49
      },
      {
        "act": "And one day you'll be able to getical genetically modify them and they will come in pink.",
        "end_time": 402.19,
        "start_time": 397.98
      },
      {
        "act": "Ah.",
        "end_time": 403.51,
        "start_time": 402.74
      },
      {
        "act": "Okay?",
        "end_time": 405.16,
        "start_time": 404.78
      },
      {
        "act": "Excellent, and what's your what's your role within the team?",
        "end_time": 407.52,
        "start_time": 405.18
      },
      {
        "act": "Mm.",
        "end_time": 405.66,
        "start_time": 405.47
      },
      {
        "act": "I am the um I need my notebook, mm ooh top banana. Thank you. Okay, cool, I am the Marketing Expert um so like",
        "end_time": 421.26,
        "start_time": 407.56
      },
      {
        "act": "I'm gonna be doing the apparently according to the little guy in the computer that knows everything the user g requirements specification of the functional design, um trend watching in the conceptual design and product evad-valuation in the detailed design um so yeah.",
        "end_time": 441.61,
        "start_time": 422.37
      },
      {
        "act": "Mm-hmm.",
        "end_time": 432.76,
        "start_time": 432.41
      },
      {
        "act": "Mm-hmm.",
        "end_time": 440.55,
        "start_time": 439.6
      },
      {
        "act": "Okay.",
        "end_time": 440.36,
        "start_time": 440.02
      },
      {
        "act": "And more about yourself, you're from?",
        "end_time": 444.62,
        "start_time": 442.28
      },
      {
        "act": "'Kay.",
        "end_time": 442.93,
        "start_time": 442.5
      },
      {
        "act": "Um I'm from Leicester, um second year. Um what else do you want to know?",
        "end_time": 451.68,
        "start_time": 444.69
      },
      {
        "act": "Mm-hmm.",
        "end_time": 447.05,
        "start_time": 446.27
      },
      {
        "act": "I like sports um yeah, aerobics, kickboxing, spinning um and uh",
        "end_time": 462.16,
        "start_time": 453.11
      },
      {
        "act": "But not with rabbits.",
        "end_time": 463.01,
        "start_time": 462.11
      },
      {
        "act": "not with rabbits, no no. And vets, I like vets as well. And yeah um and I like cocktails, especially pink ones. Okay? Cool.",
        "end_time": 476.67,
        "start_time": 463.57
      },
      {
        "act": "Mm. Cool.",
        "end_time": 474.34,
        "start_time": 464.5
      },
      {
        "act": "Excellent, to match the rabbit.",
        "end_time": 476.24,
        "start_time": 473.99
      },
      {
        "act": "Okay. Um so my name is Maarika. Where's the pen? Okay.",
        "end_time": 490.32,
        "start_time": 484.51
      },
      {
        "act": "There's a an if you have not enough room there's an eraser there and you can rub it off.",
        "end_time": 499.61,
        "start_time": 494.34
      },
      {
        "act": "Yeah, well, or I can make it smaller. Uh so um um I'm the Interface Designer in this project and my favourite animal, I m I mean I'm not so sure because I'm not so so very um familiar with all kinds of animals, but I do like dogs. Oh, sorry, maybe I should have shouldn't have said it beforehand but mm hmm.",
        "end_time": 521.74,
        "start_time": 499.12
      },
      {
        "act": "Mm.",
        "end_time": 519.25,
        "start_time": 519.12
      },
      {
        "act": "Um well, there are different kinds of dogs, but okay um.",
        "end_time": 529.51,
        "start_time": 524.91
      },
      {
        "act": "That's not bad at all. Yep.",
        "end_time": 541.57,
        "start_time": 538.74
      },
      {
        "act": "Ah it looks like a dog.",
        "end_time": 541.17,
        "start_time": 539.59
      },
      {
        "act": "Okay.",
        "end_time": 542.37,
        "start_time": 541.52
      },
      {
        "act": "Is a bit more impressive than my rabbit. I think it needs four legs if it's gonna walk though.",
        "end_time": 545.64,
        "start_time": 541.91
      },
      {
        "act": "Yeah, maybe it has some colourful patches, yeah. Um yeah and I do like dogs because they are good friends to people and they are loyal.",
        "end_time": 558.14,
        "start_time": 546.03
      },
      {
        "act": "the other legs are on the other side.",
        "end_time": 551.02,
        "start_time": 549.57
      },
      {
        "act": "Mm, well that's compared to some other animals like cats. Um they're really much more fun because they are not so independent. Um",
        "end_time": 569.13,
        "start_time": 560.39
      },
      {
        "act": ".",
        "end_time": 568.704,
        "start_time": 568.704
      },
      {
        "act": "yeah maybe maybe the fact that they protect their home as well, yeah. Um what it has to do with with my role in the project is hard to say. Uh I hope to be loyal to the project and not to n not to um let people doing similar projects know the details of our project or something, yeah. I'm from Estonia uh, yep. Um so is there anything else you'd like to know? Oh, right, my roles, um so um in the different um stages of the design, so at first I will be responsible for um for yeah, designing the technical functions of the um",
        "end_time": 618.67,
        "start_time": 571.77
      },
      {
        "act": "And where where are you from? Estonia.",
        "end_time": 596.95,
        "start_time": 593.65
      },
      {
        "act": ".",
        "end_time": 604.215,
        "start_time": 604.215
      },
      {
        "act": "um of the remote control uh then in the in the conceptual design stage I need to um come up with uh interface concept and then in the last um stage I will be responsible for the int infa for the user interface design.",
        "end_time": 638.45,
        "start_time": 619.64
      },
      {
        "act": ".",
        "end_time": 640.379,
        "start_time": 640.379
      },
      {
        "act": "Okay, that's it.",
        "end_time": 643.44,
        "start_time": 642.39
      },
      {
        "act": "Thank you. Okay um I'll do some I'll rub the features and let the drawing stay.",
        "end_time": 659.57,
        "start_time": 642.45
      },
      {
        "act": "'Kay um my name is Gaurav. Um my favourite animal one of my favourite animals is a cow. I've got no idea how to draw a cow.",
        "end_time": 677.2,
        "start_time": 660.86
      },
      {
        "act": "Good luck.",
        "end_time": 678.89,
        "start_time": 677.04
      },
      {
        "act": "Uh this is going to be",
        "end_time": 683.1,
        "start_time": 681.18
      },
      {
        "act": "They're not just like a big round body and then some really skinny legs and then just some horns.",
        "end_time": 688.48,
        "start_time": 684.08
      },
      {
        "act": "Yeah, that'll do. Okay, so let let me draw the body first.",
        "end_time": 690.41,
        "start_time": 687.43
      },
      {
        "act": "Mm.",
        "end_time": 691.45,
        "start_time": 691.21
      },
      {
        "act": "Big, round body, really skinny legs and they've got a long tail and a long face.",
        "end_time": 701.69,
        "start_time": 692.04
      },
      {
        "act": "It's eating.",
        "end_time": 703.46,
        "start_time": 702.71
      },
      {
        "act": "It looks like Eeyore.",
        "end_time": 705.65,
        "start_time": 704.02
      },
      {
        "act": "And there is some grass there. So this is what I like about cows that they just keeps sitting there eating grass, they do not disturb anybody um they're kind of Buddhist in a way. So yeah, I like cows. Um my my role in the project is um uh the industrial designer, so I'm supposed to design all the details of of the product um ho how it works and whatever it'll mm take during the functional role, what are the various functions that have to be performed by it uh during the um conceptual design, what are the various components of it and um finally, I'm not too sure what was the last part. Um the detailed design, I I guess it will again be the identification of the components and how they integrate with each other.",
        "end_time": 762.78,
        "start_time": 704.9
      },
      {
        "act": "Yeah.",
        "end_time": 708.1,
        "start_time": 706.5
      },
      {
        "act": "Horns, draw some horns.",
        "end_time": 715.38,
        "start_time": 712.87
      },
      {
        "act": "Um I'm from India. Uh I'm doing my P_H_D_ in Psycholinguistics, I sit at the Department of Psychology. Yeah.",
        "end_time": 773.5,
        "start_time": 764.21
      },
      {
        "act": "Excellent.",
        "end_time": 775.11,
        "start_time": 774.46
      },
      {
        "act": "Thanks.",
        "end_time": 775.69,
        "start_time": 775.18
      },
      {
        "act": "Thank you.",
        "end_time": 775.06,
        "start_time": 774.69
      },
      {
        "act": "Right, now now it's my turn obviously. Okay, here's a space.",
        "end_time": 792.34,
        "start_time": 776.64
      },
      {
        "act": "That doesn't look like a cow, does it?",
        "end_time": 794.05,
        "start_time": 791.39
      },
      {
        "act": "It looks very very cute.",
        "end_time": 796.05,
        "start_time": 793.54
      },
      {
        "act": "Yeah, I like the cow. I'm Jen.",
        "end_time": 798.34,
        "start_time": 795.7
      },
      {
        "act": "Yeah.",
        "end_time": 797.58,
        "start_time": 797.32
      },
      {
        "act": "Mm-hmm.",
        "end_time": 799.33,
        "start_time": 798.96
      },
      {
        "act": "Um I like dogs too, but I can't do that already because I can't draw a dog as well as you can. I like",
        "end_time": 807.54,
        "start_time": 799.64
      },
      {
        "act": "Mm.",
        "end_time": 809.44,
        "start_time": 808.72
      },
      {
        "act": "Is that a lizard?",
        "end_time": 826.24,
        "start_time": 825.48
      },
      {
        "act": "No way.",
        "end_time": 829.41,
        "start_time": 826.02
      },
      {
        "act": "Hmm.",
        "end_time": 829.07,
        "start_time": 828.54
      },
      {
        "act": "Wow.",
        "end_time": 834.53,
        "start_time": 833.75
      },
      {
        "act": "It's a gecko.",
        "end_time": 838.29,
        "start_time": 837.53
      },
      {
        "act": "Ah, a gecko, okay. Is a ar are they also like lizards or are they yeah, they are mm-hmm.",
        "end_time": 846.94,
        "start_time": 838.84
      },
      {
        "act": "Ah okay.",
        "end_time": 839.64,
        "start_time": 839.01
      },
      {
        "act": "Yeah.",
        "end_time": 840.54,
        "start_time": 839.92
      },
      {
        "act": "Is there a difference?",
        "end_time": 841.98,
        "start_time": 840.81
      },
      {
        "act": "They're Yeah, they're l it's a kind of lizard. And I I like geckos because they remind me of warm places and, and where I was living in Cambodia they used to live in my house and they were on the ceiling and they would make little gecko noises in the evening.",
        "end_time": 863.41,
        "start_time": 842.32
      },
      {
        "act": "Ah.",
        "end_time": 853.33,
        "start_time": 851.71
      },
      {
        "act": "Uh-huh.",
        "end_time": 852.21,
        "start_time": 851.96
      },
      {
        "act": "Mm-hmm. I hope you don't like snakes, do you?",
        "end_time": 864.31,
        "start_time": 861.2
      },
      {
        "act": "I don't like snakes. I come from Australia and we have nasty snakes. That's where I'm from, Australia. I'm from Melbourne and I'm your Project Manager for today and my role is basically to keep things going and make sure that you all work together",
        "end_time": 887.44,
        "start_time": 865.0
      },
      {
        "act": "Okay. Mm-hmm.",
        "end_time": 869.21,
        "start_time": 866.03
      },
      {
        "act": "Mm.",
        "end_time": 880.58,
        "start_time": 880.31
      },
      {
        "act": "in a productive way, so that by the end of the day we come up with a great product.",
        "end_time": 892.95,
        "start_time": 888.66
      },
      {
        "act": "Wonderful.",
        "end_time": 894.61,
        "start_time": 894.02
      },
      {
        "act": "Okay.",
        "end_time": 898.13,
        "start_time": 896.37
      },
      {
        "act": "Thank you.",
        "end_time": 898.89,
        "start_time": 897.51
      }
    ],
    "other_description": null,
    "topic": "drawing exercise"
  },
  {
    "acts": [
      {
        "act": "So, let's see what's next in the PowerPoint presentation. So, I've just thought yeah I've just thought about this that we could even put it much more professionally as there we go. Okay, so this is the um overall budget for our",
        "end_time": 927.63,
        "start_time": 905.52
      },
      {
        "act": "If you right click on it you can",
        "end_time": 915.03,
        "start_time": 912.88
      },
      {
        "act": "Mm-hmm.",
        "end_time": 919.93,
        "start_time": 919.02
      },
      {
        "act": "project. We've got um we're planning to sell these remote controls for let's make that go away, that means we've got five minutes. Um we're planning to sell the remote controls for twenty five Euros each. Um and with that we're aiming for a profit of fifty million Euros. And that's selling them on the international market, not just in the U_K_. Um so to do that our finance people estimate that we need production costs of maximum twelve and a half Euro so that we can reach that profit target. So that's something to keep in mind while you're designing. Okay. Hmm.",
        "end_time": 1003.13,
        "start_time": 929.43
      }
    ],
    "other_description": null,
    "topic": "project budget"
  },
  {
    "acts": [
      {
        "act": "This is let me just skip ahead to see that's the last thing, okay. We've only got a couple of minutes. Does anyone have any first ideas to bounce around about um what we're thinking of this remote control?",
        "end_time": 1021.29,
        "start_time": 1005.72
      }
    ],
    "other_description": null,
    "topic": "discussion"
  },
  {
    "acts": [
      {
        "act": "Okay, so we need to wrap it up now, so that we can go away and get on with some of this. Um we've got another meeting in thirty minutes, so you're you'll be getting specific instructions once you go back to your workspace, but im basically you're looking at the working design,",
        "end_time": 1257.64,
        "start_time": 1236.66
      },
      {
        "act": "Alright.",
        "end_time": 1258.41,
        "start_time": 1258.1
      },
      {
        "act": "you're looking at the technical functions design, and for you it's the user requirements specification, like you said at the start.",
        "end_time": 1268.47,
        "start_time": 1259.65
      },
      {
        "act": "Mm-hmm.",
        "end_time": 1266.86,
        "start_time": 1266.64
      },
      {
        "act": "Okay?",
        "end_time": 1270.08,
        "start_time": 1269.67
      },
      {
        "act": "Okay. Thank you.",
        "end_time": 1274.33,
        "start_time": 1272.06
      },
      {
        "act": "Thanks for that. Uh I'll see you in half an hour.",
        "end_time": 1276.75,
        "start_time": 1272.4
      },
      {
        "act": ".",
        "end_time": 1277.856,
        "start_time": 1277.856
      },
      {
        "act": "See you.",
        "end_time": 1278.19,
        "start_time": 1277.69
      },
      {
        "act": "Carry the laptops back again. Do we need to unplug things? Probably.",
        "end_time": 1282.15,
        "start_time": 1278.36
      },
      {
        "act": "Hmm.",
        "end_time": 1280.12,
        "start_time": 1279.61
      }
    ],
    "other_description": null,
    "topic": "closing"
  }
]