[
  {
    "act": "Yeah.",
    "ae_type": "Statement",
    "end_time": 924.33,
    "speaker_id": "A",
    "start_time": 923.88
  },
  {
    "act": "I have got I think we should also have a back-up plan of I 'cause I I I just think that it might be expensive to make something that I mean we don't, we haven't been told it has to be something that will control everything. We should have a back-up plan of just a really good television remote control, that just that is just for a T_V_, but it's just a really good, nice one.",
    "ae_type": "Statement",
    "end_time": 951.58,
    "speaker_id": "A",
    "start_time": 930.71
  },
  {
    "act": "What do you reckon?",
    "ae_type": "Open issue",
    "end_time": 954.08,
    "speaker_id": "A",
    "start_time": 953.43
  },
  {
    "act": "See 'cause, I'm just thinking bearing in mind th we've gotta we have to have something that's cheap to make.",
    "ae_type": "Statement",
    "end_time": 961.28,
    "speaker_id": "A",
    "start_time": 956.3
  },
  {
    "act": "Yeah.",
    "ae_type": "Statement",
    "end_time": 971.02,
    "speaker_id": "A",
    "start_time": 970.61
  },
  {
    "act": "Or maybe even so something that's for disabled people or so people that uh b don't see very well or big buttons for touchy buttons for",
    "ae_type": "Statement",
    "end_time": 988.94,
    "speaker_id": "A",
    "start_time": 979.0
  },
  {
    "act": "Yeah.",
    "ae_type": "Statement",
    "end_time": 992.57,
    "speaker_id": "A",
    "start_time": 991.91
  },
  {
    "act": "Or just one that looks really fucking cool.",
    "ae_type": "Statement",
    "end_time": 997.19,
    "speaker_id": "A",
    "start_time": 994.96
  },
  {
    "act": "Otherwise we'll be we'll be here all day talking about do this let's do that n I think we sh I think we should",
    "ae_type": "Statement",
    "end_time": 1016.24,
    "speaker_id": "A",
    "start_time": 1009.71
  },
  {
    "act": "I think we'll be able to come up with ideas and stuff a lot quicker.",
    "ae_type": "Other (unlabeled)",
    "end_time": 969.21,
    "speaker_id": "A",
    "start_time": 966.48
  },
  {
    "act": "May w you know, maybe even",
    "ae_type": "Other (unlabeled)",
    "end_time": 976.41,
    "speaker_id": "A",
    "start_time": 975.19
  },
  {
    "act": "Yeah.",
    "ae_type": "Statement",
    "end_time": 943.3,
    "speaker_id": "B",
    "start_time": 943.01
  },
  {
    "act": "Yeah.",
    "ae_type": "Statement",
    "end_time": 992.75,
    "speaker_id": "B",
    "start_time": 992.34
  },
  {
    "act": "Could be really light or, I dunno, something special.",
    "ae_type": "Weak statement",
    "end_time": 1007.17,
    "speaker_id": "B",
    "start_time": 1004.12
  },
  {
    "act": "Yeah, 'cause at the end of the day if it says just T_V_ remote, doesn't say com combination with all all the r",
    "ae_type": "Statement",
    "end_time": 1021.57,
    "speaker_id": "B",
    "start_time": 1015.84
  },
  {
    "act": "Yeah, we should uh I guess by the end of this meeting we should have at least a a rough conception you know stage one was technical functions design, what effect the apparatus should have. Okay. Um so I mean we still have time in our next meeting to come up with the actual concept for the user interface, but the the functions that we're sure that we want are that it can control the T_V_, but also devices connected to the to the T_V_, I mean, be able to operate D_V_D_ players, things like that.",
    "ae_type": "Statement",
    "end_time": 928.55,
    "speaker_id": "C",
    "start_time": 899.43
  },
  {
    "act": "Yeah.",
    "ae_type": "Statement",
    "end_time": 942.46,
    "speaker_id": "C",
    "start_time": 942.16
  },
  {
    "act": "Yeah, that's true, maybe we should just concentrate on having a a good T_V_ remote, and have it be um have it be like ergonomic so it's comfortable to use, uh simple to use, and looks decent and",
    "ae_type": "Statement",
    "end_time": 975.56,
    "speaker_id": "C",
    "start_time": 961.3
  },
  {
    "act": "Sorta find a niche for our remote, like market it to a certain kind of p kind of people, certain certain demographic",
    "ae_type": "Statement",
    "end_time": 996.14,
    "speaker_id": "C",
    "start_time": 988.93
  },
  {
    "act": "Yeah, no I think you're right.",
    "ae_type": "Statement",
    "end_time": 1004.67,
    "speaker_id": "C",
    "start_time": 1003.7
  },
  {
    "act": "Yeah, rathe rather than focus on",
    "ae_type": "Statement",
    "end_time": 1009.33,
    "speaker_id": "C",
    "start_time": 1007.52
  },
  {
    "act": "Yeah.",
    "ae_type": "Statement",
    "end_time": 1013.78,
    "speaker_id": "C",
    "start_time": 1013.42
  },
  {
    "act": "Yeah.",
    "ae_type": "Statement",
    "end_time": 1019.74,
    "speaker_id": "C",
    "start_time": 1019.48
  },
  {
    "act": "Okay. Right. Yeah, I mean",
    "ae_type": "Other (unlabeled)",
    "end_time": 956.37,
    "speaker_id": "C",
    "start_time": 947.22
  },
  {
    "act": "Y",
    "ae_type": "Other (unlabeled)",
    "end_time": 1010.79,
    "speaker_id": "C",
    "start_time": 1009.99
  },
  {
    "act": "But what'll make it what'll make it interesting for people to buy though?",
    "ae_type": "Open issue",
    "end_time": 979.04,
    "speaker_id": "D",
    "start_time": 975.56
  },
  {
    "act": "I mean if it's if it's just like",
    "ae_type": "Other (unlabeled)",
    "end_time": 981.53,
    "speaker_id": "D",
    "start_time": 979.04
  }
]