[
  {
    "acts": [
      {
        "act": "Mm-hmm? Okay. Ooh.",
        "end_time": 33.07,
        "start_time": 7.59
      },
      {
        "act": "So we're 'kay? On the or No. I dunno where to put it 'cause the Okay. Could you s take it off?.",
        "end_time": 46.74,
        "start_time": 36.25
      },
      {
        "act": "Is that alright? or Okay.",
        "end_time": 60.96,
        "start_time": 49.96
      },
      {
        "act": "Okay.",
        "end_time": 64.99,
        "start_time": 64.59
      },
      {
        "act": "Keeps coming off. 'S fiddly.",
        "end_time": 71.19,
        "start_time": 69.39
      },
      {
        "act": "Hmm.",
        "end_time": 82.36,
        "start_time": 82.23
      },
      {
        "act": "Right.",
        "end_time": 90.07,
        "start_time": 89.47
      },
      {
        "act": "How do we sta wa how do we start? Does anybody know?",
        "end_time": 94.82,
        "start_time": 90.06
      },
      {
        "act": "Oh, another one.",
        "end_time": 97.68,
        "start_time": 96.87
      },
      {
        "act": "So that's this Oh okay, right.",
        "end_time": 113.8,
        "start_time": 107.15
      },
      {
        "act": "Are we free to take notes uh Okay.",
        "end_time": 117.52,
        "start_time": 112.84
      },
      {
        "act": "Uh.. Hmm.",
        "end_time": 142.76,
        "start_time": 119.06
      }
    ],
    "other_description": null,
    "topic": "agenda/equipment issues"
  },
  {
    "acts": [
      {
        "act": "Okay, just hang on a second everybody. I haven't actually looked at this yet.",
        "end_time": 153.84,
        "start_time": 148.95
      },
      {
        "act": "Ah.",
        "end_time": 156.56,
        "start_time": 156.27
      },
      {
        "act": "um",
        "end_time": 158.16,
        "start_time": 157.83
      },
      {
        "act": "Very nice.",
        "end_time": 159.24,
        "start_time": 158.91
      },
      {
        "act": "I haven't looked at it, but let's just start it off and we'll see what happens. If you're all ready.",
        "end_time": 166.95,
        "start_time": 159.96
      },
      {
        "act": "Yeah.",
        "end_time": 168.11,
        "start_time": 167.82
      },
      {
        "act": "So is the agenda? Opening, acquaintance, tool training and project plan, discussion and then closing.",
        "end_time": 184.2,
        "start_time": 173.83
      }
    ],
    "other_description": null,
    "topic": "opening"
  },
  {
    "acts": [
      {
        "act": "Project aim is a new remote control. It's original, uh trendy and it's user-friendly. Project method, functional design, individual work, another meeting, conceptual design, individual work, and a meeting of details design, individual work and a meeting.",
        "end_time": 208.66,
        "start_time": 185.75
      },
      {
        "act": "'Kay.",
        "end_time": 194.22,
        "start_time": 193.63
      }
    ],
    "other_description": null,
    "topic": "project specs and roles of participants"
  },
  {
    "acts": [
      {
        "act": "Tool training. Try out the whiteboard, every participant should draw their favourite animal and sum up their favourite characteristics of that animal.",
        "end_time": 221.55,
        "start_time": 211.66
      },
      {
        "act": "Okay.",
        "end_time": 223.83,
        "start_time": 222.96
      },
      {
        "act": "Um. Uh Miss Industrial Designer, would you like to go first?",
        "end_time": 231.28,
        "start_time": 223.97
      },
      {
        "act": "Okay. So are we supposed to bring the little things for the",
        "end_time": 235.37,
        "start_time": 230.52
      },
      {
        "act": "Yeah, why don't you just c, I think just clip on clip do you have a belt?",
        "end_time": 239.28,
        "start_time": 235.57
      },
      {
        "act": "Clip.",
        "end_time": 241.64,
        "start_time": 239.98
      },
      {
        "act": "Mm.",
        "end_time": 240.36,
        "start_time": 240.09
      },
      {
        "act": "Or put 'em in your pocket, yeah.",
        "end_time": 242.48,
        "start_time": 240.72
      },
      {
        "act": "Yeah. okay. So my favourite animal",
        "end_time": 248.2,
        "start_time": 241.74
      },
      {
        "act": "Yeah, what's your favourite animal?",
        "end_time": 250.51,
        "start_time": 249.06
      },
      {
        "act": "'Kay um",
        "end_time": 253.93,
        "start_time": 252.92
      },
      {
        "act": "Ah.",
        "end_time": 260.01,
        "start_time": 259.83
      },
      {
        "act": "Is it rude?",
        "end_time": 265.9,
        "start_time": 265.24
      },
      {
        "act": "It's an elephant.",
        "end_time": 267.87,
        "start_time": 265.89
      },
      {
        "act": "That's a very good elephant.",
        "end_time": 270.13,
        "start_time": 268.79
      },
      {
        "act": "The back end of an elephant.",
        "end_time": 271.62,
        "start_time": 270.3
      },
      {
        "act": "Oh my gosh, I'm never gonna be able to draw that well.",
        "end_time": 277.05,
        "start_time": 271.52
      },
      {
        "act": "'Kay, and you want to write up on there, it says you've gotta sum up your f f your favourite characteristics of that animal.",
        "end_time": 280.41,
        "start_time": 274.86
      },
      {
        "act": "Um okay, it's big, it's got a great memory.",
        "end_time": 286.3,
        "start_time": 280.43
      },
      {
        "act": "Does it? Oh.",
        "end_time": 288.83,
        "start_time": 286.96
      },
      {
        "act": "Supposed to have a great memory, we say an elephant never forgets. And uh dunno know why but looks like nice to me. Nice animal.",
        "end_time": 300.97,
        "start_time": 289.7
      },
      {
        "act": "Mm.",
        "end_time": 293.36,
        "start_time": 293.17
      },
      {
        "act": "Mm.",
        "end_time": 293.51,
        "start_time": 293.24
      },
      {
        "act": "Okay. Wonderful, well done. Do you want to use the wipe the m the wiper and wipe it off?",
        "end_time": 307.72,
        "start_time": 300.18
      },
      {
        "act": "Okay.",
        "end_time": 305.33,
        "start_time": 304.96
      },
      {
        "act": "And Mister aesthetics designer do you wanna go next?",
        "end_time": 317.6,
        "start_time": 313.04
      },
      {
        "act": "Aesthetic yep, sure.",
        "end_time": 318.71,
        "start_time": 316.95
      },
      {
        "act": "I have no idea what my favourite animal is.",
        "end_time": 319.48,
        "start_time": 317.92
      },
      {
        "act": "'Kay, my favourite animal, uh let's see.",
        "end_time": 325.15,
        "start_time": 320.73
      },
      {
        "act": "Oh. It's",
        "end_time": 336.51,
        "start_time": 333.67
      },
      {
        "act": "Dunno if any of you have seen Napoleon Dynamite before. It's a liger, a combination of a lion and tiger. Have you not seen Napoleon Dynamite? Oh it's a hilarious movie. You have to see it. And",
        "end_time": 352.64,
        "start_time": 336.34
      },
      {
        "act": "No.",
        "end_time": 342.58,
        "start_time": 342.05
      },
      {
        "act": "A what? Alright.",
        "end_time": 346.95,
        "start_time": 342.09
      },
      {
        "act": "How.",
        "end_time": 348.79,
        "start_time": 348.65
      },
      {
        "act": "No.",
        "end_time": 350.62,
        "start_time": 350.26
      },
      {
        "act": "No.",
        "end_time": 351.06,
        "start_time": 350.61
      },
      {
        "act": "No.",
        "end_time": 351.09,
        "start_time": 350.63
      },
      {
        "act": "and it's best characteristic is it's pretty much the awesomest animal. But you have to see the movie to fully appreciate it.",
        "end_time": 371.94,
        "start_time": 354.05
      },
      {
        "act": "Okay, well done.",
        "end_time": 370.88,
        "start_time": 370.06
      },
      {
        "act": "Great. Me?",
        "end_time": 374.66,
        "start_time": 371.65
      },
      {
        "act": "Yeah. Miss mar Miss Marketing?",
        "end_time": 377.84,
        "start_time": 374.95
      },
      {
        "act": "Okay. Not quite sure how this is gonna work.",
        "end_time": 384.37,
        "start_time": 380.43
      },
      {
        "act": "There go.",
        "end_time": 384.89,
        "start_time": 384.48
      },
      {
        "act": "Cool. Uh well I'll try my best to draw. Can I just draw the face?",
        "end_time": 403.07,
        "start_time": 387.26
      },
      {
        "act": "Um yeah, I think you can just draw the face, but then you'll have to describe in writing how the rest of it looks.",
        "end_time": 414.23,
        "start_time": 405.03
      },
      {
        "act": "Ooh. It's a cat. Which also has what? A big fat body and",
        "end_time": 426.15,
        "start_time": 414.59
      },
      {
        "act": "That's a very pr pretty cat.",
        "end_time": 422.24,
        "start_time": 420.39
      },
      {
        "act": "big and a long tail.",
        "end_time": 429.12,
        "start_time": 427.61
      },
      {
        "act": "Okay, do y do you wanna do some write you wanna just write some words about it?",
        "end_time": 433.79,
        "start_time": 429.88
      },
      {
        "act": "Why? Because um cuddly. And usually cats are very friendly. Usually. And they're healing as well. They heal. And they can feel when a human's got problems so",
        "end_time": 454.76,
        "start_time": 434.15
      },
      {
        "act": "Wow, so they're kinda spiritual.",
        "end_time": 456.12,
        "start_time": 453.33
      },
      {
        "act": "So, that's why I like cats.",
        "end_time": 459.41,
        "start_time": 458.13
      },
      {
        "act": "Well done.",
        "end_time": 461.03,
        "start_time": 460.56
      },
      {
        "act": "There we are, that's me.",
        "end_time": 462.76,
        "start_time": 461.73
      },
      {
        "act": "Okay.",
        "end_time": 473.72,
        "start_time": 473.26
      },
      {
        "act": "Mm.",
        "end_time": 481.22,
        "start_time": 481.02
      },
      {
        "act": "Um, I don't actually have a favourite animal, but for the for th for this meeting I'll s draw a little",
        "end_time": 491.88,
        "start_time": 481.3
      },
      {
        "act": "Mm-hmm.",
        "end_time": 503.46,
        "start_time": 502.16
      },
      {
        "act": "Uh. I honestly can't draw for toffee. Uh.",
        "end_time": 511.72,
        "start_time": 502.69
      },
      {
        "act": "Really? Oh that's a",
        "end_time": 513.61,
        "start_time": 511.56
      },
      {
        "act": "Yeah. no no uh",
        "end_time": 521.35,
        "start_time": 512.8
      },
      {
        "act": "A prairie dog? Oh a squirrel?",
        "end_time": 523.57,
        "start_time": 518.01
      },
      {
        "act": "That's exactly what it is. Uh not a very good one",
        "end_time": 527.95,
        "start_time": 524.43
      },
      {
        "act": "Not bad I would say.",
        "end_time": 532.43,
        "start_time": 531.4
      },
      {
        "act": "Yeah, that's pretty good.",
        "end_time": 533.67,
        "start_time": 532.89
      },
      {
        "act": "Okay, well, you got it's a s It's a squirrel, and I like them, because they're cute and stupid.",
        "end_time": 550.15,
        "start_time": 533.99
      },
      {
        "act": "Very good.",
        "end_time": 551.7,
        "start_time": 551.24
      },
      {
        "act": "Ah.",
        "end_time": 554.11,
        "start_time": 553.77
      },
      {
        "act": "Alright.",
        "end_time": 555.38,
        "start_time": 554.5
      },
      {
        "act": "Right.",
        "end_time": 560.29,
        "start_time": 556.22
      }
    ],
    "other_description": null,
    "topic": "drawing exercise"
  },
  {
    "acts": [
      {
        "act": "Okay, so, I guess that was the test to see if this equipment is all working.",
        "end_time": 566.62,
        "start_time": 560.29
      },
      {
        "act": "Mm. Let's move on to the next page.",
        "end_time": 580.27,
        "start_time": 571.68
      }
    ],
    "other_description": null,
    "topic": "agenda/equipment issues"
  },
  {
    "acts": [
      {
        "act": "Okay, project finance, selling price twenty five Euros, profit aim fifty million Euros.",
        "end_time": 589.43,
        "start_time": 580.27
      },
      {
        "act": "Market range internationally sold.",
        "end_time": 594.35,
        "start_time": 591.64
      },
      {
        "act": "Yeah. Production cost, ah right it's gotta be can't cost any more than twelve fifty to make.",
        "end_time": 601.63,
        "start_time": 595.26
      },
      {
        "act": "Ah right okay.",
        "end_time": 599.24,
        "start_time": 598.7
      }
    ],
    "other_description": null,
    "topic": "project budget"
  },
  {
    "acts": [
      {
        "act": "experience with with remote control, so talk about who who's used what. Any ideas? Stuff like that. Next meeting starts in thirty minutes. At quarter to twelve.",
        "end_time": 628.58,
        "start_time": 608.02
      },
      {
        "act": "So I think before we close uh, we are expected I mean the last slide wanted us to maybe discuss longer what our what our ideas where. I mean if you wanna go back to the last slide. Uh",
        "end_time": 643.97,
        "start_time": 632.63
      },
      {
        "act": "Yeah.",
        "end_time": 644.41,
        "start_time": 643.73
      },
      {
        "act": "Yeah.",
        "end_time": 645.24,
        "start_time": 644.82
      },
      {
        "act": "S Yeah, I think we're I mean before we close the meeting, we're supposed to come up with some ideas for",
        "end_time": 649.55,
        "start_time": 644.93
      },
      {
        "act": "Oh k so we're actually supposed to be doing this discussion like right now are we or oh okay. I thought this was just t giving us instructions for the re to do next, but",
        "end_time": 661.09,
        "start_time": 649.73
      },
      {
        "act": "Yeah.",
        "end_time": 653.3,
        "start_time": 653.01
      },
      {
        "act": "Yeah.",
        "end_time": 653.82,
        "start_time": 653.45
      },
      {
        "act": "Mm.",
        "end_time": 654.07,
        "start_time": 653.82
      },
      {
        "act": "Yeah. Yeah, I think this is just the preliminary, get some rough ideas for what our experiences with remote controls have been and and what we would roughly what we would incorporate into a new one maybe.",
        "end_time": 672.36,
        "start_time": 655.04
      }
    ],
    "other_description": null,
    "topic": "agenda/equipment issues"
  },
  {
    "acts": [
      {
        "act": "Okay. Right, who's got experiences with remote controls then? Pretty much everybody.",
        "end_time": 679.71,
        "start_time": 673.25
      },
      {
        "act": "Yeah.",
        "end_time": 680.01,
        "start_time": 679.37
      },
      {
        "act": "Yeah, I think we've all got",
        "end_time": 680.33,
        "start_time": 679.46
      },
      {
        "act": "Uh.",
        "end_time": 680.81,
        "start_time": 680.78
      },
      {
        "act": "Um.",
        "end_time": 683.52,
        "start_time": 682.84
      },
      {
        "act": "Well at the moment we could, wa I mean we 'cause we this is what we th what we're doing at the moment is just saying what what we'd like, and then after we after we've found out what we can like, some different ideas, we can then go and do the research to find out if these any of these ideas are feasible or not. So would be nice to have something that that controls lots of different things.",
        "end_time": 793.59,
        "start_time": 773.8
      },
      {
        "act": "Guess",
        "end_time": 774.51,
        "start_time": 774.13
      },
      {
        "act": "Right.",
        "end_time": 788.06,
        "start_time": 787.82
      },
      {
        "act": "Yeah.",
        "end_time": 794.71,
        "start_time": 794.44
      },
      {
        "act": "Um.",
        "end_time": 795.87,
        "start_time": 795.38
      },
      {
        "act": "Um, oh we've got five minutes left.",
        "end_time": 889.7,
        "start_time": 887.23
      },
      {
        "act": "Start breaking up.",
        "end_time": 891.85,
        "start_time": 890.57
      },
      {
        "act": "Okay. Um.",
        "end_time": 896.98,
        "start_time": 893.8
      },
      {
        "act": "But okay. Well we've got a k we've got a few ideas there.",
        "end_time": 898.29,
        "start_time": 893.91
      },
      {
        "act": ".",
        "end_time": 900.656,
        "start_time": 900.656
      },
      {
        "act": "Yeah, we should uh I guess by the end of this meeting we should have at least a a rough conception you know stage one was technical functions design, what effect the apparatus should have. Okay. Um so I mean we still have time in our next meeting to come up with the actual concept for the user interface, but the the functions that we're sure that we want are that it can control the T_V_, but also devices connected to the to the T_V_, I mean, be able to operate",
        "end_time": 924.94,
        "start_time": 899.43
      },
      {
        "act": "Yeah.",
        "end_time": 924.33,
        "start_time": 923.88
      },
      {
        "act": "D_V_D_ players, things like that.",
        "end_time": 928.55,
        "start_time": 926.29
      },
      {
        "act": "I have got I think we should also have a back-up plan of I 'cause I I I just think that it might be expensive to make something that I mean we don't, we haven't been told it has to be something that will control everything. We should have a back-up plan of just a really good television remote control, that just that is just for a T_V_, but it's just a really good, nice one.",
        "end_time": 951.58,
        "start_time": 930.71
      },
      {
        "act": "Yeah.",
        "end_time": 942.46,
        "start_time": 942.16
      },
      {
        "act": "Yeah.",
        "end_time": 943.3,
        "start_time": 943.01
      },
      {
        "act": "Okay. Right.",
        "end_time": 951.85,
        "start_time": 947.22
      },
      {
        "act": "What do you reckon?",
        "end_time": 954.08,
        "start_time": 953.43
      },
      {
        "act": "Yeah, I mean.",
        "end_time": 956.37,
        "start_time": 955.81
      },
      {
        "act": "See 'cause, I'm just thinking bearing in mind th we've gotta we have to have something that's cheap to make.",
        "end_time": 961.28,
        "start_time": 956.3
      },
      {
        "act": "Yeah, that's true, maybe we should just concentrate on having a a good T_V_ remote, and have it be um",
        "end_time": 966.7,
        "start_time": 961.3
      },
      {
        "act": "I think we'll be able to come up with ideas and stuff a lot quicker.",
        "end_time": 969.21,
        "start_time": 966.48
      },
      {
        "act": "have it be like ergonomic so it's comfortable to use, uh simple to use, and looks decent and",
        "end_time": 975.56,
        "start_time": 969.3
      },
      {
        "act": "Yeah. May w you know, maybe even",
        "end_time": 976.41,
        "start_time": 970.61
      },
      {
        "act": "But what'll make it what'll make it interesting for people to buy though? I mean if it's if it's just like",
        "end_time": 981.53,
        "start_time": 975.56
      },
      {
        "act": "Or maybe even so something that's for disabled people or so people that uh b don't see very well or big buttons for touchy buttons for",
        "end_time": 988.94,
        "start_time": 979.0
      },
      {
        "act": "Sorta find a niche for our remote, like market it to a certain kind of p kind of people,",
        "end_time": 993.41,
        "start_time": 988.93
      },
      {
        "act": "Yeah.",
        "end_time": 992.57,
        "start_time": 991.91
      },
      {
        "act": "Yeah.",
        "end_time": 992.75,
        "start_time": 992.34
      },
      {
        "act": "certain certain demographic",
        "end_time": 996.14,
        "start_time": 994.52
      },
      {
        "act": "Or just one that looks really fucking cool.",
        "end_time": 997.19,
        "start_time": 994.96
      },
      {
        "act": "Mm-hmm.",
        "end_time": 999.41,
        "start_time": 998.78
      },
      {
        "act": "Yeah, no I think you're right.",
        "end_time": 1004.67,
        "start_time": 1003.7
      },
      {
        "act": "Could be really light or, I dunno, something special.",
        "end_time": 1007.17,
        "start_time": 1004.12
      },
      {
        "act": "Yeah, rathe rather than focus on",
        "end_time": 1009.33,
        "start_time": 1007.52
      },
      {
        "act": "Otherwise we'll be we'll be here all day talking about do this let's do that n I think we sh I think we should",
        "end_time": 1016.24,
        "start_time": 1009.71
      },
      {
        "act": "Y Yeah.",
        "end_time": 1013.78,
        "start_time": 1009.99
      },
      {
        "act": "Yeah, 'cause at the end of the day if it says just T_V_ remote, doesn't say com combination with all all the r",
        "end_time": 1021.57,
        "start_time": 1015.84
      },
      {
        "act": "Yeah.",
        "end_time": 1019.74,
        "start_time": 1019.48
      },
      {
        "act": "Yeah. I mean obviously everyone we're uh you know uh sounds like we're all a bit sort of gadget heads and we like things that do everything at once, but you know, that's",
        "end_time": 1028.83,
        "start_time": 1020.0
      },
      {
        "act": "Remotes spinning out from other remotes and having little nested remotes inside.",
        "end_time": 1034.51,
        "start_time": 1028.75
      },
      {
        "act": "Yeah.",
        "end_time": 1030.78,
        "start_time": 1030.41
      },
      {
        "act": "Mm.",
        "end_time": 1031.24,
        "start_time": 1030.88
      },
      {
        "act": "Yeah, that's right. Yeah. I mean I'd like one that makes tea as well, but that's not gonna happen.",
        "end_time": 1038.86,
        "start_time": 1032.68
      },
      {
        "act": "Okay. Um alright, so we've got some ideas, we've got um",
        "end_time": 1098.21,
        "start_time": 1093.76
      },
      {
        "act": "Okay.",
        "end_time": 1093.72,
        "start_time": 1093.6
      },
      {
        "act": "I guess that's good good for now.",
        "end_time": 1102.02,
        "start_time": 1099.68
      }
    ],
    "other_description": null,
    "topic": "discussion"
  },
  {
    "acts": [
      {
        "act": "Let's move on.",
        "end_time": 1101.32,
        "start_time": 1100.59
      },
      {
        "act": "Mm.",
        "end_time": 1102.79,
        "start_time": 1102.48
      },
      {
        "act": "Oops, let's close that. Next meeting, uh okay.",
        "end_time": 1108.3,
        "start_time": 1103.03
      },
      {
        "act": "W What does I_D_V_I_D_N_M_E_ stand for?",
        "end_time": 1110.88,
        "start_time": 1107.89
      },
      {
        "act": "Industrial Designer um which is",
        "end_time": 1115.18,
        "start_time": 1111.83
      },
      {
        "act": "Ah ri okay. these are requirement specification.",
        "end_time": 1116.17,
        "start_time": 1113.52
      },
      {
        "act": "That's",
        "end_time": 1116.42,
        "start_time": 1115.99
      },
      {
        "act": "Um.",
        "end_time": 1116.94,
        "start_time": 1116.36
      },
      {
        "act": "And I'm marketing.",
        "end_time": 1118.33,
        "start_time": 1117.65
      },
      {
        "act": "Mm.",
        "end_time": 1118.29,
        "start_time": 1118.08
      },
      {
        "act": "Yeah, there you go. So User Interface Designer, that's that's that's you, so you gotta you go, you're you're gonna be the one that's working out what what buttons we need. Um.",
        "end_time": 1136.33,
        "start_time": 1118.6
      },
      {
        "act": "That's me. Okay. Right. Right.",
        "end_time": 1134.99,
        "start_time": 1126.94
      },
      {
        "act": "Industrial Designer, you are the one, you know, you're gonna be working out kind of box it goes in, I guess so, um whether it's what goes into the box, somehow.",
        "end_time": 1153.72,
        "start_time": 1138.31
      },
      {
        "act": "Mm. Har how it works an",
        "end_time": 1155.77,
        "start_time": 1153.99
      },
      {
        "act": "And in marketing",
        "end_time": 1158.35,
        "start_time": 1157.47
      },
      {
        "act": "These are requirement specification.",
        "end_time": 1160.28,
        "start_time": 1158.93
      },
      {
        "act": "Bu",
        "end_time": 1159.19,
        "start_time": 1158.97
      },
      {
        "act": "User requirements specifications.",
        "end_time": 1162.91,
        "start_time": 1160.76
      },
      {
        "act": "So what the user requires",
        "end_time": 1163.82,
        "start_time": 1162.22
      },
      {
        "act": "Yeah, what",
        "end_time": 1165.24,
        "start_time": 1164.68
      },
      {
        "act": "Do you think our two kind of overlap, because",
        "end_time": 1167.8,
        "start_time": 1164.78
      },
      {
        "act": "in a remote.",
        "end_time": 1165.68,
        "start_time": 1164.97
      },
      {
        "act": "Right, okay, yeah.",
        "end_time": 1167.52,
        "start_time": 1166.56
      },
      {
        "act": "Yeah, it does seem like our our responsibilities have some overlap.",
        "end_time": 1171.96,
        "start_time": 1167.89
      },
      {
        "act": "I guess that's what it says.",
        "end_time": 1169.59,
        "start_time": 1168.24
      },
      {
        "act": "You two you two are gonna be just, I think, you just double up, you know, you working together.",
        "end_time": 1174.82,
        "start_time": 1168.9
      },
      {
        "act": "Yeah.",
        "end_time": 1173.8,
        "start_time": 1173.33
      },
      {
        "act": "Yeah.",
        "end_time": 1174.42,
        "start_time": 1174.09
      },
      {
        "act": "You're the one that's gotta go and find out do th do the research, see what people want in a remote, what buttons are used more often, and s stuff like that.",
        "end_time": 1185.34,
        "start_time": 1176.23
      },
      {
        "act": "Mm.",
        "end_time": 1184.59,
        "start_time": 1184.27
      }
    ],
    "other_description": null,
    "topic": "project specs and roles of participants"
  },
  {
    "acts": [
      {
        "act": "Oh, we've been warned to finish the meeting now. Okay.",
        "end_time": 1190.31,
        "start_time": 1187.39
      },
      {
        "act": "Okay everyone, well done. Good meeting.",
        "end_time": 1197.9,
        "start_time": 1196.01
      },
      {
        "act": "Alright, see you in thirty minutes.",
        "end_time": 1199.6,
        "start_time": 1198.08
      },
      {
        "act": "Yeah.",
        "end_time": 1201.88,
        "start_time": 1201.53
      }
    ],
    "other_description": null,
    "topic": "closing"
  },
  {
    "acts": [
      {
        "act": "So, do we take these off?",
        "end_time": 1204.79,
        "start_time": 1202.93
      },
      {
        "act": "I don't",
        "end_time": 1206.24,
        "start_time": 1205.84
      }
    ],
    "other_description": null,
    "topic": "agenda/equipment issues"
  }
]