{
  "abs_summ": {
    "abs_summs_count": 22,
    "ext_summs_count": 87
  },
  "ap": [
    [
      {
        "act": "Who would like to start us off?",
        "end_time": 186.19,
        "is_in_ext_summ": false,
        "start_time": 185.25
      },
      {
        "act": "I don't mind going first.",
        "end_time": 191.25,
        "is_in_ext_summ": false,
        "start_time": 190.18
      },
      {
        "act": "Okay.",
        "end_time": 193.04,
        "is_in_ext_summ": false,
        "start_time": 191.61
      }
    ],
    [
      {
        "act": "Um do you have a PowerPoint or no?",
        "end_time": 194.89,
        "is_in_ext_summ": false,
        "start_time": 193.04
      },
      {
        "act": "Yeah,",
        "end_time": 195.27,
        "is_in_ext_summ": false,
        "start_time": 194.88
      },
      {
        "act": "it's in the should be in the m Project.",
        "end_time": 197.2,
        "is_in_ext_summ": false,
        "start_time": 195.27
      },
      {
        "act": "Okay.",
        "end_time": 196.91,
        "is_in_ext_summ": false,
        "start_time": 196.58
      }
    ],
    [
      {
        "act": "Do you want us to do our PowerPoints now or",
        "end_time": 198.45,
        "is_in_ext_summ": false,
        "start_time": 196.88
      },
      {
        "act": "You know you could you could do it yourself actually.",
        "end_time": 201.1,
        "is_in_ext_summ": false,
        "start_time": 198.23
      },
      {
        "act": "Oh.",
        "end_time": 201.67,
        "is_in_ext_summ": false,
        "start_time": 201.34
      },
      {
        "act": "Save it in the project documents.",
        "end_time": 205.0,
        "is_in_ext_summ": false,
        "start_time": 203.16
      },
      {
        "act": "Put it in Project Documents,",
        "end_time": 204.72,
        "is_in_ext_summ": false,
        "start_time": 203.24
      },
      {
        "act": "yeah.",
        "end_time": 204.98,
        "is_in_ext_summ": false,
        "start_time": 204.72
      },
      {
        "act": "Okay.",
        "end_time": 205.25,
        "is_in_ext_summ": false,
        "start_time": 205.0
      }
    ],
    [
      {
        "act": "This one?",
        "end_time": 218.95,
        "is_in_ext_summ": false,
        "start_time": 217.03
      },
      {
        "act": "Sure.",
        "end_time": 218.6,
        "is_in_ext_summ": false,
        "start_time": 218.2
      },
      {
        "act": "Okay.",
        "end_time": 219.66,
        "is_in_ext_summ": false,
        "start_time": 218.95
      }
    ],
    [
      {
        "act": "So that's it.",
        "end_time": 379.38,
        "is_in_ext_summ": false,
        "start_time": 378.79
      },
      {
        "act": "Alright.",
        "end_time": 381.65,
        "is_in_ext_summ": false,
        "start_time": 380.73
      },
      {
        "act": "Very good presentation.",
        "end_time": 382.91,
        "is_in_ext_summ": false,
        "start_time": 381.65
      }
    ],
    [
      {
        "act": "Who would like to um follow that one up?",
        "end_time": 391.31,
        "is_in_ext_summ": false,
        "start_time": 389.31
      },
      {
        "act": "I can go.",
        "end_time": 393.38,
        "is_in_ext_summ": false,
        "start_time": 392.84
      },
      {
        "act": "Okay.",
        "end_time": 394.27,
        "is_in_ext_summ": false,
        "start_time": 393.59
      }
    ],
    [
      {
        "act": "Do you want me to run it or you wanna",
        "end_time": 396.47,
        "is_in_ext_summ": false,
        "start_time": 394.27
      },
      {
        "act": "Yeah, you should run it.",
        "end_time": 396.5,
        "is_in_ext_summ": false,
        "start_time": 395.72
      },
      {
        "act": "Okay.",
        "end_time": 396.77,
        "is_in_ext_summ": false,
        "start_time": 396.47
      }
    ],
    [
      {
        "act": "Functional requirements.",
        "end_time": 402.8,
        "is_in_ext_summ": false,
        "start_time": 400.66
      },
      {
        "act": "Mm yes.",
        "end_time": 403.13,
        "is_in_ext_summ": false,
        "start_time": 402.02
      },
      {
        "act": "'Kay.",
        "end_time": 402.88,
        "is_in_ext_summ": false,
        "start_time": 402.8
      }
    ],
    [
      {
        "act": "Now we have Courtney with the functional requirements.",
        "end_time": 414.03,
        "is_in_ext_summ": true,
        "start_time": 411.2
      },
      {
        "act": "Yes,",
        "end_time": 414.75,
        "is_in_ext_summ": false,
        "start_time": 414.01
      }
    ],
    [
      {
        "act": "And that meaning what?",
        "end_time": 458.84,
        "is_in_ext_summ": false,
        "start_time": 457.28
      },
      {
        "act": "They like I guess use the buttons a lot.",
        "end_time": 463.66,
        "is_in_ext_summ": false,
        "start_time": 460.24
      },
      {
        "act": "Okay.",
        "end_time": 463.68,
        "is_in_ext_summ": false,
        "start_time": 463.22
      },
      {
        "act": "Yeah.",
        "end_time": 463.9,
        "is_in_ext_summ": false,
        "start_time": 463.66
      }
    ],
    [
      {
        "act": "What do you mean by um the current remote controls do not match well with the operating behaviour of the user, like they have to press the buttons.",
        "end_time": 479.29,
        "is_in_ext_summ": true,
        "start_time": 471.67
      },
      {
        "act": "I I think it's like the engineering versus user,",
        "end_time": 481.52,
        "is_in_ext_summ": true,
        "start_time": 478.2
      }
    ],
    [
      {
        "act": "and users don't really need all of the buttons that are contained on there, because they only use ten percent of the buttons really.",
        "end_time": 493.37,
        "is_in_ext_summ": true,
        "start_time": 486.35
      },
      {
        "act": "We only use ten per cent of our brains.",
        "end_time": 497.06,
        "is_in_ext_summ": false,
        "start_time": 494.66
      },
      {
        "act": "Good point.",
        "end_time": 499.02,
        "is_in_ext_summ": false,
        "start_time": 497.14
      },
      {
        "act": "It works.",
        "end_time": 500.83,
        "is_in_ext_summ": false,
        "start_time": 498.23
      }
    ],
    [
      {
        "act": "Ready for the next slide?",
        "end_time": 501.57,
        "is_in_ext_summ": false,
        "start_time": 500.83
      },
      {
        "act": "Mm-hmm.",
        "end_time": 502.94,
        "is_in_ext_summ": false,
        "start_time": 501.54
      }
    ],
    [
      {
        "act": "and R_S_I_, I'm not very sure what that is.",
        "end_time": 533.15,
        "is_in_ext_summ": true,
        "start_time": 530.37
      },
      {
        "act": "It's okay.",
        "end_time": 534.34,
        "is_in_ext_summ": false,
        "start_time": 533.41
      }
    ],
    [
      {
        "act": "ergonomics like your hand movements or something?",
        "end_time": 542.06,
        "is_in_ext_summ": false,
        "start_time": 539.83
      },
      {
        "act": "Could be, yeah.",
        "end_time": 543.28,
        "is_in_ext_summ": false,
        "start_time": 542.4
      },
      {
        "act": "Uh possibly.",
        "end_time": 543.89,
        "is_in_ext_summ": false,
        "start_time": 542.93
      },
      {
        "act": "I think that's a pretty good guess though.",
        "end_time": 553.5,
        "is_in_ext_summ": false,
        "start_time": 551.97
      },
      {
        "act": "Yeah, I would assume so.",
        "end_time": 555.44,
        "is_in_ext_summ": false,
        "start_time": 553.62
      }
    ],
    [
      {
        "act": "Do we really need t to provide more information on what R_S_I_ is?",
        "end_time": 548.78,
        "is_in_ext_summ": true,
        "start_time": 545.0
      },
      {
        "act": "Uh yeah, that's what my web site said,",
        "end_time": 550.64,
        "is_in_ext_summ": true,
        "start_time": 549.01
      }
    ],
    [
      {
        "act": "Next slide?",
        "end_time": 576.55,
        "is_in_ext_summ": false,
        "start_time": 575.98
      },
      {
        "act": "Yes.",
        "end_time": 576.72,
        "is_in_ext_summ": false,
        "start_time": 576.31
      }
    ],
    [
      {
        "act": "just to clarify by speech recognition you mean they would say, channel five, and the thing would go to channel five?",
        "end_time": 655.22,
        "is_in_ext_summ": false,
        "start_time": 650.06
      },
      {
        "act": "I guess so, yeah.",
        "end_time": 655.27,
        "is_in_ext_summ": false,
        "start_time": 654.37
      },
      {
        "act": "Okay.",
        "end_time": 657.58,
        "is_in_ext_summ": false,
        "start_time": 656.82
      }
    ],
    [
      {
        "act": "to just say, where are you, and thing beeps, you know.",
        "end_time": 661.19,
        "is_in_ext_summ": false,
        "start_time": 657.93
      },
      {
        "act": "Oh, that'd be lovely.",
        "end_time": 662.46,
        "is_in_ext_summ": false,
        "start_time": 661.05
      },
      {
        "act": "Yeah,",
        "end_time": 660.74,
        "is_in_ext_summ": false,
        "start_time": 660.39
      }
    ],
    [
      {
        "act": "Didn't they um didn't our rival companies manufacture a remote that you would press the button on the T_V_ and it would the remote would beep so if you have lost it",
        "end_time": 675.94,
        "is_in_ext_summ": true,
        "start_time": 666.82
      },
      {
        "act": "It's kinda like what the remote phone used to do.",
        "end_time": 677.1,
        "is_in_ext_summ": false,
        "start_time": 675.14
      },
      {
        "act": "Mm. Oh, yeah, that's true.",
        "end_time": 679.56,
        "is_in_ext_summ": false,
        "start_time": 677.27
      }
    ],
    [
      {
        "act": "We could definitely include that if we wanted to.",
        "end_time": 681.37,
        "is_in_ext_summ": true,
        "start_time": 679.56
      },
      {
        "act": "Yeah.",
        "end_time": 682.3,
        "is_in_ext_summ": false,
        "start_time": 682.01
      }
    ],
    [
      {
        "act": "Are we ready for our last presentation, Amber?",
        "end_time": 687.93,
        "is_in_ext_summ": false,
        "start_time": 685.99
      },
      {
        "act": "Yeah,",
        "end_time": 688.45,
        "is_in_ext_summ": false,
        "start_time": 688.21
      }
    ],
    [
      {
        "act": "I'm just trying to move it.",
        "end_time": 690.13,
        "is_in_ext_summ": false,
        "start_time": 688.45
      },
      {
        "act": "Okay.",
        "end_time": 689.96,
        "is_in_ext_summ": false,
        "start_time": 689.63
      }
    ],
    [
      {
        "act": "'Kay. Uh I didn't get a chance to complete this one, 'cause some of the tools that I was given were frustrating.",
        "end_time": 714.92,
        "is_in_ext_summ": true,
        "start_time": 706.11
      },
      {
        "act": "Oh that's fine.",
        "end_time": 714.38,
        "is_in_ext_summ": false,
        "start_time": 713.92
      }
    ],
    [
      {
        "act": "Either that or the smart chip will have to be extremely smart.",
        "end_time": 737.73,
        "is_in_ext_summ": false,
        "start_time": 733.92
      },
      {
        "act": "What exactly is a smart chip?",
        "end_time": 741.12,
        "is_in_ext_summ": false,
        "start_time": 739.73
      },
      {
        "act": "Usually a smart chip is just a chip that's been programmed and designed so that it can complete a fair range of functions.",
        "end_time": 749.17,
        "is_in_ext_summ": false,
        "start_time": 741.46
      },
      {
        "act": "Well, how much extra would the additional chip be?",
        "end_time": 752.46,
        "is_in_ext_summ": false,
        "start_time": 749.57
      }
    ],
    [
      {
        "act": "Is that gonna push us over our production costs?",
        "end_time": 754.61,
        "is_in_ext_summ": false,
        "start_time": 752.46
      },
      {
        "act": "I wouldn't think so,",
        "end_time": 755.97,
        "is_in_ext_summ": false,
        "start_time": 754.98
      }
    ],
    [
      {
        "act": "Ready?",
        "end_time": 766.11,
        "is_in_ext_summ": false,
        "start_time": 765.78
      },
      {
        "act": "Um yep,",
        "end_time": 767.61,
        "is_in_ext_summ": false,
        "start_time": 765.86
      }
    ],
    [
      {
        "act": "nothing here.",
        "end_time": 768.27,
        "is_in_ext_summ": false,
        "start_time": 767.61
      },
      {
        "act": "That's okay.",
        "end_time": 769.36,
        "is_in_ext_summ": false,
        "start_time": 768.55
      }
    ],
    [
      {
        "act": "So what exactly we are looking at, is this like the front of the remote?",
        "end_time": 859.7,
        "is_in_ext_summ": false,
        "start_time": 855.91
      },
      {
        "act": "This is just like a rough schematic.",
        "end_time": 860.82,
        "is_in_ext_summ": false,
        "start_time": 858.39
      },
      {
        "act": "So this is the internal workings.",
        "end_time": 862.62,
        "is_in_ext_summ": false,
        "start_time": 860.82
      }
    ],
    [
      {
        "act": "So the red would be the front of the remote though, right?",
        "end_time": 865.5,
        "is_in_ext_summ": false,
        "start_time": 862.81
      },
      {
        "act": "Yeah.",
        "end_time": 865.32,
        "is_in_ext_summ": false,
        "start_time": 864.92
      },
      {
        "act": "Okay.",
        "end_time": 865.76,
        "is_in_ext_summ": false,
        "start_time": 865.5
      },
      {
        "act": "Yeah, that's gonna be what's communicating with the T_V_,",
        "end_time": 867.96,
        "is_in_ext_summ": false,
        "start_time": 865.43
      }
    ],
    [
      {
        "act": "but the other bulb, I think, is good to just to indicate, I'm doing something, it's sort of like a reassurance.",
        "end_time": 873.67,
        "is_in_ext_summ": true,
        "start_time": 867.96
      },
      {
        "act": "Like that we know the battery's working.",
        "end_time": 874.49,
        "is_in_ext_summ": true,
        "start_time": 872.84
      },
      {
        "act": "The l the light up kind of",
        "end_time": 875.93,
        "is_in_ext_summ": false,
        "start_time": 872.56
      },
      {
        "act": "Yeah, so you don't have to stare at that infra-red,",
        "end_time": 875.73,
        "is_in_ext_summ": false,
        "start_time": 873.32
      }
    ],
    [
      {
        "act": "right?",
        "end_time": 885.88,
        "is_in_ext_summ": false,
        "start_time": 885.57
      },
      {
        "act": "Yep.",
        "end_time": 886.36,
        "is_in_ext_summ": false,
        "start_time": 886.12
      },
      {
        "act": "Yeah.",
        "end_time": 886.61,
        "is_in_ext_summ": false,
        "start_time": 886.26
      },
      {
        "act": "Yeah.",
        "end_time": 886.83,
        "is_in_ext_summ": false,
        "start_time": 886.58
      }
    ],
    [
      {
        "act": "It'd probably be lighting up the key too,",
        "end_time": 885.57,
        "is_in_ext_summ": false,
        "start_time": 883.99
      },
      {
        "act": "So you can put it in the dark.",
        "end_time": 889.97,
        "is_in_ext_summ": false,
        "start_time": 887.85
      },
      {
        "act": "Yeah, and that's good.",
        "end_time": 891.49,
        "is_in_ext_summ": false,
        "start_time": 890.18
      }
    ],
    [
      {
        "act": "We should make it glow in the dark.",
        "end_time": 893.66,
        "is_in_ext_summ": false,
        "start_time": 891.49
      },
      {
        "act": "Yeah, definitely.",
        "end_time": 893.88,
        "is_in_ext_summ": false,
        "start_time": 892.93
      }
    ],
    [
      {
        "act": "'Kay nex R Ready?",
        "end_time": 895.46,
        "is_in_ext_summ": false,
        "start_time": 893.88
      },
      {
        "act": "Yeah, that's it.",
        "end_time": 896.2,
        "is_in_ext_summ": false,
        "start_time": 895.48
      }
    ],
    [
      {
        "act": "you f you said already that we needed a large on-off button, you think.",
        "end_time": 905.4,
        "is_in_ext_summ": false,
        "start_time": 901.85
      },
      {
        "act": "I think that that's a good idea,",
        "end_time": 906.7,
        "is_in_ext_summ": false,
        "start_time": 905.33
      }
    ],
    [
      {
        "act": "because you know that's one of the most important buttons.",
        "end_time": 909.63,
        "is_in_ext_summ": false,
        "start_time": 906.7
      },
      {
        "act": "Well, should it be larger buttons in general,",
        "end_time": 912.32,
        "is_in_ext_summ": true,
        "start_time": 910.18
      }
    ],
    [
      {
        "act": "So should we try and go for something that has l larger buttons?",
        "end_time": 919.11,
        "is_in_ext_summ": false,
        "start_time": 915.25
      },
      {
        "act": "I think we should.",
        "end_time": 919.96,
        "is_in_ext_summ": false,
        "start_time": 919.19
      }
    ],
    [
      {
        "act": "I think we should do something like maybe bigger and round like bubbles.",
        "end_time": 933.47,
        "is_in_ext_summ": true,
        "start_time": 929.85
      },
      {
        "act": "Ovals.",
        "end_time": 931.72,
        "is_in_ext_summ": false,
        "start_time": 931.26
      }
    ],
    [
      {
        "act": "And you know what teletext is?",
        "end_time": 995.05,
        "is_in_ext_summ": false,
        "start_time": 992.59
      },
      {
        "act": "Yeah.",
        "end_time": 995.89,
        "is_in_ext_summ": false,
        "start_time": 995.73
      }
    ],
    [
      {
        "act": "in States we don't have it,",
        "end_time": 997.64,
        "is_in_ext_summ": false,
        "start_time": 996.5
      },
      {
        "act": "I know.",
        "end_time": 998.46,
        "is_in_ext_summ": false,
        "start_time": 997.94
      },
      {
        "act": "What is it?",
        "end_time": 998.4,
        "is_in_ext_summ": false,
        "start_time": 997.96
      },
      {
        "act": "but um it's like they just have this channel where just has news and weather, kind of sports,",
        "end_time": 1003.13,
        "is_in_ext_summ": false,
        "start_time": 997.64
      }
    ],
    [
      {
        "act": "it's just text on the screen,",
        "end_time": 1008.02,
        "is_in_ext_summ": false,
        "start_time": 1006.23
      },
      {
        "act": "Yeah,",
        "end_time": 1007.73,
        "is_in_ext_summ": false,
        "start_time": 1007.52
      }
    ],
    [
      {
        "act": "it's like black, black and white kind of",
        "end_time": 1009.61,
        "is_in_ext_summ": false,
        "start_time": 1007.73
      },
      {
        "act": "Yeah,",
        "end_time": 1009.02,
        "is_in_ext_summ": false,
        "start_time": 1008.72
      }
    ],
    [
      {
        "act": "just black with just text.",
        "end_time": 1010.99,
        "is_in_ext_summ": false,
        "start_time": 1009.02
      },
      {
        "act": "Like running along the bottom?",
        "end_time": 1011.85,
        "is_in_ext_summ": false,
        "start_time": 1010.36
      },
      {
        "act": "Yeah.",
        "end_time": 1012.39,
        "is_in_ext_summ": false,
        "start_time": 1011.93
      }
    ],
    [
      {
        "act": "You can also get the kind of the T_V_ guide so",
        "end_time": 1014.73,
        "is_in_ext_summ": false,
        "start_time": 1012.23
      },
      {
        "act": "is it like the Weather Channel where it's got like the ticker running on the bottom or something?",
        "end_time": 1019.48,
        "is_in_ext_summ": false,
        "start_time": 1015.34
      },
      {
        "act": "Kind of.",
        "end_time": 1019.29,
        "is_in_ext_summ": false,
        "start_time": 1018.76
      },
      {
        "act": "Except the entire screen.",
        "end_time": 1020.67,
        "is_in_ext_summ": false,
        "start_time": 1018.84
      },
      {
        "act": "It's the entire screen is just running information at random.",
        "end_time": 1025.0,
        "is_in_ext_summ": false,
        "start_time": 1020.31
      },
      {
        "act": "Yeah it's the whole screen.",
        "end_time": 1021.76,
        "is_in_ext_summ": false,
        "start_time": 1020.71
      }
    ],
    [
      {
        "act": "You can pick sports, you can pick the news, you entertainment,",
        "end_time": 1027.5,
        "is_in_ext_summ": false,
        "start_time": 1024.44
      },
      {
        "act": "So it's like a separate channel from like what you're watching?",
        "end_time": 1030.22,
        "is_in_ext_summ": false,
        "start_time": 1028.02
      },
      {
        "act": "Yeah.",
        "end_time": 1030.63,
        "is_in_ext_summ": false,
        "start_time": 1030.39
      },
      {
        "act": "But it's becoming out-dated now, because of the Internet.",
        "end_time": 1032.81,
        "is_in_ext_summ": true,
        "start_time": 1030.48
      }
    ],
    [
      {
        "act": "So, do we have to include the company colour within that?",
        "end_time": 1045.67,
        "is_in_ext_summ": false,
        "start_time": 1041.96
      },
      {
        "act": "Yes.",
        "end_time": 1046.94,
        "is_in_ext_summ": false,
        "start_time": 1045.97
      }
    ],
    [
      {
        "act": "It's part of the logo.",
        "end_time": 1048.66,
        "is_in_ext_summ": false,
        "start_time": 1046.94
      },
      {
        "act": "Company colour being yellow.",
        "end_time": 1053.07,
        "is_in_ext_summ": false,
        "start_time": 1051.03
      }
    ],
    [
      {
        "act": "Because I think even if something has large buttons, as long as they are not childishly large, like even technically",
        "end_time": 1100.54,
        "is_in_ext_summ": true,
        "start_time": 1094.15
      },
      {
        "act": "It's gonna make it nicer.",
        "end_time": 1098.58,
        "is_in_ext_summ": false,
        "start_time": 1097.22
      }
    ],
    [
      {
        "act": "I mean they want something user-friendly, so",
        "end_time": 1107.13,
        "is_in_ext_summ": false,
        "start_time": 1104.97
      },
      {
        "act": "Mm well, even if we kept the regular standard size of remote, if we reduced the buttons down to the ones that people are saying that they use the most often and a couple extra,",
        "end_time": 1116.17,
        "is_in_ext_summ": false,
        "start_time": 1106.93
      }
    ],
    [
      {
        "act": "right?",
        "end_time": 1133.08,
        "is_in_ext_summ": false,
        "start_time": 1132.84
      },
      {
        "act": "No,",
        "end_time": 1135.33,
        "is_in_ext_summ": false,
        "start_time": 1135.13
      },
      {
        "act": "kids need to know how to use a remote, I would think.",
        "end_time": 1138.59,
        "is_in_ext_summ": false,
        "start_time": 1135.33
      },
      {
        "act": "Most of them will intuitively pick it up though.",
        "end_time": 1139.68,
        "is_in_ext_summ": false,
        "start_time": 1137.63
      }
    ],
    [
      {
        "act": "They gotta change between Disney Channel, Cartoon Network.",
        "end_time": 1141.57,
        "is_in_ext_summ": false,
        "start_time": 1138.59
      },
      {
        "act": "Okay,",
        "end_time": 1141.74,
        "is_in_ext_summ": false,
        "start_time": 1141.29
      }
    ],
    [
      {
        "act": "so we're going to go anywhere from kids to adult in the age range",
        "end_time": 1146.91,
        "is_in_ext_summ": true,
        "start_time": 1141.74
      },
      {
        "act": "Yeah, I think we need it all.",
        "end_time": 1144.8,
        "is_in_ext_summ": false,
        "start_time": 1143.4
      }
    ],
    [
      {
        "act": "like how how technically literate are these people who are going to be using our remote?",
        "end_time": 1158.66,
        "is_in_ext_summ": false,
        "start_time": 1155.01
      },
      {
        "act": "Um I would say we should say dumber than the average person.",
        "end_time": 1163.17,
        "is_in_ext_summ": false,
        "start_time": 1159.54
      },
      {
        "act": "Okay.",
        "end_time": 1163.61,
        "is_in_ext_summ": false,
        "start_time": 1163.36
      },
      {
        "act": "We should go for the lowest denominator.",
        "end_time": 1165.23,
        "is_in_ext_summ": false,
        "start_time": 1163.32
      },
      {
        "act": "Yeah.",
        "end_time": 1165.72,
        "is_in_ext_summ": false,
        "start_time": 1165.28
      },
      {
        "act": "Right, okay.",
        "end_time": 1167.18,
        "is_in_ext_summ": false,
        "start_time": 1165.99
      }
    ],
    [
      {
        "act": "So so they need no technical experience to operate",
        "end_time": 1171.5,
        "is_in_ext_summ": false,
        "start_time": 1167.89
      },
      {
        "act": "how 'bout little to no,",
        "end_time": 1172.66,
        "is_in_ext_summ": false,
        "start_time": 1171.48
      }
    ],
    [
      {
        "act": "So if you have something just say it and we'll add it to my meeting minutes.",
        "end_time": 1210.04,
        "is_in_ext_summ": false,
        "start_time": 1205.39
      },
      {
        "act": "Well it's channel, on-off button, volume, mute.",
        "end_time": 1217.34,
        "is_in_ext_summ": false,
        "start_time": 1213.14
      },
      {
        "act": "Mm-hmm, volume.",
        "end_time": 1216.66,
        "is_in_ext_summ": false,
        "start_time": 1215.18
      },
      {
        "act": "And channel.",
        "end_time": 1218.22,
        "is_in_ext_summ": false,
        "start_time": 1217.3
      },
      {
        "act": "Yeah.",
        "end_time": 1219.08,
        "is_in_ext_summ": false,
        "start_time": 1218.22
      },
      {
        "act": "Those are the most important ones.",
        "end_time": 1220.4,
        "is_in_ext_summ": false,
        "start_time": 1219.08
      },
      {
        "act": "Right.",
        "end_time": 1221.25,
        "is_in_ext_summ": false,
        "start_time": 1220.52
      }
    ],
    [
      {
        "act": "I'll make a note here that we wanna keep the number of buttons down.",
        "end_time": 1225.67,
        "is_in_ext_summ": false,
        "start_time": 1222.92
      },
      {
        "act": "Yeah.",
        "end_time": 1227.61,
        "is_in_ext_summ": false,
        "start_time": 1227.35
      },
      {
        "act": "'Kay.",
        "end_time": 1228.11,
        "is_in_ext_summ": false,
        "start_time": 1227.9
      }
    ],
    [
      {
        "act": "Hey, what else?",
        "end_time": 1234.11,
        "is_in_ext_summ": false,
        "start_time": 1233.23
      },
      {
        "act": "Do we want this thing to be able to be found easily?",
        "end_time": 1249.54,
        "is_in_ext_summ": false,
        "start_time": 1244.84
      },
      {
        "act": "I think so.",
        "end_time": 1251.01,
        "is_in_ext_summ": false,
        "start_time": 1249.75
      }
    ],
    [
      {
        "act": "What do you",
        "end_time": 1251.37,
        "is_in_ext_summ": false,
        "start_time": 1251.01
      },
      {
        "act": "Sure, yeah.",
        "end_time": 1253.22,
        "is_in_ext_summ": false,
        "start_time": 1252.7
      }
    ],
    [
      {
        "act": "we we need a like homing device.",
        "end_time": 1257.66,
        "is_in_ext_summ": true,
        "start_time": 1255.7
      },
      {
        "act": "Yeah, ho homing device.",
        "end_time": 1258.51,
        "is_in_ext_summ": false,
        "start_time": 1256.69
      }
    ],
    [
      {
        "act": "like if this is gonna get lost underneath the coach, how are we going to accommodate the quick ability to find it?",
        "end_time": 1263.2,
        "is_in_ext_summ": false,
        "start_time": 1256.4
      },
      {
        "act": "What if we gave it a charger?",
        "end_time": 1274.37,
        "is_in_ext_summ": false,
        "start_time": 1272.43
      },
      {
        "act": "Would that add to our costs at all, I wonder?",
        "end_time": 1292.89,
        "is_in_ext_summ": false,
        "start_time": 1291.02
      },
      {
        "act": "I would think so, because you'd have to develop a base.",
        "end_time": 1295.59,
        "is_in_ext_summ": false,
        "start_time": 1293.44
      },
      {
        "act": "Well, if you have the base, you could start putting in a charger and then you have a different kind of battery.",
        "end_time": 1300.01,
        "is_in_ext_summ": true,
        "start_time": 1295.92
      },
      {
        "act": "Hmm.",
        "end_time": 1303.45,
        "is_in_ext_summ": false,
        "start_time": 1302.77
      },
      {
        "act": "Rechargeable batteries are cheaper usually.",
        "end_time": 1306.1,
        "is_in_ext_summ": true,
        "start_time": 1303.44
      }
    ],
    [
      {
        "act": "And on the charger, just like a phone, like you get a portable phone and it's got a charger,",
        "end_time": 1278.25,
        "is_in_ext_summ": true,
        "start_time": 1274.37
      },
      {
        "act": "But you got a base.",
        "end_time": 1278.89,
        "is_in_ext_summ": false,
        "start_time": 1278.21
      }
    ],
    [
      {
        "act": "and if you d leave your phone somewhere, you push the button to find it, and it finds th the phone beeps for you.",
        "end_time": 1284.99,
        "is_in_ext_summ": true,
        "start_time": 1278.25
      },
      {
        "act": "Do you think people'll really go for that though?",
        "end_time": 1285.27,
        "is_in_ext_summ": false,
        "start_time": 1283.85
      },
      {
        "act": "It's useful for the remote phone.",
        "end_time": 1288.87,
        "is_in_ext_summ": false,
        "start_time": 1287.01
      }
    ],
    [
      {
        "act": "And we also need to deal with the issue you mentioned of speech recognition, if we want that.",
        "end_time": 1331.23,
        "is_in_ext_summ": false,
        "start_time": 1325.72
      },
      {
        "act": "If we have the speech recognition then we can start aiming at a like another kind of more handicapped disabled uh demo demographic.",
        "end_time": 1341.28,
        "is_in_ext_summ": true,
        "start_time": 1332.38
      },
      {
        "act": "Well, th there's the people who desire speech recognition, there's the different demog demographics have different desires,",
        "end_time": 1349.53,
        "is_in_ext_summ": false,
        "start_time": 1341.71
      }
    ],
    [
      {
        "act": "we could hook it up.",
        "end_time": 1353.74,
        "is_in_ext_summ": false,
        "start_time": 1352.54
      },
      {
        "act": "It wouldn't copy onto the the thing 'cause it's black,",
        "end_time": 1356.03,
        "is_in_ext_summ": false,
        "start_time": 1352.46
      }
    ],
    [
      {
        "act": "They're the ones that get addicted to soap operas and",
        "end_time": 1373.72,
        "is_in_ext_summ": false,
        "start_time": 1370.66
      },
      {
        "act": "And if and if we introduced it when they're this age, they're going to probably always buy a remote that has",
        "end_time": 1380.4,
        "is_in_ext_summ": false,
        "start_time": 1375.11
      },
      {
        "act": "Right.",
        "end_time": 1379.91,
        "is_in_ext_summ": false,
        "start_time": 1379.67
      }
    ],
    [
      {
        "act": "whereas if you just speak in general and you don't have to have the remote in your hand and like talk at it.",
        "end_time": 1397.11,
        "is_in_ext_summ": false,
        "start_time": 1392.46
      },
      {
        "act": "and the speech recognition could be part of the lost and found device, too.",
        "end_time": 1402.89,
        "is_in_ext_summ": true,
        "start_time": 1398.2
      }
    ],
    [
      {
        "act": "Okay, anything else we wanna discuss?",
        "end_time": 1430.09,
        "is_in_ext_summ": false,
        "start_time": 1428.16
      },
      {
        "act": "Well, do we wanna include the numbers like zero through nine?",
        "end_time": 1435.4,
        "is_in_ext_summ": true,
        "start_time": 1431.0
      },
      {
        "act": "on the remote itself?",
        "end_time": 1440.37,
        "is_in_ext_summ": false,
        "start_time": 1439.42
      },
      {
        "act": "Yeah, like you have one, two, three, four, five, six, seven, eight, nine, zero.",
        "end_time": 1443.47,
        "is_in_ext_summ": false,
        "start_time": 1440.34
      },
      {
        "act": "Well, we definitely need those.",
        "end_time": 1444.8,
        "is_in_ext_summ": true,
        "start_time": 1443.57
      },
      {
        "act": "yeah,",
        "end_time": 1444.99,
        "is_in_ext_summ": false,
        "start_time": 1444.8
      }
    ],
    [
      {
        "act": "how would you leave those out?",
        "end_time": 1445.8,
        "is_in_ext_summ": false,
        "start_time": 1444.99
      },
      {
        "act": "Well, I don't know,",
        "end_time": 1446.78,
        "is_in_ext_summ": false,
        "start_time": 1446.26
      },
      {
        "act": "I don't know,",
        "end_time": 1449.89,
        "is_in_ext_summ": false,
        "start_time": 1449.51
      },
      {
        "act": "Unless you could say the channel.",
        "end_time": 1450.93,
        "is_in_ext_summ": false,
        "start_time": 1449.61
      },
      {
        "act": "I think people would find that too foreign.",
        "end_time": 1453.43,
        "is_in_ext_summ": false,
        "start_time": 1451.8
      },
      {
        "act": "Yeah.",
        "end_time": 1454.73,
        "is_in_ext_summ": false,
        "start_time": 1453.73
      },
      {
        "act": "Yeah, that's true.",
        "end_time": 1454.88,
        "is_in_ext_summ": false,
        "start_time": 1454.12
      }
    ],
    [
      {
        "act": "I mean, if you can like well",
        "end_time": 1449.51,
        "is_in_ext_summ": false,
        "start_time": 1446.78
      },
      {
        "act": "if there's just a way of leaving them out?",
        "end_time": 1451.45,
        "is_in_ext_summ": false,
        "start_time": 1449.89
      }
    ],
    [
      {
        "act": "So I couldn't whenever I got cable, I had to get a new T_V_.",
        "end_time": 1468.01,
        "is_in_ext_summ": false,
        "start_time": 1465.23
      },
      {
        "act": "It's when we get satellite.",
        "end_time": 1471.51,
        "is_in_ext_summ": false,
        "start_time": 1470.14
      }
    ],
    [
      {
        "act": "I guess, we're gonna discuss the project financing later,",
        "end_time": 1484.73,
        "is_in_ext_summ": false,
        "start_time": 1480.8
      },
      {
        "act": "Yeah,",
        "end_time": 1493.89,
        "is_in_ext_summ": false,
        "start_time": 1493.65
      },
      {
        "act": "'cause I don't have any material pricing information available to me at the moment, so",
        "end_time": 1497.61,
        "is_in_ext_summ": false,
        "start_time": 1493.89
      }
    ],
    [
      {
        "act": "And don't forget we need to include the colour of our company and the logo.",
        "end_time": 1503.97,
        "is_in_ext_summ": true,
        "start_time": 1498.42
      },
      {
        "act": "The colour being yellow?",
        "end_time": 1506.4,
        "is_in_ext_summ": false,
        "start_time": 1504.21
      },
      {
        "act": "I'm guessing.",
        "end_time": 1508.63,
        "is_in_ext_summ": false,
        "start_time": 1506.82
      },
      {
        "act": "I feel like a ye I feel like a yellow one would be too garish.",
        "end_time": 1511.52,
        "is_in_ext_summ": false,
        "start_time": 1508.47
      },
      {
        "act": "We could just have the logo in yellow,",
        "end_time": 1513.84,
        "is_in_ext_summ": true,
        "start_time": 1511.6
      },
      {
        "act": "Can't make it entirely",
        "end_time": 1513.25,
        "is_in_ext_summ": false,
        "start_time": 1512.06
      }
    ],
    [
      {
        "act": "or maybe a yellow light for the keys.",
        "end_time": 1515.96,
        "is_in_ext_summ": true,
        "start_time": 1513.84
      },
      {
        "act": "Or put like stripes,",
        "end_time": 1516.69,
        "is_in_ext_summ": false,
        "start_time": 1515.68
      },
      {
        "act": "oh yeah, yellow lights.",
        "end_time": 1518.62,
        "is_in_ext_summ": false,
        "start_time": 1516.69
      }
    ],
    [
      {
        "act": "doesn't have to be huge.",
        "end_time": 1521.6,
        "is_in_ext_summ": false,
        "start_time": 1520.32
      },
      {
        "act": "If you have this sort of strip kind of down at the bottom the base of it, just like yellow with the R_R_.",
        "end_time": 1532.01,
        "is_in_ext_summ": true,
        "start_time": 1525.37
      },
      {
        "act": "Right.",
        "end_time": 1532.8,
        "is_in_ext_summ": false,
        "start_time": 1532.19
      }
    ],
    [
      {
        "act": "I'm gonna look really quickly back at those",
        "end_time": 1566.53,
        "is_in_ext_summ": false,
        "start_time": 1564.49
      },
      {
        "act": "Two examples.",
        "end_time": 1568.67,
        "is_in_ext_summ": false,
        "start_time": 1567.25
      },
      {
        "act": "examples",
        "end_time": 1568.84,
        "is_in_ext_summ": false,
        "start_time": 1567.95
      },
      {
        "act": "Yeah.",
        "end_time": 1568.89,
        "is_in_ext_summ": false,
        "start_time": 1568.67
      }
    ],
    [
      {
        "act": "Which one is yours, technical functions",
        "end_time": 1571.92,
        "is_in_ext_summ": false,
        "start_time": 1569.66
      },
      {
        "act": "Yeah.",
        "end_time": 1572.33,
        "is_in_ext_summ": false,
        "start_time": 1572.13
      },
      {
        "act": "Okay.",
        "end_time": 1573.13,
        "is_in_ext_summ": false,
        "start_time": 1572.95
      }
    ],
    [
      {
        "act": "or do we just want that accessed accessed from the television itself?",
        "end_time": 1586.17,
        "is_in_ext_summ": true,
        "start_time": 1582.71
      },
      {
        "act": "I think that that's fine just for the T_V_.",
        "end_time": 1588.09,
        "is_in_ext_summ": true,
        "start_time": 1585.76
      },
      {
        "act": "Well, the other option is sort of like down at the bottom, like farther away,",
        "end_time": 1597.12,
        "is_in_ext_summ": false,
        "start_time": 1592.07
      }
    ],
    [
      {
        "act": "you just have this sort of box inset where it's like the buttons that you don't use as much, but occasionally you will use.",
        "end_time": 1602.72,
        "is_in_ext_summ": false,
        "start_time": 1597.12
      },
      {
        "act": "Yeah, 'cause we need to we definitely need to have buttons for like sub-titles and things like that.",
        "end_time": 1607.77,
        "is_in_ext_summ": false,
        "start_time": 1603.45
      },
      {
        "act": "Couldn't we do that all through one button,",
        "end_time": 1622.97,
        "is_in_ext_summ": false,
        "start_time": 1621.17
      },
      {
        "act": "I don't well, I don't know.",
        "end_time": 1624.19,
        "is_in_ext_summ": false,
        "start_time": 1623.06
      }
    ],
    [
      {
        "act": "you know?",
        "end_time": 1630.22,
        "is_in_ext_summ": false,
        "start_time": 1629.76
      },
      {
        "act": "Right.",
        "end_time": 1630.72,
        "is_in_ext_summ": false,
        "start_time": 1630.4
      }
    ],
    [
      {
        "act": "something, a menu button, that pops up with a menu on the T_V_ that says, you know, audio, video, whatever, language,",
        "end_time": 1629.76,
        "is_in_ext_summ": false,
        "start_time": 1622.97
      },
      {
        "act": "So we need up, down, and side-to-side buttons.",
        "end_time": 1632.67,
        "is_in_ext_summ": false,
        "start_time": 1630.64
      },
      {
        "act": "No",
        "end_time": 1634.09,
        "is_in_ext_summ": false,
        "start_time": 1633.86
      },
      {
        "act": "For the menus.",
        "end_time": 1634.37,
        "is_in_ext_summ": false,
        "start_time": 1633.46
      },
      {
        "act": "you could just double up with like the channel or the volume buttons.",
        "end_time": 1637.44,
        "is_in_ext_summ": true,
        "start_time": 1634.09
      },
      {
        "act": "That's true.",
        "end_time": 1639.15,
        "is_in_ext_summ": false,
        "start_time": 1638.63
      },
      {
        "act": "Yeah, okay.",
        "end_time": 1640.09,
        "is_in_ext_summ": false,
        "start_time": 1639.23
      }
    ],
    [
      {
        "act": "Channel is just up and down.",
        "end_time": 1640.88,
        "is_in_ext_summ": false,
        "start_time": 1639.68
      },
      {
        "act": "Okay, yeah.",
        "end_time": 1642.41,
        "is_in_ext_summ": false,
        "start_time": 1641.84
      }
    ],
    [
      {
        "act": "And then add a",
        "end_time": 1643.6,
        "is_in_ext_summ": false,
        "start_time": 1642.68
      },
      {
        "act": "Something that looks mayb you know.",
        "end_time": 1648.04,
        "is_in_ext_summ": false,
        "start_time": 1644.56
      },
      {
        "act": "Such as, yeah, the one the one over there on the left the engineering centred one.",
        "end_time": 1650.42,
        "is_in_ext_summ": false,
        "start_time": 1645.8
      },
      {
        "act": "Y right, right right right.",
        "end_time": 1651.4,
        "is_in_ext_summ": false,
        "start_time": 1649.52
      }
    ],
    [
      {
        "act": "So we just have it like add a menu button then for the various things needed,",
        "end_time": 1657.14,
        "is_in_ext_summ": true,
        "start_time": 1651.95
      },
      {
        "act": "Right.",
        "end_time": 1657.65,
        "is_in_ext_summ": false,
        "start_time": 1657.03
      },
      {
        "act": "In the middle perhaps.",
        "end_time": 1659.36,
        "is_in_ext_summ": false,
        "start_time": 1657.65
      }
    ],
    [
      {
        "act": "I just got an idea for a design.",
        "end_time": 1669.39,
        "is_in_ext_summ": false,
        "start_time": 1667.53
      },
      {
        "act": "good.",
        "end_time": 1670.29,
        "is_in_ext_summ": false,
        "start_time": 1669.96
      }
    ],
    [
      {
        "act": "Anybody have anything else they'd like to bring up in this meeting?",
        "end_time": 1685.84,
        "is_in_ext_summ": false,
        "start_time": 1682.29
      },
      {
        "act": "I had something, but I forgot.",
        "end_time": 1687.55,
        "is_in_ext_summ": false,
        "start_time": 1686.43
      },
      {
        "act": "Okay.",
        "end_time": 1690.37,
        "is_in_ext_summ": false,
        "start_time": 1689.07
      }
    ]
  ],
  "ap_meta": {
    "far_than_3s": 11,
    "total": 266,
    "total_sequences": 86,
    "values": [
      [
        0,
        186.19
      ],
      [
        14,
        543.89
      ],
      [
        55,
        1210.04
      ],
      [
        57,
        1234.11
      ],
      [
        60,
        1263.2
      ],
      [
        60,
        1274.37
      ],
      [
        67,
        1435.4
      ],
      [
        71,
        1484.73
      ],
      [
        74,
        1521.6
      ],
      [
        77,
        1588.09
      ],
      [
        78,
        1607.77
      ]
    ]
  },
  "args": [
    [
      {
        "act": "non-technically challenged people are gonna use it. I mean they want something user-friendly, so",
        "ae_type": "Open issue",
        "end_time": 1107.13,
        "speaker_id": "A",
        "start_time": 1102.32
      },
      {
        "act": "It's gonna make it nicer.",
        "ae_type": "Statement",
        "end_time": 1098.58,
        "speaker_id": "C",
        "start_time": 1097.22
      },
      {
        "act": "Mm well, even if we kept the regular standard size of remote, if we reduced the buttons down to the ones that people are saying that they use the most often and a couple extra, 'cause they're saying they only use ten per cent of them, then we should be able to accommodate fairly decent sized buttons.",
        "ae_type": "Statement",
        "end_time": 1122.89,
        "speaker_id": "B",
        "start_time": 1106.93
      },
      {
        "act": "Yeah.",
        "ae_type": "Statement",
        "end_time": 1116.45,
        "speaker_id": "A",
        "start_time": 1116.2
      },
      {
        "act": "Okay, so we want um for our target group would we say, I mean, young and old, all age ranges, all um, not kids obviously, right?",
        "ae_type": "Yes/No issue",
        "end_time": 1133.08,
        "speaker_id": "A",
        "start_time": 1123.08
      },
      {
        "act": "Or kids?",
        "ae_type": "Yes/No issue",
        "end_time": 1134.69,
        "speaker_id": "A",
        "start_time": 1134.15
      },
      {
        "act": "No, kids need to know how to use a remote, I would think. They gotta change between Disney Channel, Cartoon Network.",
        "ae_type": "Statement",
        "end_time": 1141.57,
        "speaker_id": "D",
        "start_time": 1135.13
      },
      {
        "act": "Most of them will intuitively pick it up though.",
        "ae_type": "Statement",
        "end_time": 1139.68,
        "speaker_id": "B",
        "start_time": 1137.63
      },
      {
        "act": "technic technical um specifications, like how how technically literate are these people who are going to be using our remote?",
        "ae_type": "Open issue",
        "end_time": 1158.66,
        "speaker_id": "A",
        "start_time": 1151.88
      },
      {
        "act": "Yeah, I think we need it all.",
        "ae_type": "Statement",
        "end_time": 1144.8,
        "speaker_id": "D",
        "start_time": 1143.4
      },
      {
        "act": "Um I would say we should say dumber than the average person.",
        "ae_type": "Statement",
        "end_time": 1163.17,
        "speaker_id": "D",
        "start_time": 1159.54
      },
      {
        "act": "We should go for the lowest denominator.",
        "ae_type": "Statement",
        "end_time": 1165.23,
        "speaker_id": "C",
        "start_time": 1163.32
      },
      {
        "act": "Okay.",
        "ae_type": "Statement",
        "end_time": 1163.61,
        "speaker_id": "A",
        "start_time": 1163.36
      },
      {
        "act": "Yeah.",
        "ae_type": "Statement",
        "end_time": 1165.72,
        "speaker_id": "D",
        "start_time": 1165.28
      },
      {
        "act": "High school educated.",
        "ae_type": "Statement",
        "end_time": 1169.13,
        "speaker_id": "C",
        "start_time": 1167.82
      },
      {
        "act": "So so they need no technical experience to operate",
        "ae_type": "Yes/No issue",
        "end_time": 1171.5,
        "speaker_id": "A",
        "start_time": 1167.89
      },
      {
        "act": "how 'bout little to no, because there is no way that you are gonna be able to make it no.",
        "ae_type": "Statement",
        "end_time": 1176.45,
        "speaker_id": "B",
        "start_time": 1171.48
      }
    ],
    [
      {
        "act": "So we've simplified, we don't need all those um play, fast-forward, rewind, or no menu buttons. So we've pretty much pared it down to on-off, volume, mute, channel up and down, um the numbers",
        "ae_type": "Statement",
        "end_time": 1551.52,
        "speaker_id": "A",
        "start_time": 1537.25
      },
      {
        "act": "Right, yeah.",
        "ae_type": "Statement",
        "end_time": 1542.48,
        "speaker_id": "C",
        "start_time": 1541.67
      },
      {
        "act": "Yeah.",
        "ae_type": "Statement",
        "end_time": 1542.97,
        "speaker_id": "D",
        "start_time": 1542.55
      },
      {
        "act": "Yeah.",
        "ae_type": "Statement",
        "end_time": 1555.85,
        "speaker_id": "A",
        "start_time": 1555.06
      },
      {
        "act": "Um can we go back to I'm gonna look really quickly back at those examples and see if there is anything. Which one is yours, technical functions or functional requirement? Okay.",
        "ae_type": "Statement",
        "end_time": 1573.13,
        "speaker_id": "A",
        "start_time": 1562.72
      },
      {
        "act": "Two examples. Yeah.",
        "ae_type": "Statement",
        "end_time": 1568.89,
        "speaker_id": "C",
        "start_time": 1567.25
      },
      {
        "act": "Yeah, audi audio settings and screen settings, we need those like audio settings mono, stereo, pitch, screen settings like brightness, colour, or do we just want that accessed accessed from the television itself?",
        "ae_type": "Yes/No issue",
        "end_time": 1586.17,
        "speaker_id": "D",
        "start_time": 1574.4
      },
      {
        "act": "The T_V_. I think that that's fine just for the T_V_. I mean how often does the average user need to do that kind of stuff?",
        "ae_type": "Open issue",
        "end_time": 1591.8,
        "speaker_id": "A",
        "start_time": 1585.19
      },
      {
        "act": "Well, the other option is sort of like down at the bottom, like farther away, you just have this sort of box inset where it's like the buttons that you don't use as much, but occasionally you will use.",
        "ae_type": "Statement",
        "end_time": 1602.72,
        "speaker_id": "C",
        "start_time": 1592.07
      },
      {
        "act": "Yeah, 'cause we need to we definitely need to have buttons for like sub-titles and things like that. It's 'cause the foreign film market is expanding and stuff, and like on television like I know f k living in Los Angeles it's tons of Spanish network television if it has English sub-titles it's definitely helpful.",
        "ae_type": "Statement",
        "end_time": 1620.96,
        "speaker_id": "D",
        "start_time": 1603.45
      },
      {
        "act": "Couldn't we do that all through one button, something, a menu button, that pops up with a menu on the T_V_ that says, you know, audio, video, whatever, language, you know?",
        "ae_type": "Yes/No issue",
        "end_time": 1630.22,
        "speaker_id": "A",
        "start_time": 1621.17
      },
      {
        "act": "I don't well, I don't know.",
        "ae_type": "Statement",
        "end_time": 1624.19,
        "speaker_id": "C",
        "start_time": 1623.06
      },
      {
        "act": "So we need up, down, and side-to-side buttons.",
        "ae_type": "Statement",
        "end_time": 1632.67,
        "speaker_id": "D",
        "start_time": 1630.64
      },
      {
        "act": "Well, that could be No you could just double up with like the channel or the volume buttons.",
        "ae_type": "Statement",
        "end_time": 1637.44,
        "speaker_id": "C",
        "start_time": 1633.25
      },
      {
        "act": "For the menus.",
        "ae_type": "Statement",
        "end_time": 1634.37,
        "speaker_id": "A",
        "start_time": 1633.46
      },
      {
        "act": "That's true.",
        "ae_type": "Statement",
        "end_time": 1639.15,
        "speaker_id": "A",
        "start_time": 1638.63
      },
      {
        "act": "Yeah, okay.",
        "ae_type": "Statement",
        "end_time": 1640.09,
        "speaker_id": "D",
        "start_time": 1639.23
      },
      {
        "act": "Channel is just up and down.",
        "ae_type": "Statement",
        "end_time": 1640.88,
        "speaker_id": "C",
        "start_time": 1639.68
      },
      {
        "act": "Okay, yeah.",
        "ae_type": "Statement",
        "end_time": 1642.41,
        "speaker_id": "D",
        "start_time": 1641.84
      },
      {
        "act": "And then add a",
        "ae_type": "Statement",
        "end_time": 1643.6,
        "speaker_id": "C",
        "start_time": 1642.68
      },
      {
        "act": "Something that looks mayb you know.",
        "ae_type": "Weak statement",
        "end_time": 1648.04,
        "speaker_id": "A",
        "start_time": 1644.56
      },
      {
        "act": "Such as, yeah, the one the one over there on the left the engineering centred one.",
        "ae_type": "Statement",
        "end_time": 1650.42,
        "speaker_id": "D",
        "start_time": 1645.8
      },
      {
        "act": "Y right, right right right. That one?",
        "ae_type": "Yes/No issue",
        "end_time": 1651.81,
        "speaker_id": "A",
        "start_time": 1649.52
      },
      {
        "act": "Yeah.",
        "ae_type": "Statement",
        "end_time": 1651.02,
        "speaker_id": "C",
        "start_time": 1650.57
      },
      {
        "act": "So we just have it like add a menu button then for the various things needed, including v voice recognition if we have any like settings for voice recognition now included in the menu.",
        "ae_type": "Statement",
        "end_time": 1664.23,
        "speaker_id": "C",
        "start_time": 1651.95
      },
      {
        "act": "Right. In the middle perhaps.",
        "ae_type": "Statement",
        "end_time": 1659.36,
        "speaker_id": "A",
        "start_time": 1657.03
      },
      {
        "act": "Yep.",
        "ae_type": "Statement",
        "end_time": 1665.17,
        "speaker_id": "A",
        "start_time": 1664.95
      }
    ]
  ],
  "da": {
    "types": {
      "Assess": 107,
      "Backchannel": 72,
      "Be-Positive": 10,
      "Comment-About-Understanding": 1,
      "Elicit-Assessment": 16,
      "Elicit-Inform": 39,
      "Elicit-Offer-Or-Suggestion": 14,
      "Fragment": 26,
      "Inform": 241,
      "Offer": 10,
      "Other": 22,
      "Stall": 43,
      "Suggest": 65
    }
  },
  "dialog_acts": 666,
  "ext_sentense_count": 63,
  "ext_sentense_da_count": 81,
  "ext_summ": {
    "types": {
      "Assess": 5,
      "Elicit-Assessment": 4,
      "Elicit-Inform": 3,
      "Inform": 36,
      "Suggest": 15
    }
  },
  "segmants": 358
}