[
  {
    "end_time": 102.72,
    "segment": "Okay. Um welcome to our second meeting. This is the functional design meeting. And I hope you all had a good individual working time. Okay, let's get started. Okay, here's the agenda for the meeting. After the opening um I am going to",
    "speaker_id": "A",
    "start_time": 85.28
  },
  {
    "end_time": 122.88,
    "segment": "fulfil the role of secretary, take the meeting minutes. And we're gonna have three presentations, one from each of you. Then we're gonna discuss some new project requirements. Um gonna come to a decision on the functions of the remote control. And then we're gonna close up the meeting. And we're gonna do this all in about forty minutes.",
    "speaker_id": "A",
    "start_time": 103.76
  },
  {
    "end_time": 149.28,
    "segment": "Okay. First I want to discuss the goals of this meeting. First we need to determine the user requirements and the question that we can ask ourselves is what needs and desires are to be fulfilled by this remote control. And then we're going to determine the technical functions, what is the effect of the apparatus, what actually is it supposed to do, what do people pick up the remote and use it for.",
    "speaker_id": "A",
    "start_time": 122.88
  },
  {
    "end_time": 159.072,
    "segment": "And then lastly we're going to determine its working design, how exactly will it perform its functions, that's the whole technical side of",
    "speaker_id": "A",
    "start_time": 151.68
  },
  {
    "end_time": 166.0,
    "segment": "'Kay I'll just give you a minute, 'cause it looks like you're making some notes.",
    "speaker_id": "A",
    "start_time": 162.416
  },
  {
    "end_time": 170.384,
    "segment": "'Kay.",
    "speaker_id": "A",
    "start_time": 169.792
  },
  {
    "end_time": 186.224,
    "segment": "Oh, well let's go ahead and, back, previous. So what I wanna do right now is hear from all three of you, on your research that you just did. Who would like to start us off?",
    "speaker_id": "A",
    "start_time": 172.416
  },
  {
    "end_time": 190.701,
    "segment": "'Kay.",
    "speaker_id": "A",
    "start_time": 190.119
  },
  {
    "end_time": 194.928,
    "segment": "Okay. Um do you have a PowerPoint or no?",
    "speaker_id": "A",
    "start_time": 191.568
  },
  {
    "end_time": 196.944,
    "segment": "Okay.",
    "speaker_id": "A",
    "start_time": 196.544
  },
  {
    "end_time": 201.744,
    "segment": "Oh.",
    "speaker_id": "A",
    "start_time": 201.312
  },
  {
    "end_time": 205.28,
    "segment": "Save it in the project documents. Okay.",
    "speaker_id": "A",
    "start_time": 203.136
  },
  {
    "end_time": 212.816,
    "segment": "Mm-mm-mm.",
    "speaker_id": "A",
    "start_time": 211.536
  },
  {
    "end_time": 220.0,
    "segment": "This one? Okay.",
    "speaker_id": "A",
    "start_time": 216.384
  },
  {
    "end_time": 297.803,
    "segment": "Okay.",
    "speaker_id": "A",
    "start_time": 297.269
  },
  {
    "end_time": 302.368,
    "segment": "Okay.",
    "speaker_id": "A",
    "start_time": 302.032
  },
  {
    "end_time": 339.344,
    "segment": "Right.",
    "speaker_id": "A",
    "start_time": 339.12
  },
  {
    "end_time": 348.848,
    "segment": "Ready.",
    "speaker_id": "A",
    "start_time": 348.202
  },
  {
    "end_time": 391.436,
    "segment": "Alright. Very good presentation. Thank you. You speak with such authority on the matter. Okay. Who would like to um follow that one up?",
    "speaker_id": "A",
    "start_time": 380.688
  },
  {
    "end_time": 396.848,
    "segment": "Now, that we've discussed Okay. Do you want me to run it or you wanna Okay.",
    "speaker_id": "A",
    "start_time": 392.448
  },
  {
    "end_time": 403.04,
    "segment": "Functional requirements. 'Kay.",
    "speaker_id": "A",
    "start_time": 400.64
  },
  {
    "end_time": 414.06,
    "segment": "Alright. Now we have Courtney with the functional requirements.",
    "speaker_id": "A",
    "start_time": 410.544
  },
  {
    "end_time": 479.332,
    "segment": "Okay, what do you m Oh, I'm sorry. What do you mean by um the current remote controls do not match well with the operating behaviour of the user, like they have to press the buttons.",
    "speaker_id": "A",
    "start_time": 469.024
  },
  {
    "end_time": 481.232,
    "segment": "Okay.",
    "speaker_id": "A",
    "start_time": 480.976
  },
  {
    "end_time": 486.368,
    "segment": "Oh, right.",
    "speaker_id": "A",
    "start_time": 485.776
  },
  {
    "end_time": 490.102,
    "segment": "The buttons.",
    "speaker_id": "A",
    "start_time": 489.072
  },
  {
    "end_time": 491.616,
    "segment": "Okay.",
    "speaker_id": "A",
    "start_time": 491.376
  },
  {
    "end_time": 494.964,
    "segment": "Yeah. Okay.",
    "speaker_id": "A",
    "start_time": 493.328
  },
  {
    "end_time": 501.6,
    "segment": "It works. Ready for the next slide?",
    "speaker_id": "A",
    "start_time": 498.096
  },
  {
    "end_time": 510.432,
    "segment": "Hmm.",
    "speaker_id": "A",
    "start_time": 510.128
  },
  {
    "end_time": 536.128,
    "segment": "It's okay. It's very important.",
    "speaker_id": "A",
    "start_time": 533.003
  },
  {
    "end_time": 543.36,
    "segment": "Could be, yeah.",
    "speaker_id": "A",
    "start_time": 542.32
  },
  {
    "end_time": 550.133,
    "segment": "Oh.",
    "speaker_id": "A",
    "start_time": 548.865
  },
  {
    "end_time": 553.536,
    "segment": "I think that's a pretty good guess though.",
    "speaker_id": "A",
    "start_time": 551.952
  },
  {
    "end_time": 561.361,
    "segment": "Yeah. It's okay.",
    "speaker_id": "A",
    "start_time": 558.832
  },
  {
    "end_time": 576.592,
    "segment": "Okay. Next slide?",
    "speaker_id": "A",
    "start_time": 574.592
  },
  {
    "end_time": 594.521,
    "segment": "User-friendly.",
    "speaker_id": "A",
    "start_time": 593.744
  },
  {
    "end_time": 655.292,
    "segment": "And so just to just to clarify by speech recognition you mean they would say, channel five, and the thing would go to channel five?",
    "speaker_id": "A",
    "start_time": 648.56
  },
  {
    "end_time": 657.68,
    "segment": "Okay.",
    "speaker_id": "A",
    "start_time": 656.72
  },
  {
    "end_time": 662.496,
    "segment": "Oh, that'd be lovely.",
    "speaker_id": "A",
    "start_time": 660.322
  },
  {
    "end_time": 675.973,
    "segment": "Didn't they um didn't our rival companies manufacture a remote that you would press the button on the T_V_ and it would the remote would beep so if you have lost it",
    "speaker_id": "A",
    "start_time": 666.64
  },
  {
    "end_time": 681.504,
    "segment": "Mm. Oh, yeah, that's true. We could definitely include that if we wanted to.",
    "speaker_id": "A",
    "start_time": 677.232
  },
  {
    "end_time": 687.984,
    "segment": "If it's within our price. Okay. Are we ready for our last presentation, Amber?",
    "speaker_id": "A",
    "start_time": 682.64
  },
  {
    "end_time": 690.08,
    "segment": "Okay.",
    "speaker_id": "A",
    "start_time": 689.486
  },
  {
    "end_time": 703.19,
    "segment": "There we go.",
    "speaker_id": "A",
    "start_time": 702.157
  },
  {
    "end_time": 705.992,
    "segment": "'Kay.",
    "speaker_id": "A",
    "start_time": 704.764
  },
  {
    "end_time": 709.324,
    "segment": "Oh my bad.",
    "speaker_id": "A",
    "start_time": 708.022
  },
  {
    "end_time": 764.96,
    "segment": "Okay.",
    "speaker_id": "A",
    "start_time": 763.936
  },
  {
    "end_time": 766.257,
    "segment": "Ready?",
    "speaker_id": "A",
    "start_time": 765.694
  },
  {
    "end_time": 769.408,
    "segment": "That's okay.",
    "speaker_id": "A",
    "start_time": 768.526
  },
  {
    "end_time": 797.136,
    "segment": "Hmm.",
    "speaker_id": "A",
    "start_time": 796.848
  },
  {
    "end_time": 865.792,
    "segment": "So this would be the front? So the red would be the front of the remote though, right? Okay.",
    "speaker_id": "A",
    "start_time": 860.634
  },
  {
    "end_time": 876.446,
    "segment": "The l the light up kind of Yeah.",
    "speaker_id": "A",
    "start_time": 872.544
  },
  {
    "end_time": 882.064,
    "segment": "Hmm.",
    "speaker_id": "A",
    "start_time": 881.808
  },
  {
    "end_time": 885.975,
    "segment": "It'd probably be lighting up the key too, right?",
    "speaker_id": "A",
    "start_time": 883.968
  },
  {
    "end_time": 887.056,
    "segment": "'Kay.",
    "speaker_id": "A",
    "start_time": 886.581
  },
  {
    "end_time": 889.106,
    "segment": "The buttons.",
    "speaker_id": "A",
    "start_time": 888.544
  },
  {
    "end_time": 891.901,
    "segment": "Okay.",
    "speaker_id": "A",
    "start_time": 891.424
  },
  {
    "end_time": 895.504,
    "segment": "Yeah, definitely. 'Kay nex R Ready?",
    "speaker_id": "A",
    "start_time": 892.912
  },
  {
    "end_time": 898.592,
    "segment": "'Kay, any p 'Kay?",
    "speaker_id": "A",
    "start_time": 896.477
  },
  {
    "end_time": 905.936,
    "segment": "Anything you wanna add for personal preferences though, you f you said already that we needed a large on-off button, you think. Anything else?",
    "speaker_id": "A",
    "start_time": 899.968
  },
  {
    "end_time": 910.24,
    "segment": "Okay.",
    "speaker_id": "A",
    "start_time": 909.904
  },
  {
    "end_time": 929.968,
    "segment": "Mm.",
    "speaker_id": "A",
    "start_time": 929.744
  },
  {
    "end_time": 937.168,
    "segment": "Okay. Okay, let's talk about all of our",
    "speaker_id": "A",
    "start_time": 933.92
  },
  {
    "end_time": 955.472,
    "segment": "We'll come to decision later about all the components that we need to include, let's um wrap up this one, and I'm gonna go back to my PowerPoint, 'cause we need to discuss the new project requirements which you might've already seen flashed up on the screen a bit earlier. Wait, come back.",
    "speaker_id": "A",
    "start_time": 938.624
  },
  {
    "end_time": 974.418,
    "segment": "Alright. Sorry, let's go through this. Alright. Here we go. New product requirements. First it's only going to be a T_V_ remote. We're trying not to over-complicate things. So no D_V_D_, no TiVo, no stereo. It's not gonna be multi-functional.",
    "speaker_id": "A",
    "start_time": 957.216
  },
  {
    "end_time": 986.028,
    "segment": "Hey. And we th need to promote our company more, so we need to somehow include our colour and our company slogan on the remote.",
    "speaker_id": "A",
    "start_time": 977.105
  },
  {
    "end_time": 995.232,
    "segment": "We're trying to get our name out there in the world. Okay. And you know what teletext is?",
    "speaker_id": "A",
    "start_time": 987.616
  },
  {
    "end_time": 1011.029,
    "segment": "in States we don't have it, but um it's like they just have this channel where just has news and weather, kind of sports, it's very um bland looking, it's just text on the screen, not even Yeah, just black with just text.",
    "speaker_id": "A",
    "start_time": 996.448
  },
  {
    "end_time": 1012.432,
    "segment": "Yeah.",
    "speaker_id": "A",
    "start_time": 1011.824
  },
  {
    "end_time": 1019.328,
    "segment": "Kind of.",
    "speaker_id": "A",
    "start_time": 1018.736
  },
  {
    "end_time": 1021.792,
    "segment": "Yeah it's the whole screen.",
    "speaker_id": "A",
    "start_time": 1020.631
  },
  {
    "end_time": 1025.056,
    "segment": "So anyway",
    "speaker_id": "A",
    "start_time": 1024.576
  },
  {
    "end_time": 1043.42,
    "segment": "Right. Right. But it's becoming out-dated now, because of the Internet. Nobody needs to go to the teletext channel to check the news, and we have twenty four hour news channels now too, so Those are our new product requirements. Alright. Mm-hmm.",
    "speaker_id": "A",
    "start_time": 1028.432
  },
  {
    "end_time": 1048.784,
    "segment": "Yes. It's part of the logo.",
    "speaker_id": "A",
    "start_time": 1045.952
  },
  {
    "end_time": 1050.976,
    "segment": "Okay.",
    "speaker_id": "A",
    "start_time": 1050.4
  },
  {
    "end_time": 1071.313,
    "segment": "What we're going to do right now is come to some decisions, definitive that we can all agree on, about um the target group and the functions and just definite things that we need to do and then we'll close up the meeting. So. Alright.",
    "speaker_id": "A",
    "start_time": 1053.296
  },
  {
    "end_time": 1075.959,
    "segment": "Whatever.",
    "speaker_id": "A",
    "start_time": 1073.904
  },
  {
    "end_time": 1078.162,
    "segment": "Okay.",
    "speaker_id": "A",
    "start_time": 1077.354
  },
  {
    "end_time": 1100.576,
    "segment": "So our target group is You mentioned um older people? Would it just be universal for everyone, you think? Because I think even if something has large buttons, as long as they are not childishly large, like even technically",
    "speaker_id": "A",
    "start_time": 1084.795
  },
  {
    "end_time": 1107.168,
    "segment": "non-technically challenged people are gonna use it. I mean they want something user-friendly, so",
    "speaker_id": "A",
    "start_time": 1102.304
  },
  {
    "end_time": 1116.48,
    "segment": "Yeah.",
    "speaker_id": "A",
    "start_time": 1116.176
  },
  {
    "end_time": 1119.616,
    "segment": "Yeah.",
    "speaker_id": "A",
    "start_time": 1118.288
  },
  {
    "end_time": 1133.12,
    "segment": "Okay, so we want um for our target group would we say, I mean, young and old, all age ranges, all um, not kids obviously, right?",
    "speaker_id": "A",
    "start_time": 1123.024
  },
  {
    "end_time": 1134.736,
    "segment": "Or kids?",
    "speaker_id": "A",
    "start_time": 1134.128
  },
  {
    "end_time": 1150.72,
    "segment": "Okay, so we're going to go anywhere from kids to adult in the age range Um what about",
    "speaker_id": "A",
    "start_time": 1141.232
  },
  {
    "end_time": 1159.088,
    "segment": "technic technical um specifications, like how how technically literate are these people who are going to be using our remote?",
    "speaker_id": "A",
    "start_time": 1151.856
  },
  {
    "end_time": 1163.648,
    "segment": "Okay.",
    "speaker_id": "A",
    "start_time": 1163.152
  },
  {
    "end_time": 1167.392,
    "segment": "Right, okay.",
    "speaker_id": "A",
    "start_time": 1165.968
  },
  {
    "end_time": 1171.536,
    "segment": "So so they need no technical experience to operate",
    "speaker_id": "A",
    "start_time": 1167.867
  },
  {
    "end_time": 1210.081,
    "segment": "Okay. And we also need to determine the specific functions of this, just to get it all out on paper. So we said it needs to send messages to the T_V_, needs to change the channel, turn on and off, just basic simple stuff like this. So if you have something just say it and we'll add it to my meeting minutes.",
    "speaker_id": "A",
    "start_time": 1189.912
  },
  {
    "end_time": 1216.704,
    "segment": "Mm-hmm, volume.",
    "speaker_id": "A",
    "start_time": 1215.12
  },
  {
    "end_time": 1228.233,
    "segment": "Right. And we wanna keep um I'll make a note here that we wanna keep the number of buttons down. Correct, because people only use ten percent. 'Kay.",
    "speaker_id": "A",
    "start_time": 1220.496
  },
  {
    "end_time": 1234.144,
    "segment": "Hey, what else?",
    "speaker_id": "A",
    "start_time": 1233.164
  },
  {
    "end_time": 1243.792,
    "segment": "Um.",
    "speaker_id": "A",
    "start_time": 1242.32
  },
  {
    "end_time": 1251.408,
    "segment": "I think so. What do you",
    "speaker_id": "A",
    "start_time": 1249.728
  },
  {
    "end_time": 1259.085,
    "segment": "A finding kind of device or Yeah, ho homing device.",
    "speaker_id": "A",
    "start_time": 1254.32
  },
  {
    "end_time": 1262.793,
    "segment": "Mm 'kay.",
    "speaker_id": "A",
    "start_time": 1261.885
  },
  {
    "end_time": 1267.308,
    "segment": "Okay.",
    "speaker_id": "A",
    "start_time": 1266.614
  },
  {
    "end_time": 1272.962,
    "segment": "Right.",
    "speaker_id": "A",
    "start_time": 1272.334
  },
  {
    "end_time": 1292.944,
    "segment": "Hmm. Would that add to our costs at all, I wonder?",
    "speaker_id": "A",
    "start_time": 1289.76
  },
  {
    "end_time": 1295.92,
    "segment": "Right.",
    "speaker_id": "A",
    "start_time": 1295.584
  },
  {
    "end_time": 1315.056,
    "segment": "Okay. I I think we can make a decision about that later. Uh we'll still put that as a point that we need to discuss. So that would include battery source",
    "speaker_id": "A",
    "start_time": 1307.585
  },
  {
    "end_time": 1331.362,
    "segment": "Power source rather. Is it going to have a charger, or is it going to be run strictly off batteries? And we also need to deal with the issue you mentioned of speech recognition, if we want that.",
    "speaker_id": "A",
    "start_time": 1317.101
  },
  {
    "end_time": 1340.144,
    "segment": "Mm.",
    "speaker_id": "A",
    "start_time": 1339.728
  },
  {
    "end_time": 1354.32,
    "segment": "You could um we could hook it up. Oh.",
    "speaker_id": "A",
    "start_time": 1350.784
  },
  {
    "end_time": 1370.752,
    "segment": "Mm-hmm.",
    "speaker_id": "A",
    "start_time": 1370.432
  },
  {
    "end_time": 1380.448,
    "segment": "And if and if we introduced it when they're this age, they're going to probably always buy a remote that has",
    "speaker_id": "A",
    "start_time": 1375.04
  },
  {
    "end_time": 1392.336,
    "segment": "Right.",
    "speaker_id": "A",
    "start_time": 1391.712
  },
  {
    "end_time": 1405.936,
    "segment": "Yeah. and the speech recognition could be part of the lost and found device, too. If we said, find remote, locate remote, or something.",
    "speaker_id": "A",
    "start_time": 1397.35
  },
  {
    "end_time": 1408.09,
    "segment": "A certain phrase",
    "speaker_id": "A",
    "start_time": 1406.992
  },
  {
    "end_time": 1412.737,
    "segment": "then it could beep. I dunno. Just throwing it out there.",
    "speaker_id": "A",
    "start_time": 1408.96
  },
  {
    "end_time": 1420.176,
    "segment": "Well",
    "speaker_id": "A",
    "start_time": 1417.632
  },
  {
    "end_time": 1431.184,
    "segment": "Okay, anything else we wanna discuss?",
    "speaker_id": "A",
    "start_time": 1428.144
  },
  {
    "end_time": 1439.457,
    "segment": "Um.",
    "speaker_id": "A",
    "start_time": 1438.615
  },
  {
    "end_time": 1445.84,
    "segment": "How how, yeah, how would you leave those out?",
    "speaker_id": "A",
    "start_time": 1443.551
  },
  {
    "end_time": 1451.006,
    "segment": "Unless you could say the channel.",
    "speaker_id": "A",
    "start_time": 1449.592
  },
  {
    "end_time": 1468.32,
    "segment": "Yeah, that's true. And also remember that in this day in age we need, you know, like a hundred button, too. I used to have a remote that did not even go up past like fifty. So I couldn't whenever I got cable, I had to get a new T_V_.",
    "speaker_id": "A",
    "start_time": 1454.096
  },
  {
    "end_time": 1478.512,
    "segment": "Mm. get your own remote, or digital cable. 'Kay. Um.",
    "speaker_id": "A",
    "start_time": 1471.904
  },
  {
    "end_time": 1490.976,
    "segment": "I guess, we're gonna discuss the project financing later, making sure that we can fit all of the stuff that we want to on our budget. Um.",
    "speaker_id": "A",
    "start_time": 1480.688
  },
  {
    "end_time": 1500.976,
    "segment": "'Kay. And don't forget we need to include the colour",
    "speaker_id": "A",
    "start_time": 1497.667
  },
  {
    "end_time": 1504.08,
    "segment": "of our company and the logo.",
    "speaker_id": "A",
    "start_time": 1502.256
  },
  {
    "end_time": 1509.623,
    "segment": "I'm guessing. And the R_R_.",
    "speaker_id": "A",
    "start_time": 1506.593
  },
  {
    "end_time": 1516.02,
    "segment": "We could just have the logo in yellow, or maybe a yellow light for the keys.",
    "speaker_id": "A",
    "start_time": 1511.472
  },
  {
    "end_time": 1532.992,
    "segment": "Right.",
    "speaker_id": "A",
    "start_time": 1532.096
  },
  {
    "end_time": 1541.536,
    "segment": "So we've simplified, we don't need all those um play, fast-forward, rewind,",
    "speaker_id": "A",
    "start_time": 1537.232
  },
  {
    "end_time": 1551.568,
    "segment": "or no menu buttons. So we've pretty much pared it down to on-off, volume, mute, channel up and down, um the numbers",
    "speaker_id": "A",
    "start_time": 1542.96
  },
  {
    "end_time": 1556.151,
    "segment": "Yeah.",
    "speaker_id": "A",
    "start_time": 1554.876
  },
  {
    "end_time": 1566.56,
    "segment": "Um can we go back to I'm gonna look really quickly back at those",
    "speaker_id": "A",
    "start_time": 1562.216
  },
  {
    "end_time": 1573.289,
    "segment": "examples and see if there is anything. Which one is yours, technical functions or functional requirement? Okay.",
    "speaker_id": "A",
    "start_time": 1567.92
  },
  {
    "end_time": 1591.856,
    "segment": "The T_V_. I think that that's fine just for the T_V_. I mean how often does the average user need to do that kind of stuff?",
    "speaker_id": "A",
    "start_time": 1584.89
  },
  {
    "end_time": 1601.424,
    "segment": "Hmm.",
    "speaker_id": "A",
    "start_time": 1601.12
  },
  {
    "end_time": 1630.304,
    "segment": "Couldn't we do that all through one button, something, a menu button, that pops up with a menu on the T_V_ that says, you know, audio, video, whatever, language, you know?",
    "speaker_id": "A",
    "start_time": 1620.976
  },
  {
    "end_time": 1634.4,
    "segment": "For the menus.",
    "speaker_id": "A",
    "start_time": 1633.44
  },
  {
    "end_time": 1639.184,
    "segment": "That's true.",
    "speaker_id": "A",
    "start_time": 1638.608
  },
  {
    "end_time": 1648.08,
    "segment": "Something that looks mayb you know.",
    "speaker_id": "A",
    "start_time": 1644.544
  },
  {
    "end_time": 1652.032,
    "segment": "Y right, right right right. That one?",
    "speaker_id": "A",
    "start_time": 1649.315
  },
  {
    "end_time": 1659.497,
    "segment": "Right. In the middle perhaps.",
    "speaker_id": "A",
    "start_time": 1656.992
  },
  {
    "end_time": 1665.44,
    "segment": "Yep.",
    "speaker_id": "A",
    "start_time": 1664.928
  },
  {
    "end_time": 1670.336,
    "segment": "good.",
    "speaker_id": "A",
    "start_time": 1669.395
  },
  {
    "end_time": 1685.888,
    "segment": "Anybody have anything else they'd like to bring up in this meeting?",
    "speaker_id": "A",
    "start_time": 1682.154
  },
  {
    "end_time": 1698.56,
    "segment": "Okay. get out of here. Let's go back to the meeting closure then and see what we need to do next. Mm.",
    "speaker_id": "A",
    "start_time": 1687.744
  },
  {
    "end_time": 1737.914,
    "segment": "Alright. After this meeting we're gonna be sent a questionnaire and summary again which we need to reply to that e-mail. And then we're gonna have lunch break. And after lunch thirty minutes of individual work time. Um I'm gonna put the minutes I put the minutes for the first meeting already in the project documents folder, if you'd like to review them. And I'm gonna type up the minutes for this one as well. Um here's what we're each going to do. The I_D_ is going to work on the components concept, um U_I_D_ the user interface concept, and you're going to do some trend watching.",
    "speaker_id": "A",
    "start_time": 1704.982
  },
  {
    "end_time": 1749.376,
    "segment": "'Kay. Specific instructions will be sent to you by your personal coach. And if anybody has anything they would like to add? No? Okay, well, this meeting is officially over.",
    "speaker_id": "A",
    "start_time": 1738.528
  },
  {
    "end_time": 1751.968,
    "segment": "Thank you all.",
    "speaker_id": "A",
    "start_time": 1751.328
  },
  {
    "end_time": 202.704,
    "segment": "Did you send it?",
    "speaker_id": "B",
    "start_time": 201.712
  },
  {
    "end_time": 226.175,
    "segment": "Okay. Great.",
    "speaker_id": "B",
    "start_time": 224.368
  },
  {
    "end_time": 497.12,
    "segment": "We only use ten per cent of our brains.",
    "speaker_id": "B",
    "start_time": 494.491
  },
  {
    "end_time": 500.846,
    "segment": "yeah.",
    "speaker_id": "B",
    "start_time": 500.032
  },
  {
    "end_time": 548.864,
    "segment": "Do we really need t to provide more information on what R_S_I_ is?",
    "speaker_id": "B",
    "start_time": 544.908
  },
  {
    "end_time": 690.24,
    "segment": "Yeah, I'm just trying to move it.",
    "speaker_id": "B",
    "start_time": 688.19
  },
  {
    "end_time": 701.776,
    "segment": "'Kay. I think it should be there, working design.",
    "speaker_id": "B",
    "start_time": 698.784
  },
  {
    "end_time": 737.83,
    "segment": "'Kay. Uh I didn't get a chance to complete this one, 'cause some of the tools that I was given were frustrating. Uh okay, so method method of our design, I think I just start listing th some of the things that we actually need to put into this. We need a power source, we're gonna need a smart chip if we're gonna make it multi-functional. Um extra functions will probably need an additional chip. Either that or the smart chip will have to be extremely smart.",
    "speaker_id": "B",
    "start_time": 705.959
  },
  {
    "end_time": 749.264,
    "segment": "Usually a smart chip is just a chip that's been programmed and designed so that it can complete a fair range of functions.",
    "speaker_id": "B",
    "start_time": 741.072
  },
  {
    "end_time": 764.016,
    "segment": "I wouldn't think so, 'cause we could probably get it from like, in bulk, from a a newer company. And they tend to sell their chips pretty cheap.",
    "speaker_id": "B",
    "start_time": 754.96
  },
  {
    "end_time": 768.32,
    "segment": "Um yep, nothing here.",
    "speaker_id": "B",
    "start_time": 765.84
  },
  {
    "end_time": 806.416,
    "segment": "Um power source, I figured, batteries, 'cause they're easily available. Typically a remote has either two double A_s or four triple A_s, sometimes three. Uh it really kinda depends on the size of the actual remote itself. Um a large on-off button, demographically we're moving towards an older generation of people, so a large on-off button would probably be good. Selection button for various entertainment devices, so you want something that will permit you to select the D_V_D_ player or the T_V_ or the stereo system.",
    "speaker_id": "B",
    "start_time": 770.173
  },
  {
    "end_time": 813.968,
    "segment": "Um smart chip that perverts uh that permits, sorry, universal application again,",
    "speaker_id": "B",
    "start_time": 807.744
  },
  {
    "end_time": 826.256,
    "segment": "something that'll allow us to skip over between devices, and that's kinda it. Uh this is my fifty second design.",
    "speaker_id": "B",
    "start_time": 815.168
  },
  {
    "end_time": 855.616,
    "segment": "Power source over here. We're gonna have a switch obviously between the power source and the rest of it, and you're gonna need the switch. Um extra bulb could just be for flashiness, um subcomponent which would be like a way of diverting the power to different parts of the the device. Um the chip and of course the infra-red bulb, so it can communicate with the various devices that it needs to talk to.",
    "speaker_id": "B",
    "start_time": 827.952
  },
  {
    "end_time": 862.736,
    "segment": "This is just like a rough schematic. So this is the internal workings.",
    "speaker_id": "B",
    "start_time": 858.368
  },
  {
    "end_time": 865.488,
    "segment": "Yeah.",
    "speaker_id": "B",
    "start_time": 864.896
  },
  {
    "end_time": 886.393,
    "segment": "Yeah, so you don't have to stare at that infra-red, 'cause you know when the battery starts dying in your remote currently, you have to actually stare at that bulb and go, okay, when I push this button, is it working? We can skip that whole thing. Yep.",
    "speaker_id": "B",
    "start_time": 873.296
  },
  {
    "end_time": 890.048,
    "segment": "So you can put it in the dark.",
    "speaker_id": "B",
    "start_time": 887.824
  },
  {
    "end_time": 896.72,
    "segment": "Yeah, that's it.",
    "speaker_id": "B",
    "start_time": 895.157
  },
  {
    "end_time": 910.016,
    "segment": "I think that that's a good idea, because you know that's one of the most important buttons.",
    "speaker_id": "B",
    "start_time": 904.944
  },
  {
    "end_time": 973.464,
    "segment": "Okay.",
    "speaker_id": "B",
    "start_time": 971.968
  },
  {
    "end_time": 1015.296,
    "segment": "You can also get the kind of the T_V_ guide so",
    "speaker_id": "B",
    "start_time": 1012.208
  },
  {
    "end_time": 1025.584,
    "segment": "It's the entire screen is just running information at random. Seemingly.",
    "speaker_id": "B",
    "start_time": 1020.2
  },
  {
    "end_time": 1045.815,
    "segment": "Okay. So, do we have to include the company colour within that?",
    "speaker_id": "B",
    "start_time": 1041.196
  },
  {
    "end_time": 1123.311,
    "segment": "Mm well, even if we kept the regular standard size of remote, if we reduced the buttons down to the ones that people are saying that they use the most often and a couple extra, 'cause they're saying they only use ten per cent of them, then we should be able to accommodate fairly decent sized buttons.",
    "speaker_id": "B",
    "start_time": 1106.846
  },
  {
    "end_time": 1139.958,
    "segment": "Most of them will intuitively pick it up though.",
    "speaker_id": "B",
    "start_time": 1137.6
  },
  {
    "end_time": 1176.676,
    "segment": "how 'bout little to no, because there is no way that you are gonna be able to make it no.",
    "speaker_id": "B",
    "start_time": 1170.852
  },
  {
    "end_time": 1249.733,
    "segment": "Do we want this thing to be able to be found easily?",
    "speaker_id": "B",
    "start_time": 1244.816
  },
  {
    "end_time": 1255.431,
    "segment": "And",
    "speaker_id": "B",
    "start_time": 1254.858
  },
  {
    "end_time": 1263.312,
    "segment": "like if this is gonna get lost underneath the coach, how are we going to accommodate the quick ability to find it?",
    "speaker_id": "B",
    "start_time": 1256.368
  },
  {
    "end_time": 1285.04,
    "segment": "What if we gave it a charger? And on the charger, just like a phone, like you get a portable phone and it's got a charger, and if you d leave your phone somewhere, you push the button to find it, and it finds th the phone beeps for you.",
    "speaker_id": "B",
    "start_time": 1272.316
  },
  {
    "end_time": 1288.912,
    "segment": "It's useful for the remote phone.",
    "speaker_id": "B",
    "start_time": 1286.861
  },
  {
    "end_time": 1300.882,
    "segment": "Yeah.",
    "speaker_id": "B",
    "start_time": 1300.288
  },
  {
    "end_time": 1306.144,
    "segment": "Rechargeable batteries are cheaper usually.",
    "speaker_id": "B",
    "start_time": 1303.408
  },
  {
    "end_time": 1445.568,
    "segment": "Yeah.",
    "speaker_id": "B",
    "start_time": 1445.008
  },
  {
    "end_time": 1453.504,
    "segment": "I think people would find that too foreign.",
    "speaker_id": "B",
    "start_time": 1451.536
  },
  {
    "end_time": 1472.128,
    "segment": "It's when we get satellite.",
    "speaker_id": "B",
    "start_time": 1469.909
  },
  {
    "end_time": 1475.616,
    "segment": "Yeah.",
    "speaker_id": "B",
    "start_time": 1474.96
  },
  {
    "end_time": 1497.664,
    "segment": "Yeah, 'cause I don't have any material pricing information available to me at the moment, so",
    "speaker_id": "B",
    "start_time": 1493.584
  },
  {
    "end_time": 1511.792,
    "segment": "R_ the double R_.",
    "speaker_id": "B",
    "start_time": 1509.36
  },
  {
    "end_time": 1515.584,
    "segment": "Or is the l",
    "speaker_id": "B",
    "start_time": 1514.384
  },
  {
    "end_time": 1521.632,
    "segment": "Yeah, yellow could be and it could doesn't have to be huge.",
    "speaker_id": "B",
    "start_time": 1518.112
  },
  {
    "end_time": 1638.099,
    "segment": "Mm-hmm.",
    "speaker_id": "B",
    "start_time": 1637.44
  },
  {
    "end_time": 1687.792,
    "segment": "I had something, but I forgot.",
    "speaker_id": "B",
    "start_time": 1685.872
  },
  {
    "end_time": 191.289,
    "segment": "I don't mind going first.",
    "speaker_id": "C",
    "start_time": 190.16
  },
  {
    "end_time": 197.316,
    "segment": "Yeah, it's in the should be in the m Project.",
    "speaker_id": "C",
    "start_time": 194.864
  },
  {
    "end_time": 201.152,
    "segment": "You know you could you could do it yourself actually.",
    "speaker_id": "C",
    "start_time": 198.208
  },
  {
    "end_time": 205.016,
    "segment": "Put it in Project Documents, yeah.",
    "speaker_id": "C",
    "start_time": 203.216
  },
  {
    "end_time": 219.008,
    "segment": "Sure.",
    "speaker_id": "C",
    "start_time": 218.176
  },
  {
    "end_time": 222.432,
    "segment": "Yeah.",
    "speaker_id": "C",
    "start_time": 222.128
  },
  {
    "end_time": 225.386,
    "segment": "Okay.",
    "speaker_id": "C",
    "start_time": 224.88
  },
  {
    "end_time": 244.608,
    "segment": "Um well, the function of a remote control, as what uh we've been informed, is basically to send messages to the television set, for example, switch it on, switch it off, go to this channel, go to channel nine, turn the volume up, etcetera.",
    "speaker_id": "C",
    "start_time": 228.624
  },
  {
    "end_time": 260.672,
    "segment": "Um some of the considerations is just um for example the what it needs to include it's the numbers, you know, zero to nine, so you can move to a channel, the power button on slash off,",
    "speaker_id": "C",
    "start_time": 249.328
  },
  {
    "end_time": 265.296,
    "segment": "the channel going up and down,",
    "speaker_id": "C",
    "start_time": 263.44
  },
  {
    "end_time": 268.912,
    "segment": "volume going up and down, and then mute,",
    "speaker_id": "C",
    "start_time": 266.752
  },
  {
    "end_time": 292.784,
    "segment": "a mute function. And then functions for V_H_S_, D_V_D_, for example, play, rewind, fast-forward, stop, pause, enter. And enter would be for like, you know, the menus. And then other menus for D_V_ as well as T_V_, whether that means like um we can go and decide the brightness of the screen, things like that, all the more complicated functions of menus.",
    "speaker_id": "C",
    "start_time": 270.448
  },
  {
    "end_time": 301.856,
    "segment": "And we can decide if that's what we want,, um if we want to include that on the remote, if that's something that would stay on the T_V_ itself, for example.",
    "speaker_id": "C",
    "start_time": 294.864
  },
  {
    "end_time": 338.416,
    "segment": "These are two examples. Um and you can see on the left, it's got a lot more buttons, and I don't know if you can read it, but it says, step, go to, freeze, um slow, repeat, program, mute, and so those are some of the buttons and so it gives you an idea of s one example. And then on the right, it's a lot more simpler, it's got volume, it's got the play the like circle set, which is play, rewind, but it's also what is fast-forward is also like next on a menu. So you have functions that are d uh duplicating.",
    "speaker_id": "C",
    "start_time": 303.376
  },
  {
    "end_time": 346.352,
    "segment": "And you have a mute button and then the numbers and the eject, and the power button. So that gives you two different kinds, a more complex and more simple version.",
    "speaker_id": "C",
    "start_time": 339.488
  },
  {
    "end_time": 348.064,
    "segment": "Okay.",
    "speaker_id": "C",
    "start_time": 347.633
  },
  {
    "end_time": 376.112,
    "segment": "And then lastly, it's just the questions that we want to consider like what functions do we want it to include, and how simple, complex it should be? And what functions it needs to complete. Uh, what are needed to complete insulation process, 'cause, you know, that's something that also has to be considered and it's gonna be hopefully a one-time thing, when you set it up it should be set to go, but we have to include the functions that can allow it to set up i in the first place.",
    "speaker_id": "C",
    "start_time": 349.44
  },
  {
    "end_time": 379.454,
    "segment": "So that's it.",
    "speaker_id": "C",
    "start_time": 378.768
  },
  {
    "end_time": 388.648,
    "segment": "Mm. Left.",
    "speaker_id": "C",
    "start_time": 386.88
  },
  {
    "end_time": 451.776,
    "segment": "Wait.",
    "speaker_id": "C",
    "start_time": 449.712
  },
  {
    "end_time": 459.104,
    "segment": "And that meaning what?",
    "speaker_id": "C",
    "start_time": 457.264
  },
  {
    "end_time": 463.9,
    "segment": "Okay.",
    "speaker_id": "C",
    "start_time": 463.121
  },
  {
    "end_time": 468.997,
    "segment": "Right.",
    "speaker_id": "C",
    "start_time": 468.406
  },
  {
    "end_time": 471.739,
    "segment": "Only use ten percent of the buttons.",
    "speaker_id": "C",
    "start_time": 470.016
  },
  {
    "end_time": 512.63,
    "segment": "Lost.",
    "speaker_id": "C",
    "start_time": 511.324
  },
  {
    "end_time": 527.154,
    "segment": "S",
    "speaker_id": "C",
    "start_time": 526.349
  },
  {
    "end_time": 538.592,
    "segment": "Wait, is that like your",
    "speaker_id": "C",
    "start_time": 536.848
  },
  {
    "end_time": 542.112,
    "segment": "ergonomics like your hand movements or something?",
    "speaker_id": "C",
    "start_time": 539.808
  },
  {
    "end_time": 549.016,
    "segment": "Like",
    "speaker_id": "C",
    "start_time": 547.436
  },
  {
    "end_time": 551.984,
    "segment": "Channel, volume, power.",
    "speaker_id": "C",
    "start_time": 551.136
  },
  {
    "end_time": 556.863,
    "segment": "It's like if you're holding it",
    "speaker_id": "C",
    "start_time": 555.382
  },
  {
    "end_time": 661.806,
    "segment": "to just say, where are you, and thing beeps, you know.",
    "speaker_id": "C",
    "start_time": 657.68
  },
  {
    "end_time": 664.923,
    "segment": "Yeah.",
    "speaker_id": "C",
    "start_time": 664.341
  },
  {
    "end_time": 677.31,
    "segment": "It's kinda like what the remote phone used to do.",
    "speaker_id": "C",
    "start_time": 675.033
  },
  {
    "end_time": 682.336,
    "segment": "You know like go to the base. Yeah.",
    "speaker_id": "C",
    "start_time": 678.72
  },
  {
    "end_time": 701.895,
    "segment": "Working design.",
    "speaker_id": "C",
    "start_time": 700.576
  },
  {
    "end_time": 715.828,
    "segment": "Help me.",
    "speaker_id": "C",
    "start_time": 714.838
  },
  {
    "end_time": 754.64,
    "segment": "Well, how much extra would the additional chip be? Is that gonna push us over our production costs?",
    "speaker_id": "C",
    "start_time": 749.552
  },
  {
    "end_time": 761.776,
    "segment": "Mm-hmm.",
    "speaker_id": "C",
    "start_time": 761.424
  },
  {
    "end_time": 873.721,
    "segment": "Yeah, that's gonna be what's communicating with the T_V_, but the other bulb, I think, is good to just to indicate, I'm doing something, it's sort of like a reassurance.",
    "speaker_id": "C",
    "start_time": 865.408
  },
  {
    "end_time": 886.864,
    "segment": "Yeah.",
    "speaker_id": "C",
    "start_time": 886.56
  },
  {
    "end_time": 909.176,
    "segment": "Just",
    "speaker_id": "C",
    "start_time": 908.49
  },
  {
    "end_time": 919.168,
    "segment": "Well, should it be larger buttons in general, you know like uh the examples that I had, they were swi quite small. So should we try and go for something that has l larger buttons?",
    "speaker_id": "C",
    "start_time": 910.16
  },
  {
    "end_time": 931.752,
    "segment": "Ovals.",
    "speaker_id": "C",
    "start_time": 931.213
  },
  {
    "end_time": 933.638,
    "segment": "Yeah, yeah.",
    "speaker_id": "C",
    "start_time": 932.848
  },
  {
    "end_time": 995.92,
    "segment": "Yeah.",
    "speaker_id": "C",
    "start_time": 995.712
  },
  {
    "end_time": 998.633,
    "segment": "I know.",
    "speaker_id": "C",
    "start_time": 997.897
  },
  {
    "end_time": 1009.689,
    "segment": "Yeah, it's like black, black and white kind of",
    "speaker_id": "C",
    "start_time": 1007.504
  },
  {
    "end_time": 1015.202,
    "segment": "It'll give you the sports.",
    "speaker_id": "C",
    "start_time": 1012.282
  },
  {
    "end_time": 1020.733,
    "segment": "Except the entire screen.",
    "speaker_id": "C",
    "start_time": 1018.816
  },
  {
    "end_time": 1028.08,
    "segment": "You can pick sports, you can pick the news, you entertainment, you know it's like",
    "speaker_id": "C",
    "start_time": 1024.416
  },
  {
    "end_time": 1030.699,
    "segment": "Yeah.",
    "speaker_id": "C",
    "start_time": 1030.368
  },
  {
    "end_time": 1053.792,
    "segment": "Company colour being yellow.",
    "speaker_id": "C",
    "start_time": 1051.008
  },
  {
    "end_time": 1091.472,
    "segment": "Mm-hmm.",
    "speaker_id": "C",
    "start_time": 1090.869
  },
  {
    "end_time": 1098.766,
    "segment": "It's gonna make it nicer.",
    "speaker_id": "C",
    "start_time": 1097.12
  },
  {
    "end_time": 1100.27,
    "segment": "Yeah.",
    "speaker_id": "C",
    "start_time": 1099.611
  },
  {
    "end_time": 1165.344,
    "segment": "We should go for the lowest denominator.",
    "speaker_id": "C",
    "start_time": 1163.296
  },
  {
    "end_time": 1169.213,
    "segment": "High school educated.",
    "speaker_id": "C",
    "start_time": 1167.731
  },
  {
    "end_time": 1217.566,
    "segment": "Well it's channel, on-off button, volume, mute.",
    "speaker_id": "C",
    "start_time": 1213.12
  },
  {
    "end_time": 1234.245,
    "segment": "Um.",
    "speaker_id": "C",
    "start_time": 1233.456
  },
  {
    "end_time": 1258.295,
    "segment": "Oh right yeah okay.",
    "speaker_id": "C",
    "start_time": 1257.008
  },
  {
    "end_time": 1263.311,
    "segment": "Tracking.",
    "speaker_id": "C",
    "start_time": 1262.739
  },
  {
    "end_time": 1279.037,
    "segment": "But you got a base.",
    "speaker_id": "C",
    "start_time": 1278.128
  },
  {
    "end_time": 1300.158,
    "segment": "Well, if you have the base, you could start putting in a charger and then you have a different kind of battery.",
    "speaker_id": "C",
    "start_time": 1295.904
  },
  {
    "end_time": 1306.72,
    "segment": "Yeah.",
    "speaker_id": "C",
    "start_time": 1306.096
  },
  {
    "end_time": 1341.68,
    "segment": "Well, then we could If we have the speech recognition then we can start aiming at a like another kind of more handicapped disabled uh demo demographic.",
    "speaker_id": "C",
    "start_time": 1331.744
  },
  {
    "end_time": 1375.374,
    "segment": "Well",
    "speaker_id": "C",
    "start_time": 1375.004
  },
  {
    "end_time": 1397.28,
    "segment": "Well, then then do you put the voice recognition do you put the r like receiver on the actual television, in the base, or in the actual remote, 'cause then you've already got remote in your hand, why you just gonna speak to the remote, whereas if you just speak in general and you don't have to have the remote in your hand and like talk at it.",
    "speaker_id": "C",
    "start_time": 1380.72
  },
  {
    "end_time": 1424.6,
    "segment": "Still fifteen minutes.",
    "speaker_id": "C",
    "start_time": 1422.58
  },
  {
    "end_time": 1428.742,
    "segment": "Um.",
    "speaker_id": "C",
    "start_time": 1428.048
  },
  {
    "end_time": 1437.36,
    "segment": "Well, do we wanna include the numbers like zero through nine? Can we conceive of leaving them out?",
    "speaker_id": "C",
    "start_time": 1430.976
  },
  {
    "end_time": 1443.504,
    "segment": "Yeah, like you have one, two, three, four, five, six, seven, eight, nine, zero.",
    "speaker_id": "C",
    "start_time": 1440.32
  },
  {
    "end_time": 1451.616,
    "segment": "Well, I don't know, I mean, if you can like well I don't know, if there's just a way of leaving them out?",
    "speaker_id": "C",
    "start_time": 1446.128
  },
  {
    "end_time": 1506.448,
    "segment": "The colour being yellow?",
    "speaker_id": "C",
    "start_time": 1504.192
  },
  {
    "end_time": 1508.832,
    "segment": "And how do we",
    "speaker_id": "C",
    "start_time": 1508.08
  },
  {
    "end_time": 1513.28,
    "segment": "Can't make it entirely",
    "speaker_id": "C",
    "start_time": 1512.016
  },
  {
    "end_time": 1532.048,
    "segment": "Well if you have like a Hang on. If you have this sort of strip kind of down at the bottom the base of it, just like yellow with the R_R_.",
    "speaker_id": "C",
    "start_time": 1522.742
  },
  {
    "end_time": 1542.528,
    "segment": "Right, yeah.",
    "speaker_id": "C",
    "start_time": 1541.6
  },
  {
    "end_time": 1568.928,
    "segment": "Two examples. Yeah.",
    "speaker_id": "C",
    "start_time": 1567.232
  },
  {
    "end_time": 1572.368,
    "segment": "Oh, it's a Yeah.",
    "speaker_id": "C",
    "start_time": 1571.296
  },
  {
    "end_time": 1602.752,
    "segment": "Well, the other option is sort of like down at the bottom, like farther away, you just have this sort of box inset where it's like the buttons that you don't use as much, but occasionally you will use.",
    "speaker_id": "C",
    "start_time": 1591.728
  },
  {
    "end_time": 1604.682,
    "segment": "and so it's like",
    "speaker_id": "C",
    "start_time": 1603.567
  },
  {
    "end_time": 1624.624,
    "segment": "I don't well, I don't know.",
    "speaker_id": "C",
    "start_time": 1623.04
  },
  {
    "end_time": 1630.818,
    "segment": "Right.",
    "speaker_id": "C",
    "start_time": 1630.384
  },
  {
    "end_time": 1637.504,
    "segment": "Well, that could be No you could just double up with like the channel or the volume buttons.",
    "speaker_id": "C",
    "start_time": 1633.232
  },
  {
    "end_time": 1640.912,
    "segment": "Channel is just up and down.",
    "speaker_id": "C",
    "start_time": 1639.664
  },
  {
    "end_time": 1643.632,
    "segment": "And then add a",
    "speaker_id": "C",
    "start_time": 1642.656
  },
  {
    "end_time": 1651.053,
    "segment": "Yeah.",
    "speaker_id": "C",
    "start_time": 1650.498
  },
  {
    "end_time": 1661.616,
    "segment": "So we just have it like add a menu button then for the various things needed, including v voice recognition if we have any like settings for voice recognition now",
    "speaker_id": "C",
    "start_time": 1651.922
  },
  {
    "end_time": 1665.008,
    "segment": "included in the menu.",
    "speaker_id": "C",
    "start_time": 1663.232
  },
  {
    "end_time": 198.493,
    "segment": "Do you want us to do our PowerPoints now or",
    "speaker_id": "D",
    "start_time": 196.864
  },
  {
    "end_time": 393.44,
    "segment": "I can go.",
    "speaker_id": "D",
    "start_time": 392.816
  },
  {
    "end_time": 396.62,
    "segment": "Yeah, you should run it.",
    "speaker_id": "D",
    "start_time": 395.696
  },
  {
    "end_time": 403.168,
    "segment": "Mm yes.",
    "speaker_id": "D",
    "start_time": 401.888
  },
  {
    "end_time": 457.488,
    "segment": "Yes, okay so we tested a hundred subjects in our lab, and we just we watched them and we also made them fill out a questionnaire, and we found that the users are not typically happy with current remote controls. Seventy five percent think they're ugly. Eighty percent want they've are willing to spend more, which is good news for us um if we make it look fancier, and basically w we just need something that really I mean there's some other points up there, but they it needs to be snazzy and it but yet simple. So that's really what we need to do. And we need we need it to be simple, yet it needs to be high-tech looking. So",
    "speaker_id": "D",
    "start_time": 413.897
  },
  {
    "end_time": 459.184,
    "segment": "Like",
    "speaker_id": "D",
    "start_time": 458.72
  },
  {
    "end_time": 463.936,
    "segment": "They like I guess use the buttons a lot. Yeah.",
    "speaker_id": "D",
    "start_time": 460.224
  },
  {
    "end_time": 467.952,
    "segment": "I don't know. It's from my uh research.",
    "speaker_id": "D",
    "start_time": 465.232
  },
  {
    "end_time": 471.744,
    "segment": "My team wasn't very clear. That's okay.",
    "speaker_id": "D",
    "start_time": 469.296
  },
  {
    "end_time": 493.408,
    "segment": "I I think it's like the engineering versus user, whereas like the engineering she showed that the engineering ones are more complex and users don't really need all of the buttons that are contained on there, because they only use ten percent of the buttons really.",
    "speaker_id": "D",
    "start_time": 478.112
  },
  {
    "end_time": 500.224,
    "segment": "Good point. It's a necessary evil.",
    "speaker_id": "D",
    "start_time": 497.12
  },
  {
    "end_time": 533.232,
    "segment": "Mm-hmm. And so people say that they typically lose it, as you yourself know, because you probably lose your remote control all the time, much like any small appliance like a cellphone, and they we need something simple, because most people, well thirty four percent say that it's just too much time to learn how to use a new one, and we don't want to go we don't want to vary too far from the normal standard remote, but I mean they do need to be able to identify it, and R_S_I_, I'm not very sure what that is.",
    "speaker_id": "D",
    "start_time": 501.52
  },
  {
    "end_time": 537.098,
    "segment": "Yes, it is important for the remote control world.",
    "speaker_id": "D",
    "start_time": 534.288
  },
  {
    "end_time": 540.316,
    "segment": "Sh",
    "speaker_id": "D",
    "start_time": 539.762
  },
  {
    "end_time": 543.92,
    "segment": "Uh possibly.",
    "speaker_id": "D",
    "start_time": 542.88
  },
  {
    "end_time": 550.896,
    "segment": "Uh yeah, that's what my web site said, I",
    "speaker_id": "D",
    "start_time": 548.784
  },
  {
    "end_time": 552.586,
    "segment": "don't know.",
    "speaker_id": "D",
    "start_time": 551.904
  },
  {
    "end_time": 574.24,
    "segment": "Yeah, I would assume so. I think we're supposed to know it as remote control experts. But also s so the channel, the volume and the power buttons are the most important on our company website you can find like the specific statistics concerning to how much each button is used, but those are the definitely the top ones.",
    "speaker_id": "D",
    "start_time": 553.6
  },
  {
    "end_time": 576.752,
    "segment": "Yes.",
    "speaker_id": "D",
    "start_time": 576.288
  },
  {
    "end_time": 608.453,
    "segment": "And so personally I think that we need a modern eye-catching design, but it it really needs to be simple. So saying from y your slide, your presentation, the engineering versus the user-specified remotes, I think that we should go with something that's more user-friendly. Where the engineering ones, the boxes, tend to make it look more complicated than it really is. Um the functionality of the product really needs to be considered as to like what type of buttons do we really need on it.",
    "speaker_id": "D",
    "start_time": 577.84
  },
  {
    "end_time": 649.904,
    "segment": "And it needs to be open to a wide range of consumers, so even though we need a small number of buttons, we also need to take in like are most people going to be using it for a D_V_D_ player, a TiVo, what what exactly are we using it for, as well as the age range. So we need a hip, but not a corny marketing scheme for promoting our product. And also we found our team found that speech recognition is it's like an up-and-coming thing they really consumers are really interested in it, and since our findings found that people are willing to pay more money for a remote for it to be more high-class we could consider it.",
    "speaker_id": "D",
    "start_time": 608.453
  },
  {
    "end_time": 655.312,
    "segment": "I guess so, yeah.",
    "speaker_id": "D",
    "start_time": 654.352
  },
  {
    "end_time": 667.488,
    "segment": "Yeah, I guess we can interpret it like, we can just try out different types of speech recognition within our remote programme.",
    "speaker_id": "D",
    "start_time": 660.368
  },
  {
    "end_time": 714.416,
    "segment": "Oh that's fine.",
    "speaker_id": "D",
    "start_time": 713.792
  },
  {
    "end_time": 741.152,
    "segment": "What exactly is a smart chip?",
    "speaker_id": "D",
    "start_time": 739.712
  },
  {
    "end_time": 859.763,
    "segment": "So what exactly we are looking at, is this like the front of the remote?",
    "speaker_id": "D",
    "start_time": 855.792
  },
  {
    "end_time": 863.419,
    "segment": "Oh okay.",
    "speaker_id": "D",
    "start_time": 862.944
  },
  {
    "end_time": 874.523,
    "segment": "Like that we know the battery's working.",
    "speaker_id": "D",
    "start_time": 872.768
  },
  {
    "end_time": 884.22,
    "segment": "Okay.",
    "speaker_id": "D",
    "start_time": 883.581
  },
  {
    "end_time": 886.64,
    "segment": "Yeah.",
    "speaker_id": "D",
    "start_time": 886.24
  },
  {
    "end_time": 893.952,
    "segment": "Yeah, and that's good. We should make it glow in the dark.",
    "speaker_id": "D",
    "start_time": 890.16
  },
  {
    "end_time": 898.176,
    "segment": "Mm 'kay.",
    "speaker_id": "D",
    "start_time": 897.824
  },
  {
    "end_time": 933.504,
    "segment": "I think we should. Like I think that would be in a as in like in for the design, sorry, um. I think we should definitely go with buttons that don't look like a normal remote, 'cause most remotes have small square buttons, I think we should do something like maybe bigger and round like bubbles.",
    "speaker_id": "D",
    "start_time": 919.168
  },
  {
    "end_time": 998.432,
    "segment": "What is it?",
    "speaker_id": "D",
    "start_time": 997.915
  },
  {
    "end_time": 1011.888,
    "segment": "Like running along the bottom?",
    "speaker_id": "D",
    "start_time": 1010.336
  },
  {
    "end_time": 1019.926,
    "segment": "Wait, is it like the Weather Channel where it's got like the ticker running on the bottom or something?",
    "speaker_id": "D",
    "start_time": 1015.216
  },
  {
    "end_time": 1030.256,
    "segment": "So it's like a separate channel from like what you're watching?",
    "speaker_id": "D",
    "start_time": 1028.0
  },
  {
    "end_time": 1041.888,
    "segment": "Okay.",
    "speaker_id": "D",
    "start_time": 1041.44
  },
  {
    "end_time": 1141.664,
    "segment": "No, kids need to know how to use a remote, I would think. They gotta change between Disney Channel, Cartoon Network.",
    "speaker_id": "D",
    "start_time": 1134.928
  },
  {
    "end_time": 1144.945,
    "segment": "Yeah, I think we need it all.",
    "speaker_id": "D",
    "start_time": 1143.376
  },
  {
    "end_time": 1163.2,
    "segment": "Um I would say we should say dumber than the average person.",
    "speaker_id": "D",
    "start_time": 1159.52
  },
  {
    "end_time": 1165.76,
    "segment": "Yeah.",
    "speaker_id": "D",
    "start_time": 1165.264
  },
  {
    "end_time": 1220.432,
    "segment": "And channel. Yeah. Those are the most important ones.",
    "speaker_id": "D",
    "start_time": 1217.28
  },
  {
    "end_time": 1227.648,
    "segment": "Yeah.",
    "speaker_id": "D",
    "start_time": 1227.328
  },
  {
    "end_time": 1253.264,
    "segment": "Sure, yeah.",
    "speaker_id": "D",
    "start_time": 1252.528
  },
  {
    "end_time": 1257.784,
    "segment": "I need we we need a like homing device.",
    "speaker_id": "D",
    "start_time": 1255.44
  },
  {
    "end_time": 1272.192,
    "segment": "Because people really are looking for a remote that's more high-tech.",
    "speaker_id": "D",
    "start_time": 1266.64
  },
  {
    "end_time": 1285.392,
    "segment": "Do you think people'll really go for that though?",
    "speaker_id": "D",
    "start_time": 1283.792
  },
  {
    "end_time": 1287.152,
    "segment": "Because",
    "speaker_id": "D",
    "start_time": 1286.848
  },
  {
    "end_time": 1290.576,
    "segment": "Yeah.",
    "speaker_id": "D",
    "start_time": 1290.112
  },
  {
    "end_time": 1295.648,
    "segment": "I would think so, because you'd have to develop a base.",
    "speaker_id": "D",
    "start_time": 1293.424
  },
  {
    "end_time": 1303.488,
    "segment": "Hmm.",
    "speaker_id": "D",
    "start_time": 1302.752
  },
  {
    "end_time": 1329.856,
    "segment": "Right.",
    "speaker_id": "D",
    "start_time": 1329.312
  },
  {
    "end_time": 1332.018,
    "segment": "Do w",
    "speaker_id": "D",
    "start_time": 1331.632
  },
  {
    "end_time": 1350.56,
    "segment": "Well, th there's the people who desire speech recognition, there's the different demog demographics have different desires, I don't know if you guys ge",
    "speaker_id": "D",
    "start_time": 1341.68
  },
  {
    "end_time": 1364.112,
    "segment": "It wouldn't copy onto the the thing 'cause it's black, but all the different age groups have different desires for speech recognition. So basically older people don't really care.",
    "speaker_id": "D",
    "start_time": 1352.432
  },
  {
    "end_time": 1373.824,
    "segment": "It's really the people twenty five to thirty five. I feel those are the people that really watch a lot of T_V_ though. They're the ones that get addicted to soap operas and",
    "speaker_id": "D",
    "start_time": 1365.232
  },
  {
    "end_time": 1376.373,
    "segment": "just sitcoms and stuff.",
    "speaker_id": "D",
    "start_time": 1374.974
  },
  {
    "end_time": 1380.043,
    "segment": "Right.",
    "speaker_id": "D",
    "start_time": 1379.648
  },
  {
    "end_time": 1381.248,
    "segment": "So",
    "speaker_id": "D",
    "start_time": 1381.008
  },
  {
    "end_time": 1403.488,
    "segment": "Right.",
    "speaker_id": "D",
    "start_time": 1403.01
  },
  {
    "end_time": 1413.056,
    "segment": "Yeah.",
    "speaker_id": "D",
    "start_time": 1412.768
  },
  {
    "end_time": 1440.4,
    "segment": "Wait, on the remote itself?",
    "speaker_id": "D",
    "start_time": 1439.184
  },
  {
    "end_time": 1444.954,
    "segment": "Well, we definitely need those.",
    "speaker_id": "D",
    "start_time": 1443.552
  },
  {
    "end_time": 1455.78,
    "segment": "Yeah. You definitely need",
    "speaker_id": "D",
    "start_time": 1453.712
  },
  {
    "end_time": 1505.007,
    "segment": "Wait.",
    "speaker_id": "D",
    "start_time": 1504.166
  },
  {
    "end_time": 1511.552,
    "segment": "I feel like a ye I feel like a yellow one would be too garish.",
    "speaker_id": "D",
    "start_time": 1508.448
  },
  {
    "end_time": 1518.657,
    "segment": "Or put like stripes, oh yeah, yellow lights.",
    "speaker_id": "D",
    "start_time": 1515.664
  },
  {
    "end_time": 1523.008,
    "segment": "Yeah.",
    "speaker_id": "D",
    "start_time": 1522.624
  },
  {
    "end_time": 1543.008,
    "segment": "Yeah.",
    "speaker_id": "D",
    "start_time": 1542.448
  },
  {
    "end_time": 1557.088,
    "segment": "Yeah.",
    "speaker_id": "D",
    "start_time": 1556.688
  },
  {
    "end_time": 1586.247,
    "segment": "Yeah, audi audio settings and screen settings, we need those like audio settings mono, stereo, pitch, screen settings like brightness, colour, or do we just want that accessed accessed from the television itself?",
    "speaker_id": "D",
    "start_time": 1574.384
  },
  {
    "end_time": 1620.992,
    "segment": "Yeah, 'cause we need to we definitely need to have buttons for like sub-titles and things like that. It's 'cause the foreign film market is expanding and stuff, and like on television like I know f k living in Los Angeles it's tons of Spanish network television if it has English sub-titles it's definitely helpful.",
    "speaker_id": "D",
    "start_time": 1603.424
  },
  {
    "end_time": 1632.704,
    "segment": "So we need up, down, and side-to-side buttons.",
    "speaker_id": "D",
    "start_time": 1630.624
  },
  {
    "end_time": 1640.149,
    "segment": "Yeah, okay.",
    "speaker_id": "D",
    "start_time": 1639.136
  },
  {
    "end_time": 1642.448,
    "segment": "Okay, yeah.",
    "speaker_id": "D",
    "start_time": 1641.824
  },
  {
    "end_time": 1650.52,
    "segment": "Such as, yeah, the one the one over there on the left the engineering centred one.",
    "speaker_id": "D",
    "start_time": 1645.728
  },
  {
    "end_time": 1669.536,
    "segment": "Ooh, I just got an idea for a design.",
    "speaker_id": "D",
    "start_time": 1667.216
  }
]