[
  [
    {
      "act": "Okay um right I g I guess that's it, so we can now um We can now have a little look at the the Excel sheet and price listing, and see if we need to",
      "end_time": 412.35,
      "start_time": 397.13
    },
    {
      "act": "Mm-hmm.",
      "end_time": 413.82,
      "start_time": 413.42
    },
    {
      "act": "um if we need to rethink anything at all. So um for this first part here power-wise, have we got battery? Do we have kinetic as well? No. Okay, just battery.",
      "end_time": 427.91,
      "start_time": 413.89
    },
    {
      "act": "The battery. No. Um. We need an",
      "end_time": 431.37,
      "start_time": 421.58
    },
    {
      "act": "And that's because of cost restraints is it?",
      "end_time": 433.02,
      "start_time": 431.02
    }
  ],
  [
    {
      "act": "Okay um what about the electronics here? Advanced chip.",
      "end_time": 436.74,
      "start_time": 433.02
    },
    {
      "act": "Yep.",
      "end_time": 432.75,
      "start_time": 432.42
    },
    {
      "act": "Yeah.",
      "end_time": 433.07,
      "start_time": 432.69
    },
    {
      "act": "Yeah advanced chip. We need an advanced chip I think, yep. Let me just confirm that. Yes I think so. Yep.",
      "end_time": 446.86,
      "start_time": 433.96
    }
  ],
  [
    {
      "act": "Okay um the case, what does it mean by single and double, do you know?",
      "end_time": 452.31,
      "start_time": 449.08
    },
    {
      "act": "Um I think single would just be sort of one sort of oval whereas double is this sort of thing.",
      "end_time": 456.68,
      "start_time": 452.96
    },
    {
      "act": "Yeah.",
      "end_time": 457.2,
      "start_time": 456.85
    },
    {
      "act": "So we want double-curved? Okay.",
      "end_time": 459.05,
      "start_time": 456.85
    },
    {
      "act": "Yep.",
      "end_time": 458.32,
      "start_time": 458.07
    }
  ],
  [
    {
      "act": "Okay and then buttons, we have what, two colours?",
      "end_time": 496.28,
      "start_time": 490.15
    },
    {
      "act": "How many",
      "end_time": 494.3,
      "start_time": 493.68
    },
    {
      "act": "Um we have um got some push buttons as well.",
      "end_time": 498.38,
      "start_time": 494.84
    },
    {
      "act": "Or even clear.",
      "end_time": 497.87,
      "start_time": 497.15
    },
    {
      "act": "We've got push buttons as well.",
      "end_time": 499.9,
      "start_time": 498.69
    },
    {
      "act": "Like uh oh wait so push button and integrated scroll wheel push okay.",
      "end_time": 506.51,
      "start_time": 503.04
    },
    {
      "act": "'Kay.",
      "end_time": 503.67,
      "start_time": 503.47
    }
  ],
  [
    {
      "act": "How much would that save us? That will only save you one. The other thing could be that um you could take away the L_C_D_ panel and the advanced chip together, um because when you",
      "end_time": 589.43,
      "start_time": 579.67
    },
    {
      "act": "How much would that save us? One.",
      "end_time": 583.02,
      "start_time": 580.6
    },
    {
      "act": "That is one.",
      "end_time": 582.63,
      "start_time": 581.75
    },
    {
      "act": "do something on the T_V_, the T_V_ responds and reacts as well, so the user could be looking at the T_V_ and pushing his thing so we may not need to so when we scroll we need just some way to get the T_V_ to respond, which I think is a technically doable thing so",
      "end_time": 605.36,
      "start_time": 590.86
    },
    {
      "act": "Mm-hmm.",
      "end_time": 592.29,
      "start_time": 591.97
    },
    {
      "act": "That's fair enough, yeah.",
      "end_time": 598.11,
      "start_time": 597.14
    },
    {
      "act": "Mm-hmm. Mm-hmm.",
      "end_time": 601.67,
      "start_time": 599.15
    },
    {
      "act": "Okay so",
      "end_time": 603.74,
      "start_time": 602.97
    },
    {
      "act": "Mm-hmm. Mm-hmm.",
      "end_time": 605.5,
      "start_time": 603.13
    },
    {
      "act": "So w what's our reviewed suggestion? Um take away the L_C_ display?",
      "end_time": 610.56,
      "start_time": 605.56
    },
    {
      "act": "Yep. And the advanced chip goes away as well.",
      "end_time": 614.31,
      "start_time": 610.5
    },
    {
      "act": "Mm-hmm.",
      "end_time": 613.06,
      "start_time": 612.81
    },
    {
      "act": "To be replaced with a regular chip.",
      "end_time": 617.93,
      "start_time": 614.74
    },
    {
      "act": "Regular chip. Yep.",
      "end_time": 618.75,
      "start_time": 616.6
    },
    {
      "act": "Mm-hmm.",
      "end_time": 622.14,
      "start_time": 621.84
    },
    {
      "act": "Okay.",
      "end_time": 622.38,
      "start_time": 621.85
    }
  ],
  [
    {
      "act": "Okay well we have point three to get rid of somewhere.",
      "end_time": 666.81,
      "start_time": 663.86
    },
    {
      "act": "We just report that it has to be over budget, or the colours, you could take away s colours for th for the buttons.",
      "end_time": 674.57,
      "start_time": 668.08
    },
    {
      "act": "Mm.",
      "end_time": 668.78,
      "start_time": 668.19
    },
    {
      "act": "No can do.",
      "end_time": 673.13,
      "start_time": 672.26
    },
    {
      "act": "Yeah we could just go with um",
      "end_time": 676.63,
      "start_time": 674.83
    },
    {
      "act": "Yeah w",
      "end_time": 676.3,
      "start_time": 675.73
    },
    {
      "act": "Normal coloured buttons.",
      "end_time": 677.76,
      "start_time": 676.45
    },
    {
      "act": "Well do you want colour differentiation here?",
      "end_time": 681.76,
      "start_time": 679.46
    },
    {
      "act": "No that's not the button we're talking about. That's the buttons only refer to the pad so",
      "end_time": 686.05,
      "start_time": 682.2
    },
    {
      "act": "Um",
      "end_time": 682.85,
      "start_time": 682.24
    },
    {
      "act": "Oh yeah sorry yeah then. Right so",
      "end_time": 687.77,
      "start_time": 683.24
    },
    {
      "act": "Should we take that off uh?",
      "end_time": 689.79,
      "start_time": 688.13
    },
    {
      "act": "Ah.",
      "end_time": 690.74,
      "start_time": 690.06
    },
    {
      "act": "Hey it's back to the original. Um so then these just become normal coloured buttons, so that might be some some way of cutting the cost.",
      "end_time": 700.16,
      "start_time": 692.39
    },
    {
      "act": "That's it.",
      "end_time": 692.85,
      "start_time": 692.44
    },
    {
      "act": "Hmm. Mm-hmm. Mm.",
      "end_time": 700.75,
      "start_time": 693.61
    },
    {
      "act": "Okay, ach that's a shame. Um right, so take away that completely? Ah. And now we're under budget.",
      "end_time": 711.91,
      "start_time": 701.56
    }
  ],
  [
    {
      "act": "So we're not gonna have the L_C_D_ anymore, and we'll just gonna have an on t on the T_V_ it'll show you what you're doing, which I think is fair enough, and so this is gonna be one big thing here.",
      "end_time": 750.51,
      "start_time": 741.24
    }
  ],
  [
    {
      "act": "Um it's probably just I dunno if it's worth getting into, but um just in in that we want this to be stylish, should we think a little bit more out of the box in terms of a button grid, because I've seen there's lots of devices out there that that instead of taking your standard nine nine square grid, and they have it sort of stylized or in different concept that that",
      "end_time": 867.02,
      "start_time": 845.12
    },
    {
      "act": "I think that's something that's very hard to catch, so you you restrict the number of people who wanna try something. The the look and the colour is something which is cool, but I think that there's also that factor of if it's too unfamiliar then um because when you put it on the shelf",
      "end_time": 882.28,
      "start_time": 866.32
    },
    {
      "act": "Yeah. Sure, okay. Yeah, alright. Okay, sure. What about button shape? Square buttons?",
      "end_time": 883.29,
      "start_time": 868.95
    },
    {
      "act": "Yeah button shape might be a good idea to change, rather than rather than positioning, 'cause I think positioning is we're kinda engrained into the the telephone kind of",
      "end_time": 893.52,
      "start_time": 883.33
    },
    {
      "act": "Okay. Yeah. Sure.",
      "end_time": 890.31,
      "start_time": 885.65
    },
    {
      "act": "Yeah.",
      "end_time": 892.59,
      "start_time": 892.25
    },
    {
      "act": "Yeah.",
      "end_time": 893.51,
      "start_time": 893.23
    },
    {
      "act": "Okay.",
      "end_time": 895.22,
      "start_time": 894.68
    },
    {
      "act": "pad.",
      "end_time": 895.66,
      "start_time": 895.12
    },
    {
      "act": "Right um.",
      "end_time": 897.8,
      "start_time": 896.33
    }
  ]
]