{
  "abs_summ": {
    "abs_summs_count": 11,
    "ext_summs_count": 73
  },
  "ap": [
    [
      {
        "act": "um, we have in the group",
        "end_time": 13.18,
        "is_in_ext_summ": false,
        "start_time": 9.2
      },
      {
        "act": "Ebenezer Ademesoye.",
        "end_time": 15.21,
        "is_in_ext_summ": true,
        "start_time": 13.6
      }
    ],
    [
      {
        "act": "Would you like me to spell that?",
        "end_time": 16.81,
        "is_in_ext_summ": false,
        "start_time": 15.21
      },
      {
        "act": "Um, yeah,",
        "end_time": 19.33,
        "is_in_ext_summ": false,
        "start_time": 18.43
      }
    ],
    [
      {
        "act": "Um, N_E_Z_",
        "end_time": 21.52,
        "is_in_ext_summ": false,
        "start_time": 20.58
      },
      {
        "act": "N_ E_ Z_.",
        "end_time": 24.41,
        "is_in_ext_summ": false,
        "start_time": 21.97
      }
    ],
    [
      {
        "act": "E_R_.",
        "end_time": 23.7,
        "is_in_ext_summ": false,
        "start_time": 23.09
      },
      {
        "act": "Ebenezer.",
        "end_time": 24.9,
        "is_in_ext_summ": false,
        "start_time": 24.41
      }
    ],
    [
      {
        "act": "And your role is?",
        "end_time": 26.16,
        "is_in_ext_summ": false,
        "start_time": 24.9
      },
      {
        "act": "I'm the Marketing Expert.",
        "end_time": 28.26,
        "is_in_ext_summ": true,
        "start_time": 26.3
      },
      {
        "act": "You're the Marketing Expert, okay.",
        "end_time": 30.19,
        "is_in_ext_summ": false,
        "start_time": 28.5
      }
    ],
    [
      {
        "act": "Next we have?",
        "end_time": 34.18,
        "is_in_ext_summ": false,
        "start_time": 33.33
      },
      {
        "act": "Tarik Rahman. T_A_R_I_K_.",
        "end_time": 36.3,
        "is_in_ext_summ": true,
        "start_time": 34.34
      },
      {
        "act": "T_ R_ I_ K_.",
        "end_time": 38.29,
        "is_in_ext_summ": false,
        "start_time": 36.52
      }
    ],
    [
      {
        "act": "And your role in this is?",
        "end_time": 39.75,
        "is_in_ext_summ": false,
        "start_time": 38.29
      },
      {
        "act": "Industrial Designer.",
        "end_time": 40.86,
        "is_in_ext_summ": true,
        "start_time": 39.84
      },
      {
        "act": "Industrial Designer.",
        "end_time": 41.95,
        "is_in_ext_summ": false,
        "start_time": 41.01
      }
    ],
    [
      {
        "act": "And, lastly we have?",
        "end_time": 49.09,
        "is_in_ext_summ": false,
        "start_time": 47.69
      },
      {
        "act": "Uh, Dave Cochrane.",
        "end_time": 50.77,
        "is_in_ext_summ": true,
        "start_time": 49.38
      }
    ],
    [
      {
        "act": "is it?",
        "end_time": 55.07,
        "is_in_ext_summ": false,
        "start_time": 54.55
      },
      {
        "act": "User Interface Defin Designer, yes.",
        "end_time": 56.06,
        "is_in_ext_summ": false,
        "start_time": 54.24
      },
      {
        "act": "Designer. Okay.",
        "end_time": 57.21,
        "is_in_ext_summ": false,
        "start_time": 55.07
      }
    ],
    [
      {
        "act": "Ebenezer, you wanna have a you wanna draw your favourite animal?",
        "end_time": 143.48,
        "is_in_ext_summ": true,
        "start_time": 139.33
      },
      {
        "act": "Sure.",
        "end_time": 144.06,
        "is_in_ext_summ": false,
        "start_time": 143.48
      }
    ],
    [
      {
        "act": "you can clip them to your belt.",
        "end_time": 257.93,
        "is_in_ext_summ": false,
        "start_time": 256.72
      },
      {
        "act": "Oh right,",
        "end_time": 258.68,
        "is_in_ext_summ": false,
        "start_time": 258.29
      },
      {
        "act": "okay.",
        "end_time": 258.96,
        "is_in_ext_summ": false,
        "start_time": 258.68
      }
    ],
    [
      {
        "act": "You should also l um have your the lapel mic on as well.",
        "end_time": 262.62,
        "is_in_ext_summ": false,
        "start_time": 259.01
      },
      {
        "act": "Ah-ha.",
        "end_time": 264.31,
        "is_in_ext_summ": false,
        "start_time": 263.78
      }
    ],
    [
      {
        "act": "we can clip them on.",
        "end_time": 267.49,
        "is_in_ext_summ": false,
        "start_time": 266.48
      },
      {
        "act": "Oh that's good,",
        "end_time": 266.48,
        "is_in_ext_summ": false,
        "start_time": 266.0
      }
    ],
    [
      {
        "act": "where do I put the",
        "end_time": 274.03,
        "is_in_ext_summ": false,
        "start_time": 273.52
      },
      {
        "act": "Just um somewhere",
        "end_time": 276.04,
        "is_in_ext_summ": false,
        "start_time": 274.37
      }
    ],
    [
      {
        "act": "Is this supposed to be clipped as well?",
        "end_time": 301.08,
        "is_in_ext_summ": false,
        "start_time": 299.95
      },
      {
        "act": "I think so.",
        "end_time": 301.69,
        "is_in_ext_summ": false,
        "start_time": 301.31
      },
      {
        "act": "Yeah.",
        "end_time": 301.96,
        "is_in_ext_summ": false,
        "start_time": 301.67
      }
    ],
    [
      {
        "act": "Um, monkeys have attitude.",
        "end_time": 577.97,
        "is_in_ext_summ": false,
        "start_time": 575.35
      },
      {
        "act": "Which I think is a good thing.",
        "end_time": 579.51,
        "is_in_ext_summ": false,
        "start_time": 577.97
      }
    ],
    [
      {
        "act": "Project finance. As you can see, twelve point five Euros per unit.",
        "end_time": 693.12,
        "is_in_ext_summ": true,
        "start_time": 687.11
      },
      {
        "act": "That's not a terrible lot as far as I'm aware,",
        "end_time": 696.46,
        "is_in_ext_summ": false,
        "start_time": 693.12
      }
    ],
    [
      {
        "act": "Yep.",
        "end_time": 711.12,
        "is_in_ext_summ": false,
        "start_time": 710.0
      },
      {
        "act": "okay.",
        "end_time": 710.77,
        "is_in_ext_summ": false,
        "start_time": 710.55
      }
    ],
    [
      {
        "act": "that was an amount, so that's the amount made,",
        "end_time": 710.55,
        "is_in_ext_summ": false,
        "start_time": 706.82
      },
      {
        "act": "Yep.",
        "end_time": 711.12,
        "is_in_ext_summ": false,
        "start_time": 710.0
      }
    ],
    [
      {
        "act": "Absolutely prohibitive,",
        "end_time": 820.42,
        "is_in_ext_summ": true,
        "start_time": 819.18
      },
      {
        "act": "yeah.",
        "end_time": 821.2,
        "is_in_ext_summ": false,
        "start_time": 819.89
      }
    ],
    [
      {
        "act": "with the price range we're looking at, going for a touch screen would probably be possibly out of our",
        "end_time": 819.89,
        "is_in_ext_summ": true,
        "start_time": 814.47
      },
      {
        "act": "yeah.",
        "end_time": 821.06,
        "is_in_ext_summ": false,
        "start_time": 820.42
      }
    ],
    [
      {
        "act": "Would the the idea something along the lines of, one on button would turn on say the video recorder, the T_V_, maybe the sound system as well, all in one go, is that kind of",
        "end_time": 854.29,
        "is_in_ext_summ": true,
        "start_time": 845.65
      },
      {
        "act": "For instance,",
        "end_time": 855.26,
        "is_in_ext_summ": false,
        "start_time": 853.68
      }
    ],
    [
      {
        "act": "you pr uh you press uh say the play button for the D_V_D_ player and it turns the T_V_ on and onto the right channel as well, um",
        "end_time": 869.67,
        "is_in_ext_summ": true,
        "start_time": 861.37
      },
      {
        "act": "Okay, that sounds like a a good strong idea. Um",
        "end_time": 875.32,
        "is_in_ext_summ": false,
        "start_time": 870.89
      }
    ],
    [
      {
        "act": "we're beginning to run out of time now,",
        "end_time": 955.11,
        "is_in_ext_summ": false,
        "start_time": 953.76
      },
      {
        "act": "Yeah.",
        "end_time": 955.5,
        "is_in_ext_summ": false,
        "start_time": 955.24
      }
    ],
    [
      {
        "act": "What the user wants uh.",
        "end_time": 992.37,
        "is_in_ext_summ": false,
        "start_time": 991.23
      },
      {
        "act": "what the user wants, yes.",
        "end_time": 994.44,
        "is_in_ext_summ": false,
        "start_time": 992.08
      },
      {
        "act": "Okay.",
        "end_time": 993.78,
        "is_in_ext_summ": false,
        "start_time": 993.45
      }
    ],
    [
      {
        "act": "do you think they should have some sort of stick on it, rather than buttons?",
        "end_time": 1009.3,
        "is_in_ext_summ": true,
        "start_time": 1003.99
      },
      {
        "act": "Oh. Okay,.",
        "end_time": 1010.32,
        "is_in_ext_summ": false,
        "start_time": 1008.75
      },
      {
        "act": "and that could allow n easy navigation, used as a joystick as well.",
        "end_time": 1037.74,
        "is_in_ext_summ": true,
        "start_time": 1033.18
      }
    ],
    [
      {
        "act": "small, stylish, and something that's just a little different.",
        "end_time": 1081.24,
        "is_in_ext_summ": true,
        "start_time": 1077.06
      },
      {
        "act": "mm-hmm.",
        "end_time": 1080.04,
        "is_in_ext_summ": false,
        "start_time": 1079.03
      }
    ],
    [
      {
        "act": "Mm-hmm. The other key feature that uh that would be a good idea built into it is t is is to make something you know fairly sort of ergonomic,",
        "end_time": 1055.3,
        "is_in_ext_summ": true,
        "start_time": 1045.78
      },
      {
        "act": "That's definitely something that we should be able to do quite easily.",
        "end_time": 1092.2,
        "is_in_ext_summ": false,
        "start_time": 1089.74
      }
    ],
    [
      {
        "act": "and I'll get that out to everybody.",
        "end_time": 1109.16,
        "is_in_ext_summ": false,
        "start_time": 1107.94
      },
      {
        "act": "'Kay.",
        "end_time": 1111.08,
        "is_in_ext_summ": false,
        "start_time": 1109.99
      }
    ]
  ],
  "ap_meta": {
    "far_than_3s": 2,
    "total": 66,
    "total_sequences": 29,
    "values": [
      [
        25,
        1010.32
      ],
      [
        27,
        1055.3
      ]
    ]
  },
  "args": [
    [
      {
        "act": "Any ideas of where you think a new remote control could go into this market?",
        "ae_type": "Open issue",
        "end_time": 735.08,
        "speaker_id": "B",
        "start_time": 730.78
      },
      {
        "act": "Well, one thing I'm aware of is, th there uh um at the sort of v very high price end of the market there's there's a em emerging market for sort of touch screen L_C_D_ remotes that can be uh programmed in m much more sophisticated ways than sort of conventional models, so you get the sort of you get um you you can redesign the interface to your own needs, you can programme in macros, and you get a much greater degree um um I mean you get in these sort of three in one, five in one, whatevers, but you can get integration between the different uh the the the diff the different things that it's designed to control, to a much greater extent, and you can have one uh you know one macro to turn the uh you know turn the T_V_ to the right channel, get the uh re uh rewind the tape in the V_C_R_ and get it to play once it's rewound, for instance.",
        "ae_type": "Statement",
        "end_time": 790.71,
        "speaker_id": "A",
        "start_time": 736.97
      },
      {
        "act": "Um b it occurs to me there might be a niche for uh for a remote that aimed towards some of that sort of functionality but using a just conventional push button design. And therefore putting it into a um well much lower price bracket.",
        "ae_type": "Statement",
        "end_time": 811.36,
        "speaker_id": "A",
        "start_time": 790.71
      },
      {
        "act": "Okay.",
        "ae_type": "Statement",
        "end_time": 790.66,
        "speaker_id": "B",
        "start_time": 790.07
      },
      {
        "act": "Okay, yeah, tha that's true, with the price range we're looking at, going for a touch screen would probably be possibly out of our yeah.",
        "ae_type": "Statement",
        "end_time": 821.2,
        "speaker_id": "B",
        "start_time": 812.69
      },
      {
        "act": "But you think uh again something to control multiple units in uh a simple fashion.",
        "ae_type": "Yes/No issue",
        "end_time": 825.7,
        "speaker_id": "B",
        "start_time": 821.2
      },
      {
        "act": "Yeah, I mean I wouldn't like to say you g I mean you get ones that you can switch between multiple units, but something that could um operate between multiple units in a more integrated fashion. Some and ideally something into which it would have some at least limited facility for um running macros.",
        "ae_type": "Statement",
        "end_time": 844.61,
        "speaker_id": "A",
        "start_time": 825.96
      },
      {
        "act": "Absolutely prohibitive, yeah.",
        "ae_type": "Statement",
        "end_time": 821.06,
        "speaker_id": "A",
        "start_time": 819.18
      },
      {
        "act": "Would the the idea something along the lines of, one on button would turn on say the video recorder, the T_V_, maybe the sound system as well, all in one go, is that kind of",
        "ae_type": "Yes/No issue",
        "end_time": 854.29,
        "speaker_id": "B",
        "start_time": 845.65
      },
      {
        "act": "For instance, um let's say oh oh um, or um you know you pr uh you press uh say the play button for the D_V_D_ player and it turns the T_V_ on and onto the right channel as well, um",
        "ae_type": "Statement",
        "end_time": 869.67,
        "speaker_id": "A",
        "start_time": 853.68
      },
      {
        "act": "Okay, that sounds like a a good strong idea.",
        "ae_type": "Statement",
        "end_time": 874.81,
        "speaker_id": "B",
        "start_time": 870.89
      },
      {
        "act": "'Kay",
        "ae_type": "Statement",
        "end_time": 871.94,
        "speaker_id": "C",
        "start_time": 871.65
      },
      {
        "act": "Any takes on this?",
        "ae_type": "Open issue",
        "end_time": 879.72,
        "speaker_id": "B",
        "start_time": 877.7
      },
      {
        "act": "Well um I've noticed that uh gaming c is becoming quite popular with television, um when I was younger we used to e play games using our cable, using the cable subscribed the cable providers, but our remote controls would get worn out really easily, and the remote control was not a great kind of keyboar, um keypad, for playing games. So perhaps one that was more um specialised for game playing or interactive television. They they've recently brought out this new remote control, for people to set their favourite channels, or um to record things. Instead of people entering in what time things start, you simply stri slide a bar to say what time it begins, and slide another bar to say what time it ends, you know that's",
        "ae_type": "Statement",
        "end_time": 927.68,
        "speaker_id": "C",
        "start_time": 879.52
      }
    ],
    [
      {
        "act": "Well um I've noticed that uh gaming c is becoming quite popular with television, um when I was younger we used to e play games using our cable, using the cable subscribed the cable providers, but our remote controls would get worn out really easily, and the remote control was not a great kind of keyboar, um keypad, for playing games. So perhaps one that was more um specialised for game playing or interactive television. They they've recently brought out this new remote control, for people to set their favourite channels, or um to record things. Instead of people entering in what time things start, you simply stri slide a bar to say what time it begins, and slide another bar to say what time it ends, you know that's",
        "ae_type": "Statement",
        "end_time": 927.68,
        "speaker_id": "C",
        "start_time": 879.52
      },
      {
        "act": "Mm-hmm.",
        "ae_type": "Statement",
        "end_time": 894.44,
        "speaker_id": "A",
        "start_time": 894.13
      },
      {
        "act": "Okay.",
        "ae_type": "Statement",
        "end_time": 925.56,
        "speaker_id": "B",
        "start_time": 925.19
      },
      {
        "act": "Yeah I've heard I've seen the bar-code design before, yeah.",
        "ae_type": "Statement",
        "end_time": 930.25,
        "speaker_id": "B",
        "start_time": 927.99
      },
      {
        "act": "Mm.",
        "ae_type": "Statement",
        "end_time": 929.23,
        "speaker_id": "D",
        "start_time": 928.82
      },
      {
        "act": "Mm-hmm.",
        "ae_type": "Statement",
        "end_time": 930.51,
        "speaker_id": "A",
        "start_time": 930.23
      },
      {
        "act": "Y you don't have to be uh really clever to use a remote control. I think for gaming, you know you want you want some big buttons for up, down, left and right, shoot.",
        "ae_type": "Statement",
        "end_time": 942.58,
        "speaker_id": "C",
        "start_time": 933.87
      },
      {
        "act": "Uh, you wanna be able to change angles in interactive television, so you need buttons to change the television angle, the camera angles and stuff like that.",
        "ae_type": "Statement",
        "end_time": 952.37,
        "speaker_id": "C",
        "start_time": 944.45
      },
      {
        "act": "Yeah, it's it's taken out the",
        "ae_type": "Statement",
        "end_time": 932.25,
        "speaker_id": "C",
        "start_time": 930.48
      }
    ],
    [
      {
        "act": "what the user wants, yes. Um, right. Has anybody got anything they'd like to add at this stage, anything they think that might have been missed so far?",
        "ae_type": "Open issue",
        "end_time": 1001.2,
        "speaker_id": "B",
        "start_time": 992.08
      },
      {
        "act": "Well when you're talking about gaming and stuff, do you think they should have some sort of stick on it, rather than buttons?",
        "ae_type": "Statement",
        "end_time": 1009.3,
        "speaker_id": "D",
        "start_time": 1002.36
      },
      {
        "act": "Like uh control pads, you know of games, but or is that a bit ridiculous?",
        "ae_type": "Yes/No issue",
        "end_time": 1015.55,
        "speaker_id": "D",
        "start_time": 1010.16
      },
      {
        "act": "Oh. Okay,.",
        "ae_type": "Statement",
        "end_time": 1010.32,
        "speaker_id": "C",
        "start_time": 1008.75
      },
      {
        "act": "Mm-hmm.",
        "ae_type": "Statement",
        "end_time": 1013.84,
        "speaker_id": "C",
        "start_time": 1013.59
      },
      {
        "act": "I I don't see why not, almost everybody is probably used to a console by now, and all of them incorporate small keypads on them, in fact even the mobile phones these days are beginning to use them as well, so it's probably an interface that most people are used to.",
        "ae_type": "Statement",
        "end_time": 1030.74,
        "speaker_id": "B",
        "start_time": 1016.96
      },
      {
        "act": "Yeah.",
        "ae_type": "Statement",
        "end_time": 1026.51,
        "speaker_id": "D",
        "start_time": 1026.16
      },
      {
        "act": "and that could allow n easy navigation, used as a joystick as well.",
        "ae_type": "Statement",
        "end_time": 1037.74,
        "speaker_id": "B",
        "start_time": 1033.18
      },
      {
        "act": "Mm-hmm.",
        "ae_type": "Statement",
        "end_time": 1046.04,
        "speaker_id": "A",
        "start_time": 1045.78
      },
      {
        "act": "The other key feature that uh that would be a good idea built into it is t is is to make something you know fairly sort of ergonomic, something that just fits fits as comfortably as possible into the hand. But of course, uh al al also allows for the possibility of a more sort of slightly unconventional or attractive uh sha shape for it overall,.",
        "ae_type": "Statement",
        "end_time": 1074.55,
        "speaker_id": "A",
        "start_time": 1046.04
      },
      {
        "act": "Okay.",
        "ae_type": "Statement",
        "end_time": 1072.89,
        "speaker_id": "B",
        "start_time": 1072.5
      },
      {
        "act": "So, small, stylish, and something that's just a little different.",
        "ae_type": "Statement",
        "end_time": 1081.24,
        "speaker_id": "B",
        "start_time": 1075.58
      },
      {
        "act": "A curve, mm-hmm. Something sort of sort of sl slightly sort of biomorphic in form, uh which it would need to be to sort of conform to the shape of the hand more efficiently anyway.",
        "ae_type": "Statement",
        "end_time": 1088.16,
        "speaker_id": "A",
        "start_time": 1077.09
      },
      {
        "act": "Okay. That's definitely something that we should be able to do quite easily.",
        "ae_type": "Statement",
        "end_time": 1092.2,
        "speaker_id": "B",
        "start_time": 1088.53
      },
      {
        "act": "I would I would have hoped so anyway. Um, right.",
        "ae_type": "Statement",
        "end_time": 1096.92,
        "speaker_id": "B",
        "start_time": 1093.27
      }
    ]
  ],
  "da": {
    "types": {
      "Assess": 32,
      "Backchannel": 15,
      "Be-Positive": 7,
      "Comment-About-Understanding": 13,
      "Elicit-Assessment": 10,
      "Elicit-Comment-Understanding": 1,
      "Elicit-Inform": 8,
      "Elicit-Offer-Or-Suggestion": 3,
      "Fragment": 26,
      "Inform": 110,
      "Offer": 3,
      "Other": 4,
      "Stall": 34,
      "Suggest": 33
    }
  },
  "dialog_acts": 299,
  "ext_sentense_count": 48,
  "ext_sentense_da_count": 59,
  "ext_summ": {
    "types": {
      "Assess": 3,
      "Elicit-Assessment": 5,
      "Elicit-Inform": 1,
      "Elicit-Offer-Or-Suggestion": 1,
      "Inform": 29,
      "Offer": 1,
      "Suggest": 8
    }
  },
  "segmants": 117
}