[
  {
    "acts": [
      {
        "act": "If you leave them on the whole time you get to look like a noodle the whole time.",
        "end_time": 6.86,
        "start_time": 3.68
      },
      {
        "act": "Hmm.",
        "end_time": 14.14,
        "start_time": 13.41
      },
      {
        "act": "Is that someone's?",
        "end_time": 15.99,
        "start_time": 15.11
      },
      {
        "act": "Is that.",
        "end_time": 20.74,
        "start_time": 19.95
      },
      {
        "act": "Thank you.",
        "end_time": 23.44,
        "start_time": 22.99
      },
      {
        "act": "three, apparently.",
        "end_time": 25.26,
        "start_time": 24.12
      },
      {
        "act": "Hmm. Hmm.",
        "end_time": 26.84,
        "start_time": 26.09
      },
      {
        "act": "Okay, you all switched on.",
        "end_time": 28.56,
        "start_time": 27.38
      },
      {
        "act": "Okay.",
        "end_time": 28.38,
        "start_time": 27.86
      },
      {
        "act": "Yep, me too.",
        "end_time": 29.63,
        "start_time": 29.06
      },
      {
        "act": "I presume we're good to go. Okay, um minutes um we decided to use a kinetic charger,",
        "end_time": 39.52,
        "start_time": 32.72
      },
      {
        "act": "Mm-hmm.",
        "end_time": 40.11,
        "start_time": 39.85
      },
      {
        "act": "standard chip, um 'cause it can come in various different sizes, it wasn't uh uh gonna be a problem factor. We wanted a stand-by function. The case material is gonna be soft, rubbery, changeable. Um buttons with a combination of L_C_D_ and rubber according to the design. Um bright funky designs inspired by fruit, keeping with the hip kind of feel. Um and to try and incorporate voice recognition software into our design until we can find out more about the cost of things like that. Um and the rubber buttons that we'll use will be anti-R_S_I_. Okay?",
        "end_time": 82.47,
        "start_time": 40.93
      }
    ],
    "other_description": null,
    "topic": "opening"
  },
  {
    "acts": [
      {
        "act": "Prototype presentation.",
        "end_time": 90.29,
        "start_time": 88.58
      },
      {
        "act": "Is that for us?",
        "end_time": 92.62,
        "start_time": 91.37
      },
      {
        "act": "I think that would be you.",
        "end_time": 93.81,
        "start_time": 92.6
      },
      {
        "act": "Yep.",
        "end_time": 93.32,
        "start_time": 92.85
      },
      {
        "act": "Okay.",
        "end_time": 94.48,
        "start_time": 94.1
      },
      {
        "act": "Me and William worked on a prototype, and I think William is going to make a p presentation on that.",
        "end_time": 98.97,
        "start_time": 94.68
      },
      {
        "act": "Yeah, shall I show? I'll show. Though do you do you wanna do you wanna sh do you wanna hold it and I'll I'll show you the presentation. Can I just nick your",
        "end_time": 109.38,
        "start_time": 99.49
      },
      {
        "act": "Yeah.",
        "end_time": 101.1,
        "start_time": 100.76
      },
      {
        "act": "Make sure the camera's",
        "end_time": 105.53,
        "start_time": 103.25
      },
      {
        "act": "I can hold it like Yeah, so",
        "end_time": 107.41,
        "start_time": 103.62
      },
      {
        "act": "Yes, yes you can. Wait a second, I'll get it out.",
        "end_time": 110.86,
        "start_time": 109.01
      },
      {
        "act": "Whoa.",
        "end_time": 115.32,
        "start_time": 114.8
      },
      {
        "act": "It looks",
        "end_time": 116.57,
        "start_time": 115.96
      },
      {
        "act": "Um",
        "end_time": 116.33,
        "start_time": 116.05
      },
      {
        "act": "Going a bit crazy over here.",
        "end_time": 117.74,
        "start_time": 116.55
      },
      {
        "act": "crazy.",
        "end_time": 118.82,
        "start_time": 117.88
      },
      {
        "act": "Okay.",
        "end_time": 119.67,
        "start_time": 119.25
      },
      {
        "act": "Thank you.",
        "end_time": 121.4,
        "start_time": 120.76
      },
      {
        "act": "You should have one of those things and you can just take it off. Ta-da.",
        "end_time": 131.35,
        "start_time": 125.4
      },
      {
        "act": "Um not now. Oh. Yeah. Oh, where are the hinges?",
        "end_time": 134.53,
        "start_time": 125.65
      },
      {
        "act": "Right. Mm 'kay.",
        "end_time": 142.15,
        "start_time": 139.4
      }
    ],
    "other_description": null,
    "topic": "agenda/equipment issues"
  },
  {
    "acts": [
      {
        "act": "Okay, so this is our look and feel presentation, the final our final presentation.",
        "end_time": 144.53,
        "start_time": 138.63
      },
      {
        "act": "And finally that's how we put the fashion back into electronics, as that is that's the company logo.",
        "end_time": 417.09,
        "start_time": 408.67
      },
      {
        "act": "No. Look up to it.",
        "end_time": 405.57,
        "start_time": 400.96
      },
      {
        "act": "Okay. Thank you very much.",
        "end_time": 415.1,
        "start_time": 405.44
      },
      {
        "act": "Yay.",
        "end_time": 416.22,
        "start_time": 415.27
      },
      {
        "act": "Well done.",
        "end_time": 418.06,
        "start_time": 417.13
      },
      {
        "act": "Wrapping it all up, okay.",
        "end_time": 419.12,
        "start_time": 416.53
      }
    ],
    "other_description": null,
    "topic": "presentation of prototype(s)"
  },
  {
    "acts": [
      {
        "act": "Um I've now got evaluation criteria.",
        "end_time": 421.99,
        "start_time": 419.12
      },
      {
        "act": "Certainly.",
        "end_time": 422.74,
        "start_time": 422.2
      },
      {
        "act": "So this is the one. Sorry.",
        "end_time": 427.56,
        "start_time": 424.26
      },
      {
        "act": "It's to be presented. Okay.",
        "end_time": 432.17,
        "start_time": 427.07
      },
      {
        "act": "There you go..",
        "end_time": 431.05,
        "start_time": 428.81
      },
      {
        "act": "Logged in? Thank you. Oops.",
        "end_time": 430.87,
        "start_time": 428.82
      },
      {
        "act": "Evaluation..",
        "end_time": 447.005,
        "start_time": 438.47
      },
      {
        "act": "Mm um I I think this is chip.",
        "end_time": 450.37,
        "start_time": 448.34
      },
      {
        "act": "It's quite similar to what it was before, though.",
        "end_time": 454.15,
        "start_time": 452.26
      },
      {
        "act": "Okay. This stage of the evaluation is really for us as a team to evaluate if we have now got a product specification and prototype design that meets the the criteria that we got from our market research. So this is the first stage of the evaluation. Now, the collection of the criteria, as we saw in our previous meeting, was based on the user requirements and trends found in the marketing reports and marketing strategy of our company. So it's what we've discussed in the last meeting, are we actually meeting those trends and requirements?",
        "end_time": 486.19,
        "start_time": 454.21
      },
      {
        "act": "Sorry.",
        "end_time": 455.63,
        "start_time": 455.38
      },
      {
        "act": "Now the findings that we came up with, just a recap, are here. The criteria that we want in this remote control are a fancy look and feel, technological innovation, it should be easy to use, it should incorporate current fashion trends, and those the two main ones, they were the spongy texture and the fruit and vegetable strong design colours. The design should minimise R_S_I_ and be easy to locate and we were still um uh slightly ambivalent as to whether to use voice recognition there, though that did seem to be the favoured strategy, but there was also, on the sideline, the though of maybe having a beeper function.",
        "end_time": 523.18,
        "start_time": 488.36
      },
      {
        "act": "Mm-hmm.",
        "end_time": 505.44,
        "start_time": 504.94
      },
      {
        "act": "Okay, so we can come back to that slide, if you don't have a note of those. I'll just show you how we're going to evaluate our own feedback to this, to what we have so far. We're going to use a seven point scale, where one is true and seven is false. We look at each of those criteria that I've just mentioned, I'll call that slide back up, and I will just do a preliminary rating of all those criteria on the whiteboard here. Does that seem clear? Any questions there?",
        "end_time": 550.81,
        "start_time": 525.04
      },
      {
        "act": "Yeah.",
        "end_time": 544.45,
        "start_time": 543.83
      },
      {
        "act": "Mm-hmm.",
        "end_time": 548.84,
        "start_time": 548.5
      },
      {
        "act": "Ah, it's perfect.",
        "end_time": 551.82,
        "start_time": 550.79
      },
      {
        "act": "So we're going to look at these crite",
        "end_time": 553.77,
        "start_time": 552.41
      },
      {
        "act": "Is it everybody is going to evaluate, or just the Market okay.",
        "end_time": 556.21,
        "start_time": 553.36
      },
      {
        "act": "Yes, we're going to come to w we'll discuss each one and we'll come to a consensus rating between one and seven. Is that okay? One is true, seven is false.",
        "end_time": 565.2,
        "start_time": 555.19
      },
      {
        "act": "Mm-hmm. Okay.",
        "end_time": 562.21,
        "start_time": 558.25
      },
      {
        "act": "'Kay.",
        "end_time": 563.02,
        "start_time": 562.82
      },
      {
        "act": "Right. So I won't write all of that out again. It will just be criteria one, two, three, four, five, six, or A_, B_, C_, D_, E_, F_ to confuse it with the number rating. B_, C_, D_, E_, F_. This is where I realise how tiny I actually am.",
        "end_time": 584.16,
        "start_time": 567.17
      },
      {
        "act": "Just write small.",
        "end_time": 585.33,
        "start_time": 584.38
      },
      {
        "act": "Criteria and rating. Actually, it might be an idea, if we each did give our own individual rating, and we could take an average at the end. How about that? Okay. So I'll just separate the ratings by obliques, and if we go one, two, three, four, we know who's who.",
        "end_time": 608.96,
        "start_time": 586.32
      },
      {
        "act": "Yeah. That works.",
        "end_time": 602.04,
        "start_time": 600.78
      },
      {
        "act": "Yeah, so you can",
        "end_time": 602.13,
        "start_time": 600.95
      },
      {
        "act": "Yeah, okay. Yeah.",
        "end_time": 607.93,
        "start_time": 601.0
      },
      {
        "act": "Mm-hmm.",
        "end_time": 608.27,
        "start_time": 607.94
      },
      {
        "act": "Okay. Criteria A_, the fancy look and feel. How do we feel about this prototype model relating to fancy it is a fancy look and feel. One is true, seven is false. My own rating for that would be a two. One is true and seven is false.",
        "end_time": 634.48,
        "start_time": 616.02
      },
      {
        "act": "I would agree.",
        "end_time": 637.65,
        "start_time": 637.05
      },
      {
        "act": "Yeah, I'd uh yeah I'd probably put it uh two yeah, two or three. No, three. Three.",
        "end_time": 646.76,
        "start_time": 638.7
      },
      {
        "act": "I'll just go this way.",
        "end_time": 639.62,
        "start_time": 638.81
      },
      {
        "act": "Okay.",
        "end_time": 639.79,
        "start_time": 639.49
      },
      {
        "act": "'Kay.",
        "end_time": 640.51,
        "start_time": 640.16
      },
      {
        "act": "Two. Okay.",
        "end_time": 647.44,
        "start_time": 644.98
      },
      {
        "act": "I would say two.",
        "end_time": 650.05,
        "start_time": 649.51
      },
      {
        "act": "Two.",
        "end_time": 650.7,
        "start_time": 650.27
      },
      {
        "act": "I would say four. Mm-hmm.",
        "end_time": 655.22,
        "start_time": 653.18
      },
      {
        "act": "A four, okay. Adding those up, we've got a six and a five, eleven divided by four is what? Uh two and three quarters, it that right. Two and three quarters?",
        "end_time": 666.18,
        "start_time": 654.1
      },
      {
        "act": "Mm yeah.",
        "end_time": 663.75,
        "start_time": 662.78
      },
      {
        "act": "Almost three. I think yeah.",
        "end_time": 668.16,
        "start_time": 663.23
      },
      {
        "act": "Yeah, yeah.",
        "end_time": 669.52,
        "start_time": 668.39
      },
      {
        "act": "Okay. Two point seven five, there we go. Okay, criteria B_, criterion B_, technologically innovative. I would give that a three.",
        "end_time": 683.7,
        "start_time": 669.39
      },
      {
        "act": "I'd give it a one.",
        "end_time": 687.37,
        "start_time": 686.39
      },
      {
        "act": "Okay. Not that you're biased in that it the designer.",
        "end_time": 692.92,
        "start_time": 687.77
      },
      {
        "act": "No, no, not at all.",
        "end_time": 691.75,
        "start_time": 690.05
      },
      {
        "act": "A two.",
        "end_time": 696.59,
        "start_time": 696.02
      },
      {
        "act": "Oh sorry, I I got it wrong. The first one rating, I'm sorry. Can you just make it two?",
        "end_time": 704.29,
        "start_time": 698.92
      },
      {
        "act": "The average oh, for you? You want your rating to be a two?",
        "end_time": 708.63,
        "start_time": 705.32
      },
      {
        "act": "The first. Yeah, I I just it the other way. Uh in",
        "end_time": 709.71,
        "start_time": 705.43
      },
      {
        "act": "Is that what you're saying? Okay.",
        "end_time": 712.05,
        "start_time": 710.37
      },
      {
        "act": "Yep, I just got",
        "end_time": 712.12,
        "start_time": 711.17
      },
      {
        "act": "So, I'll work out the average for that again at the end. It's a very slightly altered",
        "end_time": 717.97,
        "start_time": 714.96
      },
      {
        "act": "Okay, and we're just waiting for your rating f",
        "end_time": 721.77,
        "start_time": 719.59
      },
      {
        "act": "two point f",
        "end_time": 721.3,
        "start_time": 720.69
      },
      {
        "act": "It's just two point five for that one.",
        "end_time": 722.86,
        "start_time": 721.17
      },
      {
        "act": "Two point five, okay.",
        "end_time": 724.2,
        "start_time": 723.03
      },
      {
        "act": "Yeah.",
        "end_time": 723.59,
        "start_time": 723.11
      },
      {
        "act": "Losing one decimal place, that's okay.",
        "end_time": 730.1,
        "start_time": 727.55
      },
      {
        "act": "One is a, seven is false, okay.",
        "end_time": 730.85,
        "start_time": 728.78
      },
      {
        "act": "So what are you rating for this one, Paw? Two, okay.",
        "end_time": 734.05,
        "start_time": 730.99
      },
      {
        "act": "Two.",
        "end_time": 732.69,
        "start_time": 732.46
      },
      {
        "act": "So that is eight. That brings it down to two, nice and simple, yeah.",
        "end_time": 739.91,
        "start_time": 735.81
      },
      {
        "act": "Two.",
        "end_time": 738.67,
        "start_time": 738.4
      },
      {
        "act": "Okay, ease of use. Easy to use? Based on what you've said there, I would say a one, true.",
        "end_time": 749.46,
        "start_time": 741.55
      },
      {
        "act": "Two.",
        "end_time": 753.41,
        "start_time": 753.08
      },
      {
        "act": "Two.",
        "end_time": 754.53,
        "start_time": 753.92
      },
      {
        "act": "I would say a two. I would say a two.",
        "end_time": 761.58,
        "start_time": 758.53
      },
      {
        "act": "A two, okay.",
        "end_time": 761.13,
        "start_time": 760.23
      },
      {
        "act": "Two.",
        "end_time": 764.08,
        "start_time": 763.62
      },
      {
        "act": "Two. I should've said a two to make the arithmetic easy, shouldn't I? We'll just put almost two, because I'm not gonna get into silly decimal places. Okay. Or we or if we want to really bring it down, we can do later. Um mm now we're looking at it incorporates current fashion trends, now that's particularly in relation to our market research findings about the spongy texture to the exterior and the fruit and vegetable design colours.",
        "end_time": 793.0,
        "start_time": 764.14
      },
      {
        "act": "One point seven f five. Okay, mm-hmm.",
        "end_time": 775.62,
        "start_time": 772.44
      },
      {
        "act": "Yeah. D_. One. Yeah.",
        "end_time": 793.84,
        "start_time": 774.15
      },
      {
        "act": "Right. So I'm just thinking, before I give it my rating, you were limited in the use of materials for your prototype here. Is this actually going to be the colours that you would use?",
        "end_time": 803.87,
        "start_time": 794.46
      },
      {
        "act": "Yeah, that's No, no, the the base colour was um white or or like or l sort of a light blue, but the changeable fa faces would uh allow you to get any basically any one of a number of colours that uh th it's full sort of customised.",
        "end_time": 820.45,
        "start_time": 801.19
      },
      {
        "act": "White. With for the plastic? Uh blue.",
        "end_time": 808.61,
        "start_time": 806.39
      },
      {
        "act": "Right.",
        "end_time": 810.96,
        "start_time": 810.67
      },
      {
        "act": "Any",
        "end_time": 816.04,
        "start_time": 815.51
      },
      {
        "act": "So we could use any strong fruit and veg colours and that's what we're intending to do. Okay. And the spongy feel is no problem with that.",
        "end_time": 825.85,
        "start_time": 818.61
      },
      {
        "act": "Right.",
        "end_time": 821.79,
        "start_time": 821.44
      },
      {
        "act": "Yeah, yeah, yeah and",
        "end_time": 824.71,
        "start_time": 821.54
      },
      {
        "act": "Mm-hmm.",
        "end_time": 822.86,
        "start_time": 822.51
      },
      {
        "act": "Mm-hmm.",
        "end_time": 823.21,
        "start_time": 822.98
      },
      {
        "act": "No, no, 'cause th that's that's the the spongy feel would be in the rubber that you put round it, that otherwise it's just sort of hard plastic.",
        "end_time": 834.91,
        "start_time": 825.89
      },
      {
        "act": "Yeah, because you'll be having a Because of the rubber case.",
        "end_time": 831.14,
        "start_time": 826.0
      },
      {
        "act": "Okay. In that case it's got to be a one for me.",
        "end_time": 836.83,
        "start_time": 832.09
      },
      {
        "act": "Yeah, I'll give it a one as well.",
        "end_time": 839.5,
        "start_time": 838.01
      },
      {
        "act": "Yep. Everybody? Okay.",
        "end_time": 841.39,
        "start_time": 839.38
      },
      {
        "act": "One.",
        "end_time": 840.79,
        "start_time": 840.47
      },
      {
        "act": "One.",
        "end_time": 843.81,
        "start_time": 843.3
      },
      {
        "act": "That part was nice and easy. Okay. Uh moving on to does the design minimise repetitive strain injury.",
        "end_time": 852.94,
        "start_time": 844.67
      },
      {
        "act": "Yeah.",
        "end_time": 846.71,
        "start_time": 845.87
      },
      {
        "act": "Mm.",
        "end_time": 846.46,
        "start_time": 846.15
      },
      {
        "act": "I don't think we've really touched on that a lot. We've we've discussed it, we haven't really come up with anything that",
        "end_time": 860.08,
        "start_time": 854.99
      },
      {
        "act": "Mm. No.",
        "end_time": 857.08,
        "start_time": 855.02
      },
      {
        "act": "we felt could feasibly reduce that. We've talked about pointers, but the very use of a remote control, if you're someone who's zapping, who's sitting like that, and we found so many people did, how do you minimise that on such a small device?",
        "end_time": 871.78,
        "start_time": 861.56
      },
      {
        "act": "Yeah.",
        "end_time": 868.03,
        "start_time": 867.46
      },
      {
        "act": "Well the type of button that we're gonna use in the bottom half, the material, minimises R_S_I_ it's meant to. Um",
        "end_time": 879.57,
        "start_time": 871.36
      },
      {
        "act": "It's meant to be.",
        "end_time": 876.62,
        "start_time": 875.92
      },
      {
        "act": "Mm-hmm. Mm-hmm.",
        "end_time": 878.41,
        "start_time": 876.07
      },
      {
        "act": "maybe because it's slightl with the size that we've got it's quite small, but with the amount of stuff we're putting on it isn't that much. So maybe because there's more space, it's not kind of moving around trying to",
        "end_time": 892.31,
        "start_time": 881.91
      },
      {
        "act": "Mm. Mm-hmm.",
        "end_time": 893.54,
        "start_time": 887.8
      },
      {
        "act": "hit accurately the buttons in between. It's quite obvious just big buttons. Um",
        "end_time": 899.6,
        "start_time": 893.13
      },
      {
        "act": "Right. Right. I think I'm gonna have to be neutral on that and give it a four.",
        "end_time": 902.94,
        "start_time": 895.2
      },
      {
        "act": "Yeah. Yeah, I'd uh I'd f I'd go for a five, actually, 'cause",
        "end_time": 909.56,
        "start_time": 902.31
      },
      {
        "act": "A five, okay.",
        "end_time": 909.58,
        "start_time": 908.14
      },
      {
        "act": "Four.",
        "end_time": 911.87,
        "start_time": 911.53
      },
      {
        "act": "Four and a four okay.",
        "end_time": 915.03,
        "start_time": 911.94
      },
      {
        "act": "Four.",
        "end_time": 913.62,
        "start_time": 913.17
      },
      {
        "act": "Twenty one is that twenty one? So that's four point two five.",
        "end_time": 922.02,
        "start_time": 917.63
      },
      {
        "act": "Yep.",
        "end_time": 922.55,
        "start_time": 922.35
      },
      {
        "act": "And finally, last but not least, easy to locate. Now we talked about voice recognition, we talked about a beeper, have we really have the designers come to any dec real decision on that?",
        "end_time": 935.61,
        "start_time": 925.61
      },
      {
        "act": "Yeah. Yeah, it was it was uh a voice voice recognition, yeah.",
        "end_time": 939.31,
        "start_time": 932.8
      },
      {
        "act": "Voice r recognition.",
        "end_time": 937.54,
        "start_time": 936.01
      },
      {
        "act": "It was the I'm here thing, yep. And are we happy with the costs on that? That is going to be feasible, cost-wise.",
        "end_time": 944.33,
        "start_time": 937.33
      },
      {
        "act": "Yeah, yeah, that yeah, that's feasible.",
        "end_time": 945.35,
        "start_time": 942.76
      },
      {
        "act": "That sounds good then. I'd go for a I ca we can adjust the volume on that, just as we could volume on T_V_.",
        "end_time": 950.29,
        "start_time": 945.46
      },
      {
        "act": "Um I think it would r",
        "end_time": 953.45,
        "start_time": 951.26
      },
      {
        "act": "So if sombody's in the other room or if T_V_s in different rooms, or.",
        "end_time": 955.36,
        "start_time": 952.16
      },
      {
        "act": "I think it would probably be a a stand it would be a stand it would be quite loud. So it would be s p yeah.",
        "end_time": 964.49,
        "start_time": 956.02
      },
      {
        "act": "A standard. It would be.",
        "end_time": 962.09,
        "start_time": 958.22
      },
      {
        "act": "Right. Okay. You built into the feature.",
        "end_time": 964.49,
        "start_time": 961.68
      },
      {
        "act": "And if you didn't hear it in the room that you were standing in, then you'd realise that it wasn't in that room, you'd go into another room.",
        "end_time": 968.45,
        "start_time": 963.83
      },
      {
        "act": "Okay.",
        "end_time": 967.76,
        "start_time": 967.33
      },
      {
        "act": "Yeah.",
        "end_time": 968.29,
        "start_time": 968.07
      },
      {
        "act": "Logical. That's a one for me.",
        "end_time": 971.57,
        "start_time": 968.99
      },
      {
        "act": "Yeah, one.",
        "end_time": 973.08,
        "start_time": 972.22
      },
      {
        "act": "One and one, good.",
        "end_time": 975.64,
        "start_time": 972.8
      },
      {
        "act": "One.",
        "end_time": 973.97,
        "start_time": 973.73
      },
      {
        "act": "I do realise that we might be being fairly biased, 'cause it is our product, but",
        "end_time": 982.05,
        "start_time": 977.66
      },
      {
        "act": "So, how do we feel about this? We've got our our we've got the highest rating of meeting the specifications that is definitely true for two of the uh six criteria there. That is for um incorporates current fashion trends and is easy to locate. The lowest rating we've got, which is really n it's not terribly low, i it's close around neutral is for uh the minimisation of repetitive strain injury. Do we feel on the basis of tha of these evaluation findings that we can go ahead and now produce this as a prototype and market it, or do we have to make further modifications?",
        "end_time": 1019.58,
        "start_time": 983.12
      },
      {
        "act": "I don't think so.",
        "end_time": 1022.18,
        "start_time": 1021.4
      },
      {
        "act": "W I thin yeah, I think yeah.",
        "end_time": 1026.04,
        "start_time": 1022.9
      },
      {
        "act": "We happy to go ahead?",
        "end_time": 1024.4,
        "start_time": 1023.43
      },
      {
        "act": "I think we yeah. I think we're set.",
        "end_time": 1026.27,
        "start_time": 1024.31
      },
      {
        "act": "Yeah. I think for most of those ratings that it's high enough at the upper end of the scale for us to go ahead with that, and I really doubt if on the basis of current technology and our current capabilities, we could actually do much more to minimise that.",
        "end_time": 1039.46,
        "start_time": 1025.62
      },
      {
        "act": "Do much apart from having a huge big",
        "end_time": 1040.28,
        "start_time": 1037.85
      },
      {
        "act": "Mm.",
        "end_time": 1039.86,
        "start_time": 1039.24
      },
      {
        "act": "I know. Okay. Well, I hope that's uh clear to the team. Is there anything you would like to to ask me about the findings before I sum up?",
        "end_time": 1049.65,
        "start_time": 1040.36
      },
      {
        "act": "Don't think so.",
        "end_time": 1050.81,
        "start_time": 1050.24
      },
      {
        "act": "No.",
        "end_time": 1050.72,
        "start_time": 1050.44
      },
      {
        "act": "Good. Fine then. I'll just leave it there. Oops.",
        "end_time": 1055.9,
        "start_time": 1050.9
      },
      {
        "act": "Okay, thank you.",
        "end_time": 1055.66,
        "start_time": 1054.7
      }
    ],
    "other_description": null,
    "topic": "evaluation of prototype(s)"
  },
  {
    "acts": [
      {
        "act": "Okay, I've got finance here now. I'm gonna plug this in so you can all see it, if that's okay.",
        "end_time": 1070.59,
        "start_time": 1064.69
      },
      {
        "act": "Hmm.",
        "end_time": 1065.23,
        "start_time": 1064.69
      },
      {
        "act": "Um.",
        "end_time": 1072.6,
        "start_time": 1072.23
      },
      {
        "act": "Oh yes.",
        "end_time": 1072.91,
        "start_time": 1072.25
      },
      {
        "act": "You want me to b unplug that?",
        "end_time": 1080.04,
        "start_time": 1078.78
      },
      {
        "act": "That's all. Yes.",
        "end_time": 1097.68,
        "start_time": 1096.55
      },
      {
        "act": "Thanks. Right.",
        "end_time": 1109.31,
        "start_time": 1098.28
      },
      {
        "act": "Okay.",
        "end_time": 1111.03,
        "start_time": 1110.38
      },
      {
        "act": "Now I presume that the screen will go blank,",
        "end_time": 1116.72,
        "start_time": 1112.62
      },
      {
        "act": "that um Okay. We just type numbers into this and we come out with the final value. So are we still on for kinetic?",
        "end_time": 1134.85,
        "start_time": 1117.91
      },
      {
        "act": "Yeah.",
        "end_time": 1135.43,
        "start_time": 1135.1
      },
      {
        "act": "Yes.",
        "end_time": 1135.7,
        "start_time": 1135.45
      },
      {
        "act": "Okay. See, it woulda been handy to have this at the beginning. Um it might have influenced our choice. Right, what's happening with the electronics?",
        "end_time": 1147.89,
        "start_time": 1136.15
      },
      {
        "act": "It was a regular chip on print and",
        "end_time": 1151.83,
        "start_time": 1148.35
      },
      {
        "act": "Chip on print.",
        "end_time": 1150.8,
        "start_time": 1150.01
      },
      {
        "act": "Double-curved.",
        "end_time": 1158.87,
        "start_time": 1157.94
      },
      {
        "act": "Oh, no, no, no, the um Yeah, it's you you've put in three for the number of kinetic cells, there should just be one. In the top, it's the number of c yeah.",
        "end_time": 1171.13,
        "start_time": 1158.1
      },
      {
        "act": "Oh, right, okay. Thanks.",
        "end_time": 1172.95,
        "start_time": 1169.94
      },
      {
        "act": "Yeah, and yeah, just a no, one reg v uh",
        "end_time": 1179.26,
        "start_time": 1174.66
      },
      {
        "act": "So, would there be two? One chip.",
        "end_time": 1180.28,
        "start_time": 1175.2
      },
      {
        "act": "Yeah, one of them and one sample sensor and sample speaker.",
        "end_time": 1183.66,
        "start_time": 1180.64
      },
      {
        "act": "Okay.",
        "end_time": 1183.92,
        "start_time": 1183.43
      },
      {
        "act": "Okay.",
        "end_time": 1184.37,
        "start_time": 1183.81
      },
      {
        "act": "Yep.",
        "end_time": 1188.14,
        "start_time": 1187.64
      },
      {
        "act": "And they're double curved. No. Y",
        "end_time": 1191.46,
        "start_time": 1188.18
      },
      {
        "act": "Single-curved.",
        "end_time": 1192.08,
        "start_time": 1190.93
      },
      {
        "act": "One double curve.",
        "end_time": 1192.11,
        "start_time": 1191.3
      },
      {
        "act": "Two, 'cause it's two.",
        "end_time": 1194.43,
        "start_time": 1192.93
      },
      {
        "act": "Two curves, yeah.",
        "end_time": 1194.32,
        "start_time": 1193.71
      },
      {
        "act": "But it has a slightly flattened bottom so it can sit. So it can rest.",
        "end_time": 1197.69,
        "start_time": 1194.81
      },
      {
        "act": "So what's a single curve then?",
        "end_time": 1198.68,
        "start_time": 1197.3
      },
      {
        "act": "Yeah, I'd say I'd say it was w yeah, I think I think it's",
        "end_time": 1202.53,
        "start_time": 1198.5
      },
      {
        "act": "It would just be a flat bottom with one curve. like a domed thing.",
        "end_time": 1202.83,
        "start_time": 1199.33
      },
      {
        "act": "So just one double",
        "end_time": 1204.31,
        "start_time": 1202.88
      },
      {
        "act": "Single-cu",
        "end_time": 1203.67,
        "start_time": 1202.99
      },
      {
        "act": "Mm.",
        "end_time": 1204.71,
        "start_time": 1204.42
      },
      {
        "act": "One double-curved.",
        "end_time": 1205.74,
        "start_time": 1204.64
      },
      {
        "act": "Yeah. Um",
        "end_time": 1207.54,
        "start_time": 1205.48
      },
      {
        "act": ".",
        "end_time": 1206.434,
        "start_time": 1206.434
      },
      {
        "act": "And one no, 'cause one yeah, one's double-curved, and then the other one's",
        "end_time": 1211.71,
        "start_time": 1206.93
      },
      {
        "act": "Plastic and rubber.",
        "end_time": 1208.65,
        "start_time": 1207.73
      },
      {
        "act": "The other curves at the sides, but it's slightly flattened at the bottom so it doesn't roll over. Yeah.",
        "end_time": 1214.24,
        "start_time": 1210.63
      },
      {
        "act": "Mm. Um we've got plastic and rubber, haven't we?",
        "end_time": 1220.35,
        "start_time": 1213.85
      },
      {
        "act": "a plastic. Yeah.",
        "end_time": 1220.8,
        "start_time": 1217.76
      },
      {
        "act": "Yeah. Plastic one and maybe rubber point five.",
        "end_time": 1224.45,
        "start_time": 1221.03
      },
      {
        "act": "And special colour.",
        "end_time": 1224.13,
        "start_time": 1223.18
      },
      {
        "act": ".",
        "end_time": 1225.458,
        "start_time": 1225.458
      },
      {
        "act": "No I think rubber, since it's being used just as a casing, we can put point five.",
        "end_time": 1230.99,
        "start_time": 1227.56
      },
      {
        "act": "Um",
        "end_time": 1228.14,
        "start_time": 1227.88
      },
      {
        "act": "Yeah.",
        "end_time": 1233.05,
        "start_time": 1232.31
      },
      {
        "act": "Do you think?",
        "end_time": 1233.29,
        "start_time": 1232.9
      },
      {
        "act": "Yeah, because there are I think it allows the point five, yeah. We can use that.",
        "end_time": 1238.94,
        "start_time": 1233.49
      },
      {
        "act": "Yeah.",
        "end_time": 1239.8,
        "start_time": 1239.12
      },
      {
        "act": "Okay.",
        "end_time": 1239.72,
        "start_time": 1239.32
      },
      {
        "act": "What does it mean if you put point five for that?",
        "end_time": 1242.47,
        "start_time": 1240.69
      },
      {
        "act": "It means we are not using a lot of rubber actually. We're using just",
        "end_time": 1245.36,
        "start_time": 1242.52
      },
      {
        "act": "It would be like saying we're using",
        "end_time": 1246.42,
        "start_time": 1244.84
      },
      {
        "act": "a very low quantity of rubber compared to plastic.",
        "end_time": 1249.56,
        "start_time": 1246.79
      },
      {
        "act": "See, it says case material.",
        "end_time": 1252.62,
        "start_time": 1250.74
      },
      {
        "act": "Mm-hmm.",
        "end_time": 1253.76,
        "start_time": 1253.4
      },
      {
        "act": "So we're not actually using plastic in the case, are we? It's including, it's including.",
        "end_time": 1260.08,
        "start_time": 1253.86
      },
      {
        "act": "No, no, that's it's as an extra.",
        "end_time": 1259.31,
        "start_time": 1257.14
      },
      {
        "act": "Right, okay.",
        "end_time": 1260.93,
        "start_time": 1259.48
      },
      {
        "act": "So that shouldn't that shouldn't be actually on there, because that's not incorporated in the cost of the remote you get.",
        "end_time": 1266.79,
        "start_time": 1260.45
      },
      {
        "act": "But it is gonna be part of the total cost, and there's nowhere else we can we can put that in, is there? There's nowhere else we can code for the the rubber used in the casing. So do we not have to account for it in the cost somewhere there?",
        "end_time": 1276.76,
        "start_time": 1267.28
      },
      {
        "act": "Okay, we'll just put it in as we'll put in as half.",
        "end_time": 1281.24,
        "start_time": 1278.4
      },
      {
        "act": "Okay.",
        "end_time": 1281.47,
        "start_time": 1281.25
      },
      {
        "act": "Or sh we should just put it in as one, because the plastic is zero anyway.",
        "end_time": 1286.37,
        "start_time": 1283.57
      },
      {
        "act": "Yeah, okay.",
        "end_time": 1287.64,
        "start_time": 1286.34
      },
      {
        "act": "Mm.",
        "end_time": 1286.94,
        "start_time": 1286.7
      },
      {
        "act": "No, we don't step on anyone's toes. Okay, special colour, do we need that?",
        "end_time": 1293.94,
        "start_time": 1289.38
      },
      {
        "act": "Might do, if we go for some of the more exotic aubergines and such like colours.",
        "end_time": 1299.35,
        "start_time": 1294.34
      },
      {
        "act": "N yeah, okay. Interface.",
        "end_time": 1301.53,
        "start_time": 1296.43
      },
      {
        "act": "Push-button.",
        "end_time": 1302.72,
        "start_time": 1302.12
      },
      {
        "act": "Yeah, the push-button's one and L_C_ display one.",
        "end_time": 1308.25,
        "start_time": 1304.21
      },
      {
        "act": "One. An One.",
        "end_time": 1310.08,
        "start_time": 1304.99
      },
      {
        "act": "And buttons",
        "end_time": 1311.98,
        "start_time": 1311.34
      },
      {
        "act": "Buttons",
        "end_time": 1312.07,
        "start_time": 1311.8
      },
      {
        "act": "S",
        "end_time": 1370.87,
        "start_time": 1370.74
      },
      {
        "act": "I think we could change the battery also. Instead of going for kinetic how about going for a standard battery.",
        "end_time": 1375.94,
        "start_time": 1371.93
      },
      {
        "act": "Has that not made any d if you click off that square now, has that not made any difference? Is it oh, it's brought it slightly down.",
        "end_time": 1383.83,
        "start_time": 1377.35
      },
      {
        "act": "Well yes.",
        "end_time": 1383.12,
        "start_time": 1382.03
      },
      {
        "act": "Has that not gone up? Oh no, it was seven five it's changed not a lot.",
        "end_time": 1386.73,
        "start_time": 1382.35
      },
      {
        "act": "So is is uncurved completely and just actually making the rubber case the curved thing, is that going to make a difference?",
        "end_time": 1391.26,
        "start_time": 1386.26
      },
      {
        "act": "Yeah.",
        "end_time": 1390.32,
        "start_time": 1390.02
      },
      {
        "act": "Uncurved, flat.",
        "end_time": 1392.63,
        "start_time": 1391.61
      },
      {
        "act": "Oh, it's not made any difference, has it?. It's gone up again.",
        "end_time": 1398.59,
        "start_time": 1395.63
      },
      {
        "act": "No, we'll have",
        "end_time": 1398.49,
        "start_time": 1397.52
      },
      {
        "act": "No, it just surprises one.",
        "end_time": 1399.6,
        "start_time": 1397.89
      },
      {
        "act": "Oh, it's not calculated it.",
        "end_time": 1400.57,
        "start_time": 1398.63
      },
      {
        "act": "No, no, you've got to click off to calculate it again.",
        "end_time": 1402.07,
        "start_time": 1399.38
      },
      {
        "act": "Oh.",
        "end_time": 1400.28,
        "start_time": 1400.02
      },
      {
        "act": "Okay, there we go.",
        "end_time": 1403.55,
        "start_time": 1402.8
      },
      {
        "act": "It's brought it down slightly.",
        "end_time": 1405.07,
        "start_time": 1403.87
      },
      {
        "act": "It's not a lot though.",
        "end_time": 1406.39,
        "start_time": 1405.34
      },
      {
        "act": "C it might uh you might you might be assuming that that is in Euros. It could be in Dollars. And then it would be fine, because the exchange range would make it about twelve. No.",
        "end_time": 1420.12,
        "start_time": 1405.18
      },
      {
        "act": ". I don't think so.",
        "end_time": 1417.6,
        "start_time": 1407.516
      },
      {
        "act": "Is there anything on the menu",
        "end_time": 1417.68,
        "start_time": 1416.36
      },
      {
        "act": "We haven't been dealin we haven't been dealing with dollars though, I think",
        "end_time": 1419.47,
        "start_time": 1416.42
      },
      {
        "act": "No.",
        "end_time": 1418.85,
        "start_time": 1418.58
      },
      {
        "act": "Ri I think it's in Euro.",
        "end_time": 1421.14,
        "start_time": 1419.89
      },
      {
        "act": "Okay, so the highest we've got is the electronics here. Um and the interface.",
        "end_time": 1429.45,
        "start_time": 1421.12
      },
      {
        "act": "So if we take voice recognition out",
        "end_time": 1567.68,
        "start_time": 1565.4
      },
      {
        "act": "That'll do it. Twelve point three five. Is it twelve point fif was it twelve point fifty?",
        "end_time": 1576.88,
        "start_time": 1567.94
      },
      {
        "act": "Yeah we are close to the budget.",
        "end_time": 1573.5,
        "start_time": 1572.23
      },
      {
        "act": "we are.",
        "end_time": 1573.21,
        "start_time": 1572.82
      },
      {
        "act": "Two five.",
        "end_time": 1575.89,
        "start_time": 1575.01
      },
      {
        "act": "It's two point five. No, it's twelve point two five.",
        "end_time": 1579.07,
        "start_time": 1575.05
      },
      {
        "act": "Are you sure? Sorry, not meaning to doubt your words there.",
        "end_time": 1582.61,
        "start_time": 1579.89
      },
      {
        "act": "Yeah well two, twelve point two five times two is",
        "end_time": 1584.82,
        "start_time": 1581.9
      },
      {
        "act": "Right. Are they really going to quibble about ten P_?",
        "end_time": 1589.64,
        "start_time": 1586.28
      },
      {
        "act": "twenty five, isn't it?",
        "end_time": 1588.15,
        "start_time": 1586.69
      },
      {
        "act": "It's twelve point five maybe, then.",
        "end_time": 1589.33,
        "start_time": 1588.0
      },
      {
        "act": "Or point zero one of a Euro? Which is less than ten P_.",
        "end_time": 1595.66,
        "start_time": 1591.45
      },
      {
        "act": "I don't know what it said fifty percent of the cost. So half of the price would be",
        "end_time": 1606.37,
        "start_time": 1601.5
      },
      {
        "act": "I think the agenda one was where the um price was, wasn't it? No.",
        "end_time": 1608.67,
        "start_time": 1604.82
      },
      {
        "act": "I think it is the first one.",
        "end_time": 1613.88,
        "start_time": 1612.95
      },
      {
        "act": "That's today's kick off meeting,.",
        "end_time": 1620.69,
        "start_time": 1614.53
      },
      {
        "act": "Twelve point five.",
        "end_time": 1623.38,
        "start_time": 1622.62
      },
      {
        "act": "Mm. I thought that's what it was.",
        "end_time": 1626.18,
        "start_time": 1623.7
      },
      {
        "act": "Ah.",
        "end_time": 1625.13,
        "start_time": 1624.27
      },
      {
        "act": "So we are under the budget.",
        "end_time": 1626.1,
        "start_time": 1624.72
      },
      {
        "act": "Well done, people.",
        "end_time": 1627.2,
        "start_time": 1626.45
      },
      {
        "act": "So we're okay.",
        "end_time": 1628.73,
        "start_time": 1627.91
      },
      {
        "act": "Okay.",
        "end_time": 1632.17,
        "start_time": 1630.55
      },
      {
        "act": "So is that uh got us covered for the electronics then? We don't need something else to take that place? Okay.",
        "end_time": 1637.26,
        "start_time": 1630.89
      },
      {
        "act": "Yeah. No. 'Cause that that was just a bought-on extra, you could just take that out and that would be fine, yeah.",
        "end_time": 1645.35,
        "start_time": 1634.52
      },
      {
        "act": "Okay.",
        "end_time": 1645.48,
        "start_time": 1645.07
      },
      {
        "act": "Seems fine.",
        "end_time": 1653.75,
        "start_time": 1653.17
      },
      {
        "act": "Yeah, I think that's brilliant.",
        "end_time": 1655.98,
        "start_time": 1655.05
      },
      {
        "act": "Except voice recognition, everything is",
        "end_time": 1657.93,
        "start_time": 1655.8
      },
      {
        "act": "Right, so we've done that.",
        "end_time": 1659.21,
        "start_time": 1657.33
      }
    ],
    "other_description": null,
    "topic": "costing"
  },
  {
    "acts": [
      {
        "act": "Okay. Product evaluation. We've done room for creativity, haven't we? Because we've got decisions that we would have made that we weren't didn't feel able to make. Um",
        "end_time": 1675.74,
        "start_time": 1662.03
      },
      {
        "act": "Yeah.",
        "end_time": 1669.56,
        "start_time": 1669.25
      },
      {
        "act": "Yeah.",
        "end_time": 1669.97,
        "start_time": 1669.66
      },
      {
        "act": "I presume we discussed leadership and teamwork.",
        "end_time": 1679.97,
        "start_time": 1677.48
      },
      {
        "act": "Mm-hmm.",
        "end_time": 1680.67,
        "start_time": 1680.41
      },
      {
        "act": "Yes.",
        "end_time": 1685.23,
        "start_time": 1683.69
      },
      {
        "act": "Yeah.",
        "end_time": 1684.48,
        "start_time": 1684.26
      },
      {
        "act": "um in the sense that um did you feel like a team? Or did you feel like uh autonomy?",
        "end_time": 1698.06,
        "start_time": 1685.36
      },
      {
        "act": "Yeah, I'd say, as a team.",
        "end_time": 1696.24,
        "start_time": 1695.04
      },
      {
        "act": "Although we had our separate tasks, there was so much interaction, so much that we needed to um bounce off each other. And I've certainly felt heard, listened to in that in relevant areas we've been able to, you know, give and take and adjust our remit where necessary.",
        "end_time": 1712.38,
        "start_time": 1696.56
      },
      {
        "act": "I think we had a nice time.",
        "end_time": 1698.21,
        "start_time": 1697.03
      },
      {
        "act": "Yeah. Find out from each other, yeah. Yeah.",
        "end_time": 1711.6,
        "start_time": 1698.48
      },
      {
        "act": "Mm-hmm.",
        "end_time": 1711.97,
        "start_time": 1711.58
      },
      {
        "act": "Yeah, I think there was uh very constructive feedback by everybody. It's not like people trying to cut each other. There is more of uh true cohesive teamwork. We came to a very predic creative design, yeah.",
        "end_time": 1725.57,
        "start_time": 1713.31
      },
      {
        "act": "Yeah, and uh Yeah, I think. And Sarah, you coordinated the work very well.",
        "end_time": 1731.37,
        "start_time": 1726.72
      },
      {
        "act": "Thank you. How did you find it?",
        "end_time": 1734.46,
        "start_time": 1731.84
      },
      {
        "act": "Yeah, no, I thought it it went really well and I yeah, I I feel that everyone was listened to and all the points that were raised seem to have been sorted out, although we didn't quite make the voice recognition in there, but that's that's good. I think it would have made it into the final product if it was actually if if if we'd seen the marketing before the initial specification was put out, I think maybe it would've come out a d little different, but yeah.",
        "end_time": 1767.99,
        "start_time": 1734.64
      },
      {
        "act": "Yeah.",
        "end_time": 1753.63,
        "start_time": 1753.18
      },
      {
        "act": "Yeah. I liked the fact that we could say an idea and it'd be suggested that that wasn't the best idea, but no one felt like shot down, you know, y it didn't matter it saying what you thought, because if it wasn't something that was that relevant, then it didn't matter, 'cause it was just another idea in the field. I like that. Um",
        "end_time": 1788.9,
        "start_time": 1766.96
      },
      {
        "act": "Yeah.",
        "end_time": 1778.37,
        "start_time": 1778.02
      },
      {
        "act": "Yeah.",
        "end_time": 1778.8,
        "start_time": 1778.4
      },
      {
        "act": "Mm.",
        "end_time": 1786.94,
        "start_time": 1786.58
      },
      {
        "act": "Yeah.",
        "end_time": 1787.63,
        "start_time": 1787.34
      },
      {
        "act": "teamwork. Well you two created that wonderful specimen of a Play-Doh model.",
        "end_time": 1794.86,
        "start_time": 1790.08
      },
      {
        "act": "Yeah, well.",
        "end_time": 1796.01,
        "start_time": 1795.18
      },
      {
        "act": "I think that was the best part of the",
        "end_time": 1799.16,
        "start_time": 1795.96
      },
      {
        "act": "Um uh I'm still not caught up. But that's nothing to do with the teamwork at all. Um",
        "end_time": 1805.95,
        "start_time": 1795.96
      },
      {
        "act": "Maybe we should think of branching out into children's toys and fake mobile phones as a side line. And fake R_C_s.",
        "end_time": 1814.19,
        "start_time": 1806.77
      },
      {
        "act": "Maybe.",
        "end_time": 1810.65,
        "start_time": 1810.0
      },
      {
        "act": "'Kay.",
        "end_time": 1813.39,
        "start_time": 1813.16
      },
      {
        "act": "No, that was quite fun. Um means, whiteboard, digital pens, etcetera, what does that mean? Any ideas?",
        "end_time": 1821.33,
        "start_time": 1814.44
      },
      {
        "act": "Discuss which ones yeah.",
        "end_time": 1823.33,
        "start_time": 1821.29
      },
      {
        "act": "How do we evaluate the materials we had for communicating and sharing information?",
        "end_time": 1825.5,
        "start_time": 1820.59
      },
      {
        "act": "Yeah.",
        "end_time": 1826.1,
        "start_time": 1825.79
      },
      {
        "act": "Could it've been better, was it adequate?",
        "end_time": 1828.72,
        "start_time": 1826.9
      },
      {
        "act": "Yeah, I think I think we probably woulda used the outer email system more, had we actually",
        "end_time": 1835.03,
        "start_time": 1829.63
      },
      {
        "act": "Had time to kind of",
        "end_time": 1836.56,
        "start_time": 1835.62
      },
      {
        "act": "Mm.",
        "end_time": 1837.14,
        "start_time": 1836.52
      },
      {
        "act": "had had more time and if we'd been separated more.",
        "end_time": 1841.83,
        "start_time": 1837.06
      },
      {
        "act": "Yeah, 'cause we could just sort of say, sorry what did you say about that or what do you think about that, rather than having to email it, yeah. But it was nice having it there.",
        "end_time": 1849.84,
        "start_time": 1841.51
      },
      {
        "act": "Yeah. Yeah. Yeah.",
        "end_time": 1847.86,
        "start_time": 1843.24
      },
      {
        "act": "Yeah.",
        "end_time": 1848.29,
        "start_time": 1847.92
      },
      {
        "act": "Um like the whole picture of the thing.",
        "end_time": 1853.5,
        "start_time": 1851.03
      },
      {
        "act": "Yeah, moving around the room. But I think it's good, like uh we spent times individually.",
        "end_time": 1862.63,
        "start_time": 1854.16
      },
      {
        "act": "Yeah.",
        "end_time": 1857.08,
        "start_time": 1856.75
      },
      {
        "act": "I never thought of a remote control with a flip top.",
        "end_time": 1897.43,
        "start_time": 1894.74
      },
      {
        "act": "Yeah, I think it's new ideas in general, rather than",
        "end_time": 1902.41,
        "start_time": 1899.96
      },
      {
        "act": "It's really borrowing from other areas, it's, you know, bringing things from other areas in, it so it's I mean nothing is new, but it's applying it to a d in a different area.",
        "end_time": 1909.22,
        "start_time": 1900.85
      },
      {
        "act": "Yeah.",
        "end_time": 1902.3,
        "start_time": 1901.99
      },
      {
        "act": "Mm.",
        "end_time": 1907.39,
        "start_time": 1906.99
      },
      {
        "act": "Vegetables.",
        "end_time": 1910.17,
        "start_time": 1909.27
      },
      {
        "act": "That's mine.",
        "end_time": 1912.04,
        "start_time": 1911.33
      },
      {
        "act": "Yeah.",
        "end_time": 1912.7,
        "start_time": 1912.25
      },
      {
        "act": "Yeah, no. Well they have to come from somewhere, don't they?",
        "end_time": 1918.88,
        "start_time": 1915.75
      },
      {
        "act": "Yeah, it's",
        "end_time": 1917.07,
        "start_time": 1916.64
      },
      {
        "act": "Absolutely, yeah.",
        "end_time": 1919.44,
        "start_time": 1918.31
      },
      {
        "act": "The thing is",
        "end_time": 1920.72,
        "start_time": 1920.04
      },
      {
        "act": "And as sh as w sorry, you go. Um as was shown by your presentation with all of the other controls, remote controls, no one's thought about it particularly. I mean they're slightly different, so if someone's been shut in the room and said make ours a bit different from everyone else's, 'cause it's w something we should think about, but obviously no one's put any great deal of thought into it.",
        "end_time": 1942.16,
        "start_time": 1920.2
      },
      {
        "act": "Yep, sorry, go on Sarah.",
        "end_time": 1922.51,
        "start_time": 1921.75
      },
      {
        "act": "No.",
        "end_time": 1930.94,
        "start_time": 1930.56
      },
      {
        "act": "Mm-hmm. Mm-hmm.",
        "end_time": 1937.92,
        "start_time": 1930.95
      },
      {
        "act": "Yeah, I do I don't think the the companies are really concerned. They're just like we've got a D_V_D_ player, does anyone remember the remote control? Can't you get the one that we used for the last one? Yeah, just jazz it up a bit. Uh d they don't really think about it, because normally, the remote control isn't the product which they're trying to ship. They're trying to ship the D_V_D_ player, the video player, the T_V_.",
        "end_time": 1962.77,
        "start_time": 1940.12
      },
      {
        "act": "Yeah.",
        "end_time": 1952.62,
        "start_time": 1952.42
      },
      {
        "act": "Mm.",
        "end_time": 1954.23,
        "start_time": 1953.89
      },
      {
        "act": "Yeah. Yeah, the focus isn't on to that, yeah.",
        "end_time": 1962.02,
        "start_time": 1954.5
      },
      {
        "act": "But then when it everything is really smart, and you've just got this big chunk of black thing sitting on your coffee table, it doesn't go, I mean if you could have something that's a proper funky thing, a funky item that's individual, individual to you, I mean they could even go into um you go in with an idea and they design it on Photoshop and then they just get it printed on the plastic, you would pray you would pay a lot extra, because it's individually being a plastic was being made for you. But people could have anything that they wanted.",
        "end_time": 1995.56,
        "start_time": 1961.76
      },
      {
        "act": "Yeah. Yeah. No.",
        "end_time": 1970.65,
        "start_time": 1964.63
      },
      {
        "act": "Yeah. Yeah. Yeah. Mm.",
        "end_time": 1995.9,
        "start_time": 1972.82
      },
      {
        "act": "Surprising to me is like uh people give a lot of attention to modifying mobile phones, like a real want to see a new launch or something like that. And new f television products coming up, but nobody giving uh much idea to this. Like Sarah was telling, everything's",
        "end_time": 2012.89,
        "start_time": 1996.81
      },
      {
        "act": "Because of the produ Mm.",
        "end_time": 2002.3,
        "start_time": 1997.12
      },
      {
        "act": "Yeah.",
        "end_time": 2006.06,
        "start_time": 2005.7
      },
      {
        "act": "I think it's really good that this has been very market research based, because just going back to mobile phones, I mean this is the first change in remote control devices that I can really, you know, say is is obvious and visible. We see it in mobile phones a lot, and tha that's where we've borrowed a lot of our ide our ideas from. There are innovations in that that people don't really want. I see people wanting a model of the phone they were really happy with, and they can't get it anymore and it's innovation for innovation's sake, and I think it's wonderful our company's so R_ and D_ based.",
        "end_time": 2039.61,
        "start_time": 2011.08
      },
      {
        "act": "Right.",
        "end_time": 2015.97,
        "start_time": 2015.69
      },
      {
        "act": "Yes.",
        "end_time": 2031.83,
        "start_time": 2031.17
      },
      {
        "act": "Yeah.",
        "end_time": 2031.77,
        "start_time": 2031.37
      },
      {
        "act": "Yeah. Well, it's innovation for money's sake. The the people have to keep buying. Yeah.",
        "end_time": 2045.99,
        "start_time": 2034.61
      },
      {
        "act": "Mm-hmm.",
        "end_time": 2040.54,
        "start_time": 2040.11
      },
      {
        "act": "Yeah. But forcing it onto people, yeah. It's things that, you know, they might want to buy the thing they really want.",
        "end_time": 2048.92,
        "start_time": 2043.11
      },
      {
        "act": "And you can't get you've got your handset that works fine, but you can't get the battery anymore for that type of phone, because the phones have moved on, things like that. Yes.",
        "end_time": 2056.43,
        "start_time": 2048.06
      },
      {
        "act": "Mm. Mm. Or there isn't a cover to fit it or whatever, yeah.",
        "end_time": 2056.62,
        "start_time": 2051.83
      },
      {
        "act": "It's madness. Um",
        "end_time": 2059.55,
        "start_time": 2057.78
      },
      {
        "act": "See I think",
        "end_time": 2059.64,
        "start_time": 2059.06
      },
      {
        "act": "In closing",
        "end_time": 2063.47,
        "start_time": 2062.24
      },
      {
        "act": "There we go. Um our costs are below budget with recommendations that they the budget be increased, but I think I don't know, d what do you think? Do you think that's takes into account um overheads like us being well paid kind of a thing? And the heating for the building, do you think our budget includes everything, all the costs that are going out?",
        "end_time": 2089.83,
        "start_time": 2064.6
      },
      {
        "act": "Well.",
        "end_time": 2086.12,
        "start_time": 2085.81
      },
      {
        "act": "I think it was just the produc uh just the production cost of the phone.",
        "end_time": 2092.97,
        "start_time": 2089.6
      },
      {
        "act": "I think that was just the the physical.",
        "end_time": 2093.27,
        "start_time": 2091.18
      },
      {
        "act": "So it looks well it looks like it's gonna be fifty percent profit, you've still got all of the overheads to come out of that. So maybe increasing it, you would also have to increase the price that it's sold at. But I think but you were saying that that's quite",
        "end_time": 2108.49,
        "start_time": 2093.12
      },
      {
        "act": "Yeah.",
        "end_time": 2096.97,
        "start_time": 2096.66
      },
      {
        "act": "Mm-hmm.",
        "end_time": 2097.71,
        "start_time": 2097.24
      },
      {
        "act": "Yeah.",
        "end_time": 2100.23,
        "start_time": 2099.96
      },
      {
        "act": "Maybe fifty percent more.",
        "end_time": 2107.07,
        "start_time": 2105.59
      },
      {
        "act": "Yeah, I think yeah I don't from the market research.",
        "end_time": 2110.64,
        "start_time": 2105.88
      },
      {
        "act": "But I think in the remit that we were given, it was very specific. I think we've done what we were required to do, and I think there'll have to be another project team or a new project for us to look at at those kind of things. I don't think that's something we have to look at and find a way of raising the cash for.",
        "end_time": 2122.45,
        "start_time": 2108.55
      },
      {
        "act": "Hmm. Yeah.",
        "end_time": 2120.88,
        "start_time": 2112.64
      },
      {
        "act": "No. Yeah, it was",
        "end_time": 2124.41,
        "start_time": 2120.85
      },
      {
        "act": "I think we've done very well to get within budget and it still makes such an innovative item that I think people are really gonna want.",
        "end_time": 2131.52,
        "start_time": 2123.99
      },
      {
        "act": "Mm. Yeah.",
        "end_time": 2130.04,
        "start_time": 2126.04
      },
      {
        "act": "Yeah.",
        "end_time": 2132.96,
        "start_time": 2132.53
      },
      {
        "act": "It's a shame it won't ever get made. Maybe it will. Maybe someone'll r run down and patent it.",
        "end_time": 2139.84,
        "start_time": 2133.17
      },
      {
        "act": "I know. Maybe it will. Maybe they are gonna steal our ideas and sell it.",
        "end_time": 2140.36,
        "start_time": 2134.77
      },
      {
        "act": "Who knows?",
        "end_time": 2137.2,
        "start_time": 2136.65
      },
      {
        "act": "I it's top secret. Um it's it is it's a conspiracy going on here. That's what it is.",
        "end_time": 2143.76,
        "start_time": 2138.21
      }
    ],
    "other_description": null,
    "topic": "evaluation of project process"
  },
  {
    "acts": [
      {
        "act": "Um the project has been evaluated well and truly. Um and we've got the meeting survey and questionnaire. Oh, so we've got about fifty minutes to catch up with everything that I fell behind with, so I'll be delegating in my um role as Project Supervisor, so good luck.",
        "end_time": 2164.5,
        "start_time": 2142.71
      },
      {
        "act": "Yeah.",
        "end_time": 2146.76,
        "start_time": 2146.44
      },
      {
        "act": "Mm-hmm.",
        "end_time": 2147.39,
        "start_time": 2146.93
      },
      {
        "act": "There's a final questionnaire.",
        "end_time": 2152.34,
        "start_time": 2151.4
      },
      {
        "act": "In your yeah.",
        "end_time": 2163.67,
        "start_time": 2161.42
      },
      {
        "act": "Celebration, you didn't talk about that.",
        "end_time": 2169.49,
        "start_time": 2167.51
      },
      {
        "act": "I think the celebration is the twenty five pounds.",
        "end_time": 2172.03,
        "start_time": 2169.54
      },
      {
        "act": "Either that or we'll be dancing on the desks.",
        "end_time": 2174.64,
        "start_time": 2172.88
      },
      {
        "act": "Oh.",
        "end_time": 2176.91,
        "start_time": 2176.68
      },
      {
        "act": "Questionnaire.",
        "end_time": 2177.77,
        "start_time": 2176.91
      },
      {
        "act": "Okay. Is that it then?",
        "end_time": 2184.23,
        "start_time": 2182.56
      },
      {
        "act": "Um yeah, just the last, I think.",
        "end_time": 2186.77,
        "start_time": 2184.79
      },
      {
        "act": "Awesome.",
        "end_time": 2192.53,
        "start_time": 2191.23
      },
      {
        "act": "I think I've got minutes for two of the meeting and the last thingy.",
        "end_time": 2197.03,
        "start_time": 2192.06
      },
      {
        "act": "Questionnaire done. Oh, I didn't have to rate you on how much you influenced the meeting this time.",
        "end_time": 2204.92,
        "start_time": 2197.92
      },
      {
        "act": "Was that not the questionnaire for the how you felt you'd done in your thing?",
        "end_time": 2210.17,
        "start_time": 2204.6
      },
      {
        "act": "Oh, right. But do we not sometimes evaluate in these meetings too? Yeah.",
        "end_time": 2214.31,
        "start_time": 2210.77
      },
      {
        "act": "I don't think. Yeah, the the s yeah. I think yeah, questionnaire seven was the one I did just before the meeting.",
        "end_time": 2219.2,
        "start_time": 2211.56
      },
      {
        "act": "Yeah.",
        "end_time": 2220.34,
        "start_time": 2220.03
      },
      {
        "act": "Mm.",
        "end_time": 2221.33,
        "start_time": 2221.15
      },
      {
        "act": "I just got con",
        "end_time": 2222.25,
        "start_time": 2221.68
      }
    ],
    "other_description": null,
    "topic": "closing"
  }
]