[
  {
    "source": {
      "act": "I didn't receive it yet.",
      "count": 1,
      "end_time": 31.16,
      "start_time": 29.94
    },
    "target": {
      "act": "Maybe not.",
      "count": 1,
      "end_time": 30.27,
      "start_time": 29.66
    },
    "type": "Support/Possitive Assessment"
  },
  {
    "source": {
      "act": "Not at this point.",
      "count": 1,
      "end_time": 90.22,
      "start_time": 89.3
    },
    "target": {
      "act": "not at this point.",
      "count": 1,
      "end_time": 91.36,
      "start_time": 90.07
    },
    "type": "Support/Possitive Assessment"
  },
  {
    "source": {
      "act": "we want to look at what functions we need in the remote control",
      "count": 1,
      "end_time": 212.45,
      "start_time": 208.99
    },
    "target": {
      "act": "Right.",
      "count": 1,
      "end_time": 212.97,
      "start_time": 212.63
    },
    "type": "Support/Possitive Assessment"
  },
  {
    "source": {
      "act": "Uh i is it just uh more detail, uh as I understand it?",
      "count": 1,
      "end_time": 199.12,
      "start_time": 194.05
    },
    "target": {
      "act": "I think it th w we're talking the the functional design is more your um area of things where you'll be",
      "count": 1,
      "end_time": 208.99,
      "start_time": 199.01
    },
    "type": "Support/Possitive Assessment"
  },
  {
    "source": {
      "act": "whe where do we identify the components of our uh product?",
      "count": 1,
      "end_time": 233.14,
      "start_time": 229.0
    },
    "target": {
      "act": "Um I think we'll we'll start that initially with the functional design already but then",
      "count": 1,
      "end_time": 251.54,
      "start_time": 244.45
    },
    "type": "Support/Possitive Assessment"
  },
  {
    "source": {
      "act": "it's in the conceptual design phase that we identify the components of our product?",
      "count": 1,
      "end_time": 243.33,
      "start_time": 237.83
    },
    "target": {
      "act": "Um I think we'll we'll start that initially with the functional design already but then",
      "count": 1,
      "end_time": 251.54,
      "start_time": 244.45
    },
    "type": "Support/Possitive Assessment"
  },
  {
    "source": {
      "act": "Um I think we'll we'll start that initially with the functional design already but then",
      "count": 1,
      "end_time": 251.54,
      "start_time": 244.45
    },
    "target": {
      "act": "Okay.",
      "count": 1,
      "end_time": 249.99,
      "start_time": 249.72
    },
    "type": "Support/Possitive Assessment"
  },
  {
    "source": {
      "act": "it's in the conceptual design phase that we identify the components of our product?",
      "count": 1,
      "end_time": 243.33,
      "start_time": 237.83
    },
    "target": {
      "act": "Um I think we'll we'll start that initially with the functional design already but then",
      "count": 1,
      "end_time": 251.54,
      "start_time": 244.45
    },
    "type": "Objection/Negative Assessment"
  },
  {
    "source": {
      "act": "Why are you looking at me?",
      "count": 1,
      "end_time": 307.6,
      "start_time": 306.41
    },
    "target": {
      "act": "Would you like to go first?",
      "count": 1,
      "end_time": 314.98,
      "start_time": 311.26
    },
    "type": "Support/Possitive Assessment"
  },
  {
    "source": {
      "act": "Would you like to go first?",
      "count": 1,
      "end_time": 314.98,
      "start_time": 311.26
    },
    "target": {
      "act": "Do I have a choice?",
      "count": 1,
      "end_time": 315.82,
      "start_time": 313.0
    },
    "type": "Support/Possitive Assessment"
  },
  {
    "source": {
      "act": "Would you like to go first?",
      "count": 1,
      "end_time": 314.98,
      "start_time": 311.26
    },
    "target": {
      "act": "Okay.",
      "count": 1,
      "end_time": 316.35,
      "start_time": 315.82
    },
    "type": "Support/Possitive Assessment"
  },
  {
    "source": {
      "act": "It's got no eyes.",
      "count": 1,
      "end_time": 353.85,
      "start_time": 352.69
    },
    "target": {
      "act": "Oh, good point.",
      "count": 1,
      "end_time": 355.36,
      "start_time": 354.5
    },
    "type": "Support/Possitive Assessment"
  },
  {
    "source": {
      "act": "Um this is a rabbit.",
      "count": 1,
      "end_time": 375.85,
      "start_time": 371.77
    },
    "target": {
      "act": "Yeah",
      "count": 1,
      "end_time": 375.66,
      "start_time": 375.5
    },
    "type": "Support/Possitive Assessment"
  },
  {
    "source": {
      "act": "at first I thought it was going to be cat.",
      "count": 1,
      "end_time": 379.21,
      "start_time": 376.48
    },
    "target": {
      "act": "Yeah,",
      "count": 1,
      "end_time": 379.51,
      "start_time": 379.17
    },
    "type": "Support/Possitive Assessment"
  },
  {
    "source": {
      "act": "I can see by the ears.",
      "count": 1,
      "end_time": 385.18,
      "start_time": 383.89
    },
    "target": {
      "act": "Yeah.",
      "count": 1,
      "end_time": 385.86,
      "start_time": 385.49
    },
    "type": "Support/Possitive Assessment"
  },
  {
    "source": {
      "act": "Okay?",
      "count": 1,
      "end_time": 405.16,
      "start_time": 404.78
    },
    "target": {
      "act": "Excellent,",
      "count": 1,
      "end_time": 405.68,
      "start_time": 405.18
    },
    "type": "Support/Possitive Assessment"
  },
  {
    "source": {
      "act": "But not with rabbits.",
      "count": 1,
      "end_time": 463.01,
      "start_time": 462.11
    },
    "target": {
      "act": "not with rabbits, no no.",
      "count": 1,
      "end_time": 465.7,
      "start_time": 463.57
    },
    "type": "Support/Possitive Assessment"
  },
  {
    "source": {
      "act": "Okay?",
      "count": 1,
      "end_time": 474.15,
      "start_time": 473.41
    },
    "target": {
      "act": "Excellent,",
      "count": 1,
      "end_time": 474.43,
      "start_time": 473.99
    },
    "type": "Support/Possitive Assessment"
  },
  {
    "source": {
      "act": "And yeah um and I like cocktails, especially pink ones.",
      "count": 1,
      "end_time": 473.41,
      "start_time": 469.23
    },
    "target": {
      "act": "to match the rabbit.",
      "count": 1,
      "end_time": 476.24,
      "start_time": 474.43
    },
    "type": "Support/Possitive Assessment"
  },
  {
    "source": {
      "act": "and you can rub it off.",
      "count": 1,
      "end_time": 499.61,
      "start_time": 498.23
    },
    "target": {
      "act": "Yeah, well,",
      "count": 1,
      "end_time": 500.07,
      "start_time": 499.12
    },
    "type": "Partial agreement/support"
  },
  {
    "source": {
      "act": "I think it needs four legs if it's gonna walk though.",
      "count": 1,
      "end_time": 545.64,
      "start_time": 543.64
    },
    "target": {
      "act": "Yeah,",
      "count": 1,
      "end_time": 546.2,
      "start_time": 546.03
    },
    "type": "Support/Possitive Assessment"
  },
  {
    "source": {
      "act": "I think it needs four legs if it's gonna walk though.",
      "count": 1,
      "end_time": 545.64,
      "start_time": 543.64
    },
    "target": {
      "act": "the other legs are on the other side.",
      "count": 1,
      "end_time": 551.02,
      "start_time": 549.57
    },
    "type": "Support/Possitive Assessment"
  },
  {
    "source": {
      "act": "And where where are you from?",
      "count": 1,
      "end_time": 594.77,
      "start_time": 593.65
    },
    "target": {
      "act": "I'm from Estonia",
      "count": 1,
      "end_time": 596.29,
      "start_time": 595.21
    },
    "type": "Support/Possitive Assessment"
  },
  {
    "source": {
      "act": "I'm from Estonia",
      "count": 1,
      "end_time": 596.29,
      "start_time": 595.21
    },
    "target": {
      "act": "Estonia.",
      "count": 1,
      "end_time": 596.95,
      "start_time": 596.35
    },
    "type": "Support/Possitive Assessment"
  },
  {
    "source": {
      "act": "Estonia.",
      "count": 1,
      "end_time": 596.95,
      "start_time": 596.35
    },
    "target": {
      "act": "uh, yep.",
      "count": 1,
      "end_time": 598.93,
      "start_time": 596.29
    },
    "type": "Support/Possitive Assessment"
  },
  {
    "source": {
      "act": "Um so is there anything else you'd like to know?",
      "count": 1,
      "end_time": 602.41,
      "start_time": 598.93
    },
    "target": {
      "act": "Oh, right, my roles,",
      "count": 1,
      "end_time": 603.5,
      "start_time": 602.41
    },
    "type": "Support/Possitive Assessment"
  },
  {
    "source": {
      "act": "They're not just like a big round body",
      "count": 1,
      "end_time": 685.73,
      "start_time": 684.08
    },
    "target": {
      "act": "Yeah, that'll do.",
      "count": 1,
      "end_time": 688.55,
      "start_time": 687.43
    },
    "type": "Support/Possitive Assessment"
  },
  {
    "source": {
      "act": "and then some really skinny legs",
      "count": 1,
      "end_time": 687.09,
      "start_time": 685.73
    },
    "target": {
      "act": "Yeah, that'll do.",
      "count": 1,
      "end_time": 688.55,
      "start_time": 687.43
    },
    "type": "Support/Possitive Assessment"
  },
  {
    "source": {
      "act": "And there is some grass there.",
      "count": 1,
      "end_time": 708.34,
      "start_time": 704.9
    },
    "target": {
      "act": "Yeah.",
      "count": 1,
      "end_time": 708.1,
      "start_time": 706.5
    },
    "type": "Support/Possitive Assessment"
  },
  {
    "source": {
      "act": "It looks very very cute.",
      "count": 1,
      "end_time": 796.05,
      "start_time": 793.54
    },
    "target": {
      "act": "Yeah,",
      "count": 1,
      "end_time": 796.05,
      "start_time": 795.7
    },
    "type": "Support/Possitive Assessment"
  },
  {
    "source": {
      "act": "It's a gecko.",
      "count": 1,
      "end_time": 838.29,
      "start_time": 837.53
    },
    "target": {
      "act": "Ah, a gecko, okay.",
      "count": 1,
      "end_time": 841.74,
      "start_time": 838.84
    },
    "type": "Support/Possitive Assessment"
  },
  {
    "source": {
      "act": "It's a gecko.",
      "count": 1,
      "end_time": 838.29,
      "start_time": 837.53
    },
    "target": {
      "act": "Ah okay.",
      "count": 1,
      "end_time": 839.64,
      "start_time": 839.01
    },
    "type": "Support/Possitive Assessment"
  },
  {
    "source": {
      "act": "Ah, a gecko, okay.",
      "count": 1,
      "end_time": 841.74,
      "start_time": 838.84
    },
    "target": {
      "act": "Yeah.",
      "count": 1,
      "end_time": 840.54,
      "start_time": 839.92
    },
    "type": "Support/Possitive Assessment"
  },
  {
    "source": {
      "act": "Yeah, they're",
      "count": 1,
      "end_time": 845.04,
      "start_time": 844.56
    },
    "target": {
      "act": "yeah, they are",
      "count": 1,
      "end_time": 846.53,
      "start_time": 844.68
    },
    "type": "Support/Possitive Assessment"
  },
  {
    "source": {
      "act": "l it's a kind of lizard.",
      "count": 1,
      "end_time": 846.91,
      "start_time": 845.04
    },
    "target": {
      "act": "mm-hmm.",
      "count": 1,
      "end_time": 846.94,
      "start_time": 846.53
    },
    "type": "Support/Possitive Assessment"
  },
  {
    "source": {
      "act": "because they remind me of warm places",
      "count": 1,
      "end_time": 851.89,
      "start_time": 849.32
    },
    "target": {
      "act": "Ah.",
      "count": 1,
      "end_time": 853.33,
      "start_time": 851.71
    },
    "type": "Support/Possitive Assessment"
  },
  {
    "source": {
      "act": "I don't like snakes.",
      "count": 1,
      "end_time": 865.94,
      "start_time": 865.0
    },
    "target": {
      "act": "Okay.",
      "count": 1,
      "end_time": 866.72,
      "start_time": 866.03
    },
    "type": "Support/Possitive Assessment"
  },
  {
    "source": {
      "act": "do you?",
      "count": 1,
      "end_time": 864.31,
      "start_time": 863.95
    },
    "target": {
      "act": "I don't like snakes.",
      "count": 1,
      "end_time": 865.94,
      "start_time": 865.0
    },
    "type": "Support/Possitive Assessment"
  },
  {
    "source": {
      "act": "and make sure that you all work together in a productive way, so that by the end of the day we come up with a great product.",
      "count": 1,
      "end_time": 892.95,
      "start_time": 884.07
    },
    "target": {
      "act": "Wonderful.",
      "count": 1,
      "end_time": 894.61,
      "start_time": 894.02
    },
    "type": "Support/Possitive Assessment"
  },
  {
    "source": {
      "act": "If you right click on it you can",
      "count": 1,
      "end_time": 915.03,
      "start_time": 912.88
    },
    "target": {
      "act": "yeah",
      "count": 1,
      "end_time": 914.18,
      "start_time": 913.91
    },
    "type": "Support/Possitive Assessment"
  },
  {
    "source": {
      "act": "Does anyone have any first ideas to bounce around about um what we're thinking of this remote control?",
      "count": 1,
      "end_time": 1021.29,
      "start_time": 1012.84
    },
    "target": {
      "act": "Yep.",
      "count": 1,
      "end_time": 1021.37,
      "start_time": 1020.27
    },
    "type": "Support/Possitive Assessment"
  },
  {
    "source": {
      "act": "I'm just wondering whether whether there is like any special feature that we want to have w want this remote control have as opposed to the already existing ones.",
      "count": 1,
      "end_time": 1032.2,
      "start_time": 1021.37
    },
    "target": {
      "act": "I think that's probably something that w it's best if we take away with us,",
      "count": 1,
      "end_time": 1044.49,
      "start_time": 1040.05
    },
    "type": "Support/Possitive Assessment"
  },
  {
    "source": {
      "act": "I think that's probably something that w it's best if we take away with us,",
      "count": 1,
      "end_time": 1044.49,
      "start_time": 1040.05
    },
    "target": {
      "act": "Mm-hmm.",
      "count": 1,
      "end_time": 1045.34,
      "start_time": 1044.88
    },
    "type": "Support/Possitive Assessment"
  },
  {
    "source": {
      "act": "and I like put down some like inspirational words like that I got from looking at the pictures.",
      "count": 1,
      "end_time": 1084.27,
      "start_time": 1077.5
    },
    "target": {
      "act": "Mm-hmm.",
      "count": 1,
      "end_time": 1084.35,
      "start_time": 1084.03
    },
    "type": "Support/Possitive Assessment"
  },
  {
    "source": {
      "act": "and um so it's something that is sleek and stylish but it's still functional, you know?",
      "count": 1,
      "end_time": 1094.18,
      "start_time": 1088.48
    },
    "target": {
      "act": "Mm-hmm.",
      "count": 1,
      "end_time": 1093.85,
      "start_time": 1093.3
    },
    "type": "Support/Possitive Assessment"
  },
  {
    "source": {
      "act": "So I'm kind of thinking, you know like those phones that they have, the new generation ones, where they don't actually have any buttons on them and stuff like that.",
      "count": 1,
      "end_time": 1103.75,
      "start_time": 1094.18
    },
    "target": {
      "act": "Uh-huh.",
      "count": 1,
      "end_time": 1104.56,
      "start_time": 1104.21
    },
    "type": "Support/Possitive Assessment"
  },
  {
    "source": {
      "act": "So I'm kind of thinking, you know like those phones that they have, the new generation ones, where they don't actually have any buttons on them and stuff like that.",
      "count": 1,
      "end_time": 1103.75,
      "start_time": 1094.18
    },
    "target": {
      "act": "Alright.",
      "count": 1,
      "end_time": 1104.69,
      "start_time": 1104.28
    },
    "type": "Support/Possitive Assessment"
  },
  {
    "source": {
      "act": "so I figure how many do you need, you know?",
      "count": 1,
      "end_time": 1113.04,
      "start_time": 1111.41
    },
    "target": {
      "act": "Mm-hmm.",
      "count": 1,
      "end_time": 1113.79,
      "start_time": 1113.29
    },
    "type": "Support/Possitive Assessment"
  },
  {
    "source": {
      "act": "like I mean you know, theoretically you can do all kinds of things with your T_V_, right?",
      "count": 1,
      "end_time": 1126.37,
      "start_time": 1121.69
    },
    "target": {
      "act": "Yeah.",
      "count": 1,
      "end_time": 1126.54,
      "start_time": 1126.29
    },
    "type": "Support/Possitive Assessment"
  },
  {
    "source": {
      "act": "They turn it on, they watch certain specified channels, you know, and then they turn it off again.",
      "count": 1,
      "end_time": 1133.19,
      "start_time": 1127.54
    },
    "target": {
      "act": "Yeah.",
      "count": 1,
      "end_time": 1130.86,
      "start_time": 1130.44
    },
    "type": "Support/Possitive Assessment"
  },
  {
    "source": {
      "act": "There is a lot of functionality in there that is not used ninety percent of the time,",
      "count": 1,
      "end_time": 1137.53,
      "start_time": 1132.94
    },
    "target": {
      "act": "Yeah.",
      "count": 1,
      "end_time": 1137.57,
      "start_time": 1137.27
    },
    "type": "Support/Possitive Assessment"
  },
  {
    "source": {
      "act": "There is a lot of functionality in there that is not used ninety percent of the time,",
      "count": 1,
      "end_time": 1137.53,
      "start_time": 1132.94
    },
    "target": {
      "act": "Yeah,",
      "count": 1,
      "end_time": 1137.55,
      "start_time": 1137.15
    },
    "type": "Support/Possitive Assessment"
  },
  {
    "source": {
      "act": "there's no need to have buttons on it to do that,",
      "count": 1,
      "end_time": 1141.35,
      "start_time": 1139.08
    },
    "target": {
      "act": "no.",
      "count": 1,
      "end_time": 1142.32,
      "start_time": 1140.73
    },
    "type": "Support/Possitive Assessment"
  },
  {
    "source": {
      "act": "there's no need to have buttons on it to do that,",
      "count": 1,
      "end_time": 1141.35,
      "start_time": 1139.08
    },
    "target": {
      "act": "Yep.",
      "count": 1,
      "end_time": 1142.09,
      "start_time": 1141.87
    },
    "type": "Support/Possitive Assessment"
  },
  {
    "source": {
      "act": "It could be one button for a menu or something, if you really need to go and do that.",
      "count": 1,
      "end_time": 1146.37,
      "start_time": 1142.32
    },
    "target": {
      "act": "Yeah.",
      "count": 1,
      "end_time": 1145.07,
      "start_time": 1144.63
    },
    "type": "Support/Possitive Assessment"
  },
  {
    "source": {
      "act": "It could be one button for a menu or something, if you really need to go and do that.",
      "count": 1,
      "end_time": 1146.37,
      "start_time": 1142.32
    },
    "target": {
      "act": "Mm-hmm.",
      "count": 1,
      "end_time": 1145.31,
      "start_time": 1144.87
    },
    "type": "Support/Possitive Assessment"
  },
  {
    "source": {
      "act": "and you can do it on the screen rather than everybody else having to have those buttons, which just confuse them.",
      "count": 1,
      "end_time": 1157.06,
      "start_time": 1151.23
    },
    "target": {
      "act": "Mm-hmm.",
      "count": 1,
      "end_time": 1156.32,
      "start_time": 1155.9
    },
    "type": "Support/Possitive Assessment"
  },
  {
    "source": {
      "act": "um but it is just like a long like thing used for mu moving people,",
      "count": 1,
      "end_time": 1174.0,
      "start_time": 1168.68
    },
    "target": {
      "act": "Mm-hmm.",
      "count": 1,
      "end_time": 1175.69,
      "start_time": 1175.46
    },
    "type": "Support/Possitive Assessment"
  },
  {
    "source": {
      "act": "uh every now and then you need to replace the batteries.",
      "count": 1,
      "end_time": 1203.58,
      "start_time": 1199.99
    },
    "target": {
      "act": "Yeah.",
      "count": 1,
      "end_time": 1203.51,
      "start_time": 1203.25
    },
    "type": "Support/Possitive Assessment"
  },
  {
    "source": {
      "act": "with l learning, yeah, yeah.",
      "count": 1,
      "end_time": 1221.35,
      "start_time": 1219.12
    },
    "target": {
      "act": "A big learning curve, yeah.",
      "count": 1,
      "end_time": 1219.92,
      "start_time": 1218.19
    },
    "type": "Support/Possitive Assessment"
  },
  {
    "source": {
      "act": "yeah.",
      "count": 1,
      "end_time": 1228.62,
      "start_time": 1228.33
    },
    "target": {
      "act": "It's like those fancy websites that you can't access",
      "count": 1,
      "end_time": 1231.25,
      "start_time": 1225.62
    },
    "type": "Support/Possitive Assessment"
  },
  {
    "source": {
      "act": "but im basically you're looking at the working design,",
      "count": 1,
      "end_time": 1257.64,
      "start_time": 1253.52
    },
    "target": {
      "act": "Alright.",
      "count": 1,
      "end_time": 1258.41,
      "start_time": 1258.1
    },
    "type": "Support/Possitive Assessment"
  },
  {
    "source": {
      "act": "and for you it's the user requirements specification,",
      "count": 1,
      "end_time": 1267.41,
      "start_time": 1263.88
    },
    "target": {
      "act": "Mm-hmm.",
      "count": 1,
      "end_time": 1266.86,
      "start_time": 1266.64
    },
    "type": "Support/Possitive Assessment"
  },
  {
    "source": {
      "act": "Okay?",
      "count": 1,
      "end_time": 1270.08,
      "start_time": 1269.67
    },
    "target": {
      "act": "Okay.",
      "count": 1,
      "end_time": 1273.61,
      "start_time": 1272.06
    },
    "type": "Support/Possitive Assessment"
  },
  {
    "source": {
      "act": "Thanks for that.",
      "count": 1,
      "end_time": 1273.43,
      "start_time": 1272.4
    },
    "target": {
      "act": "Thank you.",
      "count": 1,
      "end_time": 1274.33,
      "start_time": 1273.61
    },
    "type": "Support/Possitive Assessment"
  }
]