[
  {
    "end_time": 40.672,
    "segment": "Okay. Hi everybody and welcome to our kick-off meeting um for our new product that we're gonna be designing. Um I'm Mandy and I'm the Project Manager. And I know all your names again, Courtney, Fenella and Amber. Alright. Okay, so first let's go through this PowerPoint.",
    "speaker_id": "A",
    "start_time": 19.123
  },
  {
    "end_time": 43.76,
    "segment": "I wonder what button I press?",
    "speaker_id": "A",
    "start_time": 41.882
  },
  {
    "end_time": 69.264,
    "segment": "Yeah, or how about I just click? Okay, here is our agenda for this meeting. Um we're gonna start with our opening which was our introductions. We're gonna get to know each other a little bit better. Um tool training, we're going to, I guess, figure out what to do on this project with our individual roles. Um we're gonna make a project plan and then have some time for discussion and close up the meeting.",
    "speaker_id": "A",
    "start_time": 47.146
  },
  {
    "end_time": 79.379,
    "segment": "Okay, here is our project. We're gonna make a new remote control that's um original, trendy and also user-friendly.",
    "speaker_id": "A",
    "start_time": 70.96
  },
  {
    "end_time": 133.824,
    "segment": "And how we are going to do it is each of us is going to um We're gonna have discuss the functional design first, how is it gonna be used, what's the actual goal here, it has to operate T_V_, blah blah blah. And we're going to do individual work on that and then meet. Same thing with conceptual design. Just the basic overview of the project and then we're going to do individual work, meet. That's pretty much the the whole process for today. And then the detailed design, just more in-depth, get the actual schematics of the remote. Okay. Alright. First we're gonna start off by using our tools. And the whiteboard thing, do you guys wanna give that a try even though the ink wasn't working or do you wanna do it on here.",
    "speaker_id": "A",
    "start_time": 84.512
  },
  {
    "end_time": 151.043,
    "segment": "Alright, let's go forward then. Um right now so we're all gonna draw our favourite animal and then sum up our favourite characteristics of that animal. Even if you are not a good drawer like me. Alright.",
    "speaker_id": "A",
    "start_time": 139.73
  },
  {
    "end_time": 153.579,
    "segment": "Um.",
    "speaker_id": "A",
    "start_time": 152.839
  },
  {
    "end_time": 165.488,
    "segment": "Bless you.",
    "speaker_id": "A",
    "start_time": 164.864
  },
  {
    "end_time": 191.28,
    "segment": "Oh do I.",
    "speaker_id": "A",
    "start_time": 189.008
  },
  {
    "end_time": 220.656,
    "segment": "'Kay, about one more minute.",
    "speaker_id": "A",
    "start_time": 218.848
  },
  {
    "end_time": 243.276,
    "segment": "Okay.",
    "speaker_id": "A",
    "start_time": 241.491
  },
  {
    "end_time": 248.016,
    "segment": "Okay. And who would like to start us off?",
    "speaker_id": "A",
    "start_time": 245.584
  },
  {
    "end_time": 250.481,
    "segment": "Alright.",
    "speaker_id": "A",
    "start_time": 250.077
  },
  {
    "end_time": 269.533,
    "segment": "Only if they're piranhas.",
    "speaker_id": "A",
    "start_time": 265.936
  },
  {
    "end_time": 275.605,
    "segment": "Alright. Who wants to go next?",
    "speaker_id": "A",
    "start_time": 272.373
  },
  {
    "end_time": 284.275,
    "segment": "No, it looks like a cat.",
    "speaker_id": "A",
    "start_time": 282.224
  },
  {
    "end_time": 296.24,
    "segment": "I love cats, too. I'm a cat person.",
    "speaker_id": "A",
    "start_time": 293.92
  },
  {
    "end_time": 298.864,
    "segment": "Uh.",
    "speaker_id": "A",
    "start_time": 297.488
  },
  {
    "end_time": 307.743,
    "segment": "If you're around one I had a roommate who was um allergic, but if she was around my cat forever she became used to it, you know, it's weird.",
    "speaker_id": "A",
    "start_time": 299.984
  },
  {
    "end_time": 311.449,
    "segment": "Okay.",
    "speaker_id": "A",
    "start_time": 308.452
  },
  {
    "end_time": 316.544,
    "segment": "Okay, Fenella?",
    "speaker_id": "A",
    "start_time": 315.268
  },
  {
    "end_time": 322.564,
    "segment": "Badger. Good choice. Why a badger?",
    "speaker_id": "A",
    "start_time": 319.302
  },
  {
    "end_time": 341.648,
    "segment": "Alright.",
    "speaker_id": "A",
    "start_time": 339.936
  },
  {
    "end_time": 402.608,
    "segment": "Okay. And I'm last. 'Kay. Look at my sad sad giraffe. No, no, no, it ends up looking like some kind of a dinosaur, but whatever. I don't know even much about giraffes, but I just love the way they look. They're just such odd creatures, you know. I I like that they're so unique and individual, I guess. I don't know much about their behaviour or anything, though. Only seen a couple in zoos. Yeah, but you can appreciate the way they look. Okay. Alright. Guess we're getting straight back into business here. Um the selling price for our remote is going to be twenty-five Euro, and our profit aim is fifty million Euro. We're going to make this an international product marketed in the States, in Europe, in Asia. And um our production cost to make that profit is gonna be a max of twelve fifty Euro per remote.",
    "speaker_id": "A",
    "start_time": 347.008
  },
  {
    "end_time": 425.317,
    "segment": "Okay. So we're gonna talk for a little while. Um here are some topics that we might be able to discuss. Expe our experiences with remote controls um, our first ideas about this new remote, anything that you can bring to the table for this project. So.",
    "speaker_id": "A",
    "start_time": 408.24
  },
  {
    "end_time": 430.768,
    "segment": "Yeah. You wanna start us off? Anybody have anything to offer?",
    "speaker_id": "A",
    "start_time": 427.232
  },
  {
    "end_time": 433.824,
    "segment": "Right.",
    "speaker_id": "A",
    "start_time": 433.536
  },
  {
    "end_time": 450.288,
    "segment": "TiVo.",
    "speaker_id": "A",
    "start_time": 449.039
  },
  {
    "end_time": 471.238,
    "segment": "They're never universal. That's right. Esp e especially if you buy a a not big product, D_V_D_ player, say, usually it doesn't work if it's not one of the Yeah. Yeah. Something from Sam's club.",
    "speaker_id": "A",
    "start_time": 457.984
  },
  {
    "end_time": 475.984,
    "segment": "Yeah.",
    "speaker_id": "A",
    "start_time": 475.04
  },
  {
    "end_time": 480.64,
    "segment": "Yeah.",
    "speaker_id": "A",
    "start_time": 479.984
  },
  {
    "end_time": 506.864,
    "segment": "'Kay, and um another thing that I think is important is the d the design of the product, how it feels in your hand. If it's just flat and kind of boring th those don't Nobody wants to buy those any more. They want the ergonomic ones. Yeah. Ones that ones that look high-tech, too.",
    "speaker_id": "A",
    "start_time": 485.319
  },
  {
    "end_time": 512.033,
    "segment": "Right. So that people like my mother can use it.",
    "speaker_id": "A",
    "start_time": 508.032
  },
  {
    "end_time": 514.992,
    "segment": "Yeah.",
    "speaker_id": "A",
    "start_time": 514.304
  },
  {
    "end_time": 523.744,
    "segment": "'Kay. Anybody have any experiences with remote controls that they can remember that",
    "speaker_id": "A",
    "start_time": 519.36
  },
  {
    "end_time": 528.128,
    "segment": "Yeah. That's true.",
    "speaker_id": "A",
    "start_time": 525.104
  },
  {
    "end_time": 537.392,
    "segment": "Do some of them use triple A_s though?",
    "speaker_id": "A",
    "start_time": 535.504
  },
  {
    "end_time": 539.168,
    "segment": "Okay.",
    "speaker_id": "A",
    "start_time": 538.592
  },
  {
    "end_time": 554.528,
    "segment": "Okay. Yeah. But that has to do with the size of it too. Well, w as long as we know that issue is",
    "speaker_id": "A",
    "start_time": 547.6
  },
  {
    "end_time": 556.464,
    "segment": "Here we can",
    "speaker_id": "A",
    "start_time": 555.6
  },
  {
    "end_time": 569.568,
    "segment": "Triple A. But it's okay, we don't have to decide about it now, just as long as we remember battery type and size is important. Hey. Anything else?",
    "speaker_id": "A",
    "start_time": 557.84
  },
  {
    "end_time": 575.888,
    "segment": "Alright. Moving along.",
    "speaker_id": "A",
    "start_time": 574.528
  },
  {
    "end_time": 596.944,
    "segment": "Oh, we're closing the meeting. Next meeting is gonna start in thirty minutes. Here's what we're going to do. Um the I_D_, which is who? Okay, you're going to think about the working design. What do you think that means?",
    "speaker_id": "A",
    "start_time": 577.104
  },
  {
    "end_time": 618.08,
    "segment": "Okay. And U_I_D_, the technical fun functions design, making sure it does everything that we need the remote to do, the functionality of it, operating all those different things. Okay. And the marketing person, that's Courtney, is going to do the user requirements specification.",
    "speaker_id": "A",
    "start_time": 598.448
  },
  {
    "end_time": 636.384,
    "segment": "I guess that means specifying um what exactly the user is going to be looking for. Right? I would think so. Okay. And you're gonna get more specific instructions emailed to you in just a little while. Okay, so does anybody have anything they wanna say before we close the meeting?",
    "speaker_id": "A",
    "start_time": 619.12
  },
  {
    "end_time": 641.157,
    "segment": "Okay. This meeting is officially over.",
    "speaker_id": "A",
    "start_time": 637.52
  },
  {
    "end_time": 36.496,
    "segment": "Yep.",
    "speaker_id": "B",
    "start_time": 34.912
  },
  {
    "end_time": 138.48,
    "segment": "I think we should forgo the whiteboard since we can't actually see what we're writing.",
    "speaker_id": "B",
    "start_time": 134.656
  },
  {
    "end_time": 153.2,
    "segment": "Artistic skills, nil.",
    "speaker_id": "B",
    "start_time": 150.064
  },
  {
    "end_time": 189.712,
    "segment": "I draw like I'm in grade five.",
    "speaker_id": "B",
    "start_time": 186.18
  },
  {
    "end_time": 283.776,
    "segment": "I'll go. I drew a kitty. It's pretty much impossible to tell that's a cat, but I love cats.",
    "speaker_id": "B",
    "start_time": 276.624
  },
  {
    "end_time": 292.256,
    "segment": "I love cats because they're independent, uh they pretty much know what they want, they get it, they move on.",
    "speaker_id": "B",
    "start_time": 285.344
  },
  {
    "end_time": 300.176,
    "segment": "I'm allergic to cats, too.",
    "speaker_id": "B",
    "start_time": 297.48
  },
  {
    "end_time": 310.096,
    "segment": "I still can't sleep with them in my room.",
    "speaker_id": "B",
    "start_time": 308.336
  },
  {
    "end_time": 320.016,
    "segment": "Yay.",
    "speaker_id": "B",
    "start_time": 318.755
  },
  {
    "end_time": 328.384,
    "segment": "Are you trying to suggest something?",
    "speaker_id": "B",
    "start_time": 325.801
  },
  {
    "end_time": 435.424,
    "segment": "Well, we wanna make a multifunctional remote, right? One remote for everything.",
    "speaker_id": "B",
    "start_time": 430.944
  },
  {
    "end_time": 439.533,
    "segment": "Um.",
    "speaker_id": "B",
    "start_time": 438.32
  },
  {
    "end_time": 449.616,
    "segment": "I think they'll be phasing V_H_S_ out shortly.",
    "speaker_id": "B",
    "start_time": 447.104
  },
  {
    "end_time": 452.56,
    "segment": "Okay.",
    "speaker_id": "B",
    "start_time": 452.192
  },
  {
    "end_time": 475.216,
    "segment": "So we'll have to figure it how to cover all the different variances in signals.",
    "speaker_id": "B",
    "start_time": 470.012
  },
  {
    "end_time": 514.725,
    "segment": "What about something with the curvature like that matches the curvature of a hand?",
    "speaker_id": "B",
    "start_time": 509.888
  },
  {
    "end_time": 534.672,
    "segment": "What kinda battery would we want to use? Because battery changing is usually Okay.",
    "speaker_id": "B",
    "start_time": 529.04
  },
  {
    "end_time": 552.239,
    "segment": "Yeah.",
    "speaker_id": "B",
    "start_time": 551.84
  },
  {
    "end_time": 560.976,
    "segment": "Can you with a small lithium battery?",
    "speaker_id": "B",
    "start_time": 558.908
  },
  {
    "end_time": 46.32,
    "segment": "Just do it on the arrow.",
    "speaker_id": "C",
    "start_time": 44.576
  },
  {
    "end_time": 152.796,
    "segment": "Fine.",
    "speaker_id": "C",
    "start_time": 151.998
  },
  {
    "end_time": 283.522,
    "segment": "No, I kne I knew.",
    "speaker_id": "C",
    "start_time": 282.56
  },
  {
    "end_time": 295.794,
    "segment": "Yeah.",
    "speaker_id": "C",
    "start_time": 295.203
  },
  {
    "end_time": 298.341,
    "segment": "Ah.",
    "speaker_id": "C",
    "start_time": 297.574
  },
  {
    "end_time": 301.122,
    "segment": "In my next life.",
    "speaker_id": "C",
    "start_time": 299.94
  },
  {
    "end_time": 318.704,
    "segment": "Um, I drew a badger.",
    "speaker_id": "C",
    "start_time": 316.272
  },
  {
    "end_time": 322.163,
    "segment": "Well, yeah. Uh",
    "speaker_id": "C",
    "start_time": 319.562
  },
  {
    "end_time": 327.408,
    "segment": "I dunno, they're grumpy and nocturnal and",
    "speaker_id": "C",
    "start_time": 322.88
  },
  {
    "end_time": 339.952,
    "segment": "Well, a little bit like the Yes. Um. And then, if you know Wind in the Willows badger. Yeah and then uh I don't know if you know Brian. He's Liverpudlian writer.",
    "speaker_id": "C",
    "start_time": 328.736
  },
  {
    "end_time": 347.107,
    "segment": "Um, that kind of books. Badgers are cool in that one too.",
    "speaker_id": "C",
    "start_time": 340.648
  },
  {
    "end_time": 426.64,
    "segment": "Now?",
    "speaker_id": "C",
    "start_time": 426.144
  },
  {
    "end_time": 448.583,
    "segment": "And everything being Wait, we have what, sound system, T_V_, D_V_D_, V_H_S_, uh TiVo?",
    "speaker_id": "C",
    "start_time": 436.032
  },
  {
    "end_time": 451.968,
    "segment": "But it's still there, so",
    "speaker_id": "C",
    "start_time": 450.528
  },
  {
    "end_time": 454.256,
    "segment": "if po if we're gonna do it",
    "speaker_id": "C",
    "start_time": 452.724
  },
  {
    "end_time": 470.083,
    "segment": "Or if it's not like a Sony, if it's like a I don't know.",
    "speaker_id": "C",
    "start_time": 466.64
  },
  {
    "end_time": 508.112,
    "segment": "But at the same time are simple.",
    "speaker_id": "C",
    "start_time": 506.848
  },
  {
    "end_time": 526.336,
    "segment": "Just bad ones.",
    "speaker_id": "C",
    "start_time": 523.76
  },
  {
    "end_time": 527.632,
    "segment": "Um.",
    "speaker_id": "C",
    "start_time": 527.024
  },
  {
    "end_time": 532.081,
    "segment": "D",
    "speaker_id": "C",
    "start_time": 531.573
  },
  {
    "end_time": 533.456,
    "segment": "Double A_.",
    "speaker_id": "C",
    "start_time": 532.562
  },
  {
    "end_time": 539.472,
    "segment": "Some but",
    "speaker_id": "C",
    "start_time": 538.523
  },
  {
    "end_time": 542.128,
    "segment": "Yeah, I guess then it's",
    "speaker_id": "C",
    "start_time": 540.48
  },
  {
    "end_time": 547.488,
    "segment": "If we need to do triple A_ we can, but most people usually have double A_s around.",
    "speaker_id": "C",
    "start_time": 543.76
  },
  {
    "end_time": 552.026,
    "segment": "Right.",
    "speaker_id": "C",
    "start_time": 551.172
  },
  {
    "end_time": 601.984,
    "segment": "Mm-hmm.",
    "speaker_id": "C",
    "start_time": 600.56
  },
  {
    "end_time": 32.048,
    "segment": "Yep.",
    "speaker_id": "D",
    "start_time": 31.648
  },
  {
    "end_time": 137.408,
    "segment": "We could",
    "speaker_id": "D",
    "start_time": 137.072
  },
  {
    "end_time": 139.744,
    "segment": "Yeah, we could on here.",
    "speaker_id": "D",
    "start_time": 138.4
  },
  {
    "end_time": 167.616,
    "segment": "Oh, thanks.",
    "speaker_id": "D",
    "start_time": 164.185
  },
  {
    "end_time": 266.944,
    "segment": "I'll go. Um this is my picture. I drew fish I like fish, because uh, you know, their whole water-vascular system thing. It's pretty cool, and um they've got a pretty good habitat and they are pretty sometimes, sometimes vicious but that's okay. Yeah.",
    "speaker_id": "D",
    "start_time": 249.28
  },
  {
    "end_time": 270.56,
    "segment": "Yeah, they they're easy, you know.",
    "speaker_id": "D",
    "start_time": 268.368
  },
  {
    "end_time": 272.384,
    "segment": "Yeah.",
    "speaker_id": "D",
    "start_time": 271.812
  },
  {
    "end_time": 284.864,
    "segment": "No I I see it. Yeah, it does look like a cat.",
    "speaker_id": "D",
    "start_time": 281.92
  },
  {
    "end_time": 300.016,
    "segment": "I'm allergic to cats. Oh, okay.",
    "speaker_id": "D",
    "start_time": 296.32
  },
  {
    "end_time": 308.4,
    "segment": "Yeah, yeah, if you're around them for a long period of time",
    "speaker_id": "D",
    "start_time": 305.936
  },
  {
    "end_time": 315.504,
    "segment": "Oh, yeah, this summer I, oh I had to live with cats. It was crazy. Yeah.",
    "speaker_id": "D",
    "start_time": 310.432
  },
  {
    "end_time": 320.848,
    "segment": "Cool.",
    "speaker_id": "D",
    "start_time": 318.544
  },
  {
    "end_time": 335.184,
    "segment": "Oh, okay.",
    "speaker_id": "D",
    "start_time": 334.368
  },
  {
    "end_time": 353.337,
    "segment": "No, that's good.",
    "speaker_id": "D",
    "start_time": 351.696
  },
  {
    "end_time": 371.744,
    "segment": "You don't really have to, I mean, if you like 'em",
    "speaker_id": "D",
    "start_time": 369.361
  },
  {
    "end_time": 436.288,
    "segment": "Right.",
    "speaker_id": "D",
    "start_time": 435.792
  },
  {
    "end_time": 449.033,
    "segment": "Yeah, TiVo.",
    "speaker_id": "D",
    "start_time": 448.272
  },
  {
    "end_time": 458.394,
    "segment": "It needs to be compatible 'cause universal remote controls are never universal.",
    "speaker_id": "D",
    "start_time": 454.992
  },
  {
    "end_time": 482.352,
    "segment": "And what we need an insanely good instruction booklet, because you always have to reconfigure all your contraptions to go with the remote anyways.",
    "speaker_id": "D",
    "start_time": 475.488
  },
  {
    "end_time": 503.728,
    "segment": "They want like the flashy lights. Oh like this came from Las Vegas.",
    "speaker_id": "D",
    "start_time": 500.112
  },
  {
    "end_time": 508.736,
    "segment": "Mm yeah.",
    "speaker_id": "D",
    "start_time": 508.208
  },
  {
    "end_time": 534.112,
    "segment": "Double A_.",
    "speaker_id": "D",
    "start_time": 533.376
  },
  {
    "end_time": 540.096,
    "segment": "Yeah some use triple A_s. So double or triple?",
    "speaker_id": "D",
    "start_time": 537.344
  },
  {
    "end_time": 558.24,
    "segment": "Yeah, if we want it to be more thin, then we'd probably wanna go with a triple A_.",
    "speaker_id": "D",
    "start_time": 555.232
  },
  {
    "end_time": 627.406,
    "segment": "Right.",
    "speaker_id": "D",
    "start_time": 626.768
  }
]