[
  {
    "act": "I think one of the very interesting things that came up in um uh Ka Kate Cat Cat's uh presentation was um uh this this issue of uh uh like voice recognition being more popular with uh younger people. So if we need to have a target group um then uh I think as far as the m motto of our company is concerned, if we want to have something sleek and uh you know, good looking uh we are better off targeting a younger audience then um you know, people who are comparatively elderly.",
    "ae_type": "Statement",
    "end_time": 1548.08,
    "speaker_id": "A",
    "start_time": 1508.02
  },
  {
    "act": "Right. Bu but but the survey did say that f things like voice recognition are more popular with them, so if you want to put in something stylish, then uh th it'll certainly be more popular with this i ye with the younger people as compared to older people, yeah.",
    "ae_type": "Statement",
    "end_time": 1575.84,
    "speaker_id": "A",
    "start_time": 1561.54
  },
  {
    "act": "Right.",
    "ae_type": "Statement",
    "end_time": 1585.88,
    "speaker_id": "A",
    "start_time": 1585.56
  },
  {
    "act": "Right. But uh still, if if you can go back to that slide and uh, how popular was it? Oh, oh, okay. That's alright, if you can just look it up on your computer, wh uh um people between twenty five to thirty five, uh how popular was so it was sti still still quite popular amongst them. So even they are seventy six percent, is that high amount?",
    "ae_type": "Yes/No issue",
    "end_time": 1623.35,
    "speaker_id": "A",
    "start_time": 1601.04
  },
  {
    "act": "Alright.",
    "ae_type": "Statement",
    "end_time": 1637.46,
    "speaker_id": "A",
    "start_time": 1637.13
  },
  {
    "act": "Um I was having a a general outlook on um m most like sophisticated features, but voice recognition itself I'm not very sure about, because one of the p uh things that Cat pointed out was uh uh how do we go about implementing it? Uh and uh",
    "ae_type": "Open issue",
    "end_time": 1744.62,
    "speaker_id": "A",
    "start_time": 1727.42
  },
  {
    "act": "Yeah.",
    "ae_type": "Statement",
    "end_time": 1751.52,
    "speaker_id": "A",
    "start_time": 1750.76
  },
  {
    "act": "But how frequently do we use it anyway and um uh h ho how good is it, you know uh voice recognition softwares are still quite uh",
    "ae_type": "Statement",
    "end_time": 1759.93,
    "speaker_id": "A",
    "start_time": 1751.52
  },
  {
    "act": "Yeah.",
    "ae_type": "Statement",
    "end_time": 1767.33,
    "speaker_id": "A",
    "start_time": 1766.63
  },
  {
    "act": "Right.",
    "ae_type": "Statement",
    "end_time": 1776.95,
    "speaker_id": "A",
    "start_time": 1776.59
  },
  {
    "act": "Okay, so it seems like a feasible thing to implement uh for for a limited yeah.",
    "ae_type": "Statement",
    "end_time": 1804.66,
    "speaker_id": "A",
    "start_time": 1797.88
  },
  {
    "act": "What wh uh what I was thinking is that there is this uh separation between what the channels are on T_V_ and how they are numbered on the remote control. If we can do with away with that, our product can be really popular uh in the sense that uh a person can say, I want to watch uh I_T_V_ one instead of saying that I want to go onto channel number forty five. Yeah, so if uh if something like that can be incorporated, some kind of",
    "ae_type": "Statement",
    "end_time": 1880.78,
    "speaker_id": "A",
    "start_time": 1850.65
  },
  {
    "act": "Alright.",
    "ae_type": "Statement",
    "end_time": 1895.37,
    "speaker_id": "A",
    "start_time": 1894.87
  },
  {
    "act": "Um. Right.",
    "ae_type": "Other (unlabeled)",
    "end_time": 1554.29,
    "speaker_id": "A",
    "start_time": 1548.08
  },
  {
    "act": "Right, and",
    "ae_type": "Other (unlabeled)",
    "end_time": 1583.59,
    "speaker_id": "A",
    "start_time": 1582.67
  },
  {
    "act": "Mm.",
    "ae_type": "Other (unlabeled)",
    "end_time": 1587.53,
    "speaker_id": "A",
    "start_time": 1587.25
  },
  {
    "act": "Yeah. So you're more likely to b Yeah.",
    "ae_type": "Other (unlabeled)",
    "end_time": 1645.09,
    "speaker_id": "A",
    "start_time": 1640.88
  },
  {
    "act": "Mm.",
    "ae_type": "Other (unlabeled)",
    "end_time": 1722.1,
    "speaker_id": "A",
    "start_time": 1721.89
  },
  {
    "act": "Right. Right. Okay. O",
    "ae_type": "Other (unlabeled)",
    "end_time": 1774.84,
    "speaker_id": "A",
    "start_time": 1770.15
  },
  {
    "act": "Mm.",
    "ae_type": "Other (unlabeled)",
    "end_time": 1787.1,
    "speaker_id": "A",
    "start_time": 1786.77
  },
  {
    "act": "Mm. W What uh",
    "ae_type": "Other (unlabeled)",
    "end_time": 1845.22,
    "speaker_id": "A",
    "start_time": 1842.13
  },
  {
    "act": "Mm-hmm.",
    "ae_type": "Other (unlabeled)",
    "end_time": 1886.14,
    "speaker_id": "A",
    "start_time": 1885.6
  },
  {
    "act": "Yeah, that's",
    "ae_type": "Other (unlabeled)",
    "end_time": 1896.73,
    "speaker_id": "A",
    "start_time": 1896.21
  },
  {
    "act": "Yeah, I mean that's the thing is that it didn't say in the survey, you know, whether, you know, these are the people that will pay more for a more stylish remote control, but I'm assuming, you know, yes.",
    "ae_type": "Statement",
    "end_time": 1561.9,
    "speaker_id": "B",
    "start_time": 1549.66
  },
  {
    "act": "Well, that's when you go to uni, isn't it? So, you know",
    "ae_type": "Yes/No issue",
    "end_time": 1590.91,
    "speaker_id": "B",
    "start_time": 1586.95
  },
  {
    "act": "Yeah.",
    "ae_type": "Statement",
    "end_time": 1601.82,
    "speaker_id": "B",
    "start_time": 1601.27
  },
  {
    "act": "Seventy six point three percent.",
    "ae_type": "Statement",
    "end_time": 1618.7,
    "speaker_id": "B",
    "start_time": 1616.17
  },
  {
    "act": "Yeah.",
    "ae_type": "Statement",
    "end_time": 1620.3,
    "speaker_id": "B",
    "start_time": 1620.16
  },
  {
    "act": "normally have a car, yeah, so. You're still learning to drive actually, so that just costs more than a car, but yeah. Um so I mean like it is an age group to target, really, I think.",
    "ae_type": "Statement",
    "end_time": 1650.32,
    "speaker_id": "B",
    "start_time": 1639.09
  },
  {
    "act": "No, I mean that's what, that's like fifteen Pounds? You know, I think",
    "ae_type": "Statement",
    "end_time": 1660.26,
    "speaker_id": "B",
    "start_time": 1656.08
  },
  {
    "act": "You do have it in your mobile phone though, don't you? Because you have like I mean every mobile phone now has like call this person and it calls them.",
    "ae_type": "Statement",
    "end_time": 1751.81,
    "speaker_id": "B",
    "start_time": 1744.0
  },
  {
    "act": "I don't know.",
    "ae_type": "Statement",
    "end_time": 1759.02,
    "speaker_id": "B",
    "start_time": 1758.56
  },
  {
    "act": "Yeah.",
    "ae_type": "Statement",
    "end_time": 1769.52,
    "speaker_id": "B",
    "start_time": 1769.04
  },
  {
    "act": "y you'd maybe need a code word. Do you know what I mean? So like when you say change, except that's being said quite a lot on T_V_, so maybe like, you know, remote. I mean how often do people say remote on T_V_? Although I only watch Charmed, so really I wouldn't know but like so you'd just say remote five, you know, remote ten, remote one two nine.",
    "ae_type": "Statement",
    "end_time": 1797.29,
    "speaker_id": "B",
    "start_time": 1774.23
  },
  {
    "act": "Yeah, that would be another way to do it.",
    "ae_type": "Statement",
    "end_time": 1875.92,
    "speaker_id": "B",
    "start_time": 1873.99
  },
  {
    "act": "Yeah, but then the code word would be even more important, because I mean Sky advertise on every channel, don't they, you know, so then it would be you'd be watching Charmed, and then the Sky advert would come on and it would change to Sky.",
    "ae_type": "Statement",
    "end_time": 1893.58,
    "speaker_id": "B",
    "start_time": 1880.15
  },
  {
    "act": "Yeah, yeah, and that would be really annoying.",
    "ae_type": "Statement",
    "end_time": 1897.26,
    "speaker_id": "B",
    "start_time": 1894.76
  },
  {
    "act": "Cat's. Ca",
    "ae_type": "Other (unlabeled)",
    "end_time": 1515.98,
    "speaker_id": "B",
    "start_time": 1514.61
  },
  {
    "act": "Oh, I've unplugged it. Do you want me to",
    "ae_type": "Other (unlabeled)",
    "end_time": 1608.5,
    "speaker_id": "B",
    "start_time": 1605.36
  },
  {
    "act": "Yeah, I kn I mean I know what you're saying about the fifteen to twenty five year olds, but I mean it has been proven that that people of that age group have a higher disposable income because they don't have like",
    "ae_type": "Other (unlabeled)",
    "end_time": 1632.0,
    "speaker_id": "B",
    "start_time": 1622.62
  },
  {
    "act": "S so",
    "ae_type": "Other (unlabeled)",
    "end_time": 1772.16,
    "speaker_id": "B",
    "start_time": 1771.15
  },
  {
    "act": "Yeah.",
    "ae_type": "Statement",
    "end_time": 1562.95,
    "speaker_id": "C",
    "start_time": 1562.55
  },
  {
    "act": "Yeah. Then again I guess the th where it was most popular was the fifteen to twenty five bracket and the I don't know how often they're buying televisions.",
    "ae_type": "Statement",
    "end_time": 1586.76,
    "speaker_id": "C",
    "start_time": 1574.92
  },
  {
    "act": "Yeah, but you don't have much money, generally. I would've thought it's it's more that twenty five to thirty five, when people are really moving out and they've got their first job and they want their nice toys and",
    "ae_type": "Statement",
    "end_time": 1600.75,
    "speaker_id": "C",
    "start_time": 1589.19
  },
  {
    "act": "usually not a car and all of those things.",
    "ae_type": "Statement",
    "end_time": 1639.86,
    "speaker_id": "C",
    "start_time": 1637.7
  },
  {
    "act": "Yeah, and if we're if we're talking twenty five Euros as a price, that's not unaffordable, even for young people.",
    "ae_type": "Statement",
    "end_time": 1657.41,
    "speaker_id": "C",
    "start_time": 1649.97
  },
  {
    "act": "Yeah.",
    "ae_type": "Statement",
    "end_time": 1658.82,
    "speaker_id": "C",
    "start_time": 1658.53
  },
  {
    "act": "Yeah, if we ta if we take fifteen to thirty five, but that then does imply that we should try and incorporate voice recognition. Is that gonna have a an implication for the technical specs?",
    "ae_type": "Yes/No issue",
    "end_time": 1731.19,
    "speaker_id": "C",
    "start_time": 1720.7
  },
  {
    "act": "Yeah.",
    "ae_type": "Statement",
    "end_time": 1748.11,
    "speaker_id": "C",
    "start_time": 1747.59
  },
  {
    "act": "louder, tha that should be relatively simple.",
    "ae_type": "Statement",
    "end_time": 1774.12,
    "speaker_id": "C",
    "start_time": 1770.94
  },
  {
    "act": "Yeah.",
    "ae_type": "Statement",
    "end_time": 1786.72,
    "speaker_id": "C",
    "start_time": 1786.04
  },
  {
    "act": "Yeah, I think we need both.",
    "ae_type": "Statement",
    "end_time": 1842.83,
    "speaker_id": "C",
    "start_time": 1840.07
  },
  {
    "act": "Yeah.",
    "ae_type": "Statement",
    "end_time": 1847.76,
    "speaker_id": "C",
    "start_time": 1847.49
  },
  {
    "act": "So that if that was in the the voice recognition, that would be great.",
    "ae_type": "Statement",
    "end_time": 1880.77,
    "speaker_id": "C",
    "start_time": 1877.35
  },
  {
    "act": "Yeah.",
    "ae_type": "Statement",
    "end_time": 1884.03,
    "speaker_id": "C",
    "start_time": 1883.69
  },
  {
    "act": "Watch Sky and yeah.",
    "ae_type": "Statement",
    "end_time": 1895.44,
    "speaker_id": "C",
    "start_time": 1893.14
  },
  {
    "act": "But that's definitely a possibility.",
    "ae_type": "Statement",
    "end_time": 1902.73,
    "speaker_id": "C",
    "start_time": 1900.42
  },
  {
    "act": "Mm-hmm.",
    "ae_type": "Other (unlabeled)",
    "end_time": 1548.96,
    "speaker_id": "C",
    "start_time": 1548.34
  },
  {
    "act": "Mm-hmm.",
    "ae_type": "Other (unlabeled)",
    "end_time": 1570.93,
    "speaker_id": "C",
    "start_time": 1570.55
  },
  {
    "act": "O oh it's on",
    "ae_type": "Other (unlabeled)",
    "end_time": 1605.71,
    "speaker_id": "C",
    "start_time": 1604.77
  },
  {
    "act": "Kids. Yeah.",
    "ae_type": "Other (unlabeled)",
    "end_time": 1642.12,
    "speaker_id": "C",
    "start_time": 1640.87
  },
  {
    "act": "Mm-hmm.",
    "ae_type": "Other (unlabeled)",
    "end_time": 1743.06,
    "speaker_id": "C",
    "start_time": 1742.68
  },
  {
    "act": "Yeah. With um",
    "ae_type": "Other (unlabeled)",
    "end_time": 1760.43,
    "speaker_id": "C",
    "start_time": 1758.93
  },
  {
    "act": "Mm.",
    "ae_type": "Other (unlabeled)",
    "end_time": 1777.04,
    "speaker_id": "C",
    "start_time": 1776.79
  },
  {
    "act": "Mm-hmm.",
    "ae_type": "Other (unlabeled)",
    "end_time": 1795.93,
    "speaker_id": "C",
    "start_time": 1795.64
  },
  {
    "act": "Mm. Uh-huh. Uh-huh.",
    "ae_type": "Other (unlabeled)",
    "end_time": 1874.43,
    "speaker_id": "C",
    "start_time": 1849.36
  },
  {
    "act": "Yeah.",
    "ae_type": "Other (unlabeled)",
    "end_time": 1885.81,
    "speaker_id": "C",
    "start_time": 1885.53
  },
  {
    "act": "Mm-hmm.",
    "ae_type": "Other (unlabeled)",
    "end_time": 1898.92,
    "speaker_id": "C",
    "start_time": 1898.37
  },
  {
    "act": "Yeah. Yeah, you share a television or something that yeah.",
    "ae_type": "Statement",
    "end_time": 1595.3,
    "speaker_id": "D",
    "start_time": 1591.51
  },
  {
    "act": "It was seventy something, yeah, yeah.",
    "ae_type": "Statement",
    "end_time": 1619.56,
    "speaker_id": "D",
    "start_time": 1616.98
  },
  {
    "act": "Yeah this this is not unaffordable, but the problem is whether people need it, whether they do have a T_V_ to use its full",
    "ae_type": "Statement",
    "end_time": 1665.51,
    "speaker_id": "D",
    "start_time": 1659.24
  },
  {
    "act": "Yeah.",
    "ae_type": "Statement",
    "end_time": 1724.01,
    "speaker_id": "D",
    "start_time": 1723.7
  },
  {
    "act": "Yeah.",
    "ae_type": "Statement",
    "end_time": 1752.52,
    "speaker_id": "D",
    "start_time": 1752.13
  },
  {
    "act": "Yeah.",
    "ae_type": "Statement",
    "end_time": 1768.27,
    "speaker_id": "D",
    "start_time": 1767.94
  },
  {
    "act": "Yeah.",
    "ae_type": "Statement",
    "end_time": 1799.31,
    "speaker_id": "D",
    "start_time": 1799.06
  },
  {
    "act": "Yeah, w well now the v the voice recognition if if it works wonderfully w we could possibly do away with all buttons, but I think this is not really the right moment yet, because people are just so used to buttons and um, yeah it's it's kind of safer, so we we need both, so the voice recognition would be just an extra, it wouldn't really reduce the size of the remote.",
    "ae_type": "Weak statement",
    "end_time": 1849.34,
    "speaker_id": "D",
    "start_time": 1829.32
  },
  {
    "act": "Mm-hmm.",
    "ae_type": "Other (unlabeled)",
    "end_time": 1563.37,
    "speaker_id": "D",
    "start_time": 1562.89
  },
  {
    "act": "Yeah. An",
    "ae_type": "Other (unlabeled)",
    "end_time": 1760.23,
    "speaker_id": "D",
    "start_time": 1753.86
  }
]