[
  {
    "dialog_act": "this meeting will be about the conceptual design,",
    "dialog_act_end_id": 5,
    "dialog_act_start_id": 5,
    "speaker_id": "A",
    "type": {
      "main_type": "Task",
      "sub_type": "Inform"
    }
  },
  {
    "dialog_act": "Um, think of it 's kind of uh turning the abstract into slightly more concrete. In this meeting ideally we'll come to some final decisions on what we're gonna do for the prototype.",
    "dialog_act_end_id": 9,
    "dialog_act_start_id": 8,
    "speaker_id": "A",
    "type": {
      "main_type": "Task",
      "sub_type": "Inform"
    }
  },
  {
    "dialog_act": "apologies for the last meeting, it was brought to my attention that I did not make the roles clear enough, um, so I will attempt to do so more accurately in this particular meeting.",
    "dialog_act_end_id": 13,
    "dialog_act_start_id": 11,
    "speaker_id": "A",
    "type": {
      "main_type": "Other",
      "sub_type": "Be-Positive"
    }
  },
  {
    "dialog_act": "basically all we're gonna do is have some presentations again much like last time,",
    "dialog_act_end_id": 18,
    "dialog_act_start_id": 18,
    "speaker_id": "A",
    "type": {
      "main_type": "Task",
      "sub_type": "Inform"
    }
  },
  {
    "dialog_act": "um and we'll collate what we know about um what we discussed in the last meeting, possible directions. And then we'll make some more decisions on um basic uh firm up our idea on how we want this remote control to look and work.",
    "dialog_act_end_id": 23,
    "dialog_act_start_id": 21,
    "speaker_id": "A",
    "type": {
      "main_type": "Task",
      "sub_type": "Inform"
    }
  },
  {
    "dialog_act": "basically what I'm gonna have to talk to you about today is um component design and it's been brought to my attention that we may be somewhat limited as to what we can do",
    "dialog_act_end_id": 9,
    "dialog_act_start_id": 8,
    "speaker_id": "B",
    "type": {
      "main_type": "Task",
      "sub_type": "Inform"
    }
  },
  {
    "dialog_act": "Basically what I'm gonna be doing is talking to you about that. Um, components of a remote control, okay. We've already kind of gone over this but we're gonna have to get into more detail",
    "dialog_act_end_id": 14,
    "dialog_act_start_id": 12,
    "speaker_id": "B",
    "type": {
      "main_type": "Task",
      "sub_type": "Inform"
    }
  },
  {
    "dialog_act": "Energy source, um, our manufacturer offers a variety of energy sources, your standard battery, solar cells. Our manufacturer didn't say anything about lithium",
    "dialog_act_end_id": 17,
    "dialog_act_start_id": 16,
    "speaker_id": "B",
    "type": {
      "main_type": "Task",
      "sub_type": "Inform"
    }
  },
  {
    "dialog_act": "if we do go that route, we might have to look elsewhere. Um, and also there's a kinetic energy possibility. Basically, it's like a um the idea of moving the remote would create enough energy to keep it running.",
    "dialog_act_end_id": 21,
    "dialog_act_start_id": 19,
    "speaker_id": "B",
    "type": {
      "main_type": "Task",
      "sub_type": "Inform"
    }
  },
  {
    "dialog_act": "but I don't know whether that would be powerful enough to illuminate a touch screen.",
    "dialog_act_end_id": 23,
    "dialog_act_start_id": 23,
    "speaker_id": "B",
    "type": {
      "main_type": "Task",
      "sub_type": "Assess"
    }
  },
  {
    "dialog_act": "Um, the case, we have a few options, plastic, rubber or wood. Um and then as far as the way it's shaped, we can do standard boring flat, which we probably don't wanna do, curved or very sexy double curved.",
    "dialog_act_end_id": 28,
    "dialog_act_start_id": 25,
    "speaker_id": "B",
    "type": {
      "main_type": "Task",
      "sub_type": "Inform"
    }
  },
  {
    "dialog_act": "What kind of th thickness are we looking at?",
    "dialog_act_end_id": 38,
    "dialog_act_start_id": 38,
    "speaker_id": "A",
    "type": {
      "main_type": "Elicit",
      "sub_type": "Elicit-Offer-Or-Suggestion"
    }
  },
  {
    "dialog_act": "Um, I imagine that we could specify.",
    "dialog_act_end_id": 29,
    "dialog_act_start_id": 29,
    "speaker_id": "B",
    "type": {
      "main_type": "Task",
      "sub_type": "Suggest"
    }
  },
  {
    "dialog_act": "Um, the buttons, there are multiple scroll buttons available from our manufacturer, but to use those we'd have to use more chips,",
    "dialog_act_end_id": 32,
    "dialog_act_start_id": 31,
    "speaker_id": "B",
    "type": {
      "main_type": "Task",
      "sub_type": "Inform"
    }
  },
  {
    "dialog_act": "And if we do go with the rubber doubled curved case um we'll have to use rubber push buttons because the other buttons aren't compatible with that.",
    "dialog_act_end_id": 35,
    "dialog_act_start_id": 34,
    "speaker_id": "B",
    "type": {
      "main_type": "Task",
      "sub_type": "Inform"
    }
  },
  {
    "dialog_act": "touch screen equals many chips which equals many Euro. Um, one thing that I noticed was that most remotes operate on a infrare on the infrared part of the spectrum. So you notice when you push a button on a remote you can't see anything coming out of it but in fact there is light coming out of the remote",
    "dialog_act_end_id": 41,
    "dialog_act_start_id": 37,
    "speaker_id": "B",
    "type": {
      "main_type": "Task",
      "sub_type": "Inform"
    }
  },
  {
    "dialog_act": "Uh one thing that I thought might be interesting was to use part use visible light coming out of the remote, just kind of as a fun gimmick. So you could actually see something coming out of the remote when you pushed it.",
    "dialog_act_end_id": 47,
    "dialog_act_start_id": 45,
    "speaker_id": "B",
    "type": {
      "main_type": "Task",
      "sub_type": "Assess"
    }
  },
  {
    "dialog_act": "is there an option that we can have that off or on so a person can select like",
    "dialog_act_end_id": 46,
    "dialog_act_start_id": 45,
    "speaker_id": "A",
    "type": {
      "main_type": "Task",
      "sub_type": "Suggest"
    }
  },
  {
    "dialog_act": "I am sure that we could do that.",
    "dialog_act_end_id": 50,
    "dialog_act_start_id": 50,
    "speaker_id": "B",
    "type": {
      "main_type": "Task",
      "sub_type": "Assess"
    }
  },
  {
    "dialog_act": "just as a fun gimmick.",
    "dialog_act_end_id": 53,
    "dialog_act_start_id": 53,
    "speaker_id": "B",
    "type": {
      "main_type": "Task",
      "sub_type": "Inform"
    }
  },
  {
    "dialog_act": "Um, and then on to the circuit board that we're gonna use, also known as the chip. Uh, we really don't have any way around the T_A_ one one eight three five.",
    "dialog_act_end_id": 56,
    "dialog_act_start_id": 55,
    "speaker_id": "B",
    "type": {
      "main_type": "Task",
      "sub_type": "Inform"
    }
  },
  {
    "dialog_act": "we're very limited by what our current manufacturers can offer, um and my question to all of you is, should we look to other manufacturies or should we just make do with what we have available?",
    "dialog_act_end_id": 61,
    "dialog_act_start_id": 59,
    "speaker_id": "B",
    "type": {
      "main_type": "Task",
      "sub_type": "Inform"
    }
  },
  {
    "dialog_act": "I'd say shop around but with our time constraints, is that really a feasible option?",
    "dialog_act_end_id": 18,
    "dialog_act_start_id": 17,
    "speaker_id": "D",
    "type": {
      "main_type": "Task",
      "sub_type": "Suggest"
    }
  },
  {
    "dialog_act": "Um, if we do go the lithium battery route then we'll have to go outside our current manufacturer. My personal preference is",
    "dialog_act_end_id": 65,
    "dialog_act_start_id": 64,
    "speaker_id": "B",
    "type": {
      "main_type": "Task",
      "sub_type": "Inform"
    }
  },
  {
    "dialog_act": "uh I think we should probably go the solar battery route, just to kinda keep with the environmentally friendly theme that we have going on. Uh, I like the idea of the visible light signalling,",
    "dialog_act_end_id": 69,
    "dialog_act_start_id": 67,
    "speaker_id": "B",
    "type": {
      "main_type": "Task",
      "sub_type": "Suggest"
    }
  },
  {
    "dialog_act": "and uh I was thinking about I was thinking of ways that we could produce the remote in a variety of different case materials to suit different tastes.",
    "dialog_act_end_id": 71,
    "dialog_act_start_id": 71,
    "speaker_id": "B",
    "type": {
      "main_type": "Task",
      "sub_type": "Suggest"
    }
  },
  {
    "dialog_act": "Um, basically I was looking at what's going on in the remote control market right now and what's going on in other design fields, to see sort of what's what's trendy, what's new, what's happening. Um, remote control right now basically everybody says they want newer, fancier, more exciting",
    "dialog_act_end_id": 37,
    "dialog_act_start_id": 34,
    "speaker_id": "D",
    "type": {
      "main_type": "Task",
      "sub_type": "Inform"
    }
  },
  {
    "dialog_act": "um that we need innovative design options and there needs to be an easy user interface. Um the challenge is that current trends right now, across the board in fashion, in furniture, in technology, is a very organic fruit and vegetable kind of thing. Now I'm not saying we should have, you know, tomato shaped remote controls or anything, but I think it is possible maybe to use um natural colours, like if wood is an option, that whole organic, sleek, clean,",
    "dialog_act_end_id": 44,
    "dialog_act_start_id": 39,
    "speaker_id": "D",
    "type": {
      "main_type": "Task",
      "sub_type": "Inform"
    }
  },
  {
    "dialog_act": "Different skin options,",
    "dialog_act_end_id": 46,
    "dialog_act_start_id": 46,
    "speaker_id": "D",
    "type": {
      "main_type": "Task",
      "sub_type": "Suggest"
    }
  },
  {
    "dialog_act": "and th apparently the feel of the next couple of years is spongy,",
    "dialog_act_end_id": 53,
    "dialog_act_start_id": 53,
    "speaker_id": "D",
    "type": {
      "main_type": "Task",
      "sub_type": "Inform"
    }
  },
  {
    "dialog_act": "though if we can get around to getting piloting, I thought maybe a casing option like uh not like a skin, but like a holder almost if you could do like um, leather options or wood options or something",
    "dialog_act_end_id": 56,
    "dialog_act_start_id": 55,
    "speaker_id": "D",
    "type": {
      "main_type": "Task",
      "sub_type": "Suggest"
    }
  },
  {
    "dialog_act": "As far as the rubber that we can use we can use a rubber as part of the case, it has a consistency of those stress balls.",
    "dialog_act_end_id": 84,
    "dialog_act_start_id": 83,
    "speaker_id": "B",
    "type": {
      "main_type": "Task",
      "sub_type": "Suggest"
    }
  },
  {
    "dialog_act": "I think perhaps the double curve thing and maybe this rubber option is our best way to go for right now.",
    "dialog_act_end_id": 65,
    "dialog_act_start_id": 65,
    "speaker_id": "D",
    "type": {
      "main_type": "Task",
      "sub_type": "Assess"
    }
  },
  {
    "dialog_act": "but then if the touch screen thing isn't gonna work out for us that's really a non-issue.",
    "dialog_act_end_id": 69,
    "dialog_act_start_id": 69,
    "speaker_id": "D",
    "type": {
      "main_type": "Task",
      "sub_type": "Assess"
    }
  },
  {
    "dialog_act": "I like the idea of of rubber too",
    "dialog_act_end_id": 86,
    "dialog_act_start_id": 86,
    "speaker_id": "B",
    "type": {
      "main_type": "Task",
      "sub_type": "Assess"
    }
  },
  {
    "dialog_act": "I think that goes against the whole fancy something, a new line,",
    "dialog_act_end_id": 74,
    "dialog_act_start_id": 74,
    "speaker_id": "D",
    "type": {
      "main_type": "Task",
      "sub_type": "Assess"
    }
  },
  {
    "dialog_act": "interface concept by your faithful user interface designer. So yur user interface, guys, is basically aspects of a computer system that we can see or hear, or otherwise uh perceive. Uh, commands and mechanisms, that basically user uses to control the operator operating system. Here's a d series of different remote controls that are out on the market today.",
    "dialog_act_end_id": 31,
    "dialog_act_start_id": 24,
    "speaker_id": "C",
    "type": {
      "main_type": "Task",
      "sub_type": "Inform"
    }
  },
  {
    "dialog_act": "the following are a bunch of different uh interface uh concepts. Uh voice recognition, we we um actually have some new uh information from our research design team",
    "dialog_act_end_id": 35,
    "dialog_act_start_id": 34,
    "speaker_id": "C",
    "type": {
      "main_type": "Task",
      "sub_type": "Inform"
    }
  },
  {
    "dialog_act": "current voice recognition starts up to about eighty speech samples, um and basically you record your own verbal labels c and connect them to the remote control.",
    "dialog_act_end_id": 40,
    "dialog_act_start_id": 38,
    "speaker_id": "C",
    "type": {
      "main_type": "Task",
      "sub_type": "Inform"
    }
  },
  {
    "dialog_act": "our design team, research team, has been able to uh set up a system in which uh you can teach the remote control voice c recognition system to respond to um with standard responses. Like you could say good morning uh remote control and it'll say in a sexy female voice, Good morning Joe. Um.",
    "dialog_act_end_id": 45,
    "dialog_act_start_id": 42,
    "speaker_id": "C",
    "type": {
      "main_type": "Task",
      "sub_type": "Inform"
    }
  },
  {
    "dialog_act": "Um, another concept is what uh Apple has come up with, the spinning wheel with uh L_C_ display like on the uh iPod",
    "dialog_act_end_id": 49,
    "dialog_act_start_id": 49,
    "speaker_id": "C",
    "type": {
      "main_type": "Task",
      "sub_type": "Inform"
    }
  },
  {
    "dialog_act": "Um and then we have the scroll button with integrated push-button, kind of like a modern a bit bulky, a bit crazy, I don't think that's we're necessarily going for. And uh some special components, uh ideas like uh blocking, having the ability to block channels from your for your children um and uh dedicated buttons for for commonly used uh channels and even uh ideas like secured or hidden programming but uh I again if we go with touch screen I don't think that's a big issue. Um and uh this is kind of the uh the big daddy of remote controls here. Uh the jumbo universal remote control is almost impossible to misplace or lose.",
    "dialog_act_end_id": 56,
    "dialog_act_start_id": 51,
    "speaker_id": "C",
    "type": {
      "main_type": "Task",
      "sub_type": "Inform"
    }
  },
  {
    "dialog_act": "so I I mean my ideas here and kind of where I think we're heading is something slightly larger than a regular iPod uh with a hard cla c uh plastic casing",
    "dialog_act_end_id": 58,
    "dialog_act_start_id": 58,
    "speaker_id": "C",
    "type": {
      "main_type": "Task",
      "sub_type": "Suggest"
    }
  },
  {
    "dialog_act": "Uh changeable casings uh our design team was possibly talking about including one extra face plate with the package",
    "dialog_act_end_id": 60,
    "dialog_act_start_id": 60,
    "speaker_id": "C",
    "type": {
      "main_type": "Task",
      "sub_type": "Suggest"
    }
  },
  {
    "dialog_act": "Uh touch screen interface, um possibly having go-to buttons being uh stuck into the system so those don't move away from the screen, uh, the important ones like power, volume and jump between channels. Um, and of course our voice command system which I've talked a little bit about already and uh the use of recognisable colours and shapes to aid recognition of the features um that are around",
    "dialog_act_end_id": 68,
    "dialog_act_start_id": 65,
    "speaker_id": "C",
    "type": {
      "main_type": "Task",
      "sub_type": "Suggest"
    }
  },
  {
    "dialog_act": "red for power, um arrows for different volume ups and downs and channels ups and downs and what not. And uh perhaps even adding in some stupid little jokes with the voice recognition idea",
    "dialog_act_end_id": 71,
    "dialog_act_start_id": 70,
    "speaker_id": "C",
    "type": {
      "main_type": "Task",
      "sub_type": "Suggest"
    }
  },
  {
    "dialog_act": "Now we kind of have to come to some decisions,",
    "dialog_act_end_id": 105,
    "dialog_act_start_id": 105,
    "speaker_id": "A",
    "type": {
      "main_type": "Task",
      "sub_type": "Suggest"
    }
  },
  {
    "dialog_act": "Based on what Nathan presented as far as the um various costs and benefits um I think, I dunno, what do you guys think about the touch screen at this point?",
    "dialog_act_end_id": 108,
    "dialog_act_start_id": 108,
    "speaker_id": "A",
    "type": {
      "main_type": "Elicit",
      "sub_type": "Elicit-Assessment"
    }
  },
  {
    "dialog_act": "I think it's our most marketable feature",
    "dialog_act_end_id": 98,
    "dialog_act_start_id": 98,
    "speaker_id": "D",
    "type": {
      "main_type": "Task",
      "sub_type": "Assess"
    }
  },
  {
    "dialog_act": "and all three of us can have a chat about it. Um.",
    "dialog_act_end_id": 107,
    "dialog_act_start_id": 107,
    "speaker_id": "A",
    "type": {
      "main_type": "Task",
      "sub_type": "Suggest"
    }
  },
  {
    "dialog_act": "But can we really afford it",
    "dialog_act_end_id": 101,
    "dialog_act_start_id": 101,
    "speaker_id": "D",
    "type": {
      "main_type": "Elicit",
      "sub_type": "Elicit-Inform"
    }
  },
  {
    "dialog_act": "My estimate is that in order to incorporate touch screen technology it's gonna cost us upwards of seventeen fifty Euro per remote,",
    "dialog_act_end_id": 105,
    "dialog_act_start_id": 105,
    "speaker_id": "B",
    "type": {
      "main_type": "Task",
      "sub_type": "Inform"
    }
  },
  {
    "dialog_act": "that's just an estimate though.",
    "dialog_act_end_id": 107,
    "dialog_act_start_id": 107,
    "speaker_id": "B",
    "type": {
      "main_type": "Task",
      "sub_type": "Inform"
    }
  },
  {
    "dialog_act": "it's just, it is a question of and how much ca o does that mean we're gonna have to increase the price to make money.",
    "dialog_act_end_id": 117,
    "dialog_act_start_id": 117,
    "speaker_id": "A",
    "type": {
      "main_type": "Task",
      "sub_type": "Inform"
    }
  },
  {
    "dialog_act": "Where do you guys come up with these numbers?",
    "dialog_act_end_id": 79,
    "dialog_act_start_id": 79,
    "speaker_id": "C",
    "type": {
      "main_type": "Elicit",
      "sub_type": "Elicit-Inform"
    }
  },
  {
    "dialog_act": "That's just off the top of my head,",
    "dialog_act_end_id": 112,
    "dialog_act_start_id": 112,
    "speaker_id": "B",
    "type": {
      "main_type": "Task",
      "sub_type": "Inform"
    }
  },
  {
    "dialog_act": "I mean if you're gonna pay for an expensive high class remote, you're gonna expect it to do something",
    "dialog_act_end_id": 115,
    "dialog_act_start_id": 115,
    "speaker_id": "D",
    "type": {
      "main_type": "Task",
      "sub_type": "Inform"
    }
  },
  {
    "dialog_act": "we could probably maybe shrink the profit margins rather than selling for twenty five, sell 'em for thirty, but that's something that we can have finance deal with. Um, I say that we provisionally go with the touch screen",
    "dialog_act_end_id": 135,
    "dialog_act_start_id": 132,
    "speaker_id": "A",
    "type": {
      "main_type": "Task",
      "sub_type": "Suggest"
    }
  },
  {
    "dialog_act": "and we can look into this other manufacturing option, and maybe we can get 'em somewhere else cheaper.",
    "dialog_act_end_id": 122,
    "dialog_act_start_id": 121,
    "speaker_id": "D",
    "type": {
      "main_type": "Task",
      "sub_type": "Suggest"
    }
  },
  {
    "dialog_act": "let's let's say that okay so the touch screen will be our um our main selling point here.",
    "dialog_act_end_id": 144,
    "dialog_act_start_id": 144,
    "speaker_id": "A",
    "type": {
      "main_type": "Task",
      "sub_type": "Suggest"
    }
  },
  {
    "dialog_act": "I mean I think that we really have two main selling points,",
    "dialog_act_end_id": 87,
    "dialog_act_start_id": 87,
    "speaker_id": "C",
    "type": {
      "main_type": "Task",
      "sub_type": "Inform"
    }
  },
  {
    "dialog_act": "'cause with voice recognition",
    "dialog_act_end_id": 128,
    "dialog_act_start_id": 128,
    "speaker_id": "D",
    "type": {
      "main_type": "Task",
      "sub_type": "Inform"
    }
  },
  {
    "dialog_act": "I think that our casing and the voice recognition",
    "dialog_act_end_id": 88,
    "dialog_act_start_id": 88,
    "speaker_id": "C",
    "type": {
      "main_type": "Task",
      "sub_type": "Inform"
    }
  },
  {
    "dialog_act": "I mean, if if we're looking at bottom line, now we're looking at upping the cost to seventeen to get the touch screen on, I think we might have to drop the voice rec.",
    "dialog_act_end_id": 148,
    "dialog_act_start_id": 147,
    "speaker_id": "A",
    "type": {
      "main_type": "Task",
      "sub_type": "Inform"
    }
  },
  {
    "dialog_act": "I think we'd have to decide between 'em definitely.",
    "dialog_act_end_id": 130,
    "dialog_act_start_id": 130,
    "speaker_id": "D",
    "type": {
      "main_type": "Task",
      "sub_type": "Suggest"
    }
  },
  {
    "dialog_act": "To be honest, we have the capa we have the design in-house, I mean we've we've come up with this, with this new voice",
    "dialog_act_end_id": 91,
    "dialog_act_start_id": 90,
    "speaker_id": "C",
    "type": {
      "main_type": "Task",
      "sub_type": "Inform"
    }
  },
  {
    "dialog_act": "What do you think on it Nathan? About the voice rec?",
    "dialog_act_end_id": 151,
    "dialog_act_start_id": 151,
    "speaker_id": "A",
    "type": {
      "main_type": "Elicit",
      "sub_type": "Elicit-Assessment"
    }
  },
  {
    "dialog_act": "I think if we we do both the obviously production costs are going to go way up",
    "dialog_act_end_id": 122,
    "dialog_act_start_id": 122,
    "speaker_id": "B",
    "type": {
      "main_type": "Task",
      "sub_type": "Inform"
    }
  },
  {
    "dialog_act": "I mean we we have to r reflect back on what our market research did say.",
    "dialog_act_end_id": 95,
    "dialog_act_start_id": 95,
    "speaker_id": "C",
    "type": {
      "main_type": "Task",
      "sub_type": "Suggest"
    }
  },
  {
    "dialog_act": "and they said they wanted voice recognition. Course, maybe they hadn't thought of this whole touch screen option, but definitely we know the market is there for voice recognition",
    "dialog_act_end_id": 138,
    "dialog_act_start_id": 136,
    "speaker_id": "D",
    "type": {
      "main_type": "Task",
      "sub_type": "Inform"
    }
  },
  {
    "dialog_act": "Does having both really up our costs?",
    "dialog_act_end_id": 96,
    "dialog_act_start_id": 96,
    "speaker_id": "C",
    "type": {
      "main_type": "Elicit",
      "sub_type": "Elicit-Inform"
    }
  },
  {
    "dialog_act": "I can't see how it wouldn't,",
    "dialog_act_end_id": 154,
    "dialog_act_start_id": 154,
    "speaker_id": "A",
    "type": {
      "main_type": "Task",
      "sub_type": "Inform"
    }
  },
  {
    "dialog_act": "so we have to pick between one of the two. Um.",
    "dialog_act_end_id": 165,
    "dialog_act_start_id": 165,
    "speaker_id": "A",
    "type": {
      "main_type": "Task",
      "sub_type": "Suggest"
    }
  },
  {
    "dialog_act": "we already have research backing voice recognition as you know fiscally solvent. But uh I I I personally would tend to another direction but if that's what's gonna sell I think that's what we need to go with",
    "dialog_act_end_id": 146,
    "dialog_act_start_id": 144,
    "speaker_id": "D",
    "type": {
      "main_type": "Task",
      "sub_type": "Inform"
    }
  },
  {
    "dialog_act": "I think the voice recognition is simpler,",
    "dialog_act_end_id": 128,
    "dialog_act_start_id": 128,
    "speaker_id": "B",
    "type": {
      "main_type": "Task",
      "sub_type": "Assess"
    }
  },
  {
    "dialog_act": "Is it cheaper to do the V_R_ or to do the uh touch screen?",
    "dialog_act_end_id": 171,
    "dialog_act_start_id": 171,
    "speaker_id": "A",
    "type": {
      "main_type": "Elicit",
      "sub_type": "Elicit-Inform"
    }
  },
  {
    "dialog_act": "Um, this is just off the top of my head keep in mind,",
    "dialog_act_end_id": 131,
    "dialog_act_start_id": 131,
    "speaker_id": "B",
    "type": {
      "main_type": "Task",
      "sub_type": "Inform"
    }
  },
  {
    "dialog_act": "but um, since we already have the technology in-house for the voice recognition we're not gonna have to do as much design work",
    "dialog_act_end_id": 135,
    "dialog_act_start_id": 134,
    "speaker_id": "B",
    "type": {
      "main_type": "Task",
      "sub_type": "Inform"
    }
  },
  {
    "dialog_act": "more or less you guys think that o o of the two of 'em, the voice recognition will be better.",
    "dialog_act_end_id": 180,
    "dialog_act_start_id": 180,
    "speaker_id": "A",
    "type": {
      "main_type": "Task",
      "sub_type": "Inform"
    }
  },
  {
    "dialog_act": "We will omit the touch screen in favour of voice recognition.",
    "dialog_act_end_id": 185,
    "dialog_act_start_id": 185,
    "speaker_id": "A",
    "type": {
      "main_type": "Task",
      "sub_type": "Inform"
    }
  },
  {
    "dialog_act": "You discussed either a lithium or a solar power. Would the solar power be enough to fuel a voice recognition?",
    "dialog_act_end_id": 194,
    "dialog_act_start_id": 193,
    "speaker_id": "A",
    "type": {
      "main_type": "Task",
      "sub_type": "Inform"
    }
  },
  {
    "dialog_act": "Um, the solar power definitely would be but I think just to keep people from getting annoyed,",
    "dialog_act_end_id": 143,
    "dialog_act_start_id": 142,
    "speaker_id": "B",
    "type": {
      "main_type": "Task",
      "sub_type": "Inform"
    }
  },
  {
    "dialog_act": "we should install a small backup battery.",
    "dialog_act_end_id": 146,
    "dialog_act_start_id": 146,
    "speaker_id": "B",
    "type": {
      "main_type": "Task",
      "sub_type": "Suggest"
    }
  },
  {
    "dialog_act": "we can't guarantee sunlight everywhere",
    "dialog_act_end_id": 168,
    "dialog_act_start_id": 168,
    "speaker_id": "D",
    "type": {
      "main_type": "Task",
      "sub_type": "Inform"
    }
  },
  {
    "dialog_act": "it works about the same as a solar powered calculator, and you know how those those don't really require that much light,",
    "dialog_act_end_id": 151,
    "dialog_act_start_id": 150,
    "speaker_id": "B",
    "type": {
      "main_type": "Task",
      "sub_type": "Inform"
    }
  },
  {
    "dialog_act": "I'm willing to agree with everything that's been said.",
    "dialog_act_end_id": 101,
    "dialog_act_start_id": 101,
    "speaker_id": "C",
    "type": {
      "main_type": "Task",
      "sub_type": "Assess"
    }
  },
  {
    "dialog_act": "If we're really not uh handling the remote control to a great extent we could possibly get away from the idea of having a hand-held remote control and maybe kind of have a round remote control that kind of looks like a paperweight or something like that, kind of a sleek little uh neat thing that sits on your table or something.",
    "dialog_act_end_id": 105,
    "dialog_act_start_id": 103,
    "speaker_id": "C",
    "type": {
      "main_type": "Task",
      "sub_type": "Suggest"
    }
  },
  {
    "dialog_act": "Why, why moving away from hand-held, why?",
    "dialog_act_end_id": 155,
    "dialog_act_start_id": 155,
    "speaker_id": "B",
    "type": {
      "main_type": "Elicit",
      "sub_type": "Elicit-Inform"
    }
  },
  {
    "dialog_act": "if you don't need to pick it up it could kind of be a selling point.",
    "dialog_act_end_id": 108,
    "dialog_act_start_id": 108,
    "speaker_id": "C",
    "type": {
      "main_type": "Task",
      "sub_type": "Inform"
    }
  },
  {
    "dialog_act": "if it's got voice recognition it can be technically anywhere in your room and still do its job.",
    "dialog_act_end_id": 178,
    "dialog_act_start_id": 178,
    "speaker_id": "D",
    "type": {
      "main_type": "Task",
      "sub_type": "Inform"
    }
  },
  {
    "dialog_act": "Do you think people that are people that buy a remote, are they always gonna wanna use the voice recognition",
    "dialog_act_end_id": 158,
    "dialog_act_start_id": 158,
    "speaker_id": "B",
    "type": {
      "main_type": "Elicit",
      "sub_type": "Elicit-Inform"
    }
  },
  {
    "dialog_act": "I think we're banking on selling it to more than just voice recognition people, like we want it to work fundamentally as a basic manual too,",
    "dialog_act_end_id": 182,
    "dialog_act_start_id": 181,
    "speaker_id": "D",
    "type": {
      "main_type": "Task",
      "sub_type": "Suggest"
    }
  },
  {
    "dialog_act": "we have to have buttons on it too as well.",
    "dialog_act_end_id": 205,
    "dialog_act_start_id": 205,
    "speaker_id": "A",
    "type": {
      "main_type": "Task",
      "sub_type": "Suggest"
    }
  },
  {
    "dialog_act": "I mean, why not have a little rounded kind of thing, it could still have the basic buttons on it.",
    "dialog_act_end_id": 213,
    "dialog_act_start_id": 212,
    "speaker_id": "A",
    "type": {
      "main_type": "Task",
      "sub_type": "Suggest"
    }
  },
  {
    "dialog_act": "And maybe a menu button and so forth,",
    "dialog_act_end_id": 215,
    "dialog_act_start_id": 215,
    "speaker_id": "A",
    "type": {
      "main_type": "Task",
      "sub_type": "Suggest"
    }
  },
  {
    "dialog_act": "use a channel button to scroll through the menu d if they want to record programmes or whatever",
    "dialog_act_end_id": 217,
    "dialog_act_start_id": 217,
    "speaker_id": "A",
    "type": {
      "main_type": "Task",
      "sub_type": "Suggest"
    }
  },
  {
    "dialog_act": "because we need to escape the traditional shape of a remote.",
    "dialog_act_end_id": 162,
    "dialog_act_start_id": 162,
    "speaker_id": "B",
    "type": {
      "main_type": "Task",
      "sub_type": "Suggest"
    }
  },
  {
    "dialog_act": "I'm thinking of the airport portal, you know like that little pod looking thing?",
    "dialog_act_end_id": 193,
    "dialog_act_start_id": 192,
    "speaker_id": "D",
    "type": {
      "main_type": "Task",
      "sub_type": "Inform"
    }
  },
  {
    "dialog_act": "I'm recalling that she mentioned that we n need to get away from the surgical white kind of brushed aluminium thing",
    "dialog_act_end_id": 224,
    "dialog_act_start_id": 224,
    "speaker_id": "A",
    "type": {
      "main_type": "Task",
      "sub_type": "Inform"
    }
  },
  {
    "dialog_act": "but you could have a very tasteful um wood coloured or earth tone kind of um",
    "dialog_act_end_id": 226,
    "dialog_act_start_id": 226,
    "speaker_id": "A",
    "type": {
      "main_type": "Task",
      "sub_type": "Suggest"
    }
  },
  {
    "dialog_act": "Terracotta bowl or something.",
    "dialog_act_end_id": 196,
    "dialog_act_start_id": 196,
    "speaker_id": "D",
    "type": {
      "main_type": "Task",
      "sub_type": "Suggest"
    }
  },
  {
    "dialog_act": "And the uh the material like the plastics and so forth, we were discussing that being uh using like a rubber kind of softer feel,",
    "dialog_act_end_id": 230,
    "dialog_act_start_id": 230,
    "speaker_id": "A",
    "type": {
      "main_type": "Task",
      "sub_type": "Inform"
    }
  },
  {
    "dialog_act": "if you feel the the tip on this pen it's a bit gives just a bit.",
    "dialog_act_end_id": 233,
    "dialog_act_start_id": 233,
    "speaker_id": "A",
    "type": {
      "main_type": "Task",
      "sub_type": "Inform"
    }
  },
  {
    "dialog_act": "something where it's uh a a more advanced f form of plastic that has some kind of a tactile response to it.",
    "dialog_act_end_id": 235,
    "dialog_act_start_id": 235,
    "speaker_id": "A",
    "type": {
      "main_type": "Task",
      "sub_type": "Suggest"
    }
  },
  {
    "dialog_act": "Just kind of the squishy feel.",
    "dialog_act_end_id": 170,
    "dialog_act_start_id": 170,
    "speaker_id": "B",
    "type": {
      "main_type": "Task",
      "sub_type": "Suggest"
    }
  },
  {
    "dialog_act": "let's see if we can do a squishy non-remote control-looking remote control.",
    "dialog_act_end_id": 238,
    "dialog_act_start_id": 238,
    "speaker_id": "A",
    "type": {
      "main_type": "Task",
      "sub_type": "Suggest"
    }
  },
  {
    "dialog_act": "um. I guess we'll a that's gonna be uh a thing, if we run a bit over-budget, that might be okay, um.",
    "dialog_act_end_id": 242,
    "dialog_act_start_id": 242,
    "speaker_id": "A",
    "type": {
      "main_type": "Task",
      "sub_type": "Assess"
    }
  },
  {
    "dialog_act": "Sorry about the uh lack of information on cost, I just haven't been provided that information by our manufacturers",
    "dialog_act_end_id": 173,
    "dialog_act_start_id": 172,
    "speaker_id": "B",
    "type": {
      "main_type": "Other",
      "sub_type": "Be-Positive"
    }
  },
  {
    "dialog_act": "we're more or less in agreement that we want to have a um a simple kind of function, you know, not too complex.",
    "dialog_act_end_id": 250,
    "dialog_act_start_id": 250,
    "speaker_id": "A",
    "type": {
      "main_type": "Task",
      "sub_type": "Inform"
    }
  },
  {
    "dialog_act": "although I'm not saying we should completely rule out major functions, they should be secondary, at least if not functionally then visually,",
    "dialog_act_end_id": 210,
    "dialog_act_start_id": 209,
    "speaker_id": "D",
    "type": {
      "main_type": "Task",
      "sub_type": "Suggest"
    }
  },
  {
    "dialog_act": "Like maybe have menu things.",
    "dialog_act_end_id": 251,
    "dialog_act_start_id": 251,
    "speaker_id": "A",
    "type": {
      "main_type": "Task",
      "sub_type": "Suggest"
    }
  },
  {
    "dialog_act": "If, if we're not going the touch-screen route then we can um just incorporate maybe something that folds out",
    "dialog_act_end_id": 176,
    "dialog_act_start_id": 176,
    "speaker_id": "B",
    "type": {
      "main_type": "Task",
      "sub_type": "Suggest"
    }
  },
  {
    "dialog_act": "and something that slides down to reveal the you know more complicated things.",
    "dialog_act_end_id": 178,
    "dialog_act_start_id": 178,
    "speaker_id": "B",
    "type": {
      "main_type": "Task",
      "sub_type": "Inform"
    }
  },
  {
    "dialog_act": "we could do a slide or a compartment,",
    "dialog_act_end_id": 258,
    "dialog_act_start_id": 258,
    "speaker_id": "A",
    "type": {
      "main_type": "Task",
      "sub_type": "Suggest"
    }
  },
  {
    "dialog_act": "Or you know, a b a b a a series of you know three or four buttons with a menu button and then a side an s up and down type of thing, like on um like on a D_V_D_ player.",
    "dialog_act_end_id": 261,
    "dialog_act_start_id": 261,
    "speaker_id": "A",
    "type": {
      "main_type": "Task",
      "sub_type": "Suggest"
    }
  },
  {
    "dialog_act": "we need to figure out what kind of buttons we're going to use, are we going to use scroll buttons? Rubber buttons? Um",
    "dialog_act_end_id": 184,
    "dialog_act_start_id": 183,
    "speaker_id": "B",
    "type": {
      "main_type": "Elicit",
      "sub_type": "Elicit-Offer-Or-Suggestion"
    }
  },
  {
    "dialog_act": "it seems to me that we could just do the um stick with the rubber",
    "dialog_act_end_id": 266,
    "dialog_act_start_id": 266,
    "speaker_id": "A",
    "type": {
      "main_type": "Task",
      "sub_type": "Suggest"
    }
  },
  {
    "dialog_act": "'cause since we're probably gonna be using some kind of um rubber for the outside case",
    "dialog_act_end_id": 269,
    "dialog_act_start_id": 269,
    "speaker_id": "A",
    "type": {
      "main_type": "Task",
      "sub_type": "Inform"
    }
  },
  {
    "dialog_act": "I think to a certain extent we have to stick with uh kind of uh a little bit traditional in terms of the buttons",
    "dialog_act_end_id": 116,
    "dialog_act_start_id": 116,
    "speaker_id": "C",
    "type": {
      "main_type": "Task",
      "sub_type": "Suggest"
    }
  },
  {
    "dialog_act": "have we decided that we are gonna go with different style cases for different people?",
    "dialog_act_end_id": 189,
    "dialog_act_start_id": 189,
    "speaker_id": "B",
    "type": {
      "main_type": "Elicit",
      "sub_type": "Elicit-Inform"
    }
  },
  {
    "dialog_act": "because you have different cases and that might open up your market a little bit obviously,",
    "dialog_act_end_id": 193,
    "dialog_act_start_id": 192,
    "speaker_id": "B",
    "type": {
      "main_type": "Task",
      "sub_type": "Inform"
    }
  },
  {
    "dialog_act": "but obviously having more cases also costs more",
    "dialog_act_end_id": 196,
    "dialog_act_start_id": 196,
    "speaker_id": "B",
    "type": {
      "main_type": "Task",
      "sub_type": "Inform"
    }
  },
  {
    "dialog_act": "you could have uh a, you know, a um uh kind of a natural wood colour, like a stained wood and um, I don't know, olive green or something. That wouldn't be so much of a problem to incorporate into the colour of the thing.",
    "dialog_act_end_id": 299,
    "dialog_act_start_id": 298,
    "speaker_id": "A",
    "type": {
      "main_type": "Task",
      "sub_type": "Suggest"
    }
  },
  {
    "dialog_act": "let's work on uh multiple case colours.",
    "dialog_act_end_id": 302,
    "dialog_act_start_id": 302,
    "speaker_id": "A",
    "type": {
      "main_type": "Task",
      "sub_type": "Suggest"
    }
  },
  {
    "dialog_act": "stick with the same kind of kinda yeah, the same basic non-remote kind of remote design.",
    "dialog_act_end_id": 304,
    "dialog_act_start_id": 304,
    "speaker_id": "A",
    "type": {
      "main_type": "Task",
      "sub_type": "Suggest"
    }
  },
  {
    "dialog_act": "we'll have the next meeting about half an hour, um.",
    "dialog_act_end_id": 307,
    "dialog_act_start_id": 307,
    "speaker_id": "A",
    "type": {
      "main_type": "Task",
      "sub_type": "Inform"
    }
  },
  {
    "dialog_act": "Nathan, I'd like you to work on just the basic look and feel,",
    "dialog_act_end_id": 309,
    "dialog_act_start_id": 309,
    "speaker_id": "A",
    "type": {
      "main_type": "Task",
      "sub_type": "Suggest"
    }
  },
  {
    "dialog_act": "Um, what are our broad constraints before we deve design a prototype. And um Ron if you can figure out how probably best to lay out this idea of this simple design with the voice recognition built in and also this kind of drop down or s on the side kind of menu options simple.",
    "dialog_act_end_id": 313,
    "dialog_act_start_id": 311,
    "speaker_id": "A",
    "type": {
      "main_type": "Task",
      "sub_type": "Suggest"
    }
  },
  {
    "dialog_act": "Um, and if you can check product evaluation with m some pilots and stuff. Um I need you guys to work together on making a prototype, um using um prototype building materials um. And also um specific instructions will be sent to you by your coaches as well.",
    "dialog_act_end_id": 317,
    "dialog_act_start_id": 315,
    "speaker_id": "A",
    "type": {
      "main_type": "Task",
      "sub_type": "Suggest"
    }
  }
]