[
  {
    "source": {
      "act": "well w what I didn't actually realise it was that the uh this is for a specific television.",
      "count": 1,
      "end_time": 29.1,
      "start_time": 21.62
    },
    "target": {
      "act": "Okay.",
      "count": 1,
      "end_time": 28.54,
      "start_time": 28.17
    },
    "type": "Support/Possitive Assessment"
  },
  {
    "source": {
      "act": "were you anybody got, raring to go?",
      "count": 1,
      "end_time": 52.16,
      "start_time": 48.17
    },
    "target": {
      "act": "Yeah.",
      "count": 1,
      "end_time": 51.99,
      "start_time": 50.86
    },
    "type": "Support/Possitive Assessment"
  },
  {
    "source": {
      "act": "Raring to go?",
      "count": 1,
      "end_time": 52.93,
      "start_time": 52.16
    },
    "target": {
      "act": "Yeah.",
      "count": 1,
      "end_time": 52.19,
      "start_time": 51.99
    },
    "type": "Support/Possitive Assessment"
  },
  {
    "source": {
      "act": "Yeah.",
      "count": 1,
      "end_time": 52.19,
      "start_time": 51.99
    },
    "target": {
      "act": "Okay. Good stuff.",
      "count": 1,
      "end_time": 55.49,
      "start_time": 52.93
    },
    "type": "Support/Possitive Assessment"
  },
  {
    "source": {
      "act": "Um. So how",
      "count": 1,
      "end_time": 64.14,
      "start_time": 62.72
    },
    "target": {
      "act": "Oh I need to plug you in.",
      "count": 1,
      "end_time": 71.59,
      "start_time": 63.47
    },
    "type": "Support/Possitive Assessment"
  },
  {
    "source": null,
    "target": {
      "act": "Wow.",
      "count": 1,
      "end_time": 78.97,
      "start_time": 76.47
    },
    "type": "Support/Possitive Assessment"
  },
  {
    "source": null,
    "target": {
      "act": "Just about.",
      "count": 1,
      "end_time": 78.01,
      "start_time": 76.68
    },
    "type": "Support/Possitive Assessment"
  },
  {
    "source": {
      "act": "So, after that?",
      "count": 1,
      "end_time": 96.56,
      "start_time": 94.87
    },
    "target": {
      "act": "now, it was function F_ eight.",
      "count": 1,
      "end_time": 98.24,
      "start_time": 94.47
    },
    "type": "Support/Possitive Assessment"
  },
  {
    "source": {
      "act": "now, it was function F_ eight.",
      "count": 1,
      "end_time": 98.24,
      "start_time": 94.47
    },
    "target": {
      "act": "F_ eight.",
      "count": 1,
      "end_time": 99.31,
      "start_time": 98.58
    },
    "type": "Support/Possitive Assessment"
  },
  {
    "source": {
      "act": "F_ eight.",
      "count": 1,
      "end_time": 99.31,
      "start_time": 98.58
    },
    "target": {
      "act": "That's the wee blue one.",
      "count": 1,
      "end_time": 101.87,
      "start_time": 100.97
    },
    "type": "Support/Possitive Assessment"
  },
  {
    "source": null,
    "target": {
      "act": "Okay.",
      "count": 1,
      "end_time": 107.05,
      "start_time": 106.74
    },
    "type": "Support/Possitive Assessment"
  },
  {
    "source": null,
    "target": {
      "act": "Should do it, good one.",
      "count": 1,
      "end_time": 109.05,
      "start_time": 106.71
    },
    "type": "Support/Possitive Assessment"
  },
  {
    "source": {
      "act": "Hold on, sorry.",
      "count": 1,
      "end_time": 128.0,
      "start_time": 127.14
    },
    "target": {
      "act": "sorry, yeah sure.",
      "count": 1,
      "end_time": 128.62,
      "start_time": 127.07
    },
    "type": "Support/Possitive Assessment"
  },
  {
    "source": {
      "act": "and if you just click that it'll go ahead, one at a time.",
      "count": 1,
      "end_time": 132.65,
      "start_time": 130.12
    },
    "target": {
      "act": "Yeah, yeah.",
      "count": 1,
      "end_time": 133.41,
      "start_time": 132.1
    },
    "type": "Support/Possitive Assessment"
  },
  {
    "source": {
      "act": "P press F_ five to start it first.",
      "count": 1,
      "end_time": 163.35,
      "start_time": 161.18
    },
    "target": {
      "act": "Okay. Yeah, I can, okay.",
      "count": 1,
      "end_time": 169.56,
      "start_time": 164.98
    },
    "type": "Support/Possitive Assessment"
  },
  {
    "source": {
      "act": "which maybe which may seem quite high but if our looks are are if the re remote control we design have a good better uh better look uh designs, then we can hope that consumers will prefer these g remote controls.",
      "count": 1,
      "end_time": 264.53,
      "start_time": 250.06
    },
    "target": {
      "act": "Excellent.",
      "count": 1,
      "end_time": 264.12,
      "start_time": 263.73
    },
    "type": "Support/Possitive Assessment"
  },
  {
    "source": {
      "act": "Uh it was function I want to go to.",
      "count": 1,
      "end_time": 328.41,
      "start_time": 326.39
    },
    "target": {
      "act": "Oh you wanna go back? Just escape.",
      "count": 1,
      "end_time": 330.43,
      "start_time": 328.36
    },
    "type": "Support/Possitive Assessment"
  },
  {
    "source": {
      "act": "Oh you wanna go back? Just escape.",
      "count": 1,
      "end_time": 330.43,
      "start_time": 328.36
    },
    "target": null,
    "type": "Support/Possitive Assessment"
  },
  {
    "source": {
      "act": "what was the question for this?",
      "count": 1,
      "end_time": 346.25,
      "start_time": 345.07
    },
    "target": {
      "act": "Ah t look all the market potential, what uh how we should design consu our remote controls, what they should be there so as to en enhance our profit, enhance our sales.",
      "count": 1,
      "end_time": 360.28,
      "start_time": 348.84
    },
    "type": "Support/Possitive Assessment"
  },
  {
    "source": {
      "act": "So these percentages are are what?",
      "count": 1,
      "end_time": 360.91,
      "start_time": 358.47
    },
    "target": {
      "act": "Yeah, these are different age group persons",
      "count": 1,
      "end_time": 363.29,
      "start_time": 360.28
    },
    "type": "Support/Possitive Assessment"
  },
  {
    "source": {
      "act": "Okay. Speech recognition.",
      "count": 1,
      "end_time": 372.37,
      "start_time": 369.05
    },
    "target": {
      "act": "Uh, yes.",
      "count": 1,
      "end_time": 371.74,
      "start_time": 369.74
    },
    "type": "Support/Possitive Assessment"
  },
  {
    "source": {
      "act": "and I uh and I think that most of the users of the rem uh T_V_ are belong to this age group.",
      "count": 1,
      "end_time": 408.44,
      "start_time": 401.8
    },
    "target": {
      "act": "We're als we we're looking at who buys it as well.",
      "count": 1,
      "end_time": 412.28,
      "start_time": 409.34
    },
    "type": "Partial agreement/support"
  },
  {
    "source": {
      "act": "We're als we we're looking at who buys it as well.",
      "count": 1,
      "end_time": 412.28,
      "start_time": 409.34
    },
    "target": {
      "act": "Yeah. We can look at that that factor also, so yes.",
      "count": 1,
      "end_time": 416.95,
      "start_time": 411.92
    },
    "type": "Support/Possitive Assessment"
  },
  {
    "source": {
      "act": "Uh, which I think the twenty five to thirty five is uh usual, sort of.",
      "count": 1,
      "end_time": 420.56,
      "start_time": 416.27
    },
    "target": {
      "act": "Yeah.",
      "count": 1,
      "end_time": 421.67,
      "start_time": 420.77
    },
    "type": "Support/Possitive Assessment"
  },
  {
    "source": {
      "act": "Uh, which I think the twenty five to thirty five is uh usual, sort of.",
      "count": 1,
      "end_time": 420.56,
      "start_time": 416.27
    },
    "target": {
      "act": "Yes. I think so.",
      "count": 1,
      "end_time": 435.82,
      "start_time": 432.8
    },
    "type": "Support/Possitive Assessment"
  },
  {
    "source": {
      "act": "Um, follow on with Helen?",
      "count": 1,
      "end_time": 492.23,
      "start_time": 489.34
    },
    "target": {
      "act": "Yep, sure, that's cool, um",
      "count": 1,
      "end_time": 494.78,
      "start_time": 492.36
    },
    "type": "Support/Possitive Assessment"
  },
  {
    "source": {
      "act": "Yeah we have to take that out.",
      "count": 1,
      "end_time": 496.75,
      "start_time": 494.81
    },
    "target": {
      "act": "Oh, so we do yeah.",
      "count": 1,
      "end_time": 498.59,
      "start_time": 495.87
    },
    "type": "Support/Possitive Assessment"
  },
  {
    "source": {
      "act": "Brian, this one also I. Yeah.",
      "count": 1,
      "end_time": 509.53,
      "start_time": 507.46
    },
    "target": {
      "act": "Okay.",
      "count": 1,
      "end_time": 509.49,
      "start_time": 508.96
    },
    "type": "Support/Possitive Assessment"
  },
  {
    "source": null,
    "target": {
      "act": "Thank you very much Brian.",
      "count": 1,
      "end_time": 512.2,
      "start_time": 511.17
    },
    "type": "Support/Possitive Assessment"
  },
  {
    "source": {
      "act": "I can turn my computer quickly if that's okay.",
      "count": 1,
      "end_time": 514.49,
      "start_time": 511.09
    },
    "target": {
      "act": "If you want me to help, yeah.",
      "count": 1,
      "end_time": 516.64,
      "start_time": 514.33
    },
    "type": "Support/Possitive Assessment"
  },
  {
    "source": {
      "act": "If you want me to help, yeah.",
      "count": 1,
      "end_time": 516.64,
      "start_time": 514.33
    },
    "target": {
      "act": "Um, yep.",
      "count": 1,
      "end_time": 517.1,
      "start_time": 515.51
    },
    "type": "Support/Possitive Assessment"
  },
  {
    "source": {
      "act": "Okay, and then what do I press, F_ eight?",
      "count": 1,
      "end_time": 525.78,
      "start_time": 524.36
    },
    "target": {
      "act": "Uh F_ eight. Function F_ eight.",
      "count": 1,
      "end_time": 527.73,
      "start_time": 525.73
    },
    "type": "Support/Possitive Assessment"
  },
  {
    "source": {
      "act": "Okay, and then what do I press, F_ eight?",
      "count": 1,
      "end_time": 525.78,
      "start_time": 524.36
    },
    "target": {
      "act": "Function F_ eight.",
      "count": 1,
      "end_time": 527.86,
      "start_time": 526.59
    },
    "type": "Support/Possitive Assessment"
  },
  {
    "source": {
      "act": "Uh F_ eight. Function F_ eight.",
      "count": 1,
      "end_time": 527.73,
      "start_time": 525.73
    },
    "target": {
      "act": "Oh right.",
      "count": 1,
      "end_time": 528.25,
      "start_time": 527.94
    },
    "type": "Support/Possitive Assessment"
  },
  {
    "source": null,
    "target": {
      "act": "Okay, cool.",
      "count": 1,
      "end_time": 532.77,
      "start_time": 532.26
    },
    "type": "Support/Possitive Assessment"
  },
  {
    "source": {
      "act": "Okay, cool.",
      "count": 1,
      "end_time": 532.77,
      "start_time": 532.26
    },
    "target": {
      "act": "It's not coming.",
      "count": 1,
      "end_time": 534.26,
      "start_time": 533.17
    },
    "type": "Support/Possitive Assessment"
  },
  {
    "source": {
      "act": "It's not coming.",
      "count": 1,
      "end_time": 534.26,
      "start_time": 533.17
    },
    "target": {
      "act": "Oh.",
      "count": 1,
      "end_time": 534.12,
      "start_time": 533.89
    },
    "type": "Support/Possitive Assessment"
  },
  {
    "source": null,
    "target": {
      "act": "There you go.",
      "count": 1,
      "end_time": 548.41,
      "start_time": 548.09
    },
    "type": "Support/Possitive Assessment"
  },
  {
    "source": {
      "act": "Computer adjusting, yeah.",
      "count": 1,
      "end_time": 549.69,
      "start_time": 548.4
    },
    "target": {
      "act": "Okay. Cool.",
      "count": 1,
      "end_time": 550.19,
      "start_time": 549.11
    },
    "type": "Support/Possitive Assessment"
  },
  {
    "source": {
      "act": "Okay and then how do I press the the big one, to get it on to the big",
      "count": 1,
      "end_time": 557.7,
      "start_time": 554.26
    },
    "target": {
      "act": "Uh F_ five.",
      "count": 1,
      "end_time": 558.57,
      "start_time": 557.2
    },
    "type": "Support/Possitive Assessment"
  },
  {
    "source": {
      "act": "Uh F_ five.",
      "count": 1,
      "end_time": 558.57,
      "start_time": 557.2
    },
    "target": {
      "act": "F_ five",
      "count": 1,
      "end_time": 558.8,
      "start_time": 558.47
    },
    "type": "Support/Possitive Assessment"
  },
  {
    "source": {
      "act": "and I press that again to get it off as well do I?",
      "count": 1,
      "end_time": 561.24,
      "start_time": 558.8
    },
    "target": {
      "act": "Um, F_ five and escape'll bring it back and just uh the left button for advancing.",
      "count": 1,
      "end_time": 567.51,
      "start_time": 560.84
    },
    "type": "Support/Possitive Assessment"
  },
  {
    "source": {
      "act": "and I press that again to get it off as well do I?",
      "count": 1,
      "end_time": 561.24,
      "start_time": 558.8
    },
    "target": {
      "act": "Escape.",
      "count": 1,
      "end_time": 561.63,
      "start_time": 561.04
    },
    "type": "Support/Possitive Assessment"
  },
  {
    "source": {
      "act": "Okay, and how do I press n just the next button?",
      "count": 1,
      "end_time": 600.68,
      "start_time": 597.73
    },
    "target": {
      "act": "Uh just a left uh",
      "count": 1,
      "end_time": 601.93,
      "start_time": 600.49
    },
    "type": "Support/Possitive Assessment"
  },
  {
    "source": {
      "act": "Okay, and how do I press n just the next button?",
      "count": 1,
      "end_time": 600.68,
      "start_time": 597.73
    },
    "target": {
      "act": "left mouse button.",
      "count": 1,
      "end_time": 604.02,
      "start_time": 603.38
    },
    "type": "Support/Possitive Assessment"
  },
  {
    "source": {
      "act": "Uh just a left uh",
      "count": 1,
      "end_time": 601.93,
      "start_time": 600.49
    },
    "target": {
      "act": "Okay.",
      "count": 1,
      "end_time": 603.65,
      "start_time": 602.58
    },
    "type": "Support/Possitive Assessment"
  },
  {
    "source": {
      "act": "but um maybe that comes up,",
      "count": 1,
      "end_time": 638.79,
      "start_time": 636.06
    },
    "target": {
      "act": "That can come under Arlo as well.",
      "count": 1,
      "end_time": 641.26,
      "start_time": 639.59
    },
    "type": "Support/Possitive Assessment"
  },
  {
    "source": {
      "act": "do I press F_ five is it? escape?",
      "count": 1,
      "end_time": 661.79,
      "start_time": 659.5
    },
    "target": {
      "act": "Uh if you if you escape then you can see your bar.",
      "count": 1,
      "end_time": 663.59,
      "start_time": 659.74
    },
    "type": "Support/Possitive Assessment"
  },
  {
    "source": {
      "act": "Uh if you if you escape then you can see your bar.",
      "count": 1,
      "end_time": 663.59,
      "start_time": 659.74
    },
    "target": {
      "act": "Oh okay, cool.",
      "count": 1,
      "end_time": 665.9,
      "start_time": 664.14
    },
    "type": "Support/Possitive Assessment"
  },
  {
    "source": {
      "act": "and I think we can do much better than that.",
      "count": 1,
      "end_time": 698.9,
      "start_time": 696.28
    },
    "target": {
      "act": "We hope so.",
      "count": 1,
      "end_time": 701.56,
      "start_time": 700.81
    },
    "type": "Support/Possitive Assessment"
  },
  {
    "source": {
      "act": "and I think we can do much better than that.",
      "count": 1,
      "end_time": 698.9,
      "start_time": 696.28
    },
    "target": {
      "act": "Of course.",
      "count": 1,
      "end_time": 701.87,
      "start_time": 699.96
    },
    "type": "Support/Possitive Assessment"
  },
  {
    "source": {
      "act": "Um, well I think we need to l I think the ergonomics is quite um important, um",
      "count": 1,
      "end_time": 718.13,
      "start_time": 709.69
    },
    "target": {
      "act": "Yeah, particularly if we've uh there was a bit in Raj's about R_S_I_ and things as well.",
      "count": 1,
      "end_time": 722.85,
      "start_time": 717.71
    },
    "type": "Support/Possitive Assessment"
  },
  {
    "source": {
      "act": "Yeah, particularly if we've uh there was a bit in Raj's about R_S_I_ and things as well.",
      "count": 1,
      "end_time": 722.85,
      "start_time": 717.71
    },
    "target": {
      "act": "Uh-huh.",
      "count": 1,
      "end_time": 724.27,
      "start_time": 722.99
    },
    "type": "Support/Possitive Assessment"
  },
  {
    "source": {
      "act": "more kind of hand-held more um not as uh computery and",
      "count": 1,
      "end_time": 735.84,
      "start_time": 728.12
    },
    "target": {
      "act": "Organic.",
      "count": 1,
      "end_time": 736.36,
      "start_time": 735.13
    },
    "type": "Support/Possitive Assessment"
  },
  {
    "source": {
      "act": "Organic.",
      "count": 1,
      "end_time": 736.36,
      "start_time": 735.13
    },
    "target": {
      "act": "or organic, yeah, more organic shape I think.",
      "count": 1,
      "end_time": 739.12,
      "start_time": 735.84
    },
    "type": "Support/Possitive Assessment"
  },
  {
    "source": {
      "act": "so I think what we can miss out on the buttons we can make up for in design and and how nice it looks.",
      "count": 1,
      "end_time": 757.07,
      "start_time": 749.28
    },
    "target": {
      "act": "Sales,.",
      "count": 1,
      "end_time": 755.38,
      "start_time": 754.08
    },
    "type": "Support/Possitive Assessment"
  },
  {
    "source": {
      "act": "because T_F_T_ have just um released um I think is it a a remote control for presentations or uh and a big seven inch big screen, anyway, so um",
      "count": 1,
      "end_time": 775.25,
      "start_time": 761.79
    },
    "target": {
      "act": "Yeah it's like a, yeah.",
      "count": 1,
      "end_time": 772.34,
      "start_time": 770.8
    },
    "type": "Support/Possitive Assessment"
  },
  {
    "source": {
      "act": "It's.",
      "count": 1,
      "end_time": 779.22,
      "start_time": 775.51
    },
    "target": {
      "act": "Yeah, no seven inches isn't that big",
      "count": 1,
      "end_time": 777.91,
      "start_time": 776.59
    },
    "type": "Support/Possitive Assessment"
  },
  {
    "source": {
      "act": "and uh m I thought about other functions for T_V_ but as you pointed out people don't actually want that,",
      "count": 1,
      "end_time": 789.6,
      "start_time": 783.24
    },
    "target": {
      "act": "And also the company want to keep it stuck to the T_V_ for uh to keep down the production time.",
      "count": 1,
      "end_time": 796.24,
      "start_time": 789.76
    },
    "type": "Support/Possitive Assessment"
  },
  {
    "source": {
      "act": "And also the company want to keep it stuck to the T_V_ for uh to keep down the production time.",
      "count": 1,
      "end_time": 796.24,
      "start_time": 789.76
    },
    "target": {
      "act": "It's for one T_V_ oh right okay, sure.",
      "count": 1,
      "end_time": 798.53,
      "start_time": 795.41
    },
    "type": "Support/Possitive Assessment"
  },
  {
    "source": {
      "act": "was maybe a bit of a gimmick to set us apart from other people, like glow-in-the-dark",
      "count": 1,
      "end_time": 807.91,
      "start_time": 801.96
    },
    "target": {
      "act": "Exactly. Yeah.",
      "count": 1,
      "end_time": 808.5,
      "start_time": 807.2
    },
    "type": "Support/Possitive Assessment"
  },
  {
    "source": {
      "act": "And I think that, yep, that's it.",
      "count": 1,
      "end_time": 825.45,
      "start_time": 821.78
    },
    "target": {
      "act": "That's cool.",
      "count": 1,
      "end_time": 826.34,
      "start_time": 824.79
    },
    "type": "Support/Possitive Assessment"
  },
  {
    "source": {
      "act": "and uh I was just curious to know, have we done any research into how many people can whistle?",
      "count": 1,
      "end_time": 836.53,
      "start_time": 830.66
    },
    "target": {
      "act": "Um, do you have trouble whistling?",
      "count": 1,
      "end_time": 845.18,
      "start_time": 840.48
    },
    "type": "Uncertain"
  },
  {
    "source": {
      "act": "Um, do you have trouble whistling?",
      "count": 1,
      "end_time": 845.18,
      "start_time": 840.48
    },
    "target": {
      "act": "I don't, but I I know a lot of people do right.",
      "count": 1,
      "end_time": 845.89,
      "start_time": 842.96
    },
    "type": "Support/Possitive Assessment"
  },
  {
    "source": {
      "act": "I don't, but I I know a lot of people do right.",
      "count": 1,
      "end_time": 845.89,
      "start_time": 842.96
    },
    "target": {
      "act": "Really?",
      "count": 1,
      "end_time": 845.86,
      "start_time": 845.18
    },
    "type": "Uncertain"
  },
  {
    "source": {
      "act": "Really?",
      "count": 1,
      "end_time": 845.86,
      "start_time": 845.18
    },
    "target": {
      "act": "Yeah",
      "count": 1,
      "end_time": 846.09,
      "start_time": 845.89
    },
    "type": "Support/Possitive Assessment"
  },
  {
    "source": {
      "act": "I mean it has to be a certain kind of whistle too, right?",
      "count": 1,
      "end_time": 848.25,
      "start_time": 846.4
    },
    "target": {
      "act": "Mm-hmm, yeah",
      "count": 1,
      "end_time": 849.58,
      "start_time": 848.4
    },
    "type": "Support/Possitive Assessment"
  },
  {
    "source": {
      "act": "I mean it has to be a certain kind of whistle too, right?",
      "count": 1,
      "end_time": 848.25,
      "start_time": 846.4
    },
    "target": {
      "act": "or some sort of voice",
      "count": 1,
      "end_time": 851.54,
      "start_time": 849.58
    },
    "type": "Support/Possitive Assessment"
  },
  {
    "source": {
      "act": "I mean it has to be a certain kind of whistle too, right?",
      "count": 1,
      "end_time": 848.25,
      "start_time": 846.4
    },
    "target": {
      "act": "Yeah, I suppose that's true.",
      "count": 1,
      "end_time": 849.66,
      "start_time": 848.55
    },
    "type": "Support/Possitive Assessment"
  },
  {
    "source": {
      "act": "you could have the basically um instead of a whistle if it's got the voice recognition you could have it just, you know, where are you?.",
      "count": 1,
      "end_time": 859.86,
      "start_time": 851.36
    },
    "target": {
      "act": "Yeah.",
      "count": 1,
      "end_time": 858.93,
      "start_time": 858.32
    },
    "type": "Support/Possitive Assessment"
  },
  {
    "source": {
      "act": "you could have the basically um instead of a whistle if it's got the voice recognition you could have it just, you know, where are you?.",
      "count": 1,
      "end_time": 859.86,
      "start_time": 851.36
    },
    "target": {
      "act": "That's costly though.",
      "count": 1,
      "end_time": 860.41,
      "start_time": 859.67
    },
    "type": "Objection/Negative Assessment"
  },
  {
    "source": {
      "act": "Um a much easier thing is just any loud noise like clapping um, shouting, you know,",
      "count": 1,
      "end_time": 866.67,
      "start_time": 860.41
    },
    "target": {
      "act": "Sounds good.",
      "count": 1,
      "end_time": 867.44,
      "start_time": 866.58
    },
    "type": "Support/Possitive Assessment"
  },
  {
    "source": {
      "act": "uh and then, what would the response be? It beeps back at you or something?",
      "count": 1,
      "end_time": 870.51,
      "start_time": 866.67
    },
    "target": {
      "act": "Yeah, something.",
      "count": 1,
      "end_time": 872.48,
      "start_time": 871.56
    },
    "type": "Support/Possitive Assessment"
  },
  {
    "source": {
      "act": "Yeah, something.",
      "count": 1,
      "end_time": 872.48,
      "start_time": 871.56
    },
    "target": {
      "act": "Okay.",
      "count": 1,
      "end_time": 873.54,
      "start_time": 873.2
    },
    "type": "Support/Possitive Assessment"
  },
  {
    "source": {
      "act": "Function F_ five?",
      "count": 1,
      "end_time": 883.27,
      "start_time": 882.39
    },
    "target": {
      "act": "Function F_ eight for the um the uh",
      "count": 1,
      "end_time": 887.96,
      "start_time": 883.3
    },
    "type": "Objection/Negative Assessment"
  },
  {
    "source": {
      "act": "Function F_ eight for the um the uh",
      "count": 1,
      "end_time": 887.96,
      "start_time": 883.3
    },
    "target": {
      "act": "Or function F_ eight?",
      "count": 1,
      "end_time": 886.05,
      "start_time": 885.28
    },
    "type": "Support/Possitive Assessment"
  },
  {
    "source": {
      "act": "Oh you need to twiddle the thingamibobsy thing.",
      "count": 1,
      "end_time": 892.82,
      "start_time": 889.48
    },
    "target": {
      "act": "Okay. I think it's uh just to lock it in.",
      "count": 1,
      "end_time": 895.92,
      "start_time": 893.2
    },
    "type": "Support/Possitive Assessment"
  },
  {
    "source": {
      "act": "It's got it.",
      "count": 1,
      "end_time": 897.52,
      "start_time": 897.08
    },
    "target": {
      "act": "Okay.",
      "count": 1,
      "end_time": 898.95,
      "start_time": 898.12
    },
    "type": "Support/Possitive Assessment"
  },
  {
    "source": {
      "act": "um so it's good you went first,",
      "count": 1,
      "end_time": 916.79,
      "start_time": 914.64
    },
    "target": {
      "act": "Let's remember that.",
      "count": 1,
      "end_time": 918.27,
      "start_time": 917.08
    },
    "type": "Support/Possitive Assessment"
  },
  {
    "source": {
      "act": "and any noise over a certain threshold um it'll pick up as a a distress signal um from you and it'll beep back and say you know oh here I am or something of this sort.",
      "count": 1,
      "end_time": 974.38,
      "start_time": 964.3
    },
    "target": {
      "act": "But sure surely that would have to be um sort of specific rather than above a threshold 'cause if you had a loud movie on you're likely to get it beeping back at you.",
      "count": 1,
      "end_time": 982.89,
      "start_time": 973.62
    },
    "type": "Objection/Negative Assessment"
  },
  {
    "source": {
      "act": "But sure surely that would have to be um sort of specific rather than above a threshold 'cause if you had a loud movie on you're likely to get it beeping back at you.",
      "count": 1,
      "end_time": 982.89,
      "start_time": 973.62
    },
    "target": {
      "act": "Oh yeah, yeah, that's true.",
      "count": 1,
      "end_time": 983.99,
      "start_time": 982.02
    },
    "type": "Support/Possitive Assessment"
  },
  {
    "source": {
      "act": "But sure surely that would have to be um sort of specific rather than above a threshold 'cause if you had a loud movie on you're likely to get it beeping back at you.",
      "count": 1,
      "end_time": 982.89,
      "start_time": 973.62
    },
    "target": {
      "act": "tha that would be a consideration to take into account yes.",
      "count": 1,
      "end_time": 991.72,
      "start_time": 988.19
    },
    "type": "Support/Possitive Assessment"
  },
  {
    "source": {
      "act": "which include, you know, um space craft, coffee makers, and bullet trains",
      "count": 1,
      "end_time": 1038.95,
      "start_time": 1033.39
    },
    "target": {
      "act": "Ah is that what that is?",
      "count": 1,
      "end_time": 1041.93,
      "start_time": 1039.25
    },
    "type": "Support/Possitive Assessment"
  },
  {
    "source": {
      "act": "and having personally worked with all these products uh I have a great deal of experience with uh with industrial design of these.",
      "count": 1,
      "end_time": 1049.62,
      "start_time": 1042.28
    },
    "target": {
      "act": "Well that's cool.",
      "count": 1,
      "end_time": 1049.09,
      "start_time": 1048.1
    },
    "type": "Support/Possitive Assessment"
  },
  {
    "source": {
      "act": "I I'm not quite sure what the the function is there but",
      "count": 1,
      "end_time": 1083.69,
      "start_time": 1080.05
    },
    "target": {
      "act": "Right okay.",
      "count": 1,
      "end_time": 1084.66,
      "start_time": 1082.95
    },
    "type": "Support/Possitive Assessment"
  },
  {
    "source": {
      "act": "I I'm not quite sure what the the function is there but",
      "count": 1,
      "end_time": 1083.69,
      "start_time": 1080.05
    },
    "target": {
      "act": "Well I like that design.",
      "count": 1,
      "end_time": 1085.43,
      "start_time": 1082.97
    },
    "type": "Support/Possitive Assessment"
  },
  {
    "source": {
      "act": "Is that just switches on the speech recognition and it's entirely speech operated, is it?",
      "count": 1,
      "end_time": 1091.64,
      "start_time": 1087.8
    },
    "target": {
      "act": "Right.",
      "count": 1,
      "end_time": 1091.98,
      "start_time": 1091.5
    },
    "type": "Support/Possitive Assessment"
  },
  {
    "source": {
      "act": "it was fifty million Euros?",
      "count": 1,
      "end_time": 1095.95,
      "start_time": 1093.66
    },
    "target": {
      "act": "Yeah.",
      "count": 1,
      "end_time": 1095.93,
      "start_time": 1095.42
    },
    "type": "Support/Possitive Assessment"
  },
  {
    "source": {
      "act": "And we gotta sell twenty five of them?",
      "count": 1,
      "end_time": 1098.36,
      "start_time": 1095.95
    },
    "target": {
      "act": "Yeah,",
      "count": 1,
      "end_time": 1099.06,
      "start_time": 1098.34
    },
    "type": "Support/Possitive Assessment"
  },
  {
    "source": {
      "act": "And we gotta sell twenty five of them?",
      "count": 1,
      "end_time": 1098.36,
      "start_time": 1095.95
    },
    "target": {
      "act": "not a problem.",
      "count": 1,
      "end_time": 1099.9,
      "start_time": 1099.06
    },
    "type": "Support/Possitive Assessment"
  },
  {
    "source": {
      "act": "not a problem.",
      "count": 1,
      "end_time": 1099.9,
      "start_time": 1099.06
    },
    "target": {
      "act": "Right. Okay.",
      "count": 1,
      "end_time": 1102.78,
      "start_time": 1098.36
    },
    "type": "Support/Possitive Assessment"
  },
  {
    "source": {
      "act": "it was fifty million Euros?",
      "count": 1,
      "end_time": 1095.95,
      "start_time": 1093.66
    },
    "target": {
      "act": "Ah now it's fif fifty million Euros we've gotta uh we've g",
      "count": 1,
      "end_time": 1105.62,
      "start_time": 1100.1
    },
    "type": "Objection/Negative Assessment"
  },
  {
    "source": {
      "act": "Ah now it's fif fifty million Euros we've gotta uh we've g",
      "count": 1,
      "end_time": 1105.62,
      "start_time": 1100.1
    },
    "target": {
      "act": "As a profit.",
      "count": 1,
      "end_time": 1104.03,
      "start_time": 1103.02
    },
    "type": "Support/Possitive Assessment"
  },
  {
    "source": {
      "act": "As a profit.",
      "count": 1,
      "end_time": 1104.03,
      "start_time": 1103.02
    },
    "target": {
      "act": "gotta make profit,",
      "count": 1,
      "end_time": 1106.42,
      "start_time": 1105.62
    },
    "type": "Support/Possitive Assessment"
  },
  {
    "source": {
      "act": "As a profit.",
      "count": 1,
      "end_time": 1104.03,
      "start_time": 1103.02
    },
    "target": {
      "act": "Oh okay, so I I mixed those numbers.",
      "count": 1,
      "end_time": 1106.48,
      "start_time": 1104.78
    },
    "type": "Support/Possitive Assessment"
  },
  {
    "source": {
      "act": "so we're making that at twelve and a half Euros a time.",
      "count": 1,
      "end_time": 1109.76,
      "start_time": 1106.42
    },
    "target": {
      "act": "Okay.",
      "count": 1,
      "end_time": 1109.83,
      "start_time": 1108.86
    },
    "type": "Support/Possitive Assessment"
  },
  {
    "source": {
      "act": "An energy source which'd probably just be uh your regular batteries",
      "count": 1,
      "end_time": 1126.91,
      "start_time": 1122.56
    },
    "target": {
      "act": "Okay.",
      "count": 1,
      "end_time": 1127.47,
      "start_time": 1126.28
    },
    "type": "Support/Possitive Assessment"
  },
  {
    "source": {
      "act": "Or a little base station or something,.",
      "count": 1,
      "end_time": 1134.03,
      "start_time": 1131.46
    },
    "target": {
      "act": "Yeah.",
      "count": 1,
      "end_time": 1133.29,
      "start_time": 1132.97
    },
    "type": "Support/Possitive Assessment"
  },
  {
    "source": {
      "act": "Or a little base station or something,.",
      "count": 1,
      "end_time": 1134.03,
      "start_time": 1131.46
    },
    "target": {
      "act": "Yeah, yeah, we could do that too.",
      "count": 1,
      "end_time": 1136.04,
      "start_time": 1133.48
    },
    "type": "Support/Possitive Assessment"
  },
  {
    "source": {
      "act": "Yeah, yeah, we could do that too.",
      "count": 1,
      "end_time": 1136.04,
      "start_time": 1133.48
    },
    "target": {
      "act": "That might cost more though,",
      "count": 1,
      "end_time": 1139.03,
      "start_time": 1137.95
    },
    "type": "Partial agreement/support"
  },
  {
    "source": {
      "act": "That might cost more though,",
      "count": 1,
      "end_time": 1139.03,
      "start_time": 1137.95
    },
    "target": {
      "act": "I mean if you think about these base stations now it's essentially just a a lead with a sort of self connecting brake in it,",
      "count": 1,
      "end_time": 1153.45,
      "start_time": 1146.46
    },
    "type": "Objection/Negative Assessment"
  },
  {
    "source": {
      "act": "I mean if you think about these base stations now it's essentially just a a lead with a sort of self connecting brake in it,",
      "count": 1,
      "end_time": 1153.45,
      "start_time": 1146.46
    },
    "target": {
      "act": "A battery in it, kinda.",
      "count": 1,
      "end_time": 1153.03,
      "start_time": 1151.55
    },
    "type": "Support/Possitive Assessment"
  },
  {
    "source": {
      "act": "but since we're a cutting edge company, we uh of course will have alternatives like uh speech recognition, whistling recognition and rocket power",
      "count": 1,
      "end_time": 1172.97,
      "start_time": 1162.65
    },
    "target": {
      "act": "Okay.",
      "count": 1,
      "end_time": 1175.83,
      "start_time": 1173.25
    },
    "type": "Support/Possitive Assessment"
  },
  {
    "source": {
      "act": "Um and lastly the transmission interface is uh, just some engineering thing you don't have to worry about.",
      "count": 1,
      "end_time": 1181.49,
      "start_time": 1175.59
    },
    "target": {
      "act": "Okay.",
      "count": 1,
      "end_time": 1183.13,
      "start_time": 1181.86
    },
    "type": "Support/Possitive Assessment"
  },
  {
    "source": {
      "act": "just um so the user can put in their favourite channels and maybe their preferred volume settings so that when they turn it on it's not blasting.",
      "count": 1,
      "end_time": 1231.58,
      "start_time": 1224.02
    },
    "target": {
      "act": "Mm that's a good idea actually I like the programmable options.",
      "count": 1,
      "end_time": 1235.26,
      "start_time": 1232.17
    },
    "type": "Support/Possitive Assessment"
  },
  {
    "source": {
      "act": "Mm that's a good idea actually I like the programmable options.",
      "count": 1,
      "end_time": 1235.26,
      "start_time": 1232.17
    },
    "target": {
      "act": "Yeah, me too.",
      "count": 1,
      "end_time": 1235.3,
      "start_time": 1234.12
    },
    "type": "Support/Possitive Assessment"
  },
  {
    "source": {
      "act": "Yeah, me too.",
      "count": 1,
      "end_time": 1235.3,
      "start_time": 1234.12
    },
    "target": {
      "act": "Oh okay.",
      "count": 1,
      "end_time": 1236.48,
      "start_time": 1235.54
    },
    "type": "Support/Possitive Assessment"
  },
  {
    "source": {
      "act": "That's all I got.",
      "count": 1,
      "end_time": 1254.25,
      "start_time": 1253.75
    },
    "target": {
      "act": "'Kay,",
      "count": 1,
      "end_time": 1254.54,
      "start_time": 1254.23
    },
    "type": "Support/Possitive Assessment"
  },
  {
    "source": null,
    "target": {
      "act": "Ooh that's tight.",
      "count": 1,
      "end_time": 1263.19,
      "start_time": 1262.59
    },
    "type": "Support/Possitive Assessment"
  },
  {
    "source": {
      "act": "Okay, I don't think we need to screw it in.",
      "count": 1,
      "end_time": 1285.25,
      "start_time": 1283.0
    },
    "target": {
      "act": "nah.",
      "count": 1,
      "end_time": 1289.78,
      "start_time": 1284.69
    },
    "type": "Support/Possitive Assessment"
  },
  {
    "source": {
      "act": "and um instead of colours and sorta colour options, they want corporate colour and slogan somehow implemented in the new design.",
      "count": 1,
      "end_time": 1322.88,
      "start_time": 1313.21
    },
    "target": {
      "act": "Corporate colour.",
      "count": 1,
      "end_time": 1324.21,
      "start_time": 1323.28
    },
    "type": "Uncertain"
  },
  {
    "source": {
      "act": "Corporate colour.",
      "count": 1,
      "end_time": 1324.21,
      "start_time": 1323.28
    },
    "target": {
      "act": "Yellow.",
      "count": 1,
      "end_time": 1329.17,
      "start_time": 1324.42
    },
    "type": "Support/Possitive Assessment"
  },
  {
    "source": {
      "act": "Yellow.",
      "count": 1,
      "end_time": 1329.17,
      "start_time": 1324.42
    },
    "target": {
      "act": "Okay.",
      "count": 1,
      "end_time": 1326.14,
      "start_time": 1325.52
    },
    "type": "Uncertain"
  },
  {
    "source": {
      "act": "Yellow.",
      "count": 1,
      "end_time": 1329.17,
      "start_time": 1324.42
    },
    "target": {
      "act": "Yellow.",
      "count": 1,
      "end_time": 1327.76,
      "start_time": 1326.16
    },
    "type": "Objection/Negative Assessment"
  },
  {
    "source": {
      "act": "I mean, I guess if you're going for a sort of globular shape you could kind of have it working its way round it or something.",
      "count": 1,
      "end_time": 1357.19,
      "start_time": 1351.31
    },
    "target": {
      "act": "Yeah.",
      "count": 1,
      "end_time": 1357.13,
      "start_time": 1356.72
    },
    "type": "Support/Possitive Assessment"
  },
  {
    "source": {
      "act": "Okay, so, we have to decide on which functions we're going to actually have.",
      "count": 1,
      "end_time": 1371.75,
      "start_time": 1366.52
    },
    "target": {
      "act": "'Kay.",
      "count": 1,
      "end_time": 1372.57,
      "start_time": 1372.32
    },
    "type": "Support/Possitive Assessment"
  },
  {
    "source": {
      "act": "We'll use the the basic functions for a television.",
      "count": 1,
      "end_time": 1397.56,
      "start_time": 1394.69
    },
    "target": {
      "act": "Although the the danger with that is, it could look a bit cheap.",
      "count": 1,
      "end_time": 1405.3,
      "start_time": 1401.67
    },
    "type": "Objection/Negative Assessment"
  },
  {
    "source": {
      "act": "Although the the danger with that is, it could look a bit cheap.",
      "count": 1,
      "end_time": 1405.3,
      "start_time": 1401.67
    },
    "target": {
      "act": "Not enough buttons you mean?",
      "count": 1,
      "end_time": 1409.23,
      "start_time": 1406.71
    },
    "type": "Uncertain"
  },
  {
    "source": {
      "act": "Not enough buttons you mean?",
      "count": 1,
      "end_time": 1409.23,
      "start_time": 1406.71
    },
    "target": {
      "act": "Yeah.",
      "count": 1,
      "end_time": 1409.22,
      "start_time": 1408.23
    },
    "type": "Support/Possitive Assessment"
  },
  {
    "source": {
      "act": "Although the the danger with that is, it could look a bit cheap.",
      "count": 1,
      "end_time": 1405.3,
      "start_time": 1401.67
    },
    "target": {
      "act": "So sorta strike a balance between a a few and a",
      "count": 1,
      "end_time": 1412.53,
      "start_time": 1409.23
    },
    "type": "Support/Possitive Assessment"
  },
  {
    "source": {
      "act": "or it looks like we're just cutting on the um",
      "count": 1,
      "end_time": 1414.77,
      "start_time": 1412.53
    },
    "target": {
      "act": "On the number of buttons, kind of functions and stuff.",
      "count": 1,
      "end_time": 1417.8,
      "start_time": 1415.28
    },
    "type": "Support/Possitive Assessment"
  },
  {
    "source": {
      "act": "I do however have this from over my head, that they don't want teletext on it.",
      "count": 1,
      "end_time": 1421.97,
      "start_time": 1416.6
    },
    "target": {
      "act": "Mm-hmm, okay.",
      "count": 1,
      "end_time": 1420.65,
      "start_time": 1420.0
    },
    "type": "Support/Possitive Assessment"
  },
  {
    "source": {
      "act": "I do however have this from over my head, that they don't want teletext on it.",
      "count": 1,
      "end_time": 1421.97,
      "start_time": 1416.6
    },
    "target": {
      "act": "Okay, cool.",
      "count": 1,
      "end_time": 1423.04,
      "start_time": 1422.44
    },
    "type": "Support/Possitive Assessment"
  },
  {
    "source": {
      "act": "Uh maybe Raj you could find out what people would think about that,",
      "count": 1,
      "end_time": 1428.13,
      "start_time": 1424.26
    },
    "target": {
      "act": "About cost.",
      "count": 1,
      "end_time": 1430.87,
      "start_time": 1429.86
    },
    "type": "Uncertain"
  },
  {
    "source": {
      "act": "About cost.",
      "count": 1,
      "end_time": 1430.87,
      "start_time": 1429.86
    },
    "target": {
      "act": "whether people would require um teletext in a remote teletext option in a remote control.",
      "count": 1,
      "end_time": 1442.39,
      "start_time": 1433.16
    },
    "type": "Support/Possitive Assessment"
  },
  {
    "source": {
      "act": "whether people would require um teletext in a remote teletext option in a remote control.",
      "count": 1,
      "end_time": 1442.39,
      "start_time": 1433.16
    },
    "target": {
      "act": "Okay.",
      "count": 1,
      "end_time": 1438.48,
      "start_time": 1438.09
    },
    "type": "Support/Possitive Assessment"
  },
  {
    "source": {
      "act": "So uh I take it your position Arlo is that the bells and whistles we've gotta come up with the a gimmick but not too complicated a gimmick.",
      "count": 1,
      "end_time": 1456.78,
      "start_time": 1446.25
    },
    "target": {
      "act": "Yeah yeah.",
      "count": 1,
      "end_time": 1456.83,
      "start_time": 1456.34
    },
    "type": "Support/Possitive Assessment"
  },
  {
    "source": {
      "act": "Um glow in the dark, is that sort of with a light inside it or is it sort of glow in the dark material?",
      "count": 1,
      "end_time": 1517.74,
      "start_time": 1510.68
    },
    "target": {
      "act": "Glow in the dark material I was thinking.",
      "count": 1,
      "end_time": 1520.61,
      "start_time": 1518.09
    },
    "type": "Support/Possitive Assessment"
  },
  {
    "source": {
      "act": "Glow in the dark material I was thinking.",
      "count": 1,
      "end_time": 1520.61,
      "start_time": 1518.09
    },
    "target": {
      "act": "Okay.",
      "count": 1,
      "end_time": 1520.36,
      "start_time": 1519.33
    },
    "type": "Support/Possitive Assessment"
  },
  {
    "source": {
      "act": "Uh may I say something about?",
      "count": 1,
      "end_time": 1525.18,
      "start_time": 1523.09
    },
    "target": {
      "act": "Yeah.",
      "count": 1,
      "end_time": 1524.71,
      "start_time": 1524.52
    },
    "type": "Support/Possitive Assessment"
  },
  {
    "source": {
      "act": "because people mor fifty percent people they find that the remote controls are often lost somewhere in the remote, in the room.",
      "count": 1,
      "end_time": 1538.54,
      "start_time": 1531.78
    },
    "target": {
      "act": "Often lost s was that,",
      "count": 1,
      "end_time": 1539.79,
      "start_time": 1538.55
    },
    "type": "Uncertain"
  },
  {
    "source": {
      "act": "Often lost s was that,",
      "count": 1,
      "end_time": 1539.79,
      "start_time": 1538.55
    },
    "target": {
      "act": "yeah are lost",
      "count": 1,
      "end_time": 1540.53,
      "start_time": 1539.6
    },
    "type": "Support/Possitive Assessment"
  },
  {
    "source": {
      "act": "Often lost s was that,",
      "count": 1,
      "end_time": 1539.79,
      "start_time": 1538.55
    },
    "target": {
      "act": "Lost, yeah.",
      "count": 1,
      "end_time": 1540.53,
      "start_time": 1539.58
    },
    "type": "Support/Possitive Assessment"
  },
  {
    "source": {
      "act": "so we should take it into consideration also.",
      "count": 1,
      "end_time": 1573.41,
      "start_time": 1570.17
    },
    "target": {
      "act": "Okay, cool.",
      "count": 1,
      "end_time": 1574.45,
      "start_time": 1573.21
    },
    "type": "Support/Possitive Assessment"
  },
  {
    "source": null,
    "target": {
      "act": "I know of no products um that use speech recognition well.",
      "count": 1,
      "end_time": 1585.76,
      "start_time": 1580.72
    },
    "type": "Objection/Negative Assessment"
  },
  {
    "source": {
      "act": "I know of no products um that use speech recognition well.",
      "count": 1,
      "end_time": 1585.76,
      "start_time": 1580.72
    },
    "target": {
      "act": "there was a remote control that came out two years ago that had a some basic speech recognition on it.",
      "count": 1,
      "end_time": 1589.62,
      "start_time": 1584.02
    },
    "type": "Objection/Negative Assessment"
  },
  {
    "source": {
      "act": "You could programme it with your channels and then you say you know like uh B_B_C_ one and it goes to that channel.",
      "count": 1,
      "end_time": 1596.69,
      "start_time": 1589.62
    },
    "target": {
      "act": "Really?",
      "count": 1,
      "end_time": 1596.43,
      "start_time": 1595.83
    },
    "type": "Uncertain"
  },
  {
    "source": {
      "act": "Really?",
      "count": 1,
      "end_time": 1596.43,
      "start_time": 1595.83
    },
    "target": {
      "act": "Yeah,",
      "count": 1,
      "end_time": 1596.96,
      "start_time": 1596.69
    },
    "type": "Support/Possitive Assessment"
  },
  {
    "source": {
      "act": "They mentioned you know if the television says you are listening to B_B_C_ one.",
      "count": 1,
      "end_time": 1604.19,
      "start_time": 1600.02
    },
    "target": {
      "act": "Yeah,",
      "count": 1,
      "end_time": 1604.05,
      "start_time": 1603.49
    },
    "type": "Support/Possitive Assessment"
  },
  {
    "source": {
      "act": "They mentioned you know if the television says you are listening to B_B_C_ one.",
      "count": 1,
      "end_time": 1604.19,
      "start_time": 1600.02
    },
    "target": {
      "act": "or a yeah an advert an advert for B_B_C_ two on B_B_C_ one'll switch the channel for you kinda thing.",
      "count": 1,
      "end_time": 1608.64,
      "start_time": 1604.05
    },
    "type": "Support/Possitive Assessment"
  },
  {
    "source": {
      "act": "or a yeah an advert an advert for B_B_C_ two on B_B_C_ one'll switch the channel for you kinda thing.",
      "count": 1,
      "end_time": 1608.64,
      "start_time": 1604.05
    },
    "target": {
      "act": "Right, right,",
      "count": 1,
      "end_time": 1609.43,
      "start_time": 1608.8
    },
    "type": "Support/Possitive Assessment"
  },
  {
    "source": {
      "act": "you know like the ones that we can't hear or something",
      "count": 1,
      "end_time": 1636.77,
      "start_time": 1631.96
    },
    "target": {
      "act": "Ah, that's a good idea.",
      "count": 1,
      "end_time": 1636.67,
      "start_time": 1635.54
    },
    "type": "Support/Possitive Assessment"
  },
  {
    "source": {
      "act": "um that that will activate the remote control starts to beep.",
      "count": 1,
      "end_time": 1641.55,
      "start_time": 1636.77
    },
    "target": {
      "act": "So like a kind of backwards remote from the telly.",
      "count": 1,
      "end_time": 1644.71,
      "start_time": 1640.95
    },
    "type": "Support/Possitive Assessment"
  },
  {
    "source": {
      "act": "So like a kind of backwards remote from the telly.",
      "count": 1,
      "end_time": 1644.71,
      "start_time": 1640.95
    },
    "target": {
      "act": "Yeah.",
      "count": 1,
      "end_time": 1644.3,
      "start_time": 1643.94
    },
    "type": "Support/Possitive Assessment"
  },
  {
    "source": {
      "act": "So like a kind of backwards remote from the telly.",
      "count": 1,
      "end_time": 1644.71,
      "start_time": 1640.95
    },
    "target": {
      "act": "Right and then it would do just you know, uh subtractive kind of cancellation of the noise.",
      "count": 1,
      "end_time": 1649.31,
      "start_time": 1643.87
    },
    "type": "Support/Possitive Assessment"
  },
  {
    "source": {
      "act": "'cause you can't um expect uh the the television manufacturers to to put that feature into their T_V_s.",
      "count": 1,
      "end_time": 1665.83,
      "start_time": 1659.49
    },
    "target": {
      "act": "Mm. Yeah, that's the only thing, yeah.",
      "count": 1,
      "end_time": 1666.97,
      "start_time": 1663.76
    },
    "type": "Support/Possitive Assessment"
  },
  {
    "source": {
      "act": "But yeah, then you have like the little se separate module by the T_V_ speaker",
      "count": 1,
      "end_time": 1670.79,
      "start_time": 1666.67
    },
    "target": {
      "act": "That we should just stick on,",
      "count": 1,
      "end_time": 1671.0,
      "start_time": 1669.79
    },
    "type": "Support/Possitive Assessment"
  },
  {
    "source": {
      "act": "That comes with our remote control.",
      "count": 1,
      "end_time": 1673.42,
      "start_time": 1671.4
    },
    "target": {
      "act": "Right,",
      "count": 1,
      "end_time": 1673.23,
      "start_time": 1673.01
    },
    "type": "Support/Possitive Assessment"
  },
  {
    "source": {
      "act": "and then the remote control would know um what's being produced by the television.",
      "count": 1,
      "end_time": 1677.13,
      "start_time": 1673.23
    },
    "target": {
      "act": "And that's a sort of basic R_F_ kind of frequency so it'll be cheap.",
      "count": 1,
      "end_time": 1681.07,
      "start_time": 1675.45
    },
    "type": "Support/Possitive Assessment"
  },
  {
    "source": {
      "act": "And that's a sort of basic R_F_ kind of frequency so it'll be cheap.",
      "count": 1,
      "end_time": 1681.07,
      "start_time": 1675.45
    },
    "target": {
      "act": "Right, right.",
      "count": 1,
      "end_time": 1679.15,
      "start_time": 1678.56
    },
    "type": "Support/Possitive Assessment"
  },
  {
    "source": {
      "act": "And that's a sort of basic R_F_ kind of frequency so it'll be cheap.",
      "count": 1,
      "end_time": 1681.07,
      "start_time": 1675.45
    },
    "target": {
      "act": "Right, right.",
      "count": 1,
      "end_time": 1682.47,
      "start_time": 1681.57
    },
    "type": "Support/Possitive Assessment"
  },
  {
    "source": null,
    "target": {
      "act": "Yeah that's certainly possible",
      "count": 1,
      "end_time": 1684.84,
      "start_time": 1683.73
    },
    "type": "Support/Possitive Assessment"
  },
  {
    "source": null,
    "target": {
      "act": "That could also be built into the T_V_ though, which might make our remote control a bit obsolete.",
      "count": 1,
      "end_time": 1714.6,
      "start_time": 1710.71
    },
    "type": "Objection/Negative Assessment"
  },
  {
    "source": {
      "act": "That could also be built into the T_V_ though, which might make our remote control a bit obsolete.",
      "count": 1,
      "end_time": 1714.6,
      "start_time": 1710.71
    },
    "target": {
      "act": "Yeah.",
      "count": 1,
      "end_time": 1716.23,
      "start_time": 1714.7
    },
    "type": "Support/Possitive Assessment"
  },
  {
    "source": {
      "act": "That could also be built into the T_V_ though, which might make our remote control a bit obsolete.",
      "count": 1,
      "end_time": 1714.6,
      "start_time": 1710.71
    },
    "target": {
      "act": "Well, hopefully we're uh we're ahead of the curve.",
      "count": 1,
      "end_time": 1719.87,
      "start_time": 1715.51
    },
    "type": "Support/Possitive Assessment"
  },
  {
    "source": {
      "act": "That could also be built into the T_V_ though, which might make our remote control a bit obsolete.",
      "count": 1,
      "end_time": 1714.6,
      "start_time": 1710.71
    },
    "target": {
      "act": "It might do us out of a job.",
      "count": 1,
      "end_time": 1719.85,
      "start_time": 1716.23
    },
    "type": "Support/Possitive Assessment"
  },
  {
    "source": {
      "act": "Well, hopefully we're uh we're ahead of the curve.",
      "count": 1,
      "end_time": 1719.87,
      "start_time": 1715.51
    },
    "target": {
      "act": "Yeah, okay.",
      "count": 1,
      "end_time": 1719.01,
      "start_time": 1717.72
    },
    "type": "Support/Possitive Assessment"
  },
  {
    "source": {
      "act": "and that also kind of takes out the speech recognition in terms of the interference of it not working very well and things like that,",
      "count": 1,
      "end_time": 1744.88,
      "start_time": 1737.87
    },
    "target": {
      "act": "And the expense.",
      "count": 1,
      "end_time": 1745.51,
      "start_time": 1744.64
    },
    "type": "Support/Possitive Assessment"
  },
  {
    "source": {
      "act": "And the expense.",
      "count": 1,
      "end_time": 1745.51,
      "start_time": 1744.64
    },
    "target": {
      "act": "yeah and expense and the time.",
      "count": 1,
      "end_time": 1747.44,
      "start_time": 1745.59
    },
    "type": "Support/Possitive Assessment"
  },
  {
    "source": {
      "act": "and how are you about the glow in the dark material?",
      "count": 1,
      "end_time": 1779.23,
      "start_time": 1776.87
    },
    "target": {
      "act": "Maybe not even all of it",
      "count": 1,
      "end_time": 1782.25,
      "start_time": 1781.12
    },
    "type": "Support/Possitive Assessment"
  },
  {
    "source": {
      "act": "so maybe um just like a little l line that's kind of around the outside and then you can make the rest a different colour.",
      "count": 1,
      "end_time": 1791.55,
      "start_time": 1784.98
    },
    "target": {
      "act": "Contrast contra well.",
      "count": 1,
      "end_time": 1792.55,
      "start_time": 1790.96
    },
    "type": "Support/Possitive Assessment"
  },
  {
    "source": {
      "act": "so maybe um just like a little l line that's kind of around the outside and then you can make the rest a different colour.",
      "count": 1,
      "end_time": 1791.55,
      "start_time": 1784.98
    },
    "target": {
      "act": "Yeah, no th the material's cheap but it's just uh the the glow in the dark material needs some light to charge it you know,",
      "count": 1,
      "end_time": 1799.22,
      "start_time": 1791.8
    },
    "type": "Partial agreement/support"
  },
  {
    "source": {
      "act": "Yeah, no th the material's cheap but it's just uh the the glow in the dark material needs some light to charge it you know,",
      "count": 1,
      "end_time": 1799.22,
      "start_time": 1791.8
    },
    "target": {
      "act": "Yeah, okay.",
      "count": 1,
      "end_time": 1799.99,
      "start_time": 1799.28
    },
    "type": "Support/Possitive Assessment"
  },
  {
    "source": {
      "act": "and then uh if you're, if you're sitting in the dark for too long it uh it won't glow any more.",
      "count": 1,
      "end_time": 1804.01,
      "start_time": 1799.22
    },
    "target": {
      "act": "yeah.",
      "count": 1,
      "end_time": 1803.53,
      "start_time": 1802.38
    },
    "type": "Support/Possitive Assessment"
  },
  {
    "source": {
      "act": "and then uh if you're, if you're sitting in the dark for too long it uh it won't glow any more.",
      "count": 1,
      "end_time": 1804.01,
      "start_time": 1799.22
    },
    "target": {
      "act": "Or if it's down under the couch cushions",
      "count": 1,
      "end_time": 1805.51,
      "start_time": 1803.53
    },
    "type": "Support/Possitive Assessment"
  },
  {
    "source": {
      "act": "we can still use the glow in the dark as a gimmick essentially,",
      "count": 1,
      "end_time": 1815.26,
      "start_time": 1812.05
    },
    "target": {
      "act": "Yeah,",
      "count": 1,
      "end_time": 1815.07,
      "start_time": 1814.45
    },
    "type": "Support/Possitive Assessment"
  },
  {
    "source": {
      "act": "slogan.",
      "count": 1,
      "end_time": 1825.54,
      "start_time": 1824.1
    },
    "target": {
      "act": "Slogan, yeah.",
      "count": 1,
      "end_time": 1825.12,
      "start_time": 1824.38
    },
    "type": "Support/Possitive Assessment"
  },
  {
    "source": {
      "act": "and we can have sort of a a a trimming as well, of the glow in the dark material, just as gimmickyness.",
      "count": 1,
      "end_time": 1837.29,
      "start_time": 1829.96
    },
    "target": {
      "act": "'Cause yeah, that w more than finding it, that was more like you know if you're watching a film in the dark, you can um still see the remote control.",
      "count": 1,
      "end_time": 1844.33,
      "start_time": 1835.19
    },
    "type": "Support/Possitive Assessment"
  },
  {
    "source": {
      "act": "'Cause yeah, that w more than finding it, that was more like you know if you're watching a film in the dark, you can um still see the remote control.",
      "count": 1,
      "end_time": 1844.33,
      "start_time": 1835.19
    },
    "target": {
      "act": "Alright, so n sorta if if if we're gon if we're gonna go with the idea of um uh of feedback, sort of remote finder, then that kinda stuffs that one out then.",
      "count": 1,
      "end_time": 1858.84,
      "start_time": 1844.54
    },
    "type": "Support/Possitive Assessment"
  },
  {
    "source": {
      "act": "Do you think?",
      "count": 1,
      "end_time": 1860.25,
      "start_time": 1859.94
    },
    "target": {
      "act": "Mm.",
      "count": 1,
      "end_time": 1862.51,
      "start_time": 1861.33
    },
    "type": "Uncertain"
  },
  {
    "source": {
      "act": "Uh it makes it fairly unnecessary then.",
      "count": 1,
      "end_time": 1864.18,
      "start_time": 1862.09
    },
    "target": {
      "act": "Yeah, unnecessary. Yeah.",
      "count": 1,
      "end_time": 1865.01,
      "start_time": 1863.68
    },
    "type": "Support/Possitive Assessment"
  },
  {
    "source": {
      "act": "Yeah, unnecessary. Yeah.",
      "count": 1,
      "end_time": 1865.01,
      "start_time": 1863.68
    },
    "target": {
      "act": "Okay.",
      "count": 1,
      "end_time": 1865.77,
      "start_time": 1864.18
    },
    "type": "Support/Possitive Assessment"
  },
  {
    "source": {
      "act": "do we want to go with the T_F_T_ idea or the is that far too expensive?",
      "count": 1,
      "end_time": 1879.29,
      "start_time": 1870.91
    },
    "target": {
      "act": "Um yeah we're getting a lot of features now,",
      "count": 1,
      "end_time": 1877.79,
      "start_time": 1875.24
    },
    "type": "Uncertain"
  },
  {
    "source": {
      "act": "Well I mean I think I think the sort of find the finder things I mean it's uh I could probably write the circuit diagram for that myself.",
      "count": 1,
      "end_time": 1887.07,
      "start_time": 1879.29
    },
    "target": {
      "act": "Well, I think a consideration too is that these uh remotes get abused a lot,",
      "count": 1,
      "end_time": 1892.73,
      "start_time": 1888.52
    },
    "type": "Objection/Negative Assessment"
  },
  {
    "source": null,
    "target": {
      "act": "So is that one of our definite requirements that they wa that it needs a T_F_T_ screen?",
      "count": 1,
      "end_time": 1904.74,
      "start_time": 1899.95
    },
    "type": "Support/Possitive Assessment"
  },
  {
    "source": {
      "act": "So is that one of our definite requirements that they wa that it needs a T_F_T_ screen?",
      "count": 1,
      "end_time": 1904.74,
      "start_time": 1899.95
    },
    "target": {
      "act": "Um no, I mean that was going on ravs uh Raj's sort of um marketing research I guess.",
      "count": 1,
      "end_time": 1911.77,
      "start_time": 1904.17
    },
    "type": "Support/Possitive Assessment"
  },
  {
    "source": {
      "act": "Totally, it takes cheap speech recognition,",
      "count": 1,
      "end_time": 1951.66,
      "start_time": 1949.22
    },
    "target": {
      "act": "Um I think we're gonna scratch the speech recognition as a bit of a",
      "count": 1,
      "end_time": 1956.18,
      "start_time": 1951.67
    },
    "type": "Support/Possitive Assessment"
  },
  {
    "source": {
      "act": "Um I think we're gonna scratch the speech recognition as a bit of a",
      "count": 1,
      "end_time": 1956.18,
      "start_time": 1951.67
    },
    "target": {
      "act": "Yeah you think so?",
      "count": 1,
      "end_time": 1958.08,
      "start_time": 1957.29
    },
    "type": "Uncertain"
  },
  {
    "source": {
      "act": "no?",
      "count": 1,
      "end_time": 1959.63,
      "start_time": 1959.32
    },
    "target": {
      "act": "Oh no it's it's much cheaper than the T_F_T_, it's just a microphone and some some integrated circuits.",
      "count": 1,
      "end_time": 1965.2,
      "start_time": 1959.73
    },
    "type": "Objection/Negative Assessment"
  },
  {
    "source": {
      "act": "Oh no it's it's much cheaper than the T_F_T_, it's just a microphone and some some integrated circuits.",
      "count": 1,
      "end_time": 1965.2,
      "start_time": 1959.73
    },
    "target": {
      "act": "Oh right, okay.",
      "count": 1,
      "end_time": 1963.41,
      "start_time": 1962.76
    },
    "type": "Support/Possitive Assessment"
  },
  {
    "source": {
      "act": "And it'd it'd be a small vocabulary speech recognition system,",
      "count": 1,
      "end_time": 1969.29,
      "start_time": 1966.2
    },
    "target": {
      "act": "Oh right, okay.",
      "count": 1,
      "end_time": 1972.18,
      "start_time": 1969.81
    },
    "type": "Support/Possitive Assessment"
  },
  {
    "source": null,
    "target": {
      "act": "No-one does.",
      "count": 1,
      "end_time": 1992.16,
      "start_time": 1991.26
    },
    "type": "Support/Possitive Assessment"
  },
  {
    "source": null,
    "target": {
      "act": "Excellent,",
      "count": 1,
      "end_time": 1993.08,
      "start_time": 1992.16
    },
    "type": "Support/Possitive Assessment"
  },
  {
    "source": {
      "act": "so we'll go with speech recognition, yeah?",
      "count": 1,
      "end_time": 1996.2,
      "start_time": 1993.08
    },
    "target": {
      "act": "Yeah.",
      "count": 1,
      "end_time": 1995.66,
      "start_time": 1995.4
    },
    "type": "Support/Possitive Assessment"
  },
  {
    "source": {
      "act": "so we'll go with speech recognition, yeah?",
      "count": 1,
      "end_time": 1996.2,
      "start_time": 1993.08
    },
    "target": {
      "act": "Mm-hmm, that's cool.",
      "count": 1,
      "end_time": 1996.52,
      "start_time": 1995.41
    },
    "type": "Support/Possitive Assessment"
  },
  {
    "source": {
      "act": "so we'll go with speech recognition, yeah?",
      "count": 1,
      "end_time": 1996.2,
      "start_time": 1993.08
    },
    "target": {
      "act": "Okay.",
      "count": 1,
      "end_time": 1996.97,
      "start_time": 1995.86
    },
    "type": "Support/Possitive Assessment"
  },
  {
    "source": {
      "act": "And what else was I thinking of that I haven't written down and therefore fallen out my head,",
      "count": 1,
      "end_time": 2007.11,
      "start_time": 2003.32
    },
    "target": {
      "act": "Glow in dark.",
      "count": 1,
      "end_time": 2013.02,
      "start_time": 2012.07
    },
    "type": "Support/Possitive Assessment"
  },
  {
    "source": {
      "act": "Glow in dark.",
      "count": 1,
      "end_time": 2013.02,
      "start_time": 2012.07
    },
    "target": {
      "act": "if it's not too expensive s I think it's a good gimmick.",
      "count": 1,
      "end_time": 2017.18,
      "start_time": 2014.88
    },
    "type": "Support/Possitive Assessment"
  },
  {
    "source": {
      "act": "if it's not too expensive s I think it's a good gimmick.",
      "count": 1,
      "end_time": 2017.18,
      "start_time": 2014.88
    },
    "target": {
      "act": "Uh o okay.",
      "count": 1,
      "end_time": 2018.06,
      "start_time": 2016.47
    },
    "type": "Support/Possitive Assessment"
  },
  {
    "source": {
      "act": "Um can you put all these reports in the project documents folder if they're not already in there as well.",
      "count": 1,
      "end_time": 2031.98,
      "start_time": 2026.81
    },
    "target": {
      "act": "Yeah yeah.",
      "count": 1,
      "end_time": 2034.1,
      "start_time": 2033.21
    },
    "type": "Support/Possitive Assessment"
  },
  {
    "source": {
      "act": "Um can you put all these reports in the project documents folder if they're not already in there as well.",
      "count": 1,
      "end_time": 2031.98,
      "start_time": 2026.81
    },
    "target": {
      "act": "Here? Sure.",
      "count": 1,
      "end_time": 2034.68,
      "start_time": 2033.23
    },
    "type": "Support/Possitive Assessment"
  },
  {
    "source": {
      "act": "Um can you put all these reports in the project documents folder if they're not already in there as well.",
      "count": 1,
      "end_time": 2031.98,
      "start_time": 2026.81
    },
    "target": {
      "act": "And where is it sorry?",
      "count": 1,
      "end_time": 2043.44,
      "start_time": 2042.26
    },
    "type": "Uncertain"
  },
  {
    "source": {
      "act": "And where is it sorry?",
      "count": 1,
      "end_time": 2043.44,
      "start_time": 2042.26
    },
    "target": {
      "act": "Uh pro uh project documents.",
      "count": 1,
      "end_time": 2045.29,
      "start_time": 2043.43
    },
    "type": "Support/Possitive Assessment"
  },
  {
    "source": {
      "act": "Uh pro uh project documents.",
      "count": 1,
      "end_time": 2045.29,
      "start_time": 2043.43
    },
    "target": {
      "act": "So it should be when you save",
      "count": 1,
      "end_time": 2049.65,
      "start_time": 2047.79
    },
    "type": "Support/Possitive Assessment"
  },
  {
    "source": {
      "act": "And where is it sorry?",
      "count": 1,
      "end_time": 2043.44,
      "start_time": 2042.26
    },
    "target": {
      "act": "A_M_I_ scenario controller.",
      "count": 1,
      "end_time": 2050.71,
      "start_time": 2049.28
    },
    "type": "Support/Possitive Assessment"
  },
  {
    "source": {
      "act": "A_M_I_ scenario controller.",
      "count": 1,
      "end_time": 2050.71,
      "start_time": 2049.28
    },
    "target": {
      "act": "on your desktop, so it goes save as, or",
      "count": 1,
      "end_time": 2054.11,
      "start_time": 2051.19
    },
    "type": "Support/Possitive Assessment"
  },
  {
    "source": {
      "act": "on your desktop, so it goes save as, or",
      "count": 1,
      "end_time": 2054.11,
      "start_time": 2051.19
    },
    "target": {
      "act": "Oh.",
      "count": 1,
      "end_time": 2054.23,
      "start_time": 2053.46
    },
    "type": "Support/Possitive Assessment"
  },
  {
    "source": {
      "act": "on your desktop, so it goes save as, or",
      "count": 1,
      "end_time": 2054.11,
      "start_time": 2051.19
    },
    "target": {
      "act": "Uh it is in shared documents?",
      "count": 1,
      "end_time": 2056.03,
      "start_time": 2054.35
    },
    "type": "Uncertain"
  },
  {
    "source": {
      "act": "Projoct uh projector.",
      "count": 1,
      "end_time": 2061.86,
      "start_time": 2060.89
    },
    "target": {
      "act": "Project documents, yeah, it's on your desktop as well.",
      "count": 1,
      "end_time": 2063.42,
      "start_time": 2061.25
    },
    "type": "Support/Possitive Assessment"
  },
  {
    "source": {
      "act": "Right and then project documents.",
      "count": 1,
      "end_time": 2070.75,
      "start_time": 2068.59
    },
    "target": {
      "act": "Okay, cool.",
      "count": 1,
      "end_time": 2071.37,
      "start_time": 2070.61
    },
    "type": "Support/Possitive Assessment"
  },
  {
    "source": {
      "act": "Did you get my email?",
      "count": 1,
      "end_time": 2098.05,
      "start_time": 2097.03
    },
    "target": {
      "act": "I did.",
      "count": 1,
      "end_time": 2101.79,
      "start_time": 2098.79
    },
    "type": "Support/Possitive Assessment"
  },
  {
    "source": {
      "act": "I did.",
      "count": 1,
      "end_time": 2101.79,
      "start_time": 2098.79
    },
    "target": {
      "act": "Just making sure.",
      "count": 1,
      "end_time": 2101.42,
      "start_time": 2100.83
    },
    "type": "Support/Possitive Assessment"
  },
  {
    "source": {
      "act": "and it kind of feels a bit different from all the other remote controls.",
      "count": 1,
      "end_time": 2138.2,
      "start_time": 2133.3
    },
    "target": {
      "act": "More sort of um flesh-like than plasticky sort of.",
      "count": 1,
      "end_time": 2144.32,
      "start_time": 2139.41
    },
    "type": "Support/Possitive Assessment"
  },
  {
    "source": {
      "act": "More sort of um flesh-like than plasticky sort of.",
      "count": 1,
      "end_time": 2144.32,
      "start_time": 2139.41
    },
    "target": {
      "act": "But we have to take care of our children also",
      "count": 1,
      "end_time": 2153.83,
      "start_time": 2151.15
    },
    "type": "Partial agreement/support"
  },
  {
    "source": {
      "act": "So we have to safety point of view also, we have to take care.",
      "count": 1,
      "end_time": 2169.61,
      "start_time": 2165.54
    },
    "target": {
      "act": "Okay, safety.",
      "count": 1,
      "end_time": 2169.52,
      "start_time": 2168.62
    },
    "type": "Support/Possitive Assessment"
  },
  {
    "source": {
      "act": "So we have to safety point of view also, we have to take care.",
      "count": 1,
      "end_time": 2169.61,
      "start_time": 2165.54
    },
    "target": {
      "act": "Oh I think wi with the more organic shape of it it won't be as it won't as have many sharp corners as that, so that's something good, um",
      "count": 1,
      "end_time": 2180.3,
      "start_time": 2169.96
    },
    "type": "Support/Possitive Assessment"
  },
  {
    "source": null,
    "target": {
      "act": "That's a good idea.",
      "count": 1,
      "end_time": 2198.54,
      "start_time": 2196.03
    },
    "type": "Support/Possitive Assessment"
  },
  {
    "source": null,
    "target": {
      "act": "Interesting.",
      "count": 1,
      "end_time": 2199.4,
      "start_time": 2198.54
    },
    "type": "Support/Possitive Assessment"
  },
  {
    "source": {
      "act": "yeah it's gonna have to be it's gonna be have a big yellow foam ball, yeah, sorry.",
      "count": 1,
      "end_time": 2203.39,
      "start_time": 2198.15
    },
    "target": {
      "act": "Oh yellow, yellow ball. Right.",
      "count": 1,
      "end_time": 2203.43,
      "start_time": 2201.6
    },
    "type": "Support/Possitive Assessment"
  },
  {
    "source": {
      "act": "yeah it's gonna have to be it's gonna be have a big yellow foam ball, yeah, sorry.",
      "count": 1,
      "end_time": 2203.39,
      "start_time": 2198.15
    },
    "target": {
      "act": "Yeah, d with the colour, um does it have to be all yellow, do you know?",
      "count": 1,
      "end_time": 2207.57,
      "start_time": 2202.28
    },
    "type": "Uncertain"
  },
  {
    "source": {
      "act": "Yeah, d with the colour, um does it have to be all yellow, do you know?",
      "count": 1,
      "end_time": 2207.57,
      "start_time": 2202.28
    },
    "target": {
      "act": "Please God no.",
      "count": 1,
      "end_time": 2208.94,
      "start_time": 2207.43
    },
    "type": "Support/Possitive Assessment"
  },
  {
    "source": {
      "act": "I think just having it",
      "count": 1,
      "end_time": 2217.36,
      "start_time": 2216.28
    },
    "target": {
      "act": "Having a little bit.",
      "count": 1,
      "end_time": 2219.73,
      "start_time": 2218.03
    },
    "type": "Support/Possitive Assessment"
  },
  {
    "source": {
      "act": "I think just having it",
      "count": 1,
      "end_time": 2217.36,
      "start_time": 2216.28
    },
    "target": {
      "act": "Small logo with the like a small yellow strip or y yellow with the logo in it.",
      "count": 1,
      "end_time": 2224.28,
      "start_time": 2217.94
    },
    "type": "Support/Possitive Assessment"
  },
  {
    "source": {
      "act": "surrounding the logo.",
      "count": 1,
      "end_time": 2219.49,
      "start_time": 2218.25
    },
    "target": {
      "act": "Okay cool.",
      "count": 1,
      "end_time": 2220.37,
      "start_time": 2219.73
    },
    "type": "Support/Possitive Assessment"
  },
  {
    "source": {
      "act": "Small logo with the like a small yellow strip or y yellow with the logo in it.",
      "count": 1,
      "end_time": 2224.28,
      "start_time": 2217.94
    },
    "target": {
      "act": "Mm-hmm, okay.",
      "count": 1,
      "end_time": 2225.93,
      "start_time": 2224.55
    },
    "type": "Support/Possitive Assessment"
  },
  {
    "source": {
      "act": "Twelve thirty.",
      "count": 1,
      "end_time": 2253.33,
      "start_time": 2252.75
    },
    "target": {
      "act": "Okay.",
      "count": 1,
      "end_time": 2255.63,
      "start_time": 2254.15
    },
    "type": "Support/Possitive Assessment"
  },
  {
    "source": {
      "act": "Okay then, lunchtime,",
      "count": 1,
      "end_time": 2263.91,
      "start_time": 2262.58
    },
    "target": {
      "act": "That's good.",
      "count": 1,
      "end_time": 2266.45,
      "start_time": 2265.65
    },
    "type": "Support/Possitive Assessment"
  },
  {
    "source": null,
    "target": {
      "act": "Okay, that felt a bit more like a something with order and and reason to it than the last one.",
      "count": 1,
      "end_time": 2273.48,
      "start_time": 2267.49
    },
    "type": "Support/Possitive Assessment"
  },
  {
    "source": null,
    "target": {
      "act": "This is quite fun actually.",
      "count": 1,
      "end_time": 2277.14,
      "start_time": 2276.18
    },
    "type": "Support/Possitive Assessment"
  },
  {
    "source": null,
    "target": {
      "act": "Wow.",
      "count": 1,
      "end_time": 2278.84,
      "start_time": 2277.16
    },
    "type": "Support/Possitive Assessment"
  },
  {
    "source": {
      "act": "it vibrates.",
      "count": 1,
      "end_time": 2282.39,
      "start_time": 2281.59
    },
    "target": {
      "act": "Yeah, yeah.",
      "count": 1,
      "end_time": 2285.22,
      "start_time": 2283.08
    },
    "type": "Support/Possitive Assessment"
  },
  {
    "source": {
      "act": "Wow you've your first page.",
      "count": 1,
      "end_time": 2286.56,
      "start_time": 2285.22
    },
    "target": {
      "act": "Yeah, got small writing.",
      "count": 1,
      "end_time": 2288.62,
      "start_time": 2286.82
    },
    "type": "Support/Possitive Assessment"
  },
  {
    "source": {
      "act": "I was just writing really big.",
      "count": 1,
      "end_time": 2290.58,
      "start_time": 2286.56
    },
    "target": {
      "act": "Yeah I've been using up the pages.",
      "count": 1,
      "end_time": 2290.75,
      "start_time": 2289.16
    },
    "type": "Support/Possitive Assessment"
  },
  {
    "source": {
      "act": "Yeah I've been using up the pages.",
      "count": 1,
      "end_time": 2290.75,
      "start_time": 2289.16
    },
    "target": {
      "act": "I don't wanna waste it.",
      "count": 1,
      "end_time": 2292.83,
      "start_time": 2291.67
    },
    "type": "Support/Possitive Assessment"
  }
]