[
  {
    "ar_type": "Positive",
    "source": {
      "act": "Well what about this might get a bit too expensive actually, but what about um something that's built into the T_V_ um that you can press and it'll send out a little signal you know like the ones that we can't hear or something um that that will activate the remote control starts to beep.",
      "ae_type": "Open issue",
      "end_time": 1641.55,
      "speaker_id": "D",
      "start_time": 1620.61
    },
    "target": {
      "act": "Ah, that's a good idea.",
      "ae_type": "Statement",
      "end_time": 1636.67,
      "speaker_id": "C",
      "start_time": 1635.54
    }
  },
  {
    "ar_type": "Positive",
    "source": {
      "act": "Well what about this might get a bit too expensive actually, but what about um something that's built into the T_V_ um that you can press and it'll send out a little signal you know like the ones that we can't hear or something um that that will activate the remote control starts to beep.",
      "ae_type": "Open issue",
      "end_time": 1641.55,
      "speaker_id": "D",
      "start_time": 1620.61
    },
    "target": {
      "act": "Right.",
      "ae_type": "Statement",
      "end_time": 1640.75,
      "speaker_id": "A",
      "start_time": 1640.47
    }
  },
  {
    "ar_type": "Elaboration",
    "source": {
      "act": "Well what about this might get a bit too expensive actually, but what about um something that's built into the T_V_ um that you can press and it'll send out a little signal you know like the ones that we can't hear or something um that that will activate the remote control starts to beep.",
      "ae_type": "Open issue",
      "end_time": 1641.55,
      "speaker_id": "D",
      "start_time": 1620.61
    },
    "target": {
      "act": "Right and then it would do just you know, uh subtractive kind of cancellation of the noise. What you could do then would be you have uh a remote controlled by the T_V_ speaker, or not a remo I'm sorry, a microphone by the T_V_ speaker and a transmitter there that sends back to your remote, 'cause you can't um expect uh the the television manufacturers to to put that feature into their T_V_s.",
      "ae_type": "Statement",
      "end_time": 1665.83,
      "speaker_id": "A",
      "start_time": 1643.87
    }
  },
  {
    "ar_type": "Positive",
    "source": {
      "act": "Right and then it would do just you know, uh subtractive kind of cancellation of the noise. What you could do then would be you have uh a remote controlled by the T_V_ speaker, or not a remo I'm sorry, a microphone by the T_V_ speaker and a transmitter there that sends back to your remote, 'cause you can't um expect uh the the television manufacturers to to put that feature into their T_V_s.",
      "ae_type": "Statement",
      "end_time": 1665.83,
      "speaker_id": "A",
      "start_time": 1643.87
    },
    "target": {
      "act": ". Yeah, that's the only thing, yeah.",
      "ae_type": "Statement",
      "end_time": 1666.97,
      "speaker_id": "D",
      "start_time": 1665.05
    }
  },
  {
    "ar_type": "Uncertain",
    "source": {
      "act": "Right and then it would do just you know, uh subtractive kind of cancellation of the noise. What you could do then would be you have uh a remote controlled by the T_V_ speaker, or not a remo I'm sorry, a microphone by the T_V_ speaker and a transmitter there that sends back to your remote, 'cause you can't um expect uh the the television manufacturers to to put that feature into their T_V_s.",
      "ae_type": "Statement",
      "end_time": 1665.83,
      "speaker_id": "A",
      "start_time": 1643.87
    },
    "target": {
      "act": "But yeah, then you have like the little se separate module by the T_V_ speaker",
      "ae_type": "Statement",
      "end_time": 1670.79,
      "speaker_id": "A",
      "start_time": 1666.67
    }
  },
  {
    "ar_type": "Positive",
    "source": {
      "act": "But yeah, then you have like the little se separate module by the T_V_ speaker",
      "ae_type": "Statement",
      "end_time": 1670.79,
      "speaker_id": "A",
      "start_time": 1666.67
    },
    "target": {
      "act": "Right.",
      "ae_type": "Statement",
      "end_time": 1667.01,
      "speaker_id": "C",
      "start_time": 1666.77
    }
  },
  {
    "ar_type": "Elaboration",
    "source": {
      "act": "But yeah, then you have like the little se separate module by the T_V_ speaker",
      "ae_type": "Statement",
      "end_time": 1670.79,
      "speaker_id": "A",
      "start_time": 1666.67
    },
    "target": {
      "act": "That we should just stick on, yeah.",
      "ae_type": "Statement",
      "end_time": 1671.36,
      "speaker_id": "C",
      "start_time": 1669.79
    }
  },
  {
    "ar_type": "Positive",
    "source": {
      "act": "But yeah, then you have like the little se separate module by the T_V_ speaker",
      "ae_type": "Statement",
      "end_time": 1670.79,
      "speaker_id": "A",
      "start_time": 1666.67
    },
    "target": {
      "act": "That comes with our remote control. Yeah.",
      "ae_type": "Statement",
      "end_time": 1673.79,
      "speaker_id": "D",
      "start_time": 1671.4
    }
  },
  {
    "ar_type": "Elaboration",
    "source": {
      "act": "But yeah, then you have like the little se separate module by the T_V_ speaker",
      "ae_type": "Statement",
      "end_time": 1670.79,
      "speaker_id": "A",
      "start_time": 1666.67
    },
    "target": {
      "act": "Right, and then the remote control would know um what's being produced by the television.",
      "ae_type": "Statement",
      "end_time": 1677.13,
      "speaker_id": "A",
      "start_time": 1673.01
    }
  },
  {
    "ar_type": "Positive",
    "source": {
      "act": "Right, and then the remote control would know um what's being produced by the television.",
      "ae_type": "Statement",
      "end_time": 1677.13,
      "speaker_id": "A",
      "start_time": 1673.01
    },
    "target": {
      "act": "Yeah.",
      "ae_type": "Statement",
      "end_time": 1673.62,
      "speaker_id": "C",
      "start_time": 1673.22
    }
  },
  {
    "ar_type": "Positive",
    "source": {
      "act": "Right, and then the remote control would know um what's being produced by the television.",
      "ae_type": "Statement",
      "end_time": 1677.13,
      "speaker_id": "A",
      "start_time": 1673.01
    },
    "target": {
      "act": "And that's a sort of basic R_F_ kind of frequency so it'll be cheap.",
      "ae_type": "Statement",
      "end_time": 1681.07,
      "speaker_id": "C",
      "start_time": 1675.45
    }
  },
  {
    "ar_type": "Positive",
    "source": {
      "act": "And that's a sort of basic R_F_ kind of frequency so it'll be cheap.",
      "ae_type": "Statement",
      "end_time": 1681.07,
      "speaker_id": "C",
      "start_time": 1675.45
    },
    "target": {
      "act": "Right, right.",
      "ae_type": "Statement",
      "end_time": 1679.15,
      "speaker_id": "A",
      "start_time": 1678.56
    }
  },
  {
    "ar_type": "Positive",
    "source": {
      "act": "And that's a sort of basic R_F_ kind of frequency so it'll be cheap.",
      "ae_type": "Statement",
      "end_time": 1681.07,
      "speaker_id": "C",
      "start_time": 1675.45
    },
    "target": {
      "act": "Right, right. Um. Yeah that's certainly possible then",
      "ae_type": "Statement",
      "end_time": 1684.99,
      "speaker_id": "A",
      "start_time": 1681.57
    }
  },
  {
    "ar_type": "Option",
    "source": {
      "act": "Well what about this might get a bit too expensive actually, but what about um something that's built into the T_V_ um that you can press and it'll send out a little signal you know like the ones that we can't hear or something um that that will activate the remote control starts to beep.",
      "ae_type": "Open issue",
      "end_time": 1641.55,
      "speaker_id": "D",
      "start_time": 1620.61
    },
    "target": {
      "act": "another thing was about this losing the remote and trying to find it again. If you do have this sorta speech interface to it, you don't even need to find it. You just say you know, um whatever you whatever you want the remote for, you know to change the channel or to uh turn the T_V_ on and off, you just shout your command to it and it would do it for you if it's within you know, within hearing range. And uh you know it could be somewhere in the room y that you've no idea where it is and it would still do its job.",
      "ae_type": "Statement",
      "end_time": 1710.56,
      "speaker_id": "A",
      "start_time": 1685.21
    }
  },
  {
    "ar_type": "Negative",
    "source": {
      "act": "another thing was about this losing the remote and trying to find it again. If you do have this sorta speech interface to it, you don't even need to find it. You just say you know, um whatever you whatever you want the remote for, you know to change the channel or to uh turn the T_V_ on and off, you just shout your command to it and it would do it for you if it's within you know, within hearing range. And uh you know it could be somewhere in the room y that you've no idea where it is and it would still do its job.",
      "ae_type": "Statement",
      "end_time": 1710.56,
      "speaker_id": "A",
      "start_time": 1685.21
    },
    "target": {
      "act": "That could also be built into the T_V_ though, which might make our remote control a bit obsolete.",
      "ae_type": "Statement",
      "end_time": 1714.6,
      "speaker_id": "D",
      "start_time": 1710.71
    }
  },
  {
    "ar_type": "Positive",
    "source": {
      "act": "That could also be built into the T_V_ though, which might make our remote control a bit obsolete.",
      "ae_type": "Statement",
      "end_time": 1714.6,
      "speaker_id": "D",
      "start_time": 1710.71
    },
    "target": {
      "act": "Yeah. It might do us out of a job.",
      "ae_type": "Statement",
      "end_time": 1719.85,
      "speaker_id": "C",
      "start_time": 1714.7
    }
  },
  {
    "ar_type": "Negative",
    "source": {
      "act": "Yeah. It might do us out of a job.",
      "ae_type": "Statement",
      "end_time": 1719.85,
      "speaker_id": "C",
      "start_time": 1714.7
    },
    "target": {
      "act": "Well, hopefully we're uh we're ahead of the curve.",
      "ae_type": "Statement",
      "end_time": 1719.87,
      "speaker_id": "A",
      "start_time": 1715.51
    }
  },
  {
    "ar_type": "Positive",
    "source": {
      "act": "Well, hopefully we're uh we're ahead of the curve.",
      "ae_type": "Statement",
      "end_time": 1719.87,
      "speaker_id": "A",
      "start_time": 1715.51
    },
    "target": {
      "act": "Yeah, okay.",
      "ae_type": "Statement",
      "end_time": 1719.01,
      "speaker_id": "D",
      "start_time": 1717.72
    }
  }
]