[
  {
    "dialog_act": "well w what I didn't actually realise it was that the uh this is for a specific television. So the all in one idea goes out the window.",
    "dialog_act_end_id": 6,
    "dialog_act_start_id": 5,
    "speaker_id": "C",
    "type": {
      "main_type": "Task",
      "sub_type": "Inform"
    }
  },
  {
    "dialog_act": "now, it was function F_ eight.",
    "dialog_act_end_id": 21,
    "dialog_act_start_id": 21,
    "speaker_id": "C",
    "type": {
      "main_type": "Task",
      "sub_type": "Inform"
    }
  },
  {
    "dialog_act": "f oh sorry F_ eight.",
    "dialog_act_end_id": 11,
    "dialog_act_start_id": 11,
    "speaker_id": "B",
    "type": {
      "main_type": "Other",
      "sub_type": "Other"
    }
  },
  {
    "dialog_act": "and if you just click that it'll go ahead, one at a time.",
    "dialog_act_end_id": 26,
    "dialog_act_start_id": 26,
    "speaker_id": "C",
    "type": {
      "main_type": "Task",
      "sub_type": "Inform"
    }
  },
  {
    "dialog_act": "Uh, yes, I have to look at the uh market potential for this product,",
    "dialog_act_end_id": 21,
    "dialog_act_start_id": 21,
    "speaker_id": "B",
    "type": {
      "main_type": "Task",
      "sub_type": "Inform"
    }
  },
  {
    "dialog_act": "Uh then uh the methodology I adopted to find out all this was market survey.",
    "dialog_act_end_id": 28,
    "dialog_act_start_id": 28,
    "speaker_id": "B",
    "type": {
      "main_type": "Task",
      "sub_type": "Inform"
    }
  },
  {
    "dialog_act": "Seventy five percent of users they do find it that the remote controls available in the market are ugly.",
    "dialog_act_end_id": 31,
    "dialog_act_start_id": 31,
    "speaker_id": "B",
    "type": {
      "main_type": "Task",
      "sub_type": "Inform"
    }
  },
  {
    "dialog_act": "uh we have to take care of this fact also like our design, uh should be appropriate, should be good looking for the consumers.",
    "dialog_act_end_id": 34,
    "dialog_act_start_id": 34,
    "speaker_id": "B",
    "type": {
      "main_type": "Task",
      "sub_type": "Suggest"
    }
  },
  {
    "dialog_act": "Uh and even uh the good thing about this is that eighty percent of users they are willing to pay high uh pay more for this uh good looking remote controls also.",
    "dialog_act_end_id": 36,
    "dialog_act_start_id": 36,
    "speaker_id": "B",
    "type": {
      "main_type": "Task",
      "sub_type": "Inform"
    }
  },
  {
    "dialog_act": "but rather than those having more functions in the remote controls we should emphasise what actually consumer want, what they operate, rather than making it too complicated. Because mostly it has been found that fifty percent of the users they use only ten percent of the buttons,",
    "dialog_act_end_id": 43,
    "dialog_act_start_id": 42,
    "speaker_id": "B",
    "type": {
      "main_type": "Task",
      "sub_type": "Suggest"
    }
  },
  {
    "dialog_act": "Oh you wanna go back? Just escape.",
    "dialog_act_end_id": 32,
    "dialog_act_start_id": 32,
    "speaker_id": "C",
    "type": {
      "main_type": "Task",
      "sub_type": "Inform"
    }
  },
  {
    "dialog_act": "If we look at the costs whether the consumers they are willing to uh pay more for speech recognition in a remote control or not, we can find that they up to a thirty five years age group we have a very good disliking for this uh this uh point, like for speech recognition in a remote control.",
    "dialog_act_end_id": 63,
    "dialog_act_start_id": 63,
    "speaker_id": "B",
    "type": {
      "main_type": "Task",
      "sub_type": "Inform"
    }
  },
  {
    "dialog_act": "because it will definitely enhance our sales in this ag in this particular age group from uh fifteen to thirty five,",
    "dialog_act_end_id": 65,
    "dialog_act_start_id": 65,
    "speaker_id": "B",
    "type": {
      "main_type": "Task",
      "sub_type": "Inform"
    }
  },
  {
    "dialog_act": "They find that thirt uh thirty five percent uh thirty four percent of the consumers they find too difficult to operate a remote control.",
    "dialog_act_end_id": 75,
    "dialog_act_start_id": 75,
    "speaker_id": "B",
    "type": {
      "main_type": "Task",
      "sub_type": "Inform"
    }
  },
  {
    "dialog_act": "Yeah. No signal.",
    "dialog_act_end_id": 24,
    "dialog_act_start_id": 24,
    "speaker_id": "D",
    "type": {
      "main_type": "Task",
      "sub_type": "Inform"
    }
  },
  {
    "dialog_act": "Computer adjusting, yeah.",
    "dialog_act_end_id": 101,
    "dialog_act_start_id": 101,
    "speaker_id": "B",
    "type": {
      "main_type": "Task",
      "sub_type": "Assess"
    }
  },
  {
    "dialog_act": "Um, F_ five and escape'll bring it back and just uh the left button for advancing.",
    "dialog_act_end_id": 57,
    "dialog_act_start_id": 57,
    "speaker_id": "C",
    "type": {
      "main_type": "Task",
      "sub_type": "Inform"
    }
  },
  {
    "dialog_act": "uh I'm concerned with um w what effect the apparatus should have on the user",
    "dialog_act_end_id": 32,
    "dialog_act_start_id": 32,
    "speaker_id": "D",
    "type": {
      "main_type": "Task",
      "sub_type": "Inform"
    }
  },
  {
    "dialog_act": "I want to point out that our motto, put the fashion in electronics,",
    "dialog_act_end_id": 35,
    "dialog_act_start_id": 35,
    "speaker_id": "D",
    "type": {
      "main_type": "Task",
      "sub_type": "Inform"
    }
  },
  {
    "dialog_act": "the basic that was the basic function to send messages to the television set.",
    "dialog_act_end_id": 51,
    "dialog_act_start_id": 51,
    "speaker_id": "D",
    "type": {
      "main_type": "Task",
      "sub_type": "Inform"
    }
  },
  {
    "dialog_act": "but I've got some pictures here of some leading ones.",
    "dialog_act_end_id": 54,
    "dialog_act_start_id": 54,
    "speaker_id": "D",
    "type": {
      "main_type": "Task",
      "sub_type": "Inform"
    }
  },
  {
    "dialog_act": "These are two leading um remote controls at the moment.",
    "dialog_act_end_id": 59,
    "dialog_act_start_id": 59,
    "speaker_id": "D",
    "type": {
      "main_type": "Task",
      "sub_type": "Inform"
    }
  },
  {
    "dialog_act": "I mean this one's got loads of buttons,",
    "dialog_act_end_id": 62,
    "dialog_act_start_id": 62,
    "speaker_id": "D",
    "type": {
      "main_type": "Task",
      "sub_type": "Inform"
    }
  },
  {
    "dialog_act": "Um, personally I prefer this one just because it's looks easier use, it's a bit more sleek with more of this silver stuff,",
    "dialog_act_end_id": 66,
    "dialog_act_start_id": 65,
    "speaker_id": "D",
    "type": {
      "main_type": "Task",
      "sub_type": "Assess"
    }
  },
  {
    "dialog_act": "Um, well I think we need to l I think the ergonomics is quite um important, um",
    "dialog_act_end_id": 74,
    "dialog_act_start_id": 74,
    "speaker_id": "D",
    "type": {
      "main_type": "Task",
      "sub_type": "Assess"
    }
  },
  {
    "dialog_act": "And um I thought not too edgy and like a box,",
    "dialog_act_end_id": 76,
    "dialog_act_start_id": 76,
    "speaker_id": "D",
    "type": {
      "main_type": "Task",
      "sub_type": "Suggest"
    }
  },
  {
    "dialog_act": "so I think what we can miss out on the buttons we can make up for in design and and how nice it looks.",
    "dialog_act_end_id": 82,
    "dialog_act_start_id": 82,
    "speaker_id": "D",
    "type": {
      "main_type": "Task",
      "sub_type": "Assess"
    }
  },
  {
    "dialog_act": "was maybe a bit of a gimmick to set us apart from other people, like glow-in-the-dark",
    "dialog_act_end_id": 92,
    "dialog_act_start_id": 92,
    "speaker_id": "D",
    "type": {
      "main_type": "Task",
      "sub_type": "Suggest"
    }
  },
  {
    "dialog_act": "Easy finder with the a whistle function or something, or rechargeable station because it's a pain when you run out of batteries.",
    "dialog_act_end_id": 95,
    "dialog_act_start_id": 94,
    "speaker_id": "D",
    "type": {
      "main_type": "Task",
      "sub_type": "Suggest"
    }
  },
  {
    "dialog_act": "and uh I was just curious to know, have we done any research into how many people can whistle?",
    "dialog_act_end_id": 8,
    "dialog_act_start_id": 8,
    "speaker_id": "A",
    "type": {
      "main_type": "Elicit",
      "sub_type": "Elicit-Inform"
    }
  },
  {
    "dialog_act": "is that a function we want in the remote?",
    "dialog_act_end_id": 10,
    "dialog_act_start_id": 10,
    "speaker_id": "A",
    "type": {
      "main_type": "Elicit",
      "sub_type": "Elicit-Assessment"
    }
  },
  {
    "dialog_act": "you could have the basically um instead of a whistle if it's got the voice recognition you could have it just, you know, where are you?.",
    "dialog_act_end_id": 97,
    "dialog_act_start_id": 97,
    "speaker_id": "C",
    "type": {
      "main_type": "Task",
      "sub_type": "Suggest"
    }
  },
  {
    "dialog_act": "Um a much easier thing is just any loud noise like clapping um, shouting, you know, uh and then, what would the response be? It beeps back at you or something?",
    "dialog_act_end_id": 18,
    "dialog_act_start_id": 17,
    "speaker_id": "A",
    "type": {
      "main_type": "Task",
      "sub_type": "Inform"
    }
  },
  {
    "dialog_act": "Oh you need to twiddle the thingamibobsy thing.",
    "dialog_act_end_id": 108,
    "dialog_act_start_id": 108,
    "speaker_id": "D",
    "type": {
      "main_type": "Task",
      "sub_type": "Inform"
    }
  },
  {
    "dialog_act": "So I plug it in, press F_ five?",
    "dialog_act_end_id": 21,
    "dialog_act_start_id": 21,
    "speaker_id": "A",
    "type": {
      "main_type": "Elicit",
      "sub_type": "Elicit-Inform"
    }
  },
  {
    "dialog_act": "and I jotted down some notes as to what are the b needs and uh what kind of novel features we can add to differentiate our product from the others.",
    "dialog_act_end_id": 31,
    "dialog_act_start_id": 31,
    "speaker_id": "A",
    "type": {
      "main_type": "Task",
      "sub_type": "Inform"
    }
  },
  {
    "dialog_act": "And uh a novel feature which uh we just brought up was this this automatic speech recognition feature or noise detection feature for when you lose the remote, there could be a little microphone on it, and any noise over a certain threshold um it'll pick up as a a distress signal um from you and it'll beep back and say you know oh here I am or something of this sort.",
    "dialog_act_end_id": 40,
    "dialog_act_start_id": 37,
    "speaker_id": "A",
    "type": {
      "main_type": "Task",
      "sub_type": "Inform"
    }
  },
  {
    "dialog_act": "But sure surely that would have to be um sort of specific rather than above a threshold 'cause if you had a loud movie on you're likely to get it beeping back at you.",
    "dialog_act_end_id": 107,
    "dialog_act_start_id": 107,
    "speaker_id": "C",
    "type": {
      "main_type": "Task",
      "sub_type": "Assess"
    }
  },
  {
    "dialog_act": "and then as for the user interface it should be trendy,",
    "dialog_act_end_id": 47,
    "dialog_act_start_id": 47,
    "speaker_id": "A",
    "type": {
      "main_type": "Task",
      "sub_type": "Inform"
    }
  },
  {
    "dialog_act": "right, so more low tech and not too many buttons.",
    "dialog_act_end_id": 49,
    "dialog_act_start_id": 49,
    "speaker_id": "A",
    "type": {
      "main_type": "Task",
      "sub_type": "Inform"
    }
  },
  {
    "dialog_act": "So I think I I missed the budget thing, it was fifty million Euros?",
    "dialog_act_end_id": 70,
    "dialog_act_start_id": 69,
    "speaker_id": "A",
    "type": {
      "main_type": "Task",
      "sub_type": "Inform"
    }
  },
  {
    "dialog_act": "so we're making that at twelve and a half Euros a time.",
    "dialog_act_end_id": 124,
    "dialog_act_start_id": 124,
    "speaker_id": "C",
    "type": {
      "main_type": "Task",
      "sub_type": "Inform"
    }
  },
  {
    "dialog_act": "Well I guess more realistically then, we need a product that's got some kinda nifty outer casing,",
    "dialog_act_end_id": 75,
    "dialog_act_start_id": 75,
    "speaker_id": "A",
    "type": {
      "main_type": "Task",
      "sub_type": "Suggest"
    }
  },
  {
    "dialog_act": "An energy source which'd probably just be uh your regular batteries",
    "dialog_act_end_id": 78,
    "dialog_act_start_id": 78,
    "speaker_id": "A",
    "type": {
      "main_type": "Task",
      "sub_type": "Suggest"
    }
  },
  {
    "dialog_act": "cheap plastic uh, you know,",
    "dialog_act_end_id": 76,
    "dialog_act_start_id": 76,
    "speaker_id": "A",
    "type": {
      "main_type": "Task",
      "sub_type": "Suggest"
    }
  },
  {
    "dialog_act": "Would it be possible to have the rechargeable idea?",
    "dialog_act_end_id": 126,
    "dialog_act_start_id": 126,
    "speaker_id": "C",
    "type": {
      "main_type": "Elicit",
      "sub_type": "Elicit-Inform"
    }
  },
  {
    "dialog_act": "Yeah, yeah, we could do that too.",
    "dialog_act_end_id": 81,
    "dialog_act_start_id": 81,
    "speaker_id": "A",
    "type": {
      "main_type": "Task",
      "sub_type": "Assess"
    }
  },
  {
    "dialog_act": "Or a little base station or something,.",
    "dialog_act_end_id": 130,
    "dialog_act_start_id": 130,
    "speaker_id": "D",
    "type": {
      "main_type": "Task",
      "sub_type": "Suggest"
    }
  },
  {
    "dialog_act": "uh the canonical user interface for these would be just a bunch of buttons, but since we're a cutting edge company, we uh of course will have alternatives like uh speech recognition, whistling recognition and rocket power",
    "dialog_act_end_id": 89,
    "dialog_act_start_id": 88,
    "speaker_id": "A",
    "type": {
      "main_type": "Task",
      "sub_type": "Inform"
    }
  },
  {
    "dialog_act": "Um and lastly the transmission interface is uh, just some engineering thing you don't have to worry about. Um so here's you know, a great schematic that my uh apprentice designer gave me.",
    "dialog_act_end_id": 92,
    "dialog_act_start_id": 91,
    "speaker_id": "A",
    "type": {
      "main_type": "Task",
      "sub_type": "Inform"
    }
  },
  {
    "dialog_act": "uh personal preferences, I think uh programmable options which um just require a small amount of memory,",
    "dialog_act_end_id": 98,
    "dialog_act_start_id": 98,
    "speaker_id": "A",
    "type": {
      "main_type": "Task",
      "sub_type": "Suggest"
    }
  },
  {
    "dialog_act": "just um so the user can put in their favourite channels and maybe their preferred volume settings so that when they turn it on it's not blasting.",
    "dialog_act_end_id": 100,
    "dialog_act_start_id": 100,
    "speaker_id": "A",
    "type": {
      "main_type": "Task",
      "sub_type": "Suggest"
    }
  },
  {
    "dialog_act": "And the uh, the bells and whistles that we mentioned you know, they take more budgeting, um more technical uh expenditure of effort and it's also much more likely to not work if if we add these bells and whistles.",
    "dialog_act_end_id": 103,
    "dialog_act_start_id": 102,
    "speaker_id": "A",
    "type": {
      "main_type": "Task",
      "sub_type": "Inform"
    }
  },
  {
    "dialog_act": "Right, also so um a notice I got not very long before the meeting,",
    "dialog_act_end_id": 144,
    "dialog_act_start_id": 144,
    "speaker_id": "C",
    "type": {
      "main_type": "Task",
      "sub_type": "Inform"
    }
  },
  {
    "dialog_act": "We had that um to dis-include teletext um because it's become outdated, and everybody uses the internet anyway.",
    "dialog_act_end_id": 153,
    "dialog_act_start_id": 153,
    "speaker_id": "C",
    "type": {
      "main_type": "Task",
      "sub_type": "Inform"
    }
  },
  {
    "dialog_act": "Um it's only for the television,",
    "dialog_act_end_id": 155,
    "dialog_act_start_id": 155,
    "speaker_id": "C",
    "type": {
      "main_type": "Task",
      "sub_type": "Inform"
    }
  },
  {
    "dialog_act": "and um instead of colours and sorta colour options, they want corporate colour and slogan somehow implemented in the new design.",
    "dialog_act_end_id": 157,
    "dialog_act_start_id": 157,
    "speaker_id": "C",
    "type": {
      "main_type": "Task",
      "sub_type": "Inform"
    }
  },
  {
    "dialog_act": "Um, everything, all their sort of uh you know the uh corporate website and everything's yellow. And the logo uh the sort of slogan we put the fa fashion in electronics uh",
    "dialog_act_end_id": 161,
    "dialog_act_start_id": 160,
    "speaker_id": "C",
    "type": {
      "main_type": "Task",
      "sub_type": "Inform"
    }
  },
  {
    "dialog_act": "Okay, so, we have to decide on which functions we're going to actually have.",
    "dialog_act_end_id": 166,
    "dialog_act_start_id": 166,
    "speaker_id": "C",
    "type": {
      "main_type": "Task",
      "sub_type": "Suggest"
    }
  },
  {
    "dialog_act": "speech recognition potentially, flat screen interface, L_C_D_ interface um we also want to limit the number of buttons",
    "dialog_act_end_id": 172,
    "dialog_act_start_id": 170,
    "speaker_id": "C",
    "type": {
      "main_type": "Task",
      "sub_type": "Inform"
    }
  },
  {
    "dialog_act": "Um so I mean a a the sort of inkling I'm getting from little bits of um web chatter that I'm getting sent is that they're quite interested in a T_F_T_ display, interactive display.",
    "dialog_act_end_id": 189,
    "dialog_act_start_id": 189,
    "speaker_id": "C",
    "type": {
      "main_type": "Task",
      "sub_type": "Inform"
    }
  },
  {
    "dialog_act": "Um glow in the dark, is that sort of with a light inside it or is it sort of glow in the dark material?",
    "dialog_act_end_id": 201,
    "dialog_act_start_id": 201,
    "speaker_id": "C",
    "type": {
      "main_type": "Elicit",
      "sub_type": "Elicit-Offer-Or-Suggestion"
    }
  },
  {
    "dialog_act": "But if we add speech recognition as well as glow in the dark then both these factors will help their locating the remote control,",
    "dialog_act_end_id": 126,
    "dialog_act_start_id": 126,
    "speaker_id": "B",
    "type": {
      "main_type": "Task",
      "sub_type": "Assess"
    }
  },
  {
    "dialog_act": "I know of no products um that use speech recognition well.",
    "dialog_act_end_id": 213,
    "dialog_act_start_id": 213,
    "speaker_id": "C",
    "type": {
      "main_type": "Task",
      "sub_type": "Inform"
    }
  },
  {
    "dialog_act": "but what about um something that's built into the T_V_ um that you can press and it'll send out a little signal",
    "dialog_act_end_id": 180,
    "dialog_act_start_id": 180,
    "speaker_id": "D",
    "type": {
      "main_type": "Task",
      "sub_type": "Suggest"
    }
  },
  {
    "dialog_act": "um that that will activate the remote control starts to beep.",
    "dialog_act_end_id": 182,
    "dialog_act_start_id": 182,
    "speaker_id": "D",
    "type": {
      "main_type": "Task",
      "sub_type": "Suggest"
    }
  },
  {
    "dialog_act": "You just say you know, um whatever you whatever you want the remote for,",
    "dialog_act_end_id": 142,
    "dialog_act_start_id": 142,
    "speaker_id": "A",
    "type": {
      "main_type": "Task",
      "sub_type": "Inform"
    }
  },
  {
    "dialog_act": "you just shout your command to it and it would do it for you if it's within you know, within hearing range.",
    "dialog_act_end_id": 144,
    "dialog_act_start_id": 144,
    "speaker_id": "A",
    "type": {
      "main_type": "Task",
      "sub_type": "Inform"
    }
  },
  {
    "dialog_act": "I like the whole sort of remote feedback thing.",
    "dialog_act_end_id": 233,
    "dialog_act_start_id": 233,
    "speaker_id": "C",
    "type": {
      "main_type": "Task",
      "sub_type": "Assess"
    }
  },
  {
    "dialog_act": "we can still use the glow in the dark as a gimmick essentially,",
    "dialog_act_end_id": 255,
    "dialog_act_start_id": 255,
    "speaker_id": "C",
    "type": {
      "main_type": "Task",
      "sub_type": "Suggest"
    }
  },
  {
    "dialog_act": "and we can have sort of a a a trimming as well, of the glow in the dark material, just as gimmickyness.",
    "dialog_act_end_id": 261,
    "dialog_act_start_id": 261,
    "speaker_id": "C",
    "type": {
      "main_type": "Task",
      "sub_type": "Suggest"
    }
  },
  {
    "dialog_act": "there's a good chance the the T_F_T_ screen would break or uh get damaged.",
    "dialog_act_end_id": 160,
    "dialog_act_start_id": 160,
    "speaker_id": "A",
    "type": {
      "main_type": "Task",
      "sub_type": "Inform"
    }
  },
  {
    "dialog_act": "So we'll stick with sort of programmability um for the buttons that we do have.",
    "dialog_act_end_id": 277,
    "dialog_act_start_id": 277,
    "speaker_id": "C",
    "type": {
      "main_type": "Task",
      "sub_type": "Suggest"
    }
  },
  {
    "dialog_act": "Uh maybe Raj you could find out what people would think about that,",
    "dialog_act_end_id": 182,
    "dialog_act_start_id": 182,
    "speaker_id": "C",
    "type": {
      "main_type": "Task",
      "sub_type": "Suggest"
    }
  },
  {
    "dialog_act": "Um I think we're gonna scratch the speech recognition as a bit of a",
    "dialog_act_end_id": 283,
    "dialog_act_start_id": 283,
    "speaker_id": "C",
    "type": {
      "main_type": "Task",
      "sub_type": "Suggest"
    }
  },
  {
    "dialog_act": "Oh no it's it's much cheaper than the T_F_T_, it's just a microphone and some some integrated circuits.",
    "dialog_act_end_id": 164,
    "dialog_act_start_id": 164,
    "speaker_id": "A",
    "type": {
      "main_type": "Task",
      "sub_type": "Inform"
    }
  },
  {
    "dialog_act": "so we'll go with speech recognition, yeah? Um, speech recognition, limited buttons, organic design.",
    "dialog_act_end_id": 300,
    "dialog_act_start_id": 299,
    "speaker_id": "C",
    "type": {
      "main_type": "Task",
      "sub_type": "Suggest"
    }
  },
  {
    "dialog_act": "Glow in dark.",
    "dialog_act_end_id": 136,
    "dialog_act_start_id": 136,
    "speaker_id": "B",
    "type": {
      "main_type": "Elicit",
      "sub_type": "Elicit-Assessment"
    }
  },
  {
    "dialog_act": "if it's not too expensive s I think it's a good gimmick.",
    "dialog_act_end_id": 215,
    "dialog_act_start_id": 215,
    "speaker_id": "D",
    "type": {
      "main_type": "Task",
      "sub_type": "Assess"
    }
  },
  {
    "dialog_act": "And also, integrating the, remember to integrate the logo and the s slogan.",
    "dialog_act_end_id": 305,
    "dialog_act_start_id": 305,
    "speaker_id": "C",
    "type": {
      "main_type": "Task",
      "sub_type": "Suggest"
    }
  },
  {
    "dialog_act": "getting strings of um information,",
    "dialog_act_end_id": 319,
    "dialog_act_start_id": 319,
    "speaker_id": "C",
    "type": {
      "main_type": "Task",
      "sub_type": "Inform"
    }
  },
  {
    "dialog_act": "I'll try and forward any specific to anybody in particular,",
    "dialog_act_end_id": 321,
    "dialog_act_start_id": 321,
    "speaker_id": "C",
    "type": {
      "main_type": "Other",
      "sub_type": "Offer"
    }
  },
  {
    "dialog_act": "What I thought as well about the material is um maybe not this kind of material, but maybe more like um this kind of rubbery material,",
    "dialog_act_end_id": 223,
    "dialog_act_start_id": 223,
    "speaker_id": "D",
    "type": {
      "main_type": "Task",
      "sub_type": "Suggest"
    }
  },
  {
    "dialog_act": "Um, a bit more durable and that can also be ergonomic",
    "dialog_act_end_id": 226,
    "dialog_act_start_id": 226,
    "speaker_id": "D",
    "type": {
      "main_type": "Task",
      "sub_type": "Assess"
    }
  },
  {
    "dialog_act": "So we have to safety point of view also, we have to take care.",
    "dialog_act_end_id": 147,
    "dialog_act_start_id": 147,
    "speaker_id": "B",
    "type": {
      "main_type": "Task",
      "sub_type": "Suggest"
    }
  },
  {
    "dialog_act": "And I'll see if I can argue with boss about putting the",
    "dialog_act_end_id": 347,
    "dialog_act_start_id": 347,
    "speaker_id": "C",
    "type": {
      "main_type": "Other",
      "sub_type": "Offer"
    }
  },
  {
    "dialog_act": "We put the fashion in electronics",
    "dialog_act_end_id": 353,
    "dialog_act_start_id": 353,
    "speaker_id": "C",
    "type": {
      "main_type": "Task",
      "sub_type": "Inform"
    }
  },
  {
    "dialog_act": "Okay, that felt a bit more like a something with order and and reason to it than the last one.",
    "dialog_act_end_id": 362,
    "dialog_act_start_id": 362,
    "speaker_id": "C",
    "type": {
      "main_type": "Task",
      "sub_type": "Assess"
    }
  },
  {
    "dialog_act": "Oh, everybody needs k questionnaire.",
    "dialog_act_end_id": 370,
    "dialog_act_start_id": 370,
    "speaker_id": "C",
    "type": {
      "main_type": "Task",
      "sub_type": "Inform"
    }
  }
]