{
  "abs_summ": {
    "abs_summs_count": 14,
    "ext_summs_count": 123
  },
  "ap": [
    [
      {
        "act": "well w what I didn't actually realise it was that the uh this is for a specific television.",
        "end_time": 29.1,
        "is_in_ext_summ": false,
        "start_time": 21.62
      },
      {
        "act": "Okay.",
        "end_time": 28.54,
        "is_in_ext_summ": false,
        "start_time": 28.17
      }
    ],
    [
      {
        "act": "were you anybody got, raring to go?",
        "end_time": 52.16,
        "is_in_ext_summ": false,
        "start_time": 48.17
      },
      {
        "act": "Yeah.",
        "end_time": 51.99,
        "is_in_ext_summ": false,
        "start_time": 50.86
      }
    ],
    [
      {
        "act": "Raring to go?",
        "end_time": 52.93,
        "is_in_ext_summ": false,
        "start_time": 52.16
      },
      {
        "act": "Yeah.",
        "end_time": 52.19,
        "is_in_ext_summ": false,
        "start_time": 51.99
      },
      {
        "act": "Okay. Good stuff.",
        "end_time": 55.49,
        "is_in_ext_summ": false,
        "start_time": 52.93
      }
    ],
    [
      {
        "act": "Um. So how",
        "end_time": 64.14,
        "is_in_ext_summ": false,
        "start_time": 62.72
      },
      {
        "act": "Oh I need to plug you in.",
        "end_time": 71.59,
        "is_in_ext_summ": false,
        "start_time": 63.47
      }
    ],
    [
      {
        "act": "So, after that?",
        "end_time": 96.56,
        "is_in_ext_summ": false,
        "start_time": 94.87
      },
      {
        "act": "now, it was function F_ eight.",
        "end_time": 98.24,
        "is_in_ext_summ": true,
        "start_time": 94.47
      },
      {
        "act": "F_ eight.",
        "end_time": 99.31,
        "is_in_ext_summ": false,
        "start_time": 98.58
      },
      {
        "act": "That's the wee blue one.",
        "end_time": 101.87,
        "is_in_ext_summ": false,
        "start_time": 100.97
      }
    ],
    [
      {
        "act": "Hold on, sorry.",
        "end_time": 128.0,
        "is_in_ext_summ": false,
        "start_time": 127.14
      },
      {
        "act": "sorry, yeah sure.",
        "end_time": 128.62,
        "is_in_ext_summ": false,
        "start_time": 127.07
      }
    ],
    [
      {
        "act": "and if you just click that it'll go ahead, one at a time.",
        "end_time": 132.65,
        "is_in_ext_summ": true,
        "start_time": 130.12
      },
      {
        "act": "Yeah, yeah.",
        "end_time": 133.41,
        "is_in_ext_summ": false,
        "start_time": 132.1
      }
    ],
    [
      {
        "act": "P press F_ five to start it first.",
        "end_time": 163.35,
        "is_in_ext_summ": false,
        "start_time": 161.18
      },
      {
        "act": "Okay. Yeah, I can, okay.",
        "end_time": 169.56,
        "is_in_ext_summ": false,
        "start_time": 164.98
      }
    ],
    [
      {
        "act": "which maybe which may seem quite high but if our looks are are if the re remote control we design have a good better uh better look uh designs, then we can hope that consumers will prefer these g remote controls.",
        "end_time": 264.53,
        "is_in_ext_summ": false,
        "start_time": 250.06
      },
      {
        "act": "Excellent.",
        "end_time": 264.12,
        "is_in_ext_summ": false,
        "start_time": 263.73
      }
    ],
    [
      {
        "act": "Uh it was function I want to go to.",
        "end_time": 328.41,
        "is_in_ext_summ": false,
        "start_time": 326.39
      },
      {
        "act": "Oh you wanna go back? Just escape.",
        "end_time": 330.43,
        "is_in_ext_summ": true,
        "start_time": 328.36
      }
    ],
    [
      {
        "act": "what was the question for this?",
        "end_time": 346.25,
        "is_in_ext_summ": false,
        "start_time": 345.07
      },
      {
        "act": "Ah t look all the market potential, what uh how we should design consu our remote controls, what they should be there so as to en enhance our profit, enhance our sales.",
        "end_time": 360.28,
        "is_in_ext_summ": false,
        "start_time": 348.84
      }
    ],
    [
      {
        "act": "So these percentages are are what?",
        "end_time": 360.91,
        "is_in_ext_summ": false,
        "start_time": 358.47
      },
      {
        "act": "Yeah, these are different age group persons",
        "end_time": 363.29,
        "is_in_ext_summ": false,
        "start_time": 360.28
      }
    ],
    [
      {
        "act": "Okay. Speech recognition.",
        "end_time": 372.37,
        "is_in_ext_summ": false,
        "start_time": 369.05
      },
      {
        "act": "Uh, yes.",
        "end_time": 371.74,
        "is_in_ext_summ": false,
        "start_time": 369.74
      }
    ],
    [
      {
        "act": "and I uh and I think that most of the users of the rem uh T_V_ are belong to this age group.",
        "end_time": 408.44,
        "is_in_ext_summ": false,
        "start_time": 401.8
      },
      {
        "act": "We're als we we're looking at who buys it as well.",
        "end_time": 412.28,
        "is_in_ext_summ": false,
        "start_time": 409.34
      },
      {
        "act": "Yeah. We can look at that that factor also, so yes.",
        "end_time": 416.95,
        "is_in_ext_summ": false,
        "start_time": 411.92
      }
    ],
    [
      {
        "act": "Uh, which I think the twenty five to thirty five is uh usual, sort of.",
        "end_time": 420.56,
        "is_in_ext_summ": false,
        "start_time": 416.27
      },
      {
        "act": "Yeah.",
        "end_time": 421.67,
        "is_in_ext_summ": false,
        "start_time": 420.77
      },
      {
        "act": "Yes. I think so.",
        "end_time": 435.82,
        "is_in_ext_summ": false,
        "start_time": 432.8
      }
    ],
    [
      {
        "act": "Um, follow on with Helen?",
        "end_time": 492.23,
        "is_in_ext_summ": false,
        "start_time": 489.34
      },
      {
        "act": "Yep, sure, that's cool, um",
        "end_time": 494.78,
        "is_in_ext_summ": false,
        "start_time": 492.36
      }
    ],
    [
      {
        "act": "Yeah we have to take that out.",
        "end_time": 496.75,
        "is_in_ext_summ": false,
        "start_time": 494.81
      },
      {
        "act": "Oh, so we do yeah.",
        "end_time": 498.59,
        "is_in_ext_summ": false,
        "start_time": 495.87
      }
    ],
    [
      {
        "act": "Brian, this one also I. Yeah.",
        "end_time": 509.53,
        "is_in_ext_summ": false,
        "start_time": 507.46
      },
      {
        "act": "Okay.",
        "end_time": 509.49,
        "is_in_ext_summ": false,
        "start_time": 508.96
      }
    ],
    [
      {
        "act": "I can turn my computer quickly if that's okay.",
        "end_time": 514.49,
        "is_in_ext_summ": false,
        "start_time": 511.09
      },
      {
        "act": "If you want me to help, yeah.",
        "end_time": 516.64,
        "is_in_ext_summ": false,
        "start_time": 514.33
      },
      {
        "act": "Um, yep.",
        "end_time": 517.1,
        "is_in_ext_summ": false,
        "start_time": 515.51
      }
    ],
    [
      {
        "act": "Okay, and then what do I press, F_ eight?",
        "end_time": 525.78,
        "is_in_ext_summ": false,
        "start_time": 524.36
      },
      {
        "act": "Uh F_ eight. Function F_ eight.",
        "end_time": 527.73,
        "is_in_ext_summ": false,
        "start_time": 525.73
      },
      {
        "act": "Function F_ eight.",
        "end_time": 527.86,
        "is_in_ext_summ": false,
        "start_time": 526.59
      },
      {
        "act": "Oh right.",
        "end_time": 528.25,
        "is_in_ext_summ": false,
        "start_time": 527.94
      }
    ],
    [
      {
        "act": "Okay, cool.",
        "end_time": 532.77,
        "is_in_ext_summ": false,
        "start_time": 532.26
      },
      {
        "act": "It's not coming.",
        "end_time": 534.26,
        "is_in_ext_summ": false,
        "start_time": 533.17
      },
      {
        "act": "Oh.",
        "end_time": 534.12,
        "is_in_ext_summ": false,
        "start_time": 533.89
      }
    ],
    [
      {
        "act": "Computer adjusting, yeah.",
        "end_time": 549.69,
        "is_in_ext_summ": true,
        "start_time": 548.4
      },
      {
        "act": "Okay. Cool.",
        "end_time": 550.19,
        "is_in_ext_summ": false,
        "start_time": 549.11
      }
    ],
    [
      {
        "act": "Okay and then how do I press the the big one, to get it on to the big",
        "end_time": 557.7,
        "is_in_ext_summ": false,
        "start_time": 554.26
      },
      {
        "act": "Uh F_ five.",
        "end_time": 558.57,
        "is_in_ext_summ": false,
        "start_time": 557.2
      },
      {
        "act": "F_ five",
        "end_time": 558.8,
        "is_in_ext_summ": false,
        "start_time": 558.47
      }
    ],
    [
      {
        "act": "and I press that again to get it off as well do I?",
        "end_time": 561.24,
        "is_in_ext_summ": false,
        "start_time": 558.8
      },
      {
        "act": "Um, F_ five and escape'll bring it back and just uh the left button for advancing.",
        "end_time": 567.51,
        "is_in_ext_summ": true,
        "start_time": 560.84
      },
      {
        "act": "Escape.",
        "end_time": 561.63,
        "is_in_ext_summ": false,
        "start_time": 561.04
      }
    ],
    [
      {
        "act": "Okay, and how do I press n just the next button?",
        "end_time": 600.68,
        "is_in_ext_summ": false,
        "start_time": 597.73
      },
      {
        "act": "Uh just a left uh",
        "end_time": 601.93,
        "is_in_ext_summ": false,
        "start_time": 600.49
      },
      {
        "act": "left mouse button.",
        "end_time": 604.02,
        "is_in_ext_summ": false,
        "start_time": 603.38
      },
      {
        "act": "Okay.",
        "end_time": 603.65,
        "is_in_ext_summ": false,
        "start_time": 602.58
      }
    ],
    [
      {
        "act": "but um maybe that comes up,",
        "end_time": 638.79,
        "is_in_ext_summ": false,
        "start_time": 636.06
      },
      {
        "act": "That can come under Arlo as well.",
        "end_time": 641.26,
        "is_in_ext_summ": false,
        "start_time": 639.59
      }
    ],
    [
      {
        "act": "do I press F_ five is it? escape?",
        "end_time": 661.79,
        "is_in_ext_summ": false,
        "start_time": 659.5
      },
      {
        "act": "Uh if you if you escape then you can see your bar.",
        "end_time": 663.59,
        "is_in_ext_summ": false,
        "start_time": 659.74
      },
      {
        "act": "Oh okay, cool.",
        "end_time": 665.9,
        "is_in_ext_summ": false,
        "start_time": 664.14
      }
    ],
    [
      {
        "act": "and I think we can do much better than that.",
        "end_time": 698.9,
        "is_in_ext_summ": false,
        "start_time": 696.28
      },
      {
        "act": "We hope so.",
        "end_time": 701.56,
        "is_in_ext_summ": false,
        "start_time": 700.81
      },
      {
        "act": "Of course.",
        "end_time": 701.87,
        "is_in_ext_summ": false,
        "start_time": 699.96
      }
    ],
    [
      {
        "act": "Um, well I think we need to l I think the ergonomics is quite um important, um",
        "end_time": 718.13,
        "is_in_ext_summ": true,
        "start_time": 709.69
      },
      {
        "act": "Yeah, particularly if we've uh there was a bit in Raj's about R_S_I_ and things as well.",
        "end_time": 722.85,
        "is_in_ext_summ": false,
        "start_time": 717.71
      },
      {
        "act": "Uh-huh.",
        "end_time": 724.27,
        "is_in_ext_summ": false,
        "start_time": 722.99
      }
    ],
    [
      {
        "act": "more kind of hand-held more um not as uh computery and",
        "end_time": 735.84,
        "is_in_ext_summ": false,
        "start_time": 728.12
      },
      {
        "act": "Organic.",
        "end_time": 736.36,
        "is_in_ext_summ": false,
        "start_time": 735.13
      },
      {
        "act": "or organic, yeah, more organic shape I think.",
        "end_time": 739.12,
        "is_in_ext_summ": false,
        "start_time": 735.84
      }
    ],
    [
      {
        "act": "so I think what we can miss out on the buttons we can make up for in design and and how nice it looks.",
        "end_time": 757.07,
        "is_in_ext_summ": true,
        "start_time": 749.28
      },
      {
        "act": "Sales,.",
        "end_time": 755.38,
        "is_in_ext_summ": false,
        "start_time": 754.08
      }
    ],
    [
      {
        "act": "because T_F_T_ have just um released um I think is it a a remote control for presentations or uh and a big seven inch big screen, anyway, so um",
        "end_time": 775.25,
        "is_in_ext_summ": false,
        "start_time": 761.79
      },
      {
        "act": "Yeah it's like a, yeah.",
        "end_time": 772.34,
        "is_in_ext_summ": false,
        "start_time": 770.8
      }
    ],
    [
      {
        "act": "It's.",
        "end_time": 779.22,
        "is_in_ext_summ": false,
        "start_time": 775.51
      },
      {
        "act": "Yeah, no seven inches isn't that big",
        "end_time": 777.91,
        "is_in_ext_summ": false,
        "start_time": 776.59
      }
    ],
    [
      {
        "act": "and uh m I thought about other functions for T_V_ but as you pointed out people don't actually want that,",
        "end_time": 789.6,
        "is_in_ext_summ": false,
        "start_time": 783.24
      },
      {
        "act": "And also the company want to keep it stuck to the T_V_ for uh to keep down the production time.",
        "end_time": 796.24,
        "is_in_ext_summ": false,
        "start_time": 789.76
      },
      {
        "act": "It's for one T_V_ oh right okay, sure.",
        "end_time": 798.53,
        "is_in_ext_summ": false,
        "start_time": 795.41
      }
    ],
    [
      {
        "act": "was maybe a bit of a gimmick to set us apart from other people, like glow-in-the-dark",
        "end_time": 807.91,
        "is_in_ext_summ": true,
        "start_time": 801.96
      },
      {
        "act": "Exactly. Yeah.",
        "end_time": 808.5,
        "is_in_ext_summ": false,
        "start_time": 807.2
      }
    ],
    [
      {
        "act": "And I think that, yep, that's it.",
        "end_time": 825.45,
        "is_in_ext_summ": false,
        "start_time": 821.78
      },
      {
        "act": "That's cool.",
        "end_time": 826.34,
        "is_in_ext_summ": false,
        "start_time": 824.79
      }
    ],
    [
      {
        "act": "and uh I was just curious to know, have we done any research into how many people can whistle?",
        "end_time": 836.53,
        "is_in_ext_summ": true,
        "start_time": 830.66
      },
      {
        "act": "Um, do you have trouble whistling?",
        "end_time": 845.18,
        "is_in_ext_summ": false,
        "start_time": 840.48
      },
      {
        "act": "I don't, but I I know a lot of people do right.",
        "end_time": 845.89,
        "is_in_ext_summ": false,
        "start_time": 842.96
      },
      {
        "act": "Really?",
        "end_time": 845.86,
        "is_in_ext_summ": false,
        "start_time": 845.18
      },
      {
        "act": "Yeah",
        "end_time": 846.09,
        "is_in_ext_summ": false,
        "start_time": 845.89
      }
    ],
    [
      {
        "act": "I mean it has to be a certain kind of whistle too, right?",
        "end_time": 848.25,
        "is_in_ext_summ": false,
        "start_time": 846.4
      },
      {
        "act": "Mm-hmm, yeah",
        "end_time": 849.58,
        "is_in_ext_summ": false,
        "start_time": 848.4
      },
      {
        "act": "or some sort of voice",
        "end_time": 851.54,
        "is_in_ext_summ": false,
        "start_time": 849.58
      },
      {
        "act": "Yeah, I suppose that's true.",
        "end_time": 849.66,
        "is_in_ext_summ": false,
        "start_time": 848.55
      }
    ],
    [
      {
        "act": "you could have the basically um instead of a whistle if it's got the voice recognition you could have it just, you know, where are you?.",
        "end_time": 859.86,
        "is_in_ext_summ": true,
        "start_time": 851.36
      },
      {
        "act": "Yeah.",
        "end_time": 858.93,
        "is_in_ext_summ": false,
        "start_time": 858.32
      },
      {
        "act": "That's costly though.",
        "end_time": 860.41,
        "is_in_ext_summ": false,
        "start_time": 859.67
      }
    ],
    [
      {
        "act": "Um a much easier thing is just any loud noise like clapping um, shouting, you know,",
        "end_time": 866.67,
        "is_in_ext_summ": true,
        "start_time": 860.41
      },
      {
        "act": "Sounds good.",
        "end_time": 867.44,
        "is_in_ext_summ": false,
        "start_time": 866.58
      }
    ],
    [
      {
        "act": "uh and then, what would the response be? It beeps back at you or something?",
        "end_time": 870.51,
        "is_in_ext_summ": true,
        "start_time": 866.67
      },
      {
        "act": "Yeah, something.",
        "end_time": 872.48,
        "is_in_ext_summ": false,
        "start_time": 871.56
      },
      {
        "act": "Okay.",
        "end_time": 873.54,
        "is_in_ext_summ": false,
        "start_time": 873.2
      }
    ],
    [
      {
        "act": "Function F_ five?",
        "end_time": 883.27,
        "is_in_ext_summ": false,
        "start_time": 882.39
      },
      {
        "act": "Function F_ eight for the um the uh",
        "end_time": 887.96,
        "is_in_ext_summ": false,
        "start_time": 883.3
      },
      {
        "act": "Or function F_ eight?",
        "end_time": 886.05,
        "is_in_ext_summ": false,
        "start_time": 885.28
      }
    ],
    [
      {
        "act": "Oh you need to twiddle the thingamibobsy thing.",
        "end_time": 892.82,
        "is_in_ext_summ": true,
        "start_time": 889.48
      },
      {
        "act": "Okay. I think it's uh just to lock it in.",
        "end_time": 895.92,
        "is_in_ext_summ": false,
        "start_time": 893.2
      }
    ],
    [
      {
        "act": "It's got it.",
        "end_time": 897.52,
        "is_in_ext_summ": false,
        "start_time": 897.08
      },
      {
        "act": "Okay.",
        "end_time": 898.95,
        "is_in_ext_summ": false,
        "start_time": 898.12
      }
    ],
    [
      {
        "act": "um so it's good you went first,",
        "end_time": 916.79,
        "is_in_ext_summ": false,
        "start_time": 914.64
      },
      {
        "act": "Let's remember that.",
        "end_time": 918.27,
        "is_in_ext_summ": false,
        "start_time": 917.08
      }
    ],
    [
      {
        "act": "and any noise over a certain threshold um it'll pick up as a a distress signal um from you and it'll beep back and say you know oh here I am or something of this sort.",
        "end_time": 974.38,
        "is_in_ext_summ": true,
        "start_time": 964.3
      },
      {
        "act": "But sure surely that would have to be um sort of specific rather than above a threshold 'cause if you had a loud movie on you're likely to get it beeping back at you.",
        "end_time": 982.89,
        "is_in_ext_summ": true,
        "start_time": 973.62
      },
      {
        "act": "Oh yeah, yeah, that's true.",
        "end_time": 983.99,
        "is_in_ext_summ": false,
        "start_time": 982.02
      },
      {
        "act": "tha that would be a consideration to take into account yes.",
        "end_time": 991.72,
        "is_in_ext_summ": false,
        "start_time": 988.19
      }
    ],
    [
      {
        "act": "which include, you know, um space craft, coffee makers, and bullet trains",
        "end_time": 1038.95,
        "is_in_ext_summ": false,
        "start_time": 1033.39
      },
      {
        "act": "Ah is that what that is?",
        "end_time": 1041.93,
        "is_in_ext_summ": false,
        "start_time": 1039.25
      }
    ],
    [
      {
        "act": "and having personally worked with all these products uh I have a great deal of experience with uh with industrial design of these.",
        "end_time": 1049.62,
        "is_in_ext_summ": false,
        "start_time": 1042.28
      },
      {
        "act": "Well that's cool.",
        "end_time": 1049.09,
        "is_in_ext_summ": false,
        "start_time": 1048.1
      }
    ],
    [
      {
        "act": "I I'm not quite sure what the the function is there but",
        "end_time": 1083.69,
        "is_in_ext_summ": false,
        "start_time": 1080.05
      },
      {
        "act": "Right okay.",
        "end_time": 1084.66,
        "is_in_ext_summ": false,
        "start_time": 1082.95
      },
      {
        "act": "Well I like that design.",
        "end_time": 1085.43,
        "is_in_ext_summ": false,
        "start_time": 1082.97
      }
    ],
    [
      {
        "act": "Is that just switches on the speech recognition and it's entirely speech operated, is it?",
        "end_time": 1091.64,
        "is_in_ext_summ": false,
        "start_time": 1087.8
      },
      {
        "act": "Right.",
        "end_time": 1091.98,
        "is_in_ext_summ": false,
        "start_time": 1091.5
      }
    ],
    [
      {
        "act": "it was fifty million Euros?",
        "end_time": 1095.95,
        "is_in_ext_summ": true,
        "start_time": 1093.66
      },
      {
        "act": "Yeah.",
        "end_time": 1095.93,
        "is_in_ext_summ": false,
        "start_time": 1095.42
      },
      {
        "act": "Ah now it's fif fifty million Euros we've gotta uh we've g",
        "end_time": 1105.62,
        "is_in_ext_summ": false,
        "start_time": 1100.1
      },
      {
        "act": "As a profit.",
        "end_time": 1104.03,
        "is_in_ext_summ": false,
        "start_time": 1103.02
      },
      {
        "act": "gotta make profit,",
        "end_time": 1106.42,
        "is_in_ext_summ": false,
        "start_time": 1105.62
      },
      {
        "act": "Oh okay, so I I mixed those numbers.",
        "end_time": 1106.48,
        "is_in_ext_summ": false,
        "start_time": 1104.78
      }
    ],
    [
      {
        "act": "And we gotta sell twenty five of them?",
        "end_time": 1098.36,
        "is_in_ext_summ": false,
        "start_time": 1095.95
      },
      {
        "act": "Yeah,",
        "end_time": 1099.06,
        "is_in_ext_summ": false,
        "start_time": 1098.34
      },
      {
        "act": "not a problem.",
        "end_time": 1099.9,
        "is_in_ext_summ": false,
        "start_time": 1099.06
      },
      {
        "act": "Right. Okay.",
        "end_time": 1102.78,
        "is_in_ext_summ": false,
        "start_time": 1098.36
      }
    ],
    [
      {
        "act": "so we're making that at twelve and a half Euros a time.",
        "end_time": 1109.76,
        "is_in_ext_summ": true,
        "start_time": 1106.42
      },
      {
        "act": "Okay.",
        "end_time": 1109.83,
        "is_in_ext_summ": false,
        "start_time": 1108.86
      }
    ],
    [
      {
        "act": "An energy source which'd probably just be uh your regular batteries",
        "end_time": 1126.91,
        "is_in_ext_summ": true,
        "start_time": 1122.56
      },
      {
        "act": "Okay.",
        "end_time": 1127.47,
        "is_in_ext_summ": false,
        "start_time": 1126.28
      }
    ],
    [
      {
        "act": "Or a little base station or something,.",
        "end_time": 1134.03,
        "is_in_ext_summ": true,
        "start_time": 1131.46
      },
      {
        "act": "Yeah.",
        "end_time": 1133.29,
        "is_in_ext_summ": false,
        "start_time": 1132.97
      },
      {
        "act": "Yeah, yeah, we could do that too.",
        "end_time": 1136.04,
        "is_in_ext_summ": true,
        "start_time": 1133.48
      },
      {
        "act": "That might cost more though,",
        "end_time": 1139.03,
        "is_in_ext_summ": false,
        "start_time": 1137.95
      },
      {
        "act": "I mean if you think about these base stations now it's essentially just a a lead with a sort of self connecting brake in it,",
        "end_time": 1153.45,
        "is_in_ext_summ": false,
        "start_time": 1146.46
      },
      {
        "act": "A battery in it, kinda.",
        "end_time": 1153.03,
        "is_in_ext_summ": false,
        "start_time": 1151.55
      }
    ],
    [
      {
        "act": "but since we're a cutting edge company, we uh of course will have alternatives like uh speech recognition, whistling recognition and rocket power",
        "end_time": 1172.97,
        "is_in_ext_summ": true,
        "start_time": 1162.65
      },
      {
        "act": "Okay.",
        "end_time": 1175.83,
        "is_in_ext_summ": false,
        "start_time": 1173.25
      }
    ],
    [
      {
        "act": "Um and lastly the transmission interface is uh, just some engineering thing you don't have to worry about.",
        "end_time": 1181.49,
        "is_in_ext_summ": true,
        "start_time": 1175.59
      },
      {
        "act": "Okay.",
        "end_time": 1183.13,
        "is_in_ext_summ": false,
        "start_time": 1181.86
      }
    ],
    [
      {
        "act": "just um so the user can put in their favourite channels and maybe their preferred volume settings so that when they turn it on it's not blasting.",
        "end_time": 1231.58,
        "is_in_ext_summ": true,
        "start_time": 1224.02
      },
      {
        "act": "Mm that's a good idea actually I like the programmable options.",
        "end_time": 1235.26,
        "is_in_ext_summ": false,
        "start_time": 1232.17
      },
      {
        "act": "Yeah, me too.",
        "end_time": 1235.3,
        "is_in_ext_summ": false,
        "start_time": 1234.12
      },
      {
        "act": "Oh okay.",
        "end_time": 1236.48,
        "is_in_ext_summ": false,
        "start_time": 1235.54
      }
    ],
    [
      {
        "act": "That's all I got.",
        "end_time": 1254.25,
        "is_in_ext_summ": false,
        "start_time": 1253.75
      },
      {
        "act": "'Kay,",
        "end_time": 1254.54,
        "is_in_ext_summ": false,
        "start_time": 1254.23
      }
    ],
    [
      {
        "act": "Okay, I don't think we need to screw it in.",
        "end_time": 1285.25,
        "is_in_ext_summ": false,
        "start_time": 1283.0
      },
      {
        "act": "nah.",
        "end_time": 1289.78,
        "is_in_ext_summ": false,
        "start_time": 1284.69
      }
    ],
    [
      {
        "act": "and um instead of colours and sorta colour options, they want corporate colour and slogan somehow implemented in the new design.",
        "end_time": 1322.88,
        "is_in_ext_summ": true,
        "start_time": 1313.21
      },
      {
        "act": "Corporate colour.",
        "end_time": 1324.21,
        "is_in_ext_summ": false,
        "start_time": 1323.28
      },
      {
        "act": "Yellow.",
        "end_time": 1329.17,
        "is_in_ext_summ": false,
        "start_time": 1324.42
      },
      {
        "act": "Okay.",
        "end_time": 1326.14,
        "is_in_ext_summ": false,
        "start_time": 1325.52
      },
      {
        "act": "Yellow.",
        "end_time": 1327.76,
        "is_in_ext_summ": false,
        "start_time": 1326.16
      }
    ],
    [
      {
        "act": "I mean, I guess if you're going for a sort of globular shape you could kind of have it working its way round it or something.",
        "end_time": 1357.19,
        "is_in_ext_summ": false,
        "start_time": 1351.31
      },
      {
        "act": "Yeah.",
        "end_time": 1357.13,
        "is_in_ext_summ": false,
        "start_time": 1356.72
      }
    ],
    [
      {
        "act": "Okay, so, we have to decide on which functions we're going to actually have.",
        "end_time": 1371.75,
        "is_in_ext_summ": true,
        "start_time": 1366.52
      },
      {
        "act": "'Kay.",
        "end_time": 1372.57,
        "is_in_ext_summ": false,
        "start_time": 1372.32
      }
    ],
    [
      {
        "act": "We'll use the the basic functions for a television.",
        "end_time": 1397.56,
        "is_in_ext_summ": false,
        "start_time": 1394.69
      },
      {
        "act": "Although the the danger with that is, it could look a bit cheap.",
        "end_time": 1405.3,
        "is_in_ext_summ": false,
        "start_time": 1401.67
      },
      {
        "act": "Not enough buttons you mean?",
        "end_time": 1409.23,
        "is_in_ext_summ": false,
        "start_time": 1406.71
      },
      {
        "act": "Yeah.",
        "end_time": 1409.22,
        "is_in_ext_summ": false,
        "start_time": 1408.23
      },
      {
        "act": "So sorta strike a balance between a a few and a",
        "end_time": 1412.53,
        "is_in_ext_summ": false,
        "start_time": 1409.23
      }
    ],
    [
      {
        "act": "or it looks like we're just cutting on the um",
        "end_time": 1414.77,
        "is_in_ext_summ": false,
        "start_time": 1412.53
      },
      {
        "act": "On the number of buttons, kind of functions and stuff.",
        "end_time": 1417.8,
        "is_in_ext_summ": false,
        "start_time": 1415.28
      }
    ],
    [
      {
        "act": "I do however have this from over my head, that they don't want teletext on it.",
        "end_time": 1421.97,
        "is_in_ext_summ": false,
        "start_time": 1416.6
      },
      {
        "act": "Mm-hmm, okay.",
        "end_time": 1420.65,
        "is_in_ext_summ": false,
        "start_time": 1420.0
      },
      {
        "act": "Okay, cool.",
        "end_time": 1423.04,
        "is_in_ext_summ": false,
        "start_time": 1422.44
      }
    ],
    [
      {
        "act": "Uh maybe Raj you could find out what people would think about that,",
        "end_time": 1428.13,
        "is_in_ext_summ": false,
        "start_time": 1424.26
      },
      {
        "act": "About cost.",
        "end_time": 1430.87,
        "is_in_ext_summ": false,
        "start_time": 1429.86
      },
      {
        "act": "whether people would require um teletext in a remote teletext option in a remote control.",
        "end_time": 1442.39,
        "is_in_ext_summ": false,
        "start_time": 1433.16
      },
      {
        "act": "Okay.",
        "end_time": 1438.48,
        "is_in_ext_summ": false,
        "start_time": 1438.09
      }
    ],
    [
      {
        "act": "So uh I take it your position Arlo is that the bells and whistles we've gotta come up with the a gimmick but not too complicated a gimmick.",
        "end_time": 1456.78,
        "is_in_ext_summ": false,
        "start_time": 1446.25
      },
      {
        "act": "Yeah yeah.",
        "end_time": 1456.83,
        "is_in_ext_summ": false,
        "start_time": 1456.34
      }
    ],
    [
      {
        "act": "Um glow in the dark, is that sort of with a light inside it or is it sort of glow in the dark material?",
        "end_time": 1517.74,
        "is_in_ext_summ": true,
        "start_time": 1510.68
      },
      {
        "act": "Glow in the dark material I was thinking.",
        "end_time": 1520.61,
        "is_in_ext_summ": false,
        "start_time": 1518.09
      },
      {
        "act": "Okay.",
        "end_time": 1520.36,
        "is_in_ext_summ": false,
        "start_time": 1519.33
      }
    ],
    [
      {
        "act": "Uh may I say something about?",
        "end_time": 1525.18,
        "is_in_ext_summ": false,
        "start_time": 1523.09
      },
      {
        "act": "Yeah.",
        "end_time": 1524.71,
        "is_in_ext_summ": false,
        "start_time": 1524.52
      }
    ],
    [
      {
        "act": "because people mor fifty percent people they find that the remote controls are often lost somewhere in the remote, in the room.",
        "end_time": 1538.54,
        "is_in_ext_summ": false,
        "start_time": 1531.78
      },
      {
        "act": "Often lost s was that,",
        "end_time": 1539.79,
        "is_in_ext_summ": false,
        "start_time": 1538.55
      },
      {
        "act": "yeah are lost",
        "end_time": 1540.53,
        "is_in_ext_summ": false,
        "start_time": 1539.6
      },
      {
        "act": "Lost, yeah.",
        "end_time": 1540.53,
        "is_in_ext_summ": false,
        "start_time": 1539.58
      }
    ],
    [
      {
        "act": "so we should take it into consideration also.",
        "end_time": 1573.41,
        "is_in_ext_summ": false,
        "start_time": 1570.17
      },
      {
        "act": "Okay, cool.",
        "end_time": 1574.45,
        "is_in_ext_summ": false,
        "start_time": 1573.21
      }
    ],
    [
      {
        "act": "I know of no products um that use speech recognition well.",
        "end_time": 1585.76,
        "is_in_ext_summ": true,
        "start_time": 1580.72
      },
      {
        "act": "there was a remote control that came out two years ago that had a some basic speech recognition on it.",
        "end_time": 1589.62,
        "is_in_ext_summ": false,
        "start_time": 1584.02
      }
    ],
    [
      {
        "act": "You could programme it with your channels and then you say you know like uh B_B_C_ one and it goes to that channel.",
        "end_time": 1596.69,
        "is_in_ext_summ": false,
        "start_time": 1589.62
      },
      {
        "act": "Really?",
        "end_time": 1596.43,
        "is_in_ext_summ": false,
        "start_time": 1595.83
      },
      {
        "act": "Yeah,",
        "end_time": 1596.96,
        "is_in_ext_summ": false,
        "start_time": 1596.69
      }
    ],
    [
      {
        "act": "They mentioned you know if the television says you are listening to B_B_C_ one.",
        "end_time": 1604.19,
        "is_in_ext_summ": false,
        "start_time": 1600.02
      },
      {
        "act": "Yeah,",
        "end_time": 1604.05,
        "is_in_ext_summ": false,
        "start_time": 1603.49
      },
      {
        "act": "or a yeah an advert an advert for B_B_C_ two on B_B_C_ one'll switch the channel for you kinda thing.",
        "end_time": 1608.64,
        "is_in_ext_summ": false,
        "start_time": 1604.05
      },
      {
        "act": "Right, right,",
        "end_time": 1609.43,
        "is_in_ext_summ": false,
        "start_time": 1608.8
      }
    ],
    [
      {
        "act": "you know like the ones that we can't hear or something",
        "end_time": 1636.77,
        "is_in_ext_summ": false,
        "start_time": 1631.96
      },
      {
        "act": "Ah, that's a good idea.",
        "end_time": 1636.67,
        "is_in_ext_summ": false,
        "start_time": 1635.54
      }
    ],
    [
      {
        "act": "um that that will activate the remote control starts to beep.",
        "end_time": 1641.55,
        "is_in_ext_summ": true,
        "start_time": 1636.77
      },
      {
        "act": "So like a kind of backwards remote from the telly.",
        "end_time": 1644.71,
        "is_in_ext_summ": false,
        "start_time": 1640.95
      },
      {
        "act": "Yeah.",
        "end_time": 1644.3,
        "is_in_ext_summ": false,
        "start_time": 1643.94
      },
      {
        "act": "Right and then it would do just you know, uh subtractive kind of cancellation of the noise.",
        "end_time": 1649.31,
        "is_in_ext_summ": false,
        "start_time": 1643.87
      }
    ],
    [
      {
        "act": "'cause you can't um expect uh the the television manufacturers to to put that feature into their T_V_s.",
        "end_time": 1665.83,
        "is_in_ext_summ": false,
        "start_time": 1659.49
      },
      {
        "act": "Mm. Yeah, that's the only thing, yeah.",
        "end_time": 1666.97,
        "is_in_ext_summ": false,
        "start_time": 1663.76
      }
    ],
    [
      {
        "act": "But yeah, then you have like the little se separate module by the T_V_ speaker",
        "end_time": 1670.79,
        "is_in_ext_summ": false,
        "start_time": 1666.67
      },
      {
        "act": "That we should just stick on,",
        "end_time": 1671.0,
        "is_in_ext_summ": false,
        "start_time": 1669.79
      }
    ],
    [
      {
        "act": "That comes with our remote control.",
        "end_time": 1673.42,
        "is_in_ext_summ": false,
        "start_time": 1671.4
      },
      {
        "act": "Right,",
        "end_time": 1673.23,
        "is_in_ext_summ": false,
        "start_time": 1673.01
      }
    ],
    [
      {
        "act": "and then the remote control would know um what's being produced by the television.",
        "end_time": 1677.13,
        "is_in_ext_summ": false,
        "start_time": 1673.23
      },
      {
        "act": "And that's a sort of basic R_F_ kind of frequency so it'll be cheap.",
        "end_time": 1681.07,
        "is_in_ext_summ": false,
        "start_time": 1675.45
      },
      {
        "act": "Right, right.",
        "end_time": 1679.15,
        "is_in_ext_summ": false,
        "start_time": 1678.56
      },
      {
        "act": "Right, right.",
        "end_time": 1682.47,
        "is_in_ext_summ": false,
        "start_time": 1681.57
      }
    ],
    [
      {
        "act": "That could also be built into the T_V_ though, which might make our remote control a bit obsolete.",
        "end_time": 1714.6,
        "is_in_ext_summ": false,
        "start_time": 1710.71
      },
      {
        "act": "Yeah.",
        "end_time": 1716.23,
        "is_in_ext_summ": false,
        "start_time": 1714.7
      },
      {
        "act": "Well, hopefully we're uh we're ahead of the curve.",
        "end_time": 1719.87,
        "is_in_ext_summ": false,
        "start_time": 1715.51
      },
      {
        "act": "It might do us out of a job.",
        "end_time": 1719.85,
        "is_in_ext_summ": false,
        "start_time": 1716.23
      },
      {
        "act": "Yeah, okay.",
        "end_time": 1719.01,
        "is_in_ext_summ": false,
        "start_time": 1717.72
      }
    ],
    [
      {
        "act": "and that also kind of takes out the speech recognition in terms of the interference of it not working very well and things like that,",
        "end_time": 1744.88,
        "is_in_ext_summ": false,
        "start_time": 1737.87
      },
      {
        "act": "And the expense.",
        "end_time": 1745.51,
        "is_in_ext_summ": false,
        "start_time": 1744.64
      },
      {
        "act": "yeah and expense and the time.",
        "end_time": 1747.44,
        "is_in_ext_summ": false,
        "start_time": 1745.59
      }
    ],
    [
      {
        "act": "and how are you about the glow in the dark material?",
        "end_time": 1779.23,
        "is_in_ext_summ": false,
        "start_time": 1776.87
      },
      {
        "act": "Maybe not even all of it",
        "end_time": 1782.25,
        "is_in_ext_summ": false,
        "start_time": 1781.12
      }
    ],
    [
      {
        "act": "so maybe um just like a little l line that's kind of around the outside and then you can make the rest a different colour.",
        "end_time": 1791.55,
        "is_in_ext_summ": false,
        "start_time": 1784.98
      },
      {
        "act": "Contrast contra well.",
        "end_time": 1792.55,
        "is_in_ext_summ": false,
        "start_time": 1790.96
      },
      {
        "act": "Yeah, no th the material's cheap but it's just uh the the glow in the dark material needs some light to charge it you know,",
        "end_time": 1799.22,
        "is_in_ext_summ": false,
        "start_time": 1791.8
      },
      {
        "act": "Yeah, okay.",
        "end_time": 1799.99,
        "is_in_ext_summ": false,
        "start_time": 1799.28
      }
    ],
    [
      {
        "act": "and then uh if you're, if you're sitting in the dark for too long it uh it won't glow any more.",
        "end_time": 1804.01,
        "is_in_ext_summ": false,
        "start_time": 1799.22
      },
      {
        "act": "yeah.",
        "end_time": 1803.53,
        "is_in_ext_summ": false,
        "start_time": 1802.38
      },
      {
        "act": "Or if it's down under the couch cushions",
        "end_time": 1805.51,
        "is_in_ext_summ": false,
        "start_time": 1803.53
      }
    ],
    [
      {
        "act": "we can still use the glow in the dark as a gimmick essentially,",
        "end_time": 1815.26,
        "is_in_ext_summ": true,
        "start_time": 1812.05
      },
      {
        "act": "Yeah,",
        "end_time": 1815.07,
        "is_in_ext_summ": false,
        "start_time": 1814.45
      }
    ],
    [
      {
        "act": "slogan.",
        "end_time": 1825.54,
        "is_in_ext_summ": false,
        "start_time": 1824.1
      },
      {
        "act": "Slogan, yeah.",
        "end_time": 1825.12,
        "is_in_ext_summ": false,
        "start_time": 1824.38
      }
    ],
    [
      {
        "act": "and we can have sort of a a a trimming as well, of the glow in the dark material, just as gimmickyness.",
        "end_time": 1837.29,
        "is_in_ext_summ": true,
        "start_time": 1829.96
      },
      {
        "act": "'Cause yeah, that w more than finding it, that was more like you know if you're watching a film in the dark, you can um still see the remote control.",
        "end_time": 1844.33,
        "is_in_ext_summ": false,
        "start_time": 1835.19
      },
      {
        "act": "Alright, so n sorta if if if we're gon if we're gonna go with the idea of um uh of feedback, sort of remote finder, then that kinda stuffs that one out then.",
        "end_time": 1858.84,
        "is_in_ext_summ": false,
        "start_time": 1844.54
      }
    ],
    [
      {
        "act": "Do you think?",
        "end_time": 1860.25,
        "is_in_ext_summ": false,
        "start_time": 1859.94
      },
      {
        "act": "Mm.",
        "end_time": 1862.51,
        "is_in_ext_summ": false,
        "start_time": 1861.33
      }
    ],
    [
      {
        "act": "Uh it makes it fairly unnecessary then.",
        "end_time": 1864.18,
        "is_in_ext_summ": false,
        "start_time": 1862.09
      },
      {
        "act": "Yeah, unnecessary. Yeah.",
        "end_time": 1865.01,
        "is_in_ext_summ": false,
        "start_time": 1863.68
      },
      {
        "act": "Okay.",
        "end_time": 1865.77,
        "is_in_ext_summ": false,
        "start_time": 1864.18
      }
    ],
    [
      {
        "act": "do we want to go with the T_F_T_ idea or the is that far too expensive?",
        "end_time": 1879.29,
        "is_in_ext_summ": false,
        "start_time": 1870.91
      },
      {
        "act": "Um yeah we're getting a lot of features now,",
        "end_time": 1877.79,
        "is_in_ext_summ": false,
        "start_time": 1875.24
      }
    ],
    [
      {
        "act": "Well I mean I think I think the sort of find the finder things I mean it's uh I could probably write the circuit diagram for that myself.",
        "end_time": 1887.07,
        "is_in_ext_summ": false,
        "start_time": 1879.29
      },
      {
        "act": "Well, I think a consideration too is that these uh remotes get abused a lot,",
        "end_time": 1892.73,
        "is_in_ext_summ": false,
        "start_time": 1888.52
      }
    ],
    [
      {
        "act": "So is that one of our definite requirements that they wa that it needs a T_F_T_ screen?",
        "end_time": 1904.74,
        "is_in_ext_summ": false,
        "start_time": 1899.95
      },
      {
        "act": "Um no, I mean that was going on ravs uh Raj's sort of um marketing research I guess.",
        "end_time": 1911.77,
        "is_in_ext_summ": false,
        "start_time": 1904.17
      }
    ],
    [
      {
        "act": "Totally, it takes cheap speech recognition,",
        "end_time": 1951.66,
        "is_in_ext_summ": false,
        "start_time": 1949.22
      },
      {
        "act": "Um I think we're gonna scratch the speech recognition as a bit of a",
        "end_time": 1956.18,
        "is_in_ext_summ": true,
        "start_time": 1951.67
      },
      {
        "act": "Yeah you think so?",
        "end_time": 1958.08,
        "is_in_ext_summ": false,
        "start_time": 1957.29
      }
    ],
    [
      {
        "act": "no?",
        "end_time": 1959.63,
        "is_in_ext_summ": false,
        "start_time": 1959.32
      },
      {
        "act": "Oh no it's it's much cheaper than the T_F_T_, it's just a microphone and some some integrated circuits.",
        "end_time": 1965.2,
        "is_in_ext_summ": true,
        "start_time": 1959.73
      },
      {
        "act": "Oh right, okay.",
        "end_time": 1963.41,
        "is_in_ext_summ": false,
        "start_time": 1962.76
      }
    ],
    [
      {
        "act": "And it'd it'd be a small vocabulary speech recognition system,",
        "end_time": 1969.29,
        "is_in_ext_summ": false,
        "start_time": 1966.2
      },
      {
        "act": "Oh right, okay.",
        "end_time": 1972.18,
        "is_in_ext_summ": false,
        "start_time": 1969.81
      }
    ],
    [
      {
        "act": "so we'll go with speech recognition, yeah?",
        "end_time": 1996.2,
        "is_in_ext_summ": true,
        "start_time": 1993.08
      },
      {
        "act": "Yeah.",
        "end_time": 1995.66,
        "is_in_ext_summ": false,
        "start_time": 1995.4
      },
      {
        "act": "Mm-hmm, that's cool.",
        "end_time": 1996.52,
        "is_in_ext_summ": false,
        "start_time": 1995.41
      },
      {
        "act": "Okay.",
        "end_time": 1996.97,
        "is_in_ext_summ": false,
        "start_time": 1995.86
      }
    ],
    [
      {
        "act": "And what else was I thinking of that I haven't written down and therefore fallen out my head,",
        "end_time": 2007.11,
        "is_in_ext_summ": false,
        "start_time": 2003.32
      },
      {
        "act": "Glow in dark.",
        "end_time": 2013.02,
        "is_in_ext_summ": true,
        "start_time": 2012.07
      },
      {
        "act": "if it's not too expensive s I think it's a good gimmick.",
        "end_time": 2017.18,
        "is_in_ext_summ": true,
        "start_time": 2014.88
      },
      {
        "act": "Uh o okay.",
        "end_time": 2018.06,
        "is_in_ext_summ": false,
        "start_time": 2016.47
      }
    ],
    [
      {
        "act": "Um can you put all these reports in the project documents folder if they're not already in there as well.",
        "end_time": 2031.98,
        "is_in_ext_summ": false,
        "start_time": 2026.81
      },
      {
        "act": "Yeah yeah.",
        "end_time": 2034.1,
        "is_in_ext_summ": false,
        "start_time": 2033.21
      },
      {
        "act": "Here? Sure.",
        "end_time": 2034.68,
        "is_in_ext_summ": false,
        "start_time": 2033.23
      },
      {
        "act": "And where is it sorry?",
        "end_time": 2043.44,
        "is_in_ext_summ": false,
        "start_time": 2042.26
      },
      {
        "act": "Uh pro uh project documents.",
        "end_time": 2045.29,
        "is_in_ext_summ": false,
        "start_time": 2043.43
      },
      {
        "act": "So it should be when you save",
        "end_time": 2049.65,
        "is_in_ext_summ": false,
        "start_time": 2047.79
      },
      {
        "act": "A_M_I_ scenario controller.",
        "end_time": 2050.71,
        "is_in_ext_summ": false,
        "start_time": 2049.28
      },
      {
        "act": "on your desktop, so it goes save as, or",
        "end_time": 2054.11,
        "is_in_ext_summ": false,
        "start_time": 2051.19
      },
      {
        "act": "Oh.",
        "end_time": 2054.23,
        "is_in_ext_summ": false,
        "start_time": 2053.46
      },
      {
        "act": "Uh it is in shared documents?",
        "end_time": 2056.03,
        "is_in_ext_summ": false,
        "start_time": 2054.35
      }
    ],
    [
      {
        "act": "Projoct uh projector.",
        "end_time": 2061.86,
        "is_in_ext_summ": false,
        "start_time": 2060.89
      },
      {
        "act": "Project documents, yeah, it's on your desktop as well.",
        "end_time": 2063.42,
        "is_in_ext_summ": false,
        "start_time": 2061.25
      }
    ],
    [
      {
        "act": "Right and then project documents.",
        "end_time": 2070.75,
        "is_in_ext_summ": false,
        "start_time": 2068.59
      },
      {
        "act": "Okay, cool.",
        "end_time": 2071.37,
        "is_in_ext_summ": false,
        "start_time": 2070.61
      }
    ],
    [
      {
        "act": "Did you get my email?",
        "end_time": 2098.05,
        "is_in_ext_summ": false,
        "start_time": 2097.03
      },
      {
        "act": "I did.",
        "end_time": 2101.79,
        "is_in_ext_summ": false,
        "start_time": 2098.79
      },
      {
        "act": "Just making sure.",
        "end_time": 2101.42,
        "is_in_ext_summ": false,
        "start_time": 2100.83
      }
    ],
    [
      {
        "act": "and it kind of feels a bit different from all the other remote controls.",
        "end_time": 2138.2,
        "is_in_ext_summ": false,
        "start_time": 2133.3
      },
      {
        "act": "More sort of um flesh-like than plasticky sort of.",
        "end_time": 2144.32,
        "is_in_ext_summ": false,
        "start_time": 2139.41
      },
      {
        "act": "But we have to take care of our children also",
        "end_time": 2153.83,
        "is_in_ext_summ": false,
        "start_time": 2151.15
      }
    ],
    [
      {
        "act": "So we have to safety point of view also, we have to take care.",
        "end_time": 2169.61,
        "is_in_ext_summ": true,
        "start_time": 2165.54
      },
      {
        "act": "Okay, safety.",
        "end_time": 2169.52,
        "is_in_ext_summ": false,
        "start_time": 2168.62
      },
      {
        "act": "Oh I think wi with the more organic shape of it it won't be as it won't as have many sharp corners as that, so that's something good, um",
        "end_time": 2180.3,
        "is_in_ext_summ": false,
        "start_time": 2169.96
      }
    ],
    [
      {
        "act": "yeah it's gonna have to be it's gonna be have a big yellow foam ball, yeah, sorry.",
        "end_time": 2203.39,
        "is_in_ext_summ": false,
        "start_time": 2198.15
      },
      {
        "act": "Oh yellow, yellow ball. Right.",
        "end_time": 2203.43,
        "is_in_ext_summ": false,
        "start_time": 2201.6
      },
      {
        "act": "Yeah, d with the colour, um does it have to be all yellow, do you know?",
        "end_time": 2207.57,
        "is_in_ext_summ": false,
        "start_time": 2202.28
      },
      {
        "act": "Please God no.",
        "end_time": 2208.94,
        "is_in_ext_summ": false,
        "start_time": 2207.43
      }
    ],
    [
      {
        "act": "I think just having it",
        "end_time": 2217.36,
        "is_in_ext_summ": false,
        "start_time": 2216.28
      },
      {
        "act": "Having a little bit.",
        "end_time": 2219.73,
        "is_in_ext_summ": false,
        "start_time": 2218.03
      },
      {
        "act": "Small logo with the like a small yellow strip or y yellow with the logo in it.",
        "end_time": 2224.28,
        "is_in_ext_summ": false,
        "start_time": 2217.94
      },
      {
        "act": "Mm-hmm, okay.",
        "end_time": 2225.93,
        "is_in_ext_summ": false,
        "start_time": 2224.55
      }
    ],
    [
      {
        "act": "surrounding the logo.",
        "end_time": 2219.49,
        "is_in_ext_summ": false,
        "start_time": 2218.25
      },
      {
        "act": "Okay cool.",
        "end_time": 2220.37,
        "is_in_ext_summ": false,
        "start_time": 2219.73
      }
    ],
    [
      {
        "act": "Twelve thirty.",
        "end_time": 2253.33,
        "is_in_ext_summ": false,
        "start_time": 2252.75
      },
      {
        "act": "Okay.",
        "end_time": 2255.63,
        "is_in_ext_summ": false,
        "start_time": 2254.15
      }
    ],
    [
      {
        "act": "Okay then, lunchtime,",
        "end_time": 2263.91,
        "is_in_ext_summ": false,
        "start_time": 2262.58
      },
      {
        "act": "That's good.",
        "end_time": 2266.45,
        "is_in_ext_summ": false,
        "start_time": 2265.65
      }
    ],
    [
      {
        "act": "it vibrates.",
        "end_time": 2282.39,
        "is_in_ext_summ": false,
        "start_time": 2281.59
      },
      {
        "act": "Yeah, yeah.",
        "end_time": 2285.22,
        "is_in_ext_summ": false,
        "start_time": 2283.08
      }
    ],
    [
      {
        "act": "Wow you've your first page.",
        "end_time": 2286.56,
        "is_in_ext_summ": false,
        "start_time": 2285.22
      },
      {
        "act": "Yeah, got small writing.",
        "end_time": 2288.62,
        "is_in_ext_summ": false,
        "start_time": 2286.82
      }
    ],
    [
      {
        "act": "I was just writing really big.",
        "end_time": 2290.58,
        "is_in_ext_summ": false,
        "start_time": 2286.56
      },
      {
        "act": "Yeah I've been using up the pages.",
        "end_time": 2290.75,
        "is_in_ext_summ": false,
        "start_time": 2289.16
      },
      {
        "act": "I don't wanna waste it.",
        "end_time": 2292.83,
        "is_in_ext_summ": false,
        "start_time": 2291.67
      }
    ]
  ],
  "ap_meta": {
    "far_than_3s": 9,
    "total": 317,
    "total_sequences": 113,
    "values": [
      [
        14,
        421.67
      ],
      [
        36,
        836.53
      ],
      [
        45,
        983.99
      ],
      [
        50,
        1095.93
      ],
      [
        54,
        1139.03
      ],
      [
        63,
        1397.56
      ],
      [
        98,
        2007.11
      ],
      [
        99,
        2034.68
      ],
      [
        103,
        2144.32
      ]
    ]
  },
  "args": [
    [
      {
        "act": "Well what about this might get a bit too expensive actually, but what about um something that's built into the T_V_ um that you can press and it'll send out a little signal you know like the ones that we can't hear or something um that that will activate the remote control starts to beep.",
        "ae_type": "Open issue",
        "end_time": 1641.55,
        "speaker_id": "D",
        "start_time": 1620.61
      },
      {
        "act": "Ah, that's a good idea.",
        "ae_type": "Statement",
        "end_time": 1636.67,
        "speaker_id": "C",
        "start_time": 1635.54
      },
      {
        "act": "Right.",
        "ae_type": "Statement",
        "end_time": 1640.75,
        "speaker_id": "A",
        "start_time": 1640.47
      },
      {
        "act": "Right and then it would do just you know, uh subtractive kind of cancellation of the noise. What you could do then would be you have uh a remote controlled by the T_V_ speaker, or not a remo I'm sorry, a microphone by the T_V_ speaker and a transmitter there that sends back to your remote, 'cause you can't um expect uh the the television manufacturers to to put that feature into their T_V_s.",
        "ae_type": "Statement",
        "end_time": 1665.83,
        "speaker_id": "A",
        "start_time": 1643.87
      },
      {
        "act": ". Yeah, that's the only thing, yeah.",
        "ae_type": "Statement",
        "end_time": 1666.97,
        "speaker_id": "D",
        "start_time": 1665.05
      },
      {
        "act": "But yeah, then you have like the little se separate module by the T_V_ speaker",
        "ae_type": "Statement",
        "end_time": 1670.79,
        "speaker_id": "A",
        "start_time": 1666.67
      },
      {
        "act": "Right.",
        "ae_type": "Statement",
        "end_time": 1667.01,
        "speaker_id": "C",
        "start_time": 1666.77
      },
      {
        "act": "That we should just stick on, yeah.",
        "ae_type": "Statement",
        "end_time": 1671.36,
        "speaker_id": "C",
        "start_time": 1669.79
      },
      {
        "act": "That comes with our remote control. Yeah.",
        "ae_type": "Statement",
        "end_time": 1673.79,
        "speaker_id": "D",
        "start_time": 1671.4
      },
      {
        "act": "Right, and then the remote control would know um what's being produced by the television.",
        "ae_type": "Statement",
        "end_time": 1677.13,
        "speaker_id": "A",
        "start_time": 1673.01
      },
      {
        "act": "Yeah.",
        "ae_type": "Statement",
        "end_time": 1673.62,
        "speaker_id": "C",
        "start_time": 1673.22
      },
      {
        "act": "And that's a sort of basic R_F_ kind of frequency so it'll be cheap.",
        "ae_type": "Statement",
        "end_time": 1681.07,
        "speaker_id": "C",
        "start_time": 1675.45
      },
      {
        "act": "Right, right.",
        "ae_type": "Statement",
        "end_time": 1679.15,
        "speaker_id": "A",
        "start_time": 1678.56
      },
      {
        "act": "Right, right. Um. Yeah that's certainly possible then",
        "ae_type": "Statement",
        "end_time": 1684.99,
        "speaker_id": "A",
        "start_time": 1681.57
      },
      {
        "act": "another thing was about this losing the remote and trying to find it again. If you do have this sorta speech interface to it, you don't even need to find it. You just say you know, um whatever you whatever you want the remote for, you know to change the channel or to uh turn the T_V_ on and off, you just shout your command to it and it would do it for you if it's within you know, within hearing range. And uh you know it could be somewhere in the room y that you've no idea where it is and it would still do its job.",
        "ae_type": "Statement",
        "end_time": 1710.56,
        "speaker_id": "A",
        "start_time": 1685.21
      },
      {
        "act": "That could also be built into the T_V_ though, which might make our remote control a bit obsolete.",
        "ae_type": "Statement",
        "end_time": 1714.6,
        "speaker_id": "D",
        "start_time": 1710.71
      },
      {
        "act": "Yeah. It might do us out of a job.",
        "ae_type": "Statement",
        "end_time": 1719.85,
        "speaker_id": "C",
        "start_time": 1714.7
      },
      {
        "act": "Well, hopefully we're uh we're ahead of the curve.",
        "ae_type": "Statement",
        "end_time": 1719.87,
        "speaker_id": "A",
        "start_time": 1715.51
      },
      {
        "act": "Yeah, okay.",
        "ae_type": "Statement",
        "end_time": 1719.01,
        "speaker_id": "D",
        "start_time": 1717.72
      }
    ]
  ],
  "da": {
    "types": {
      "Assess": 196,
      "Backchannel": 122,
      "Be-Positive": 28,
      "Comment-About-Understanding": 6,
      "Elicit-Assessment": 14,
      "Elicit-Inform": 36,
      "Elicit-Offer-Or-Suggestion": 4,
      "Fragment": 37,
      "Inform": 248,
      "Offer": 19,
      "Other": 18,
      "Stall": 74,
      "Suggest": 73
    }
  },
  "dialog_acts": 875,
  "ext_sentense_count": 89,
  "ext_sentense_da_count": 104,
  "ext_summ": {
    "types": {
      "Assess": 11,
      "Elicit-Assessment": 2,
      "Elicit-Inform": 3,
      "Elicit-Offer-Or-Suggestion": 1,
      "Inform": 45,
      "Offer": 2,
      "Other": 1,
      "Suggest": 24
    }
  },
  "segmants": 504
}