[
  {
    "act": "Okay.",
    "ae_type": "Statement",
    "end_time": 1054.57,
    "speaker_id": "A",
    "start_time": 1054.19
  },
  {
    "act": "Anything about that on the market research or something like regarding whether people want a combined something like that?",
    "ae_type": "Yes/No issue",
    "end_time": 1133.87,
    "speaker_id": "A",
    "start_time": 1127.46
  },
  {
    "act": "Okay.",
    "ae_type": "Statement",
    "end_time": 1154.66,
    "speaker_id": "A",
    "start_time": 1154.29
  },
  {
    "act": "Yeah.",
    "ae_type": "Statement",
    "end_time": 1323.26,
    "speaker_id": "A",
    "start_time": 1323.05
  },
  {
    "act": "Yeah, uh maybe to as uh it it was indicated that uh uh risk uh of uh repeated use, the injuries, maybe a touch screen could be a better option for that.",
    "ae_type": "Weak statement",
    "end_time": 1434.27,
    "speaker_id": "A",
    "start_time": 1424.36
  },
  {
    "act": "We could focus on the biggest market.",
    "ae_type": "Statement",
    "end_time": 1539.4,
    "speaker_id": "A",
    "start_time": 1537.5
  },
  {
    "act": "If say people between age group of twenty to thirty five are the biggest market?",
    "ae_type": "Yes/No issue",
    "end_time": 1543.64,
    "speaker_id": "A",
    "start_time": 1540.4
  },
  {
    "act": "So are we talking of a concept of a rechargeable something on the remote?",
    "ae_type": "Yes/No issue",
    "end_time": 1926.16,
    "speaker_id": "A",
    "start_time": 1922.53
  },
  {
    "act": "We could look in at that but",
    "ae_type": "Statement",
    "end_time": 2068.32,
    "speaker_id": "A",
    "start_time": 2067.28
  },
  {
    "act": "What we were talking is to make it more rather than like sea-shells, logo could become as you could put a logo in the corner of uh the model, rather than you know, trying to make it like a sea shell or whatever you were ta telling like.",
    "ae_type": "Statement",
    "end_time": 2083.68,
    "speaker_id": "A",
    "start_time": 2070.96
  },
  {
    "act": "A sea shell?",
    "ae_type": "Yes/No issue",
    "end_time": 2090.98,
    "speaker_id": "A",
    "start_time": 2090.25
  },
  {
    "act": "Yeah we could look in at that.",
    "ae_type": "Statement",
    "end_time": 2111.72,
    "speaker_id": "A",
    "start_time": 2110.55
  },
  {
    "act": "Yeah maybe we could come at some say five, six des designs and then choose which are whichever appeals the most like, that could be the most common design.",
    "ae_type": "Statement",
    "end_time": 2161.63,
    "speaker_id": "A",
    "start_time": 2154.55
  },
  {
    "act": "But we can like think of five, six designs.",
    "ae_type": "Statement",
    "end_time": 2164.61,
    "speaker_id": "A",
    "start_time": 2162.83
  },
  {
    "act": "Mm-hmm.",
    "ae_type": "Other (unlabeled)",
    "end_time": 1074.9,
    "speaker_id": "A",
    "start_time": 1074.54
  },
  {
    "act": "Ten perc Mm-hmm.",
    "ae_type": "Other (unlabeled)",
    "end_time": 1143.06,
    "speaker_id": "A",
    "start_time": 1140.9
  },
  {
    "act": "Mm-hmm.",
    "ae_type": "Other (unlabeled)",
    "end_time": 1573.04,
    "speaker_id": "A",
    "start_time": 1572.74
  },
  {
    "act": "Mm-hmm. Mm-hmm.",
    "ae_type": "Other (unlabeled)",
    "end_time": 1636.89,
    "speaker_id": "A",
    "start_time": 1612.5
  },
  {
    "act": "Simple. Mm-hmm. Mm-hmm.",
    "ae_type": "Other (unlabeled)",
    "end_time": 1901.39,
    "speaker_id": "A",
    "start_time": 1847.51
  },
  {
    "act": "Mm-hmm.",
    "ae_type": "Other (unlabeled)",
    "end_time": 1928.16,
    "speaker_id": "A",
    "start_time": 1927.74
  },
  {
    "act": "Current. Mm-hmm. Mm-hmm.",
    "ae_type": "Other (unlabeled)",
    "end_time": 2052.9,
    "speaker_id": "A",
    "start_time": 2040.43
  },
  {
    "act": "Mm.",
    "ae_type": "Other (unlabeled)",
    "end_time": 2070.96,
    "speaker_id": "A",
    "start_time": 2069.81
  },
  {
    "act": "we're not going to be using teletext, um apparently the consumers consider it outdated with the internet now.",
    "ae_type": "Statement",
    "end_time": 1060.35,
    "speaker_id": "B",
    "start_time": 1051.11
  },
  {
    "act": "our control is only going to be for T_V_, it's not going to be a combined control, which limits you know all of the different things that it limits the cost for us, but it also makes it easier to understand for the consumer.",
    "ae_type": "Statement",
    "end_time": 1078.44,
    "speaker_id": "B",
    "start_time": 1062.4
  },
  {
    "act": "It says for T_V_ only, so looks like it's just yeah, I think maybe Sky things like that might be incorporated into it",
    "ae_type": "Weak statement",
    "end_time": 1091.31,
    "speaker_id": "B",
    "start_time": 1080.57
  },
  {
    "act": "I don't know, what do you think? It just said, for T_V_ only. But I mean, general T_V_ controls do do video as well.",
    "ae_type": "Statement",
    "end_time": 1102.13,
    "speaker_id": "B",
    "start_time": 1094.25
  },
  {
    "act": "I mean you bu well som you get com you get combined T_V_ and videos don't you?",
    "ae_type": "Yes/No issue",
    "end_time": 1108.88,
    "speaker_id": "B",
    "start_time": 1104.44
  },
  {
    "act": "I think we assume that it's still got play and stop functions and programming.",
    "ae_type": "Statement",
    "end_time": 1127.0,
    "speaker_id": "B",
    "start_time": 1122.45
  },
  {
    "act": "yeah? Um so you it's like a little panel that you touch rather than a button which shouldn't wear out as much either, not sure about the",
    "ae_type": "Open issue",
    "end_time": 1353.91,
    "speaker_id": "B",
    "start_time": 1343.34
  },
  {
    "act": "You don't have to press it, you just have to put your thumb onto it. Um, think that might appeal I'm thinking kind of Japan, I'm thinking uh young, um office people, trendy kind of a thing.",
    "ae_type": "Statement",
    "end_time": 1370.75,
    "speaker_id": "B",
    "start_time": 1355.18
  },
  {
    "act": "Um, but quite, um, easily labelled so that anyone can oh yeah that's obvious what that's for and it's not daunting to maybe the older generations, um",
    "ae_type": "Statement",
    "end_time": 1385.61,
    "speaker_id": "B",
    "start_time": 1372.06
  },
  {
    "act": "business kind of class type people.",
    "ae_type": "Statement",
    "end_time": 1583.61,
    "speaker_id": "B",
    "start_time": 1581.24
  },
  {
    "act": "Okay, so the remote control functions. Um we've got the T_V_, we've got the video, now there's um I can't remember what it's called, the little code at the end of programme details, yes.",
    "ae_type": "Statement",
    "end_time": 1623.92,
    "speaker_id": "B",
    "start_time": 1604.71
  },
  {
    "act": "We could use that as an alternative to programming in times, things like that, is that I always found that really easy when I discovered it, um because you've got your general record anyway so if you there's a programme on you want to put record on, that's fine, but if you do want to tape something in two days time and you're not sure if you're going to, you put the number in and it's just a number, it's not a date, it's not a time, it's not a channel, it's not when it finishes, it's not anything like that, it's just a number.",
    "ae_type": "Statement",
    "end_time": 1658.77,
    "speaker_id": "B",
    "start_time": 1625.8
  },
  {
    "act": "No. You've already got the numbers for typing in anyway.",
    "ae_type": "Statement",
    "end_time": 1666.41,
    "speaker_id": "B",
    "start_time": 1662.48
  },
  {
    "act": "It is after um if you look in the newspaper, T_V_ guide or any T_V_ guide there's a five, six digit number afterwards and that's the number you put in and it's recorded that it's going to be on on Tuesdays at ten o'clock on the seventeenth so you don't have to worry about dates and you don't have to worry about times, um and it has been around for quite a long time.",
    "ae_type": "Statement",
    "end_time": 1694.55,
    "speaker_id": "B",
    "start_time": 1669.4
  },
  {
    "act": "No it's not um but I think if awareness was kind of brought to the forefront about that",
    "ae_type": "Statement",
    "end_time": 1702.64,
    "speaker_id": "B",
    "start_time": 1697.12
  },
  {
    "act": "Okay so",
    "ae_type": "Statement",
    "end_time": 1722.94,
    "speaker_id": "B",
    "start_time": 1722.21
  },
  {
    "act": "Um, what other functions? We need I'm not sure if we need a design um decision now, but we should think about c 'cause you've got the dilemma between oh batteries, that's what I was thinking about. Mobile phone batteries, what kinda battery is that?",
    "ae_type": "Open issue",
    "end_time": 1879.22,
    "speaker_id": "B",
    "start_time": 1861.23
  },
  {
    "act": "Well they la they they last quite a long time, and if you had uh when you th the thing that you get with mobile house phones, you sit it in its charger when you're not using it or t at night or something, but it doesn't really matter 'cause it never really runs out 'cause it lasts a long time once it is charged. Um, something like that should reduce the size of it.",
    "ae_type": "Statement",
    "end_time": 1910.03,
    "speaker_id": "B",
    "start_time": 1888.54
  },
  {
    "act": "Yeah it could be on that yeah, okay.",
    "ae_type": "Statement",
    "end_time": 1921.07,
    "speaker_id": "B",
    "start_time": 1918.2
  },
  {
    "act": "Yes.",
    "ae_type": "Statement",
    "end_time": 1926.66,
    "speaker_id": "B",
    "start_time": 1926.1
  },
  {
    "act": "Rechargeable with a docking station.",
    "ae_type": "Statement",
    "end_time": 1929.46,
    "speaker_id": "B",
    "start_time": 1927.73
  },
  {
    "act": "field.",
    "ae_type": "Statement",
    "end_time": 1934.38,
    "speaker_id": "B",
    "start_time": 1934.02
  },
  {
    "act": "Okay.",
    "ae_type": "Statement",
    "end_time": 1936.67,
    "speaker_id": "B",
    "start_time": 1936.13
  },
  {
    "act": "Yes, which it is cheaper in the long run as well",
    "ae_type": "Statement",
    "end_time": 1942.91,
    "speaker_id": "B",
    "start_time": 1939.52
  },
  {
    "act": "Um, things that are associated with the company in view to trying to incorporate that into the design of the product. I mean for example, if it was a C_ or something like that, you could have it in a vague C_ shape that opens up kind of like a shell, or something, um something along those lines to be able to incorporate it quite um obviously into the design, while also making it quite different from anything else that's there.",
    "ae_type": "Statement",
    "end_time": 2066.45,
    "speaker_id": "B",
    "start_time": 2031.5
  },
  {
    "act": "Well we need to think about how it's gonna look different.",
    "ae_type": "Statement",
    "end_time": 2085.99,
    "speaker_id": "B",
    "start_time": 2083.41
  },
  {
    "act": "Or you could do um different, like you get with mobile phones, different fascias. You could have different kind of casings. So you could have like psychedelic ones for younger people and sleek ones and",
    "ae_type": "Statement",
    "end_time": 2138.4,
    "speaker_id": "B",
    "start_time": 2121.65
  },
  {
    "act": "Yeah.",
    "ae_type": "Statement",
    "end_time": 2143.58,
    "speaker_id": "B",
    "start_time": 2142.98
  },
  {
    "act": "Okay.",
    "ae_type": "Statement",
    "end_time": 2159.24,
    "speaker_id": "B",
    "start_time": 2158.76
  },
  {
    "act": "we have new project requirements, um",
    "ae_type": "Other (unlabeled)",
    "end_time": 1044.86,
    "speaker_id": "B",
    "start_time": 1041.72
  },
  {
    "act": "Um",
    "ae_type": "Other (unlabeled)",
    "end_time": 1061.39,
    "speaker_id": "B",
    "start_time": 1060.35
  },
  {
    "act": ", but",
    "ae_type": "Other (unlabeled)",
    "end_time": 1091.8,
    "speaker_id": "B",
    "start_time": 1091.31
  },
  {
    "act": "Mm.",
    "ae_type": "Other (unlabeled)",
    "end_time": 1118.4,
    "speaker_id": "B",
    "start_time": 1117.94
  },
  {
    "act": "Mm. Hmm.",
    "ae_type": "Other (unlabeled)",
    "end_time": 1155.08,
    "speaker_id": "B",
    "start_time": 1140.58
  },
  {
    "act": "What about",
    "ae_type": "Other (unlabeled)",
    "end_time": 1321.3,
    "speaker_id": "B",
    "start_time": 1320.38
  },
  {
    "act": "Were too big. Mm.",
    "ae_type": "Other (unlabeled)",
    "end_time": 1411.12,
    "speaker_id": "B",
    "start_time": 1402.84
  },
  {
    "act": "We are",
    "ae_type": "Other (unlabeled)",
    "end_time": 1548.15,
    "speaker_id": "B",
    "start_time": 1547.52
  },
  {
    "act": "Mm.",
    "ae_type": "Other (unlabeled)",
    "end_time": 1711.79,
    "speaker_id": "B",
    "start_time": 1711.46
  },
  {
    "act": "Mm. But we should focus on making the manual as user-friendly as possible because a lot of them are just tiny little writing and lots and lots of pages. It does, you just put it in the drawer until something goes wrong and then you try and search through it, so that should be something we think about.",
    "ae_type": "Other (unlabeled)",
    "end_time": 1861.23,
    "speaker_id": "B",
    "start_time": 1844.07
  },
  {
    "act": "S",
    "ae_type": "Other (unlabeled)",
    "end_time": 1922.83,
    "speaker_id": "B",
    "start_time": 1922.51
  },
  {
    "act": "So the rechargeable which would be your",
    "ae_type": "Other (unlabeled)",
    "end_time": 1932.61,
    "speaker_id": "B",
    "start_time": 1930.74
  },
  {
    "act": ". Um, th the shape you got trendy. I don't wanna big box with lots of things, you don't want a tiny sort of little thing either, because then you have got the repetitive strain injury no matter how many",
    "ae_type": "Other (unlabeled)",
    "end_time": 1959.5,
    "speaker_id": "B",
    "start_time": 1942.91
  },
  {
    "act": "Mm.",
    "ae_type": "Other (unlabeled)",
    "end_time": 2153.73,
    "speaker_id": "B",
    "start_time": 2153.25
  },
  {
    "act": "Okay. Okay.",
    "ae_type": "Other (unlabeled)",
    "end_time": 2162.91,
    "speaker_id": "B",
    "start_time": 2160.38
  },
  {
    "act": "yeah yeah.",
    "ae_type": "Statement",
    "end_time": 1100.99,
    "speaker_id": "C",
    "start_time": 1100.22
  },
  {
    "act": "Yeah. If yeah and if you got if you got a Sky box, they have one of those plus boxes, you can record straight off the T_V_ anyway so on to on to like the T_V_ hard drive or so.",
    "ae_type": "Statement",
    "end_time": 1122.32,
    "speaker_id": "C",
    "start_time": 1108.34
  },
  {
    "act": "Yeah.",
    "ae_type": "Statement",
    "end_time": 1127.68,
    "speaker_id": "C",
    "start_time": 1127.26
  },
  {
    "act": "Yeah.",
    "ae_type": "Statement",
    "end_time": 1146.53,
    "speaker_id": "C",
    "start_time": 1146.25
  },
  {
    "act": "'Kay.",
    "ae_type": "Statement",
    "end_time": 1335.94,
    "speaker_id": "C",
    "start_time": 1335.28
  },
  {
    "act": "No, well no 'cause you wouldn't have to you don't actually have to press them you just",
    "ae_type": "Statement",
    "end_time": 1356.22,
    "speaker_id": "C",
    "start_time": 1352.9
  },
  {
    "act": "Yeah.",
    "ae_type": "Statement",
    "end_time": 1357.84,
    "speaker_id": "C",
    "start_time": 1357.49
  },
  {
    "act": "they're c uh just generally Japanese people have smaller hands so they couldn't get round the controller which is uh so if you I don't know what 'cause you obviously you can have bigger buttons for some countries or something and smaller ones for others.",
    "ae_type": "Statement",
    "end_time": 1423.76,
    "speaker_id": "C",
    "start_time": 1406.93
  },
  {
    "act": "Yeah. Yeah.",
    "ae_type": "Statement",
    "end_time": 1435.73,
    "speaker_id": "C",
    "start_time": 1433.94
  },
  {
    "act": "Yeah.",
    "ae_type": "Statement",
    "end_time": 1572.37,
    "speaker_id": "C",
    "start_time": 1571.95
  },
  {
    "act": "Video plus.",
    "ae_type": "Statement",
    "end_time": 1623.51,
    "speaker_id": "C",
    "start_time": 1622.4
  },
  {
    "act": "Yeah yeah.",
    "ae_type": "Statement",
    "end_time": 1633.15,
    "speaker_id": "C",
    "start_time": 1631.98
  },
  {
    "act": "Just whack in the number.",
    "ae_type": "Statement",
    "end_time": 1649.11,
    "speaker_id": "C",
    "start_time": 1647.81
  },
  {
    "act": "And you wouldn't you wouldn't need uh a whole host of extra buttons for that, you just need one 'cause you've already got all the numbers there anyway, yeah.",
    "ae_type": "Statement",
    "end_time": 1665.55,
    "speaker_id": "C",
    "start_time": 1658.94
  },
  {
    "act": "Yeah.",
    "ae_type": "Statement",
    "end_time": 1676.4,
    "speaker_id": "C",
    "start_time": 1675.91
  },
  {
    "act": "It's been been around for a long time it's just it's not very well advertised as to how to use it and things.",
    "ae_type": "Statement",
    "end_time": 1699.12,
    "speaker_id": "C",
    "start_time": 1693.47
  },
  {
    "act": "Though if y if you've got something like Sky anyway you can just click on it you can just press the button on the programme once and it'll record that programme when it's on and you press it on it twice and it'll record the whole series.",
    "ae_type": "Statement",
    "end_time": 1714.57,
    "speaker_id": "C",
    "start_time": 1703.3
  },
  {
    "act": "So that yeah. But just to have that function would be would be really good.",
    "ae_type": "Statement",
    "end_time": 1722.03,
    "speaker_id": "C",
    "start_time": 1716.08
  },
  {
    "act": "Um they're they're specially made for the for the mobile phones, but they come with a charger, I mean you could you could bundle a charger in with it but",
    "ae_type": "Statement",
    "end_time": 1889.7,
    "speaker_id": "C",
    "start_time": 1879.56
  },
  {
    "act": "Yeah.",
    "ae_type": "Statement",
    "end_time": 1897.87,
    "speaker_id": "C",
    "start_time": 1897.23
  },
  {
    "act": "Yeah and if yeah if you if you had if you had one of those uh just coming back to your other point about pressing the button and setting off the bleeper in the room that could uh",
    "ae_type": "Statement",
    "end_time": 1917.27,
    "speaker_id": "C",
    "start_time": 1909.09
  },
  {
    "act": "Yeah on that as well so.",
    "ae_type": "Statement",
    "end_time": 1920.56,
    "speaker_id": "C",
    "start_time": 1919.28
  },
  {
    "act": "Yeah some sort of docking station or yeah.",
    "ae_type": "Statement",
    "end_time": 1929.7,
    "speaker_id": "C",
    "start_time": 1925.52
  },
  {
    "act": "Yeah yeah th yeah that that'd be fine, and also that would mean they wouldn't have to go out buying batteries all the time.",
    "ae_type": "Statement",
    "end_time": 1939.63,
    "speaker_id": "C",
    "start_time": 1933.38
  },
  {
    "act": "Yeah.",
    "ae_type": "Statement",
    "end_time": 2096.08,
    "speaker_id": "C",
    "start_time": 2095.59
  },
  {
    "act": "Yeah.",
    "ae_type": "Statement",
    "end_time": 2159.79,
    "speaker_id": "C",
    "start_time": 2159.39
  },
  {
    "act": "T",
    "ae_type": "Other (unlabeled)",
    "end_time": 1100.22,
    "speaker_id": "C",
    "start_time": 1099.29
  },
  {
    "act": "I d well I dunno 'cause uh the w if you've g",
    "ae_type": "Other (unlabeled)",
    "end_time": 1105.87,
    "speaker_id": "C",
    "start_time": 1103.65
  },
  {
    "act": "Yeah, yeah that's what I was just",
    "ae_type": "Other (unlabeled)",
    "end_time": 1343.97,
    "speaker_id": "C",
    "start_time": 1340.69
  },
  {
    "act": "Yeah. Mm. But also er ergonomics as we're saying with the different designs, ergonomics uh there's sort of physically different things 'cause um",
    "ae_type": "Other (unlabeled)",
    "end_time": 1394.52,
    "speaker_id": "C",
    "start_time": 1369.74
  },
  {
    "act": "Mm. Ge uh",
    "ae_type": "Other (unlabeled)",
    "end_time": 1541.43,
    "speaker_id": "C",
    "start_time": 1537.12
  },
  {
    "act": "And you w",
    "ae_type": "Other (unlabeled)",
    "end_time": 1657.68,
    "speaker_id": "C",
    "start_time": 1656.87
  },
  {
    "act": "It's not",
    "ae_type": "Other (unlabeled)",
    "end_time": 1672.44,
    "speaker_id": "C",
    "start_time": 1671.85
  },
  {
    "act": "Mm.",
    "ae_type": "Other (unlabeled)",
    "end_time": 1703.3,
    "speaker_id": "C",
    "start_time": 1702.08
  },
  {
    "act": "Yeah. Yeah. It's the uh",
    "ae_type": "Other (unlabeled)",
    "end_time": 1854.42,
    "speaker_id": "C",
    "start_time": 1848.94
  },
  {
    "act": "Mm-hmm.",
    "ae_type": "Other (unlabeled)",
    "end_time": 1891.86,
    "speaker_id": "C",
    "start_time": 1891.37
  },
  {
    "act": "Yeah. Yeah.",
    "ae_type": "Other (unlabeled)",
    "end_time": 1905.32,
    "speaker_id": "C",
    "start_time": 1900.46
  },
  {
    "act": "Mm.",
    "ae_type": "Other (unlabeled)",
    "end_time": 2069.9,
    "speaker_id": "C",
    "start_time": 2069.52
  },
  {
    "act": "Mm.",
    "ae_type": "Other (unlabeled)",
    "end_time": 2127.81,
    "speaker_id": "C",
    "start_time": 2127.45
  },
  {
    "act": "Mm-hmm, so can we not programme a video with this remote control?",
    "ae_type": "Yes/No issue",
    "end_time": 1080.59,
    "speaker_id": "D",
    "start_time": 1076.84
  },
  {
    "act": "Just channel-hopping.",
    "ae_type": "Statement",
    "end_time": 1085.36,
    "speaker_id": "D",
    "start_time": 1084.48
  },
  {
    "act": "Would that imply video use?",
    "ae_type": "Yes/No issue",
    "end_time": 1099.31,
    "speaker_id": "D",
    "start_time": 1097.68
  },
  {
    "act": "Mm-hmm, yes.",
    "ae_type": "Statement",
    "end_time": 1110.06,
    "speaker_id": "D",
    "start_time": 1108.66
  },
  {
    "act": "Yes.",
    "ae_type": "Statement",
    "end_time": 1126.51,
    "speaker_id": "D",
    "start_time": 1125.85
  },
  {
    "act": "Um we didn't really look into that but remember we found that finding that most people only use about uh ten percent of the buttons, I think th th those do tend to be the basic channel-hopping things and on and off for the video, fast-forwarding, so on and I think it's sort of general knowledge that people do find programming their videos a nightmare. So I don't know if that's something we need to look at.",
    "ae_type": "Statement",
    "end_time": 1156.69,
    "speaker_id": "D",
    "start_time": 1134.29
  },
  {
    "act": "Yes it will appeal to sections of the market def",
    "ae_type": "Statement",
    "end_time": 1372.51,
    "speaker_id": "D",
    "start_time": 1370.01
  },
  {
    "act": "a younger age group initially and then broaden out the market later. Do we really have to go for everyone right away?",
    "ae_type": "A/B issue",
    "end_time": 1537.57,
    "speaker_id": "D",
    "start_time": 1530.2
  },
  {
    "act": "And when we've been throwing up our ideas we're automatically talking about business people, young people, trendy people.",
    "ae_type": "Statement",
    "end_time": 1547.87,
    "speaker_id": "D",
    "start_time": 1542.65
  },
  {
    "act": "Right, I've not come across that function but it sounds wonderful.",
    "ae_type": "Statement",
    "end_time": 1670.39,
    "speaker_id": "D",
    "start_time": 1665.69
  },
  {
    "act": "Right.",
    "ae_type": "Statement",
    "end_time": 1690.56,
    "speaker_id": "D",
    "start_time": 1690.16
  },
  {
    "act": "Superb.",
    "ae_type": "Statement",
    "end_time": 1698.61,
    "speaker_id": "D",
    "start_time": 1698.1
  },
  {
    "act": "Yes.",
    "ae_type": "Statement",
    "end_time": 1703.17,
    "speaker_id": "D",
    "start_time": 1702.49
  },
  {
    "act": "Right.",
    "ae_type": "Statement",
    "end_time": 1721.28,
    "speaker_id": "D",
    "start_time": 1720.74
  },
  {
    "act": "I mean look at the mobile.",
    "ae_type": "Statement",
    "end_time": 2069.23,
    "speaker_id": "D",
    "start_time": 2067.8
  },
  {
    "act": "I think that's that sounds a really attractive idea, I've not come across anything like that before, if it kind of yeah and that opens out into your flip-top. Then it's nice t to h you can make it lightweight plastic, nice to hold in the palm of the hand and just because you're having to actually insert in between the two covers, that's gonna take care of some of the repetitive strain injury trying p prevent a lot of that I would think. I think it's a really nice idea and plus you can get you know even though we're using plastic, you can still I mean think of the designs you can get in plastic, we can do a nice conch shell or scallop shell exterior.",
    "ae_type": "Statement",
    "end_time": 2121.21,
    "speaker_id": "D",
    "start_time": 2087.03
  },
  {
    "act": "Yeah.",
    "ae_type": "Statement",
    "end_time": 2131.09,
    "speaker_id": "D",
    "start_time": 2130.72
  },
  {
    "act": "Less chance of it being lost too, it's not like a chocolate brown lozenge that's gonna go down the sofa and people might want to put it on their mantelpiece or whatever as a ki if it looks attractive enough as a kind of ornament they don't not gonna lose it so much either. It's easier to bit nice to handle.",
    "ae_type": "Statement",
    "end_time": 2155.53,
    "speaker_id": "D",
    "start_time": 2138.3
  },
  {
    "act": "Okay.",
    "ae_type": "Statement",
    "end_time": 2162.64,
    "speaker_id": "D",
    "start_time": 2161.98
  },
  {
    "act": "Mm. Mm-hmm.",
    "ae_type": "Other (unlabeled)",
    "end_time": 1368.18,
    "speaker_id": "D",
    "start_time": 1366.52
  },
  {
    "act": "Mm-hmm. Mm-hmm, mm.",
    "ae_type": "Other (unlabeled)",
    "end_time": 1384.95,
    "speaker_id": "D",
    "start_time": 1380.31
  },
  {
    "act": "Do we have to initially um, you know looking at the findings here, focus on",
    "ae_type": "Other (unlabeled)",
    "end_time": 1528.75,
    "speaker_id": "D",
    "start_time": 1522.11
  },
  {
    "act": "Um. Mm.",
    "ae_type": "Other (unlabeled)",
    "end_time": 1540.2,
    "speaker_id": "D",
    "start_time": 1537.57
  },
  {
    "act": "Mm. Mm-hmm",
    "ae_type": "Other (unlabeled)",
    "end_time": 1573.94,
    "speaker_id": "D",
    "start_time": 1564.53
  },
  {
    "act": "Mm.",
    "ae_type": "Other (unlabeled)",
    "end_time": 1635.6,
    "speaker_id": "D",
    "start_time": 1635.41
  },
  {
    "act": "Ah, hmm.",
    "ae_type": "Other (unlabeled)",
    "end_time": 1680.27,
    "speaker_id": "D",
    "start_time": 1679.6
  },
  {
    "act": "Mm.",
    "ae_type": "Other (unlabeled)",
    "end_time": 1701.18,
    "speaker_id": "D",
    "start_time": 1700.76
  },
  {
    "act": "Right. Excellent, mm-hmm. Mm.",
    "ae_type": "Other (unlabeled)",
    "end_time": 1718.01,
    "speaker_id": "D",
    "start_time": 1711.5
  },
  {
    "act": "Mm. Puts people off reading them so they just do the obvious, yes. Sure, okay.",
    "ae_type": "Other (unlabeled)",
    "end_time": 1860.28,
    "speaker_id": "D",
    "start_time": 1848.6
  },
  {
    "act": "Mm-hmm.",
    "ae_type": "Other (unlabeled)",
    "end_time": 2128.25,
    "speaker_id": "D",
    "start_time": 2127.8
  },
  {
    "act": "Mm-hmm.",
    "ae_type": "Other (unlabeled)",
    "end_time": 2133.58,
    "speaker_id": "D",
    "start_time": 2133.2
  },
  {
    "act": "Mm-hmm.",
    "ae_type": "Other (unlabeled)",
    "end_time": 2159.8,
    "speaker_id": "D",
    "start_time": 2159.41
  }
]