[
  {
    "segments": [
      {
        "end_time": 1809.142,
        "segment": "Uh it seems seems to me there are a number of fundamental decisions to make before we um I think your point about the the big energy source is uh a very valid one. Um I don't suppose we've got any statistics on the the life expectancy of uh remote controls, particularly sort of independent ones. Um given",
        "start_time": 1784.448
      },
      {
        "end_time": 1794.562,
        "segment": "Mm. Mm.",
        "start_time": 1788.009
      },
      {
        "end_time": 1828.819,
        "segment": "you know, the number of things you buy these days, which you know, have a a a lithium whatever battery in, that's uh, you know never needs replacing. Um perhaps we should have the the disposable remote control, uh um you know, one some sort of typical usage. You know, the the the battery will last",
        "start_time": 1810.052
      },
      {
        "end_time": 0.0,
        "segment": false,
        "start_time": 99999999.99
      },
      {
        "end_time": 1841.165,
        "segment": "know, five, ten years. By which time I mean when all's said and done, the digital television will be taking over in that time scale. Um",
        "start_time": 1829.616
      },
      {
        "end_time": 1838.767,
        "segment": "Mm.",
        "start_time": 1838.228
      },
      {
        "end_time": 1840.476,
        "segment": "Mm-hmm.",
        "start_time": 1839.566
      },
      {
        "end_time": 1849.204,
        "segment": "uh uh p perhaps we should, know, reduce the uh, you know, the sort of moving parts even more by not even having a battery compartment and uh",
        "start_time": 1841.949
      },
      {
        "end_time": 1852.337,
        "segment": "Just having one that's guaranteed to last five to ten years? Oh, cool.",
        "start_time": 1848.21
      },
      {
        "end_time": 1870.081,
        "segment": "Yeah, and if if anybody manages to run it down, we'll we'll give 'em a new one. Um it's, you know, it's what it saves in cost and you know there there's a well, it's actually a marketing gimmick. I mean it's hardly a gimmick, it's uh it's totally practical. Uh so I th think you know the idea of a rechargeable one is um",
        "start_time": 1850.864
      },
      {
        "end_time": 1856.064,
        "segment": "Yeah, fair enough.",
        "start_time": 1853.12
      },
      {
        "end_time": 0.0,
        "segment": false,
        "start_time": 99999999.99
      },
      {
        "end_time": 1879.147,
        "segment": "uh unless you're really high tech and it sort of just recharges itself if it's n by, you know, magnetic waves or whatever, if if it",
        "start_time": 1871.312
      },
      {
        "end_time": 1884.241,
        "segment": "It could have like uh know like a cordless phone in your house it s got like a base that sits there all the time.",
        "start_time": 1878.096
      },
      {
        "end_time": 1886.829,
        "segment": "Yeah. Are are people really gonna use it though? Um.",
        "start_time": 1882.422
      },
      {
        "end_time": 1883.999,
        "segment": "Mm, mm.",
        "start_time": 1882.653
      },
      {
        "end_time": 1887.088,
        "segment": "I suppose, yeah.",
        "start_time": 1885.648
      },
      {
        "end_time": 1892.4,
        "segment": "Yeah, people are pro I would think that people might forget I mean people forget to put their cordless phones back on there, so.",
        "start_time": 1885.44
      },
      {
        "end_time": 1887.712,
        "segment": "Mm yeah.",
        "start_time": 1886.633
      },
      {
        "end_time": 0.0,
        "segment": false,
        "start_time": 99999999.99
      },
      {
        "end_time": 1890.843,
        "segment": "I I th I think",
        "start_time": 1889.275
      },
      {
        "end_time": 1892.528,
        "segment": "Mm-mm.",
        "start_time": 1891.84
      },
      {
        "end_time": 1904.512,
        "segment": "Yeah, it's um I mean I know that somei times my my wife goes out in the morning and says oh I should have put the phone on to charge and then then she's had those for so long that if she hasn't worked that out by now. Um.",
        "start_time": 1892.448
      },
      {
        "end_time": 1893.297,
        "segment": "Yeah.",
        "start_time": 1892.759
      },
      {
        "end_time": 1915.232,
        "segment": "Mm. 'Cause I only remember to charge my cell phone uh when battery dies. And that's pretty much yeah. Yeah, when it turns itself off, that's when I plug it in, yeah.",
        "start_time": 1898.652
      },
      {
        "end_time": 1910.171,
        "segment": "Yeah.",
        "start_time": 1908.272
      },
      {
        "end_time": 0.0,
        "segment": false,
        "start_time": 99999999.99
      },
      {
        "end_time": 1921.808,
        "segment": "When it yeah, wh when it's died is a problem. Yeah, yeah, yeah, so uh um what so wh what what do we think about the um the the permanent mm battery?",
        "start_time": 1909.552
      },
      {
        "end_time": 0.0,
        "segment": false,
        "start_time": 99999999.99
      },
      {
        "end_time": 1924.08,
        "segment": "Yeah, think that's a good idea.",
        "start_time": 1921.808
      },
      {
        "end_time": 1925.072,
        "segment": "Uh. That sounds pretty good, yeah.",
        "start_time": 1922.853
      }
    ],
    "type": "Permanent battery"
  }
]