[
  {
    "end_time": 89.553,
    "segment": "Mm-hmm.",
    "speaker_id": "A",
    "start_time": 89.104
  },
  {
    "end_time": 101.074,
    "segment": "Sorry.",
    "speaker_id": "A",
    "start_time": 100.422
  },
  {
    "end_time": 209.883,
    "segment": "Yep.",
    "speaker_id": "A",
    "start_time": 209.286
  },
  {
    "end_time": 338.938,
    "segment": "Okay.",
    "speaker_id": "A",
    "start_time": 338.18
  },
  {
    "end_time": 532.178,
    "segment": "Yep.",
    "speaker_id": "A",
    "start_time": 531.328
  },
  {
    "end_time": 539.527,
    "segment": "'Kay. It can be okay, that's okay with me.",
    "speaker_id": "A",
    "start_time": 535.648
  },
  {
    "end_time": 545.634,
    "segment": "further.",
    "speaker_id": "A",
    "start_time": 544.498
  },
  {
    "end_time": 573.252,
    "segment": "Oops.",
    "speaker_id": "A",
    "start_time": 572.276
  },
  {
    "end_time": 593.984,
    "segment": "Why's it not working? F_ eight, right?",
    "speaker_id": "A",
    "start_time": 591.008
  },
  {
    "end_time": 597.501,
    "segment": "Okay.",
    "speaker_id": "A",
    "start_time": 596.466
  },
  {
    "end_time": 604.288,
    "segment": "Mm why's it in the right?",
    "speaker_id": "A",
    "start_time": 602.427
  },
  {
    "end_time": 608.509,
    "segment": "Yeah, it's connecting.",
    "speaker_id": "A",
    "start_time": 606.651
  },
  {
    "end_time": 613.712,
    "segment": "okay.",
    "speaker_id": "A",
    "start_time": 611.808
  },
  {
    "end_time": 635.648,
    "segment": "Yeah. Actually mm some of my points might overlap with what William's just mention, but basically my method was like uh whatever brainstorming we did in the last meeting, just a couple of valuable points and started developing on that and there might be some missing loops in this thing which I think we'll uh take a feedback from the marketing because",
    "speaker_id": "A",
    "start_time": 614.752
  },
  {
    "end_time": 653.053,
    "segment": "um, I haven't had some marketing data and basically every product is marketable. So purpose, as William already said, I would put it to simplify the interaction with T_V_ to make make it as simple as possible. And to summarise I I would say it's it should be user-friendly by being easy to use,",
    "speaker_id": "A",
    "start_time": 636.71
  },
  {
    "end_time": 661.952,
    "segment": "rather than having a lot of complex button because you can have an engineering maybe having hundred buttons and maybe having uh a remote control which has the main features",
    "speaker_id": "A",
    "start_time": 654.032
  },
  {
    "end_time": 666.272,
    "segment": "like volume control or channel ch changing the channel or whatever.",
    "speaker_id": "A",
    "start_time": 663.04
  },
  {
    "end_time": 706.576,
    "segment": "But we are to to make it unique so that people want to buy it, will this two features together. So what the concept is to have a flip-top model. The main functions such as which are like often used will be on the top and the complex functions which say you you can say like the y young generation or trendy generation want to pr say programme their favourite channels or whatever, can be put in the middle part of the f flip-top. So it's like it could be accessed by a wide ra range of uh audience and we can punch in new f features such as uh added features such as shock proof body and maybe a design to appeal to a lot of people.",
    "speaker_id": "A",
    "start_time": 667.392
  },
  {
    "end_time": 743.824,
    "segment": "Findings most people prefer us user-friendly rather than complex remote controls because there are times like uh people have used a remote control for say a year or something and they they are not used maybe thirty to forty percent of the buttons so it's not of no use of punching in the uh trying to put in those things in on the top of the remote control and try to confuse the user. As we saw we we have to make a profit also so we we can maybe go for an economies of a higher production mm by fifty million we said? Yeah, with that I think we'll be able to achieve economies of scale also, so we can give in add in more features and make it less costly.",
    "speaker_id": "A",
    "start_time": 708.24
  },
  {
    "end_time": 746.16,
    "segment": "Um,",
    "speaker_id": "A",
    "start_time": 745.281
  },
  {
    "end_time": 752.16,
    "segment": "that's so this is if you ask me personally, I would make uh",
    "speaker_id": "A",
    "start_time": 747.584
  },
  {
    "end_time": 769.12,
    "segment": "flip-top with a trendy uh uh design and s maybe we we should look at also like the buttons whe whether they are like soft or little hard because they are times when the buttons tend to be a bit hard after uh continuous use usage and all that. So in overall a simple and uh",
    "speaker_id": "A",
    "start_time": 754.448
  },
  {
    "end_time": 771.881,
    "segment": "user-friendly design.",
    "speaker_id": "A",
    "start_time": 770.816
  },
  {
    "end_time": 775.109,
    "segment": "Uh any comments like, if you want?",
    "speaker_id": "A",
    "start_time": 772.96
  },
  {
    "end_time": 779.776,
    "segment": "Okay.",
    "speaker_id": "A",
    "start_time": 778.384
  },
  {
    "end_time": 804.683,
    "segment": "I think you'll have to",
    "speaker_id": "A",
    "start_time": 803.332
  },
  {
    "end_time": 806.614,
    "segment": "You can't",
    "speaker_id": "A",
    "start_time": 805.424
  },
  {
    "end_time": 809.555,
    "segment": "It'll have to this can't be pulled.",
    "speaker_id": "A",
    "start_time": 807.248
  },
  {
    "end_time": 814.368,
    "segment": "You'll have to push it a bit more.",
    "speaker_id": "A",
    "start_time": 812.916
  },
  {
    "end_time": 818.308,
    "segment": "Yep.",
    "speaker_id": "A",
    "start_time": 817.952
  },
  {
    "end_time": 820.388,
    "segment": "Yeah this is more than enough.",
    "speaker_id": "A",
    "start_time": 819.185
  },
  {
    "end_time": 828.139,
    "segment": "Okay.",
    "speaker_id": "A",
    "start_time": 827.008
  },
  {
    "end_time": 836.021,
    "segment": "Yeah I think you can pull it out now.",
    "speaker_id": "A",
    "start_time": 834.336
  },
  {
    "end_time": 922.929,
    "segment": "Yeah.",
    "speaker_id": "A",
    "start_time": 922.331
  },
  {
    "end_time": 1028.295,
    "segment": "'Kay.",
    "speaker_id": "A",
    "start_time": 1027.614
  },
  {
    "end_time": 1036.56,
    "segment": "That's fine.",
    "speaker_id": "A",
    "start_time": 1034.766
  },
  {
    "end_time": 1054.624,
    "segment": "Okay.",
    "speaker_id": "A",
    "start_time": 1054.096
  },
  {
    "end_time": 1075.241,
    "segment": "Mm-hmm.",
    "speaker_id": "A",
    "start_time": 1074.18
  },
  {
    "end_time": 1133.936,
    "segment": "Anything about that on the market research or something like regarding whether people want a combined something like that?",
    "speaker_id": "A",
    "start_time": 1126.272
  },
  {
    "end_time": 1141.636,
    "segment": "Ten perc",
    "speaker_id": "A",
    "start_time": 1140.879
  },
  {
    "end_time": 1143.322,
    "segment": "Mm-hmm.",
    "speaker_id": "A",
    "start_time": 1142.688
  },
  {
    "end_time": 1154.883,
    "segment": "Okay.",
    "speaker_id": "A",
    "start_time": 1154.272
  },
  {
    "end_time": 1162.737,
    "segment": "Pens",
    "speaker_id": "A",
    "start_time": 1162.23
  },
  {
    "end_time": 1189.9,
    "segment": "Mm-hmm.",
    "speaker_id": "A",
    "start_time": 1189.28
  },
  {
    "end_time": 1232.921,
    "segment": "Okay.",
    "speaker_id": "A",
    "start_time": 1232.004
  },
  {
    "end_time": 1305.424,
    "segment": "So are we talking of a single model or maybe five, six designs?",
    "speaker_id": "A",
    "start_time": 1300.192
  },
  {
    "end_time": 1306.946,
    "segment": "Sure.",
    "speaker_id": "A",
    "start_time": 1306.273
  },
  {
    "end_time": 1309.176,
    "segment": "Alright.",
    "speaker_id": "A",
    "start_time": 1308.736
  },
  {
    "end_time": 1312.208,
    "segment": "Right.",
    "speaker_id": "A",
    "start_time": 1311.699
  },
  {
    "end_time": 1316.985,
    "segment": "The features could be same and the body could look slightly different.",
    "speaker_id": "A",
    "start_time": 1313.472
  },
  {
    "end_time": 1318.64,
    "segment": "So",
    "speaker_id": "A",
    "start_time": 1318.048
  },
  {
    "end_time": 1323.296,
    "segment": "Yeah.",
    "speaker_id": "A",
    "start_time": 1323.024
  },
  {
    "end_time": 1434.602,
    "segment": "Yeah, uh maybe to as uh it it was indicated that uh uh risk uh of uh repeated use, the injuries, maybe a touch screen could be a better option for that.",
    "speaker_id": "A",
    "start_time": 1424.336
  },
  {
    "end_time": 1453.078,
    "segment": "So, a bigger b okay so y you're dividing designs based on not only segment age groups, you're desi uh dividing it according to the countries also, the market. Maybe for U_S_ and all you can have a slightly bigger remote control and maybe in Japan and all you need to have a small, yeah.",
    "speaker_id": "A",
    "start_time": 1436.704
  },
  {
    "end_time": 1465.239,
    "segment": "Mm-hmm.",
    "speaker_id": "A",
    "start_time": 1464.656
  },
  {
    "end_time": 1539.488,
    "segment": "We could focus on the biggest market.",
    "speaker_id": "A",
    "start_time": 1537.016
  },
  {
    "end_time": 1543.967,
    "segment": "If say people between age group of twenty to thirty five are the biggest market?",
    "speaker_id": "A",
    "start_time": 1540.233
  },
  {
    "end_time": 1573.347,
    "segment": "Mm-hmm.",
    "speaker_id": "A",
    "start_time": 1572.59
  },
  {
    "end_time": 1613.108,
    "segment": "Mm-hmm.",
    "speaker_id": "A",
    "start_time": 1612.48
  },
  {
    "end_time": 1636.944,
    "segment": "Mm-hmm.",
    "speaker_id": "A",
    "start_time": 1636.608
  },
  {
    "end_time": 1843.441,
    "segment": "Right. I think it will be too much of an effort for a person to for a phone maybe he might walk down the street, but for a remote he will just refer to the manual and all that.",
    "speaker_id": "A",
    "start_time": 1833.801
  },
  {
    "end_time": 1848.112,
    "segment": "Simple.",
    "speaker_id": "A",
    "start_time": 1847.488
  },
  {
    "end_time": 1861.431,
    "segment": "Mm-hmm.",
    "speaker_id": "A",
    "start_time": 1860.799
  },
  {
    "end_time": 1901.502,
    "segment": "Mm-hmm.",
    "speaker_id": "A",
    "start_time": 1900.433
  },
  {
    "end_time": 1926.494,
    "segment": "So are we talking of a concept of a rechargeable something on the remote?",
    "speaker_id": "A",
    "start_time": 1922.496
  },
  {
    "end_time": 1928.276,
    "segment": "Mm-hmm.",
    "speaker_id": "A",
    "start_time": 1927.712
  },
  {
    "end_time": 1940.532,
    "segment": "Right.",
    "speaker_id": "A",
    "start_time": 1939.724
  },
  {
    "end_time": 1955.04,
    "segment": "Mm-hmm.",
    "speaker_id": "A",
    "start_time": 1954.704
  },
  {
    "end_time": 1978.032,
    "segment": "Okay.",
    "speaker_id": "A",
    "start_time": 1977.148
  },
  {
    "end_time": 2006.017,
    "segment": "What I was thinking of a design which Nokia h uh came up with almost six or seven years back. Basically we have a flat one it it looks like a box, like a chocolate. That's very strenuous because your thumb is slightly up, so they came up with something like this, curled up, so here, and you don't have to you don't bend your thumb too much, so it's like uh you can say a banana shape kind of thing, curled up like a boat.",
    "speaker_id": "A",
    "start_time": 1982.288
  },
  {
    "end_time": 2011.849,
    "segment": "G uh so what happens is you don't have to press your thumb too down like.",
    "speaker_id": "A",
    "start_time": 2007.228
  },
  {
    "end_time": 2019.01,
    "segment": "So it's already curled up so your thumb doesn't y yeah so we can have a s like you know moulded according to your",
    "speaker_id": "A",
    "start_time": 2012.428
  },
  {
    "end_time": 2023.632,
    "segment": "the way you h hold of it's kind of semi-circular in the bottom, something like that.",
    "speaker_id": "A",
    "start_time": 2019.71
  },
  {
    "end_time": 2027.583,
    "segment": "I wouldn't say exactly semi-circular but yeah smooth.",
    "speaker_id": "A",
    "start_time": 2024.8
  },
  {
    "end_time": 2041.375,
    "segment": "Current.",
    "speaker_id": "A",
    "start_time": 2040.254
  },
  {
    "end_time": 2052.98,
    "segment": "Mm-hmm. Mm-hmm.",
    "speaker_id": "A",
    "start_time": 2051.052
  },
  {
    "end_time": 2068.561,
    "segment": "We could look in at that but",
    "speaker_id": "A",
    "start_time": 2066.958
  },
  {
    "end_time": 2072.784,
    "segment": "Mm. What we were talking is to make it more",
    "speaker_id": "A",
    "start_time": 2069.631
  },
  {
    "end_time": 2083.883,
    "segment": "rather than like sea-shells, logo could become as you could put a logo in the corner of uh the model, rather than you know, trying to make it like a sea shell or whatever you were ta telling like.",
    "speaker_id": "A",
    "start_time": 2074.08
  },
  {
    "end_time": 2091.112,
    "segment": "A sea shell?",
    "speaker_id": "A",
    "start_time": 2089.959
  },
  {
    "end_time": 2111.796,
    "segment": "Yeah we could look in at that.",
    "speaker_id": "A",
    "start_time": 2110.528
  },
  {
    "end_time": 2161.664,
    "segment": "Yeah maybe we could come at some say five, six des designs and then choose which are whichever appeals the most like, that could be the most common design.",
    "speaker_id": "A",
    "start_time": 2154.528
  },
  {
    "end_time": 2164.843,
    "segment": "But we can like think of five, six designs.",
    "speaker_id": "A",
    "start_time": 2162.8
  },
  {
    "end_time": 2175.388,
    "segment": "Mm-hmm.",
    "speaker_id": "A",
    "start_time": 2174.791
  },
  {
    "end_time": 2249.953,
    "segment": "Yeah.",
    "speaker_id": "A",
    "start_time": 2248.688
  },
  {
    "end_time": 2253.104,
    "segment": "Yeah.",
    "speaker_id": "A",
    "start_time": 2252.736
  },
  {
    "end_time": 2267.792,
    "segment": "For detection, right.",
    "speaker_id": "A",
    "start_time": 2264.925
  },
  {
    "end_time": 2291.568,
    "segment": "Yep, I think",
    "speaker_id": "A",
    "start_time": 2290.079
  },
  {
    "end_time": 2295.296,
    "segment": "True.",
    "speaker_id": "A",
    "start_time": 2294.446
  },
  {
    "end_time": 2324.558,
    "segment": "Oops. We should f",
    "speaker_id": "A",
    "start_time": 2323.024
  },
  {
    "end_time": 2326.864,
    "segment": "I think it's time for us to",
    "speaker_id": "A",
    "start_time": 2325.384
  },
  {
    "end_time": 2329.856,
    "segment": "get back to",
    "speaker_id": "A",
    "start_time": 2329.264
  },
  {
    "end_time": 5.143,
    "segment": "Help.",
    "speaker_id": "B",
    "start_time": 0.0
  },
  {
    "end_time": 11.017,
    "segment": "It's up there? That screen's black.",
    "speaker_id": "B",
    "start_time": 8.164
  },
  {
    "end_time": 40.164,
    "segment": "Alright, okay. Okay, that's fine.",
    "speaker_id": "B",
    "start_time": 36.741
  },
  {
    "end_time": 56.573,
    "segment": "Are we done?",
    "speaker_id": "B",
    "start_time": 55.336
  },
  {
    "end_time": 79.27,
    "segment": "Right, okay um, this is our second meeting and I might be a bit all over the place. Um, right our agenda for today, do you want us to give you a second?",
    "speaker_id": "B",
    "start_time": 66.784
  },
  {
    "end_time": 83.536,
    "segment": "Okay, um",
    "speaker_id": "B",
    "start_time": 81.245
  },
  {
    "end_time": 88.743,
    "segment": "I'll go over what we decided last meeting,",
    "speaker_id": "B",
    "start_time": 85.856
  },
  {
    "end_time": 91.226,
    "segment": "um,",
    "speaker_id": "B",
    "start_time": 90.325
  },
  {
    "end_time": 99.168,
    "segment": "we decided upon a universal control, one handset for all, T_V_, video",
    "speaker_id": "B",
    "start_time": 92.51
  },
  {
    "end_time": 129.705,
    "segment": "equipment. Um, that it was important that the product was accessible to a wide range of consumers, wide age range, not limiting anyone. We decided it was important to reflect the company's image in our product, we put fashion in electronics, you know that kind of s thing. Um, our budget would have to affect um try not to reflect our budget, um that we might",
    "speaker_id": "B",
    "start_time": 100.475
  },
  {
    "end_time": 144.168,
    "segment": "have a bit of oh oh you can see it, okay. Um dissonance between what our budget was and what we want it to look like. Um",
    "speaker_id": "B",
    "start_time": 131.36
  },
  {
    "end_time": 159.504,
    "segment": "want it to look uncluttered, undaunting to the customer. We discussed a flip-open design, um reducing the size of the control and an electronic panel um for further features like programming, things like that.",
    "speaker_id": "B",
    "start_time": 144.782
  },
  {
    "end_time": 166.904,
    "segment": "Okay. Um, three presentations, I've got written here so",
    "speaker_id": "B",
    "start_time": 161.168
  },
  {
    "end_time": 170.688,
    "segment": "shall we hear from Marketing first?",
    "speaker_id": "B",
    "start_time": 168.592
  },
  {
    "end_time": 177.407,
    "segment": "No that's fine, that's fine.",
    "speaker_id": "B",
    "start_time": 175.008
  },
  {
    "end_time": 180.086,
    "segment": "Unplug me.",
    "speaker_id": "B",
    "start_time": 178.928
  },
  {
    "end_time": 195.388,
    "segment": "Um, F_N_",
    "speaker_id": "B",
    "start_time": 193.984
  },
  {
    "end_time": 197.887,
    "segment": "function F_ eight.",
    "speaker_id": "B",
    "start_time": 195.936
  },
  {
    "end_time": 322.048,
    "segment": "Mm-hmm.",
    "speaker_id": "B",
    "start_time": 321.341
  },
  {
    "end_time": 338.783,
    "segment": "They are.",
    "speaker_id": "B",
    "start_time": 337.697
  },
  {
    "end_time": 532.4,
    "segment": "Okay, thank you very much. Um, would you like to continue on from that?",
    "speaker_id": "B",
    "start_time": 527.484
  },
  {
    "end_time": 538.592,
    "segment": "Or, maybe move the laptop over.",
    "speaker_id": "B",
    "start_time": 535.904
  },
  {
    "end_time": 596.398,
    "segment": "F_ function.",
    "speaker_id": "B",
    "start_time": 594.752
  },
  {
    "end_time": 613.992,
    "segment": "Oh, there.",
    "speaker_id": "B",
    "start_time": 612.72
  },
  {
    "end_time": 773.889,
    "segment": "'Kay.",
    "speaker_id": "B",
    "start_time": 772.879
  },
  {
    "end_time": 784.352,
    "segment": "Um, I think we'll chat about it at the end, okay so if anyone wants to write something down that they want to bring up at the end, um",
    "speaker_id": "B",
    "start_time": 775.472
  },
  {
    "end_time": 790.944,
    "segment": "Ooh, it's vibrating, that's strange.",
    "speaker_id": "B",
    "start_time": 788.496
  },
  {
    "end_time": 793.44,
    "segment": "Oh, God.",
    "speaker_id": "B",
    "start_time": 792.526
  },
  {
    "end_time": 803.53,
    "segment": "Right, okay.",
    "speaker_id": "B",
    "start_time": 802.327
  },
  {
    "end_time": 811.107,
    "segment": "We just do the best we can.",
    "speaker_id": "B",
    "start_time": 809.465
  },
  {
    "end_time": 842.313,
    "segment": "Yeah, you might.",
    "speaker_id": "B",
    "start_time": 840.992
  },
  {
    "end_time": 843.996,
    "segment": "Ah.",
    "speaker_id": "B",
    "start_time": 843.55
  },
  {
    "end_time": 845.502,
    "segment": "Look at that.",
    "speaker_id": "B",
    "start_time": 844.88
  },
  {
    "end_time": 1036.696,
    "segment": "Okay. Yeah.",
    "speaker_id": "B",
    "start_time": 1034.264
  },
  {
    "end_time": 1040.64,
    "segment": "Right, um",
    "speaker_id": "B",
    "start_time": 1038.545
  },
  {
    "end_time": 1044.973,
    "segment": "we have new project requirements, um",
    "speaker_id": "B",
    "start_time": 1041.632
  },
  {
    "end_time": 1061.486,
    "segment": "we're not going to be using teletext, um apparently the consumers consider it outdated with the internet now. Um",
    "speaker_id": "B",
    "start_time": 1049.84
  },
  {
    "end_time": 1078.571,
    "segment": "our control is only going to be for T_V_, it's not going to be a combined control, which limits you know all of the different things that it limits the cost for us, but it also makes it easier to understand for the consumer.",
    "speaker_id": "B",
    "start_time": 1062.384
  },
  {
    "end_time": 1092.144,
    "segment": "It says for T_V_ only, so looks like it's just yeah, I think maybe Sky things like that might be incorporated into it, but",
    "speaker_id": "B",
    "start_time": 1080.304
  },
  {
    "end_time": 1102.16,
    "segment": "I don't know, what do you think? It just said, for T_V_ only. But I mean, general T_V_ controls do do video as well.",
    "speaker_id": "B",
    "start_time": 1094.192
  },
  {
    "end_time": 1109.076,
    "segment": "I mean you bu well som you get com you get combined T_V_ and videos don't you?",
    "speaker_id": "B",
    "start_time": 1104.232
  },
  {
    "end_time": 1118.432,
    "segment": "Mm.",
    "speaker_id": "B",
    "start_time": 1117.822
  },
  {
    "end_time": 1127.04,
    "segment": "I think we assume that it's still got play and stop functions and programming.",
    "speaker_id": "B",
    "start_time": 1122.432
  },
  {
    "end_time": 1140.933,
    "segment": "Mm.",
    "speaker_id": "B",
    "start_time": 1140.462
  },
  {
    "end_time": 1155.267,
    "segment": "Hmm.",
    "speaker_id": "B",
    "start_time": 1154.173
  },
  {
    "end_time": 1182.993,
    "segment": "Mm-hmm.",
    "speaker_id": "B",
    "start_time": 1182.059
  },
  {
    "end_time": 1190.364,
    "segment": "Yeah, bu",
    "speaker_id": "B",
    "start_time": 1188.416
  },
  {
    "end_time": 1217.984,
    "segment": "We do have a budget limitation that we can't control ourselves, so I think when we can take a cheaper option which still does the same kinda thing um because it is something I it needs to be the thing that you",
    "speaker_id": "B",
    "start_time": 1200.72
  },
  {
    "end_time": 1237.165,
    "segment": "use to find it needs to be something that you don't lose, you were saying whistling, maybe on the T_V_ you could put like a pack on the T_V_ or something so you can't see the remote, you go and press the button on top of the T_V_ and it beeps and you're like oh okay it's over there, something like that, but that's that sounds a lot cheaper to me.",
    "speaker_id": "B",
    "start_time": 1218.605
  },
  {
    "end_time": 1252.594,
    "segment": "Um the third thing was that we have to make sure the corporate image is very much incorporated into the handset. Um so we want logo, we want um",
    "speaker_id": "B",
    "start_time": 1237.984
  },
  {
    "end_time": 1258.592,
    "segment": "fashionable, trendy, I mean what you were talking about with the marketing.",
    "speaker_id": "B",
    "start_time": 1254.88
  },
  {
    "end_time": 1263.968,
    "segment": "Um, people paying more for it to look good.",
    "speaker_id": "B",
    "start_time": 1259.264
  },
  {
    "end_time": 1267.902,
    "segment": "Um, we need to focus on that as well.",
    "speaker_id": "B",
    "start_time": 1264.896
  },
  {
    "end_time": 1274.496,
    "segment": "Yeah.",
    "speaker_id": "B",
    "start_time": 1273.856
  },
  {
    "end_time": 1284.435,
    "segment": "Mm.",
    "speaker_id": "B",
    "start_time": 1283.122
  },
  {
    "end_time": 1300.272,
    "segment": "Yeah.",
    "speaker_id": "B",
    "start_time": 1299.728
  },
  {
    "end_time": 1312.656,
    "segment": "Mm-hmm.",
    "speaker_id": "B",
    "start_time": 1312.224
  },
  {
    "end_time": 1334.784,
    "segment": "What about you were talking about the buttons, um the controls that are coming out now have kind of big, rubber buttons, not tiny little one, big, rubber buttons, but what about, I mean, 'cause we got to make it original,",
    "speaker_id": "B",
    "start_time": 1320.304
  },
  {
    "end_time": 1337.584,
    "segment": "what about",
    "speaker_id": "B",
    "start_time": 1335.984
  },
  {
    "end_time": 1342.048,
    "segment": "um you know with the touch screen computers",
    "speaker_id": "B",
    "start_time": 1338.672
  },
  {
    "end_time": 1353.942,
    "segment": "yeah? Um so you it's like a little panel that you touch rather than a button which shouldn't wear out as much either, not sure about the",
    "speaker_id": "B",
    "start_time": 1343.169
  },
  {
    "end_time": 1371.012,
    "segment": "You don't have to press it, you just have to put your thumb onto it. Um, think that might appeal I'm thinking kind of Japan, I'm thinking uh young, um office people, trendy kind of a thing.",
    "speaker_id": "B",
    "start_time": 1354.787
  },
  {
    "end_time": 1385.648,
    "segment": "Um, but quite, um, easily labelled so that anyone can oh yeah that's obvious what that's for and it's not daunting to maybe the older generations, um",
    "speaker_id": "B",
    "start_time": 1371.888
  },
  {
    "end_time": 1403.771,
    "segment": "Were too big.",
    "speaker_id": "B",
    "start_time": 1402.489
  },
  {
    "end_time": 1411.159,
    "segment": "Mm.",
    "speaker_id": "B",
    "start_time": 1410.736
  },
  {
    "end_time": 1465.44,
    "segment": "I think we have to design one product and then the company can take it wherever they want to uh in the sense that they can make it smaller, or they can make it bigger or they can change the features slightly, um.",
    "speaker_id": "B",
    "start_time": 1452.046
  },
  {
    "end_time": 1477.184,
    "segment": "It's gonna be the same, so we need to focus on just one thing, not get bogged down in lots of different um possibilities, um.",
    "speaker_id": "B",
    "start_time": 1467.827
  },
  {
    "end_time": 1519.96,
    "segment": "Or a speech recognition, which is extremely expensive, I think that's the only way that you kind of avoid",
    "speaker_id": "B",
    "start_time": 1512.56
  },
  {
    "end_time": 1521.824,
    "segment": "that kind of issue.",
    "speaker_id": "B",
    "start_time": 1520.816
  },
  {
    "end_time": 1550.208,
    "segment": "We are we're talking about um",
    "speaker_id": "B",
    "start_time": 1547.189
  },
  {
    "end_time": 1579.872,
    "segment": "the type of company that we're working for as well. That they want um it to be fashionable, they want it to be trendy and you wouldn't automatically assume associate that with the older generations. Now with the baby boomers, the older generations are actually larger, they have a greater population than us young people, but I don't think we're focusing on that, I think we are focusing on a sort of mid-range um,",
    "speaker_id": "B",
    "start_time": 1551.984
  },
  {
    "end_time": 1583.76,
    "segment": "business kind of class type people.",
    "speaker_id": "B",
    "start_time": 1580.876
  },
  {
    "end_time": 1592.64,
    "segment": "Mm-hmm.",
    "speaker_id": "B",
    "start_time": 1592.176
  },
  {
    "end_time": 1616.236,
    "segment": "Okay, so the remote control functions. Um we've got the T_V_, we've got the video, now there's um",
    "speaker_id": "B",
    "start_time": 1604.688
  },
  {
    "end_time": 1624.464,
    "segment": "I can't remember what it's called, the little code at the end of programme details, yes.",
    "speaker_id": "B",
    "start_time": 1617.472
  },
  {
    "end_time": 1637.632,
    "segment": "We could use that as an alternative to programming in times, things like that, is that I always found that really easy when I discovered it, um",
    "speaker_id": "B",
    "start_time": 1625.776
  },
  {
    "end_time": 1658.8,
    "segment": "because you've got your general record anyway so if you there's a programme on you want to put record on, that's fine, but if you do want to tape something in two days time and you're not sure if you're going to, you put the number in and it's just a number, it's not a date, it's not a time, it's not a channel, it's not when it finishes, it's not anything like that, it's just a number.",
    "speaker_id": "B",
    "start_time": 1638.64
  },
  {
    "end_time": 1662.922,
    "segment": "No.",
    "speaker_id": "B",
    "start_time": 1662.464
  },
  {
    "end_time": 1666.448,
    "segment": "You've already got the numbers for typing in anyway.",
    "speaker_id": "B",
    "start_time": 1664.104
  },
  {
    "end_time": 1694.641,
    "segment": "It is after um if you look in the newspaper, T_V_ guide or any T_V_ guide there's a five, six digit number afterwards and that's the number you put in and it's recorded that it's going to be on on Tuesdays at ten o'clock on the seventeenth so you don't have to worry about dates and you don't have to worry about times, um and it has been around for quite a long time.",
    "speaker_id": "B",
    "start_time": 1669.376
  },
  {
    "end_time": 1702.881,
    "segment": "No it's not um but I think if awareness was kind of brought to the forefront about that",
    "speaker_id": "B",
    "start_time": 1696.912
  },
  {
    "end_time": 1712.046,
    "segment": "Mm.",
    "speaker_id": "B",
    "start_time": 1711.204
  },
  {
    "end_time": 1722.992,
    "segment": "Okay so",
    "speaker_id": "B",
    "start_time": 1721.983
  },
  {
    "end_time": 1749.196,
    "segment": "Mm-hmm.",
    "speaker_id": "B",
    "start_time": 1748.427
  },
  {
    "end_time": 1800.498,
    "segment": "The functionality of it in the sense that you're sitting there, you're pressing this button and your T_V_'s not doing it.",
    "speaker_id": "B",
    "start_time": 1793.504
  },
  {
    "end_time": 1805.952,
    "segment": "Taking your T_V_ and your control and saying look this is what I'm doing, it's not working, what should I do?",
    "speaker_id": "B",
    "start_time": 1801.232
  },
  {
    "end_time": 1816.128,
    "segment": "I think so. Um",
    "speaker_id": "B",
    "start_time": 1813.532
  },
  {
    "end_time": 1836.415,
    "segment": "Instruction manuals. But I mean they're there's customer service, there will be a customer service number thing that you can phone up and speak to and that way there's no call out charge, there's no extra, t the person has to walk to a shop on the high street, um.",
    "speaker_id": "B",
    "start_time": 1818.176
  },
  {
    "end_time": 1879.392,
    "segment": "Mm. But we should focus on making the manual as user-friendly as possible because a lot of them are just tiny little writing and lots and lots of pages. It does, you just put it in the drawer until something goes wrong and then you try and search through it, so that should be something we think about. Um, what other functions? We need I'm not sure if we need a design um decision now, but we should think about c 'cause you've got the dilemma between oh batteries, that's what I was thinking about. Mobile phone batteries, what kinda battery is that?",
    "speaker_id": "B",
    "start_time": 1843.958
  },
  {
    "end_time": 1910.128,
    "segment": "Well they la they they last quite a long time, and if you had uh when you th the thing that you get with mobile house phones, you sit it in its charger when you're not using it or t at night or something, but it doesn't really matter 'cause it never really runs out 'cause it lasts a long time once it is charged. Um, something like that should reduce the size of it.",
    "speaker_id": "B",
    "start_time": 1888.476
  },
  {
    "end_time": 1921.104,
    "segment": "Yeah it could be on that yeah, okay.",
    "speaker_id": "B",
    "start_time": 1918.176
  },
  {
    "end_time": 1922.923,
    "segment": "S",
    "speaker_id": "B",
    "start_time": 1922.4
  },
  {
    "end_time": 1926.722,
    "segment": "Yes.",
    "speaker_id": "B",
    "start_time": 1925.822
  },
  {
    "end_time": 1929.705,
    "segment": "Rechargeable with a docking station.",
    "speaker_id": "B",
    "start_time": 1927.696
  },
  {
    "end_time": 1932.672,
    "segment": "So the rechargeable which would be your",
    "speaker_id": "B",
    "start_time": 1930.72
  },
  {
    "end_time": 1934.416,
    "segment": "field.",
    "speaker_id": "B",
    "start_time": 1933.882
  },
  {
    "end_time": 1936.911,
    "segment": "Okay.",
    "speaker_id": "B",
    "start_time": 1936.053
  },
  {
    "end_time": 1962.496,
    "segment": "Yes, which it is cheaper in the long run as well. Um, th the shape you got trendy. I don't wanna big box with lots of things, you don't want a tiny sort of little thing either, because then you have got the repetitive strain injury no matter how many how much you try and make it simple, um",
    "speaker_id": "B",
    "start_time": 1939.352
  },
  {
    "end_time": 1966.931,
    "segment": "They do.",
    "speaker_id": "B",
    "start_time": 1965.871
  },
  {
    "end_time": 1978.784,
    "segment": "Okay so we've got a flip-screen.",
    "speaker_id": "B",
    "start_time": 1976.641
  },
  {
    "end_time": 1980.888,
    "segment": "Um",
    "speaker_id": "B",
    "start_time": 1979.853
  },
  {
    "end_time": 2006.56,
    "segment": "Okay.",
    "speaker_id": "B",
    "start_time": 2005.92
  },
  {
    "end_time": 2015.68,
    "segment": "'Cause it's kind of moulded to your hand anyway.",
    "speaker_id": "B",
    "start_time": 2013.516
  },
  {
    "end_time": 2024.544,
    "segment": "Okay.",
    "speaker_id": "B",
    "start_time": 2023.829
  },
  {
    "end_time": 2030.32,
    "segment": "Can you look into the company logo?",
    "speaker_id": "B",
    "start_time": 2026.344
  },
  {
    "end_time": 2041.344,
    "segment": "Um, things that are associated with the company in view to trying to incorporate that into the design of the product. I mean",
    "speaker_id": "B",
    "start_time": 2031.381
  },
  {
    "end_time": 2058.928,
    "segment": "for example, if it was a C_ or something like that, you could have it in a vague C_ shape that opens up kind of like a shell, or something, um something along those lines to be able to incorporate it quite",
    "speaker_id": "B",
    "start_time": 2043.002
  },
  {
    "end_time": 2066.48,
    "segment": "um obviously into the design, while also making it quite different from anything else that's there.",
    "speaker_id": "B",
    "start_time": 2060.134
  },
  {
    "end_time": 2086.257,
    "segment": "Well we need to think about how it's gonna look different.",
    "speaker_id": "B",
    "start_time": 2082.784
  },
  {
    "end_time": 2138.671,
    "segment": "Or you could do um different, like you get with mobile phones, different fascias. You could have different kind of casings. So you could have like psychedelic ones for younger people and sleek ones and",
    "speaker_id": "B",
    "start_time": 2121.325
  },
  {
    "end_time": 2143.714,
    "segment": "Yeah.",
    "speaker_id": "B",
    "start_time": 2142.718
  },
  {
    "end_time": 2153.76,
    "segment": "Mm.",
    "speaker_id": "B",
    "start_time": 2153.216
  },
  {
    "end_time": 2159.33,
    "segment": "Okay.",
    "speaker_id": "B",
    "start_time": 2158.621
  },
  {
    "end_time": 2160.883,
    "segment": "Okay.",
    "speaker_id": "B",
    "start_time": 2160.344
  },
  {
    "end_time": 2163.108,
    "segment": "Okay.",
    "speaker_id": "B",
    "start_time": 2162.51
  },
  {
    "end_time": 2167.76,
    "segment": "Right, I think we have to round it up, um",
    "speaker_id": "B",
    "start_time": 2164.614
  },
  {
    "end_time": 2169.409,
    "segment": "Sure.",
    "speaker_id": "B",
    "start_time": 2168.593
  },
  {
    "end_time": 2196.185,
    "segment": "That was um in cutting down the number that was kinda separate that was cutting down the number of functions, making it simpler so instead of having lots of things you put in for date",
    "speaker_id": "B",
    "start_time": 2182.336
  },
  {
    "end_time": 2215.924,
    "segment": "It's kinda takes the place of having a button to press for the date and having the button to press for the channel, things like that. Um it could be it c",
    "speaker_id": "B",
    "start_time": 2206.707
  },
  {
    "end_time": 2226.206,
    "segment": "It yes, it could be uh adv advertisement feature, um rather than design feature, you know, drawing attention to that.",
    "speaker_id": "B",
    "start_time": 2216.545
  },
  {
    "end_time": 2235.619,
    "segment": "And it also paid um lip service in the instruction manual, 'cause it's very simple so putting it down in words should be helpful.",
    "speaker_id": "B",
    "start_time": 2226.689
  },
  {
    "end_time": 2237.456,
    "segment": "Yeah.",
    "speaker_id": "B",
    "start_time": 2237.088
  },
  {
    "end_time": 2240.481,
    "segment": "Um",
    "speaker_id": "B",
    "start_time": 2239.128
  },
  {
    "end_time": 2256.944,
    "segment": "We've got the buttons but I think we'll work through that with the design of it, um.",
    "speaker_id": "B",
    "start_time": 2249.488
  },
  {
    "end_time": 2260.952,
    "segment": "Yes. Yes.",
    "speaker_id": "B",
    "start_time": 2259.075
  },
  {
    "end_time": 2268.48,
    "segment": "And we've talked about um there being an alarm or something, a beeping for being lost, um.",
    "speaker_id": "B",
    "start_time": 2261.968
  },
  {
    "end_time": 2283.872,
    "segment": "Learning how to use it should be as simple as possible. But there aren't gonna be that func that many functions incorporated into it so it should be fine and the I the instruction manual, I don't know if we deal with that, um.",
    "speaker_id": "B",
    "start_time": 2270.032
  },
  {
    "end_time": 2286.704,
    "segment": "I think",
    "speaker_id": "B",
    "start_time": 2285.888
  },
  {
    "end_time": 2294.238,
    "segment": "Yep, and different from what's out there. Yep, I think that's us.",
    "speaker_id": "B",
    "start_time": 2289.824
  },
  {
    "end_time": 2303.904,
    "segment": "I think you might get guidance, but um",
    "speaker_id": "B",
    "start_time": 2300.096
  },
  {
    "end_time": 2305.68,
    "segment": "I th",
    "speaker_id": "B",
    "start_time": 2305.392
  },
  {
    "end_time": 2309.792,
    "segment": "Instruction manuals, 'cause there tends to be a",
    "speaker_id": "B",
    "start_time": 2307.079
  },
  {
    "end_time": 2318.6,
    "segment": "demonised thing, u um, they're everyone's got like a big pile of them, but no one really uses them.",
    "speaker_id": "B",
    "start_time": 2311.584
  },
  {
    "end_time": 2319.855,
    "segment": "Um.",
    "speaker_id": "B",
    "start_time": 2319.296
  },
  {
    "end_time": 2326.0,
    "segment": "Yes, right. Okay.",
    "speaker_id": "B",
    "start_time": 2323.753
  },
  {
    "end_time": 2331.536,
    "segment": "Right, okay.",
    "speaker_id": "B",
    "start_time": 2330.368
  },
  {
    "end_time": 2337.44,
    "segment": "I think you can email me, if there's any more questions.",
    "speaker_id": "B",
    "start_time": 2333.312
  },
  {
    "end_time": 2342.211,
    "segment": "Um and I'll be able to not answer them.",
    "speaker_id": "B",
    "start_time": 2339.232
  },
  {
    "end_time": 179.312,
    "segment": "Okay, yeah I'll go first. Can I grab the",
    "speaker_id": "C",
    "start_time": 176.48
  },
  {
    "end_time": 183.52,
    "segment": "Thanks.",
    "speaker_id": "C",
    "start_time": 182.055
  },
  {
    "end_time": 193.461,
    "segment": "What do I have to press? Oh, F_ eight?",
    "speaker_id": "C",
    "start_time": 190.848
  },
  {
    "end_time": 197.984,
    "segment": "Oh right, yeah.",
    "speaker_id": "C",
    "start_time": 196.816
  },
  {
    "end_time": 201.89,
    "segment": "Okay.",
    "speaker_id": "C",
    "start_time": 200.855
  },
  {
    "end_time": 204.619,
    "segment": "Maybe",
    "speaker_id": "C",
    "start_time": 203.436
  },
  {
    "end_time": 210.736,
    "segment": "Yep there we go.",
    "speaker_id": "C",
    "start_time": 209.711
  },
  {
    "end_time": 218.528,
    "segment": "Okay this is uh the working design, presented by me, the uh Industrial Designer extraordinaire.",
    "speaker_id": "C",
    "start_time": 212.369
  },
  {
    "end_time": 247.008,
    "segment": "'Kay, this is where I went a bit mad with PowerPoint so. What the first thing question I asked was what are we trying to design? Well, a device which basically just sends the signal to the T_V_ to change its state, whether that be the power, or the channel um or the volume, everything is just um some sort of signal to change the state of the T_V_ or other appliance that it's sending the signal to.",
    "speaker_id": "C",
    "start_time": 219.872
  },
  {
    "end_time": 260.096,
    "segment": "Um, so I decided I'd have a look at what th other people have designed and try and take some inspiration from that. But uh although we will want to be taking",
    "speaker_id": "C",
    "start_time": 248.832
  },
  {
    "end_time": 272.08,
    "segment": "ideas from other people, we wanna make sure that our design stands out and I thought that was something that well it wasn't really my area because",
    "speaker_id": "C",
    "start_time": 261.424
  },
  {
    "end_time": 322.256,
    "segment": "I'm dealing with the inside really. So um, yeah I ran out of time so I couldn't do this one as fun as the last one. Um and uh I found out that most uh controls use some form of infrared to send signals to the T_V_ presumably because of the cost issue of uh something like uh the same thing that computers use, wireless and, you don't need to send very much information. Um, most of them are powered by some form of battery. Now our one, I'm I'm not sure whether we want to look at the size issue because most of them are powered by triple A_ batteries but those can be quite bulky so I d I didn't know if you wanted to look at something else um so we could shrink down the size of the control. Yeah sure.",
    "speaker_id": "C",
    "start_time": 272.635
  },
  {
    "end_time": 360.448,
    "segment": "Um no no, if you if you look at if you look at most remote controls they're quite they're quite chunky and that's because of the size of the batteries, they have to be obviously this certain size to fit those batteries in. Yeah the the well you can you can get the sort of circular round ones but I'm just wondering about power consumption and how much you need to send the data across. Um, and d which leads sort of onto the next point about 'em being small and easy to carry round. Um, now the ones at the moment are small but I was just wondering if we could look at something a bit smaller.",
    "speaker_id": "C",
    "start_time": 325.232
  },
  {
    "end_time": 417.981,
    "segment": "Now the main components I came up with um were obviously the power source for the batteries 'cause otherwise it's not gonna work, uh as I said about the w which batteries we were gonna choose, we can uh discuss that later and then you obviously need something to decode the information that you're putting in from from the controller and to turn it into an i uh infrared signal which we're going to use to send the information. Now these have a wireless range of up to about five metres which is sort of suitable for anyone who's watching the T_V_ unless they're in a cinema, which not most people do so as we're applying to the most audience that should be fine. And then I was uh just had a quick look at the external design but I d I left that mostly to the uh interface designer.",
    "speaker_id": "C",
    "start_time": 361.198
  },
  {
    "end_time": 441.84,
    "segment": "And so this is what I had as the basic idea of what we wanna do. It's not a proper circuit, I'm not sure if it'd work or not, I'm not even confident that those are the real um the real way you'd wire it up but anyway, we've just got the the power going to the infrared bulb with the chip and the uh U_I_ interface um",
    "speaker_id": "C",
    "start_time": 419.059
  },
  {
    "end_time": 458.848,
    "segment": "which would basically, when you when you pressed anything it would the chip would convert it into some form of I_R_ data which could be decoded by the T_V_ receiver, which obviously means that we're gonna have to conform to whatever",
    "speaker_id": "C",
    "start_time": 443.088
  },
  {
    "end_time": 519.262,
    "segment": "um whatever form of communication that the T_V_s are already using and since that that's another use and reason to use that infrared because that's what all T_V_s use at the moment. And then finally, um we want uh the it to be available to a wide audience at a low cost so all the components that I've put forward are uh low in cost so that that should be good. Um it should should be different enough um from the alternative products to get a good consumer base, we were talking about it before and also just something that I was thinking about, uh because they're small they're also easy to lose so if we could look into some way of d dunno some anti-going down the side of the sofa thing that you could have, I th that was just sort of a general point there. And that's uh yeah.",
    "speaker_id": "C",
    "start_time": 459.904
  },
  {
    "end_time": 528.656,
    "segment": "Alright okay, and yeah, that's that's what I came up with there, so if you wanna",
    "speaker_id": "C",
    "start_time": 521.616
  },
  {
    "end_time": 534.656,
    "segment": "Ooh.",
    "speaker_id": "C",
    "start_time": 534.016
  },
  {
    "end_time": 597.072,
    "segment": "Function F_ eight yeah.",
    "speaker_id": "C",
    "start_time": 595.072
  },
  {
    "end_time": 611.408,
    "segment": "No, no yeah it's just.",
    "speaker_id": "C",
    "start_time": 607.424
  },
  {
    "end_time": 619.508,
    "segment": "Yeah.",
    "speaker_id": "C",
    "start_time": 618.656
  },
  {
    "end_time": 736.581,
    "segment": "Yeah.",
    "speaker_id": "C",
    "start_time": 735.857
  },
  {
    "end_time": 762.96,
    "segment": "Yeah.",
    "speaker_id": "C",
    "start_time": 762.272
  },
  {
    "end_time": 783.742,
    "segment": "Yeah sure.",
    "speaker_id": "C",
    "start_time": 782.618
  },
  {
    "end_time": 828.976,
    "segment": "There we go, I've got a bit more of the cable.",
    "speaker_id": "C",
    "start_time": 826.292
  },
  {
    "end_time": 831.12,
    "segment": "There we go.",
    "speaker_id": "C",
    "start_time": 830.656
  },
  {
    "end_time": 844.168,
    "segment": "Uh you should be able to and yeah, there you go.",
    "speaker_id": "C",
    "start_time": 839.87
  },
  {
    "end_time": 1035.832,
    "segment": "Okay.",
    "speaker_id": "C",
    "start_time": 1035.047
  },
  {
    "end_time": 1039.543,
    "segment": "Huh.",
    "speaker_id": "C",
    "start_time": 1038.575
  },
  {
    "end_time": 1101.024,
    "segment": "T yeah yeah.",
    "speaker_id": "C",
    "start_time": 1099.269
  },
  {
    "end_time": 1106.0,
    "segment": "I d well I dunno 'cause uh the w if you've g",
    "speaker_id": "C",
    "start_time": 1103.618
  },
  {
    "end_time": 1122.4,
    "segment": "Yeah. If yeah and if you got if you got a Sky box, they have one of those plus boxes, you can record straight off the T_V_ anyway so on to on to like the T_V_ hard drive or so.",
    "speaker_id": "C",
    "start_time": 1108.32
  },
  {
    "end_time": 1127.808,
    "segment": "Yeah.",
    "speaker_id": "C",
    "start_time": 1127.152
  },
  {
    "end_time": 1147.184,
    "segment": "Yeah.",
    "speaker_id": "C",
    "start_time": 1146.112
  },
  {
    "end_time": 1166.368,
    "segment": "Ju um just as an idea on the uh speech recognition thing that pr it'd probably be quite expensive to incorporate an entire speech recognition thing and they're not that great anyway.",
    "speaker_id": "C",
    "start_time": 1155.808
  },
  {
    "end_time": 1168.655,
    "segment": "Alright, okay.",
    "speaker_id": "C",
    "start_time": 1167.616
  },
  {
    "end_time": 1177.706,
    "segment": "Alright, okay.",
    "speaker_id": "C",
    "start_time": 1176.372
  },
  {
    "end_time": 1183.104,
    "segment": "Yeah.",
    "speaker_id": "C",
    "start_time": 1182.509
  },
  {
    "end_time": 1200.8,
    "segment": "Yeah but um on on that again I just thought 'cause you can get those key chains now and you whistle and then it'll let off a loud noise to let you know where it is so I thought that could be quite a",
    "speaker_id": "C",
    "start_time": 1188.608
  },
  {
    "end_time": 1223.593,
    "segment": "Yeah. Yeah.",
    "speaker_id": "C",
    "start_time": 1222.016
  },
  {
    "end_time": 1232.623,
    "segment": "Yeah.",
    "speaker_id": "C",
    "start_time": 1232.089
  },
  {
    "end_time": 1237.552,
    "segment": "Hmm. Yeah.",
    "speaker_id": "C",
    "start_time": 1234.8
  },
  {
    "end_time": 1295.104,
    "segment": "Yeah.",
    "speaker_id": "C",
    "start_time": 1294.096
  },
  {
    "end_time": 1312.08,
    "segment": "Well y yeah you could you could have a number of different designs I mean inside they'd be essentially exactly the same.",
    "speaker_id": "C",
    "start_time": 1305.92
  },
  {
    "end_time": 1317.2,
    "segment": "Just yeah, yeah.",
    "speaker_id": "C",
    "start_time": 1313.216
  },
  {
    "end_time": 1336.064,
    "segment": "'Kay.",
    "speaker_id": "C",
    "start_time": 1335.264
  },
  {
    "end_time": 1344.65,
    "segment": "Yeah, yeah that's what I was just yeah.",
    "speaker_id": "C",
    "start_time": 1340.555
  },
  {
    "end_time": 1356.256,
    "segment": "No, well no 'cause you wouldn't have to you don't actually have to press them you just",
    "speaker_id": "C",
    "start_time": 1352.593
  },
  {
    "end_time": 1357.872,
    "segment": "Yeah.",
    "speaker_id": "C",
    "start_time": 1357.472
  },
  {
    "end_time": 1370.332,
    "segment": "Yeah.",
    "speaker_id": "C",
    "start_time": 1369.584
  },
  {
    "end_time": 1406.031,
    "segment": "Mm. But also er ergonomics as we're saying with the different designs, ergonomics uh there's sort of physically different things 'cause um if you've ever seen the X_ Box they had to make two different sized controllers because people in Japan wouldn't buy it because the controller was physically to big because um",
    "speaker_id": "C",
    "start_time": 1383.861
  },
  {
    "end_time": 1423.792,
    "segment": "they're c uh just generally Japanese people have smaller hands so they couldn't get round the controller which is uh so if you I don't know what 'cause you obviously you can have bigger buttons for some countries or something and smaller ones for others.",
    "speaker_id": "C",
    "start_time": 1406.912
  },
  {
    "end_time": 1435.776,
    "segment": "Yeah. Yeah.",
    "speaker_id": "C",
    "start_time": 1433.734
  },
  {
    "end_time": 1449.984,
    "segment": "Yeah.",
    "speaker_id": "C",
    "start_time": 1448.915
  },
  {
    "end_time": 1453.008,
    "segment": "Hmm.",
    "speaker_id": "C",
    "start_time": 1452.032
  },
  {
    "end_time": 1455.035,
    "segment": "Huh.",
    "speaker_id": "C",
    "start_time": 1454.429
  },
  {
    "end_time": 1456.624,
    "segment": "Yeah.",
    "speaker_id": "C",
    "start_time": 1455.84
  },
  {
    "end_time": 1462.304,
    "segment": "Yeah.",
    "speaker_id": "C",
    "start_time": 1461.68
  },
  {
    "end_time": 1471.888,
    "segment": "Yeah.",
    "speaker_id": "C",
    "start_time": 1471.256
  },
  {
    "end_time": 1492.108,
    "segment": "Yeah.",
    "speaker_id": "C",
    "start_time": 1491.167
  },
  {
    "end_time": 1498.672,
    "segment": "Yeah.",
    "speaker_id": "C",
    "start_time": 1498.089
  },
  {
    "end_time": 1513.088,
    "segment": "I yeah I was just thinking about how you could combat that 'cause without without doing something where you have to move your arm around to change the channel and it becomes yeah.",
    "speaker_id": "C",
    "start_time": 1501.552
  },
  {
    "end_time": 1517.264,
    "segment": "Yeah, speech recognition, but yeah.",
    "speaker_id": "C",
    "start_time": 1514.224
  },
  {
    "end_time": 1537.413,
    "segment": "Mm.",
    "speaker_id": "C",
    "start_time": 1537.088
  },
  {
    "end_time": 1541.515,
    "segment": "Ge uh",
    "speaker_id": "C",
    "start_time": 1540.176
  },
  {
    "end_time": 1572.4,
    "segment": "Yeah.",
    "speaker_id": "C",
    "start_time": 1571.852
  },
  {
    "end_time": 1623.811,
    "segment": "Video plus.",
    "speaker_id": "C",
    "start_time": 1622.368
  },
  {
    "end_time": 1633.2,
    "segment": "Yeah yeah.",
    "speaker_id": "C",
    "start_time": 1631.856
  },
  {
    "end_time": 1649.332,
    "segment": "Just whack in the number.",
    "speaker_id": "C",
    "start_time": 1647.712
  },
  {
    "end_time": 1665.584,
    "segment": "And you w yeah. And you wouldn't you wouldn't need uh a whole host of extra buttons for that, you just need one 'cause you've already got all the numbers there anyway, yeah.",
    "speaker_id": "C",
    "start_time": 1656.735
  },
  {
    "end_time": 1672.803,
    "segment": "It's not",
    "speaker_id": "C",
    "start_time": 1671.633
  },
  {
    "end_time": 1676.432,
    "segment": "Yeah.",
    "speaker_id": "C",
    "start_time": 1675.888
  },
  {
    "end_time": 1699.258,
    "segment": "It's been been around for a long time it's just it's not very well advertised as to how to use it and things.",
    "speaker_id": "C",
    "start_time": 1693.296
  },
  {
    "end_time": 1714.608,
    "segment": "Mm. Though if y if you've got something like Sky anyway you can just click on it you can just press the button on the programme once and it'll record that programme when it's on and you press it on it twice and it'll record the whole series.",
    "speaker_id": "C",
    "start_time": 1701.92
  },
  {
    "end_time": 1722.224,
    "segment": "So that yeah. But just to have that function would be would be really good.",
    "speaker_id": "C",
    "start_time": 1716.0
  },
  {
    "end_time": 1747.872,
    "segment": "Yeah.",
    "speaker_id": "C",
    "start_time": 1747.31
  },
  {
    "end_time": 1794.512,
    "segment": "Mm. But the only problem is that with a mobile phone you signed for a contract so they um the companies who uh who you deal with have actually they've they've got an obligation to to help you out and also I mean it's it's fair enough to have some sort of help service but I I'm not sure how much the cost would be of having",
    "speaker_id": "C",
    "start_time": 1769.12
  },
  {
    "end_time": 1814.128,
    "segment": "Yeah, I mean",
    "speaker_id": "C",
    "start_time": 1813.424
  },
  {
    "end_time": 1820.336,
    "segment": "I mean instru instruction books I feel c I reckon can cover that.",
    "speaker_id": "C",
    "start_time": 1816.368
  },
  {
    "end_time": 1824.048,
    "segment": "Yeah.",
    "speaker_id": "C",
    "start_time": 1823.168
  },
  {
    "end_time": 1826.704,
    "segment": "Department, yeah.",
    "speaker_id": "C",
    "start_time": 1825.173
  },
  {
    "end_time": 1840.096,
    "segment": "Yeah.",
    "speaker_id": "C",
    "start_time": 1839.404
  },
  {
    "end_time": 1845.136,
    "segment": "And they're yeah, they should be f yeah.",
    "speaker_id": "C",
    "start_time": 1842.272
  },
  {
    "end_time": 1849.296,
    "segment": "Yeah.",
    "speaker_id": "C",
    "start_time": 1848.817
  },
  {
    "end_time": 1851.744,
    "segment": "Yeah.",
    "speaker_id": "C",
    "start_time": 1850.82
  },
  {
    "end_time": 1855.085,
    "segment": "It's the uh yeah.",
    "speaker_id": "C",
    "start_time": 1853.873
  },
  {
    "end_time": 1889.877,
    "segment": "Um they're they're specially made for the for the mobile phones, but they come with a charger, I mean you could you could bundle a charger in with it but",
    "speaker_id": "C",
    "start_time": 1879.536
  },
  {
    "end_time": 1892.016,
    "segment": "Mm-hmm.",
    "speaker_id": "C",
    "start_time": 1891.344
  },
  {
    "end_time": 1897.936,
    "segment": "Yeah.",
    "speaker_id": "C",
    "start_time": 1897.036
  },
  {
    "end_time": 1901.368,
    "segment": "Yeah.",
    "speaker_id": "C",
    "start_time": 1900.432
  },
  {
    "end_time": 1905.453,
    "segment": "Yeah.",
    "speaker_id": "C",
    "start_time": 1904.784
  },
  {
    "end_time": 1917.344,
    "segment": "Yeah and if yeah if you if you had if you had one of those uh just coming back to your other point about pressing the button and setting off the bleeper in the room that could uh",
    "speaker_id": "C",
    "start_time": 1908.944
  },
  {
    "end_time": 1920.864,
    "segment": "Yeah on that as well so.",
    "speaker_id": "C",
    "start_time": 1919.108
  },
  {
    "end_time": 1929.84,
    "segment": "Yeah some sort of docking station or yeah.",
    "speaker_id": "C",
    "start_time": 1925.143
  },
  {
    "end_time": 1939.718,
    "segment": "Yeah yeah th yeah that that'd be fine, and also that would mean they wouldn't have to go out buying batteries all the time.",
    "speaker_id": "C",
    "start_time": 1932.736
  },
  {
    "end_time": 1942.096,
    "segment": "Yeah.",
    "speaker_id": "C",
    "start_time": 1941.288
  },
  {
    "end_time": 1966.597,
    "segment": "Yeah.",
    "speaker_id": "C",
    "start_time": 1966.084
  },
  {
    "end_time": 1992.736,
    "segment": "Yeah.",
    "speaker_id": "C",
    "start_time": 1991.408
  },
  {
    "end_time": 2005.936,
    "segment": "Yeah.",
    "speaker_id": "C",
    "start_time": 2004.971
  },
  {
    "end_time": 2020.336,
    "segment": "Yeah.",
    "speaker_id": "C",
    "start_time": 2019.693
  },
  {
    "end_time": 2069.936,
    "segment": "Mm.",
    "speaker_id": "C",
    "start_time": 2069.488
  },
  {
    "end_time": 2096.145,
    "segment": "Yeah.",
    "speaker_id": "C",
    "start_time": 2095.566
  },
  {
    "end_time": 2127.856,
    "segment": "Mm.",
    "speaker_id": "C",
    "start_time": 2127.332
  },
  {
    "end_time": 2159.975,
    "segment": "Yeah.",
    "speaker_id": "C",
    "start_time": 2159.276
  },
  {
    "end_time": 2217.456,
    "segment": "Yeah.",
    "speaker_id": "C",
    "start_time": 2216.539
  },
  {
    "end_time": 2266.368,
    "segment": "Yeah.",
    "speaker_id": "C",
    "start_time": 2265.392
  },
  {
    "end_time": 2295.718,
    "segment": "Okay.",
    "speaker_id": "C",
    "start_time": 2294.986
  },
  {
    "end_time": 49.284,
    "segment": "Oh God.",
    "speaker_id": "D",
    "start_time": 47.685
  },
  {
    "end_time": 82.32,
    "segment": "Uh, no that's okay, sorry.",
    "speaker_id": "D",
    "start_time": 80.016
  },
  {
    "end_time": 176.16,
    "segment": "Um is it okay if I postpone that til later, I just want to get access to a little bit more information, is that okay?",
    "speaker_id": "D",
    "start_time": 170.664
  },
  {
    "end_time": 327.276,
    "segment": "Mm-hmm. Could I can I interject to ask a question there, is that appropriate? You're saying the triple A_ batteries are small or the surrounding it?",
    "speaker_id": "D",
    "start_time": 318.992
  },
  {
    "end_time": 331.082,
    "segment": "Mm-hmm.",
    "speaker_id": "D",
    "start_time": 330.406
  },
  {
    "end_time": 339.095,
    "segment": "Right, the triple A_s are the smallest you can get are they not, right?",
    "speaker_id": "D",
    "start_time": 335.813
  },
  {
    "end_time": 342.715,
    "segment": "Oh I see.",
    "speaker_id": "D",
    "start_time": 341.395
  },
  {
    "end_time": 346.128,
    "segment": "Okay.",
    "speaker_id": "D",
    "start_time": 345.44
  },
  {
    "end_time": 501.136,
    "segment": "Mm.",
    "speaker_id": "D",
    "start_time": 499.856
  },
  {
    "end_time": 510.448,
    "segment": "Mm.",
    "speaker_id": "D",
    "start_time": 509.616
  },
  {
    "end_time": 524.224,
    "segment": "Mm. That's a very important part, it came up in our market research findings too so I can refer to that, whenever you like me to present.",
    "speaker_id": "D",
    "start_time": 515.904
  },
  {
    "end_time": 603.36,
    "segment": "No.",
    "speaker_id": "D",
    "start_time": 602.368
  },
  {
    "end_time": 607.97,
    "segment": "The plug hasn't come out at the bottom, has it? No.",
    "speaker_id": "D",
    "start_time": 604.768
  },
  {
    "end_time": 610.126,
    "segment": "Meter adjusting.",
    "speaker_id": "D",
    "start_time": 608.944
  },
  {
    "end_time": 773.04,
    "segment": "Mm.",
    "speaker_id": "D",
    "start_time": 772.327
  },
  {
    "end_time": 783.264,
    "segment": "'Kay.",
    "speaker_id": "D",
    "start_time": 782.531
  },
  {
    "end_time": 806.599,
    "segment": "Have I got to keep this here? Does it matter?",
    "speaker_id": "D",
    "start_time": 802.324
  },
  {
    "end_time": 820.832,
    "segment": "I'll have t I'll have to move it won't I? Uh, whoops. Will it manage? Bit more, oh dear.",
    "speaker_id": "D",
    "start_time": 808.381
  },
  {
    "end_time": 829.412,
    "segment": "Oh.",
    "speaker_id": "D",
    "start_time": 827.89
  },
  {
    "end_time": 832.425,
    "segment": "Is that okay?",
    "speaker_id": "D",
    "start_time": 831.17
  },
  {
    "end_time": 840.248,
    "segment": "Thank you, just pull it closer a little bit.",
    "speaker_id": "D",
    "start_time": 836.408
  },
  {
    "end_time": 843.936,
    "segment": "Get it right over, okay, thank you.",
    "speaker_id": "D",
    "start_time": 841.693
  },
  {
    "end_time": 876.331,
    "segment": "Okay, um, I'm going to look at the functional requirements from the marketing point of view and uh obviously our starting point with marketing is always market research. Um, so that's where we started, we used our our usability lab, the company's usability lab, we did our usual selection methods to get a cross-section of the general public, male and female, all age groups from fifteen upwards and um we observed them in the lab, just their general use of the remote control, you can see we had a hundred subjects there.",
    "speaker_id": "D",
    "start_time": 845.328
  },
  {
    "end_time": 895.66,
    "segment": "Our findings, lots of findings, I've just summarised some of them here. The overall thing which I've I've got at the top there in italics is that users dislike the look and feel of current remote controls, so it has obvious design implications there. Um, we found that seventy five percent of users find most remote controls ugly.",
    "speaker_id": "D",
    "start_time": 876.331
  },
  {
    "end_time": 927.927,
    "segment": "Eighty percent would spend more money when a remote control would look fancy, we were quite surprised by that finding, but um that's quite a high proportion of our our, you know, international target group are prepared to spend more money for something that's a bit nicer looking. Um, current remote controls do not match well with the operating behaviour of the user overall. For example, you can see below there, seventy five percent of users zap a lot, so you've got your person sunk back in the sofa channel-hopping. So again there's power implications there.",
    "speaker_id": "D",
    "start_time": 896.603
  },
  {
    "end_time": 943.104,
    "segment": "Um, fifty percent of users only use ten percent of the buttons, so again a big design issue there. Um and possibly we can also cut back on cost if we don't have so many functions actually on the remote control. Um",
    "speaker_id": "D",
    "start_time": 927.927
  },
  {
    "end_time": 975.311,
    "segment": "the biggest frustrations that people found with regard to personal preferences were um something that you you mentioned earlier, uh remote controls are often lost in the room, it's a slipping down the back of the sofa type of thing, uh fifty percent were were particularly frustrated by that. Uh thirty four percent of people take said they take too much time to learn to use and I think that ties in with the um the previous finding of people only using ten percent of the buttons, they just can't be bothered to learn about the other functions.",
    "speaker_id": "D",
    "start_time": 946.768
  },
  {
    "end_time": 1026.56,
    "segment": "Um, um slightly more than a quarter of people said it was bad for uh repetitive strain injury. You know those small movements of the remote control can lead to kind of shoulder and elbow problems. Um the vast majority of the thirty five and under age group would like um a liquid crystal display and speech recognition, again that was to aid I think in uh when they've lost the actual remote control, some kind of speech recognition. Something we didn't put to them, but which I'm thinking of now is um even if perhaps the lost control can give off a bleep every now and again til you find it or a flashing light, possibly. Um, that trend reverses in the older age groups. So thirty fives and unders who would like those two features, that kind of evens out thirty five to forty five and in the older age group it kind of reverses, they're not so bothered with this.",
    "speaker_id": "D",
    "start_time": 976.049
  },
  {
    "end_time": 1036.8,
    "segment": "I had marvellous tables and things that I could show you, but I think I'll just keep it simple, if there's any more information I can email you extra details, is that okay?",
    "speaker_id": "D",
    "start_time": 1027.243
  },
  {
    "end_time": 1081.008,
    "segment": "Mm-hmm, so can we not programme a video with this remote control?",
    "speaker_id": "D",
    "start_time": 1076.816
  },
  {
    "end_time": 1085.392,
    "segment": "Just channel-hopping.",
    "speaker_id": "D",
    "start_time": 1084.432
  },
  {
    "end_time": 1099.443,
    "segment": "Would that imply video use?",
    "speaker_id": "D",
    "start_time": 1097.664
  },
  {
    "end_time": 1110.098,
    "segment": "Mm-hmm, yes.",
    "speaker_id": "D",
    "start_time": 1108.64
  },
  {
    "end_time": 1126.703,
    "segment": "Yes.",
    "speaker_id": "D",
    "start_time": 1125.824
  },
  {
    "end_time": 1156.736,
    "segment": "Um we didn't really look into that but remember we found that finding that most people only use about uh ten percent of the buttons, I think th th those do tend to be the basic channel-hopping things and on and off for the video, fast-forwarding, so on and I think it's sort of general knowledge that people do find programming their videos a nightmare. So I don't know if that's something we need to look at.",
    "speaker_id": "D",
    "start_time": 1134.208
  },
  {
    "end_time": 1160.362,
    "segment": "Mm-hmm.",
    "speaker_id": "D",
    "start_time": 1159.712
  },
  {
    "end_time": 1189.56,
    "segment": "In fact I've just called up that table there, we asked those two questions, the table relates to both questions, so we didn't differentiate. Would you prefer an L_C_D_ screen, that's multi-function remote and would you pay more for speech recognition in a remote control? So you can see how the the yes no sort of varies across the age group there, and a substantial number of don't knows in the older age group, I think that's just general fear of new technology.",
    "speaker_id": "D",
    "start_time": 1165.52
  },
  {
    "end_time": 1197.233,
    "segment": "Oh yeah.",
    "speaker_id": "D",
    "start_time": 1196.232
  },
  {
    "end_time": 1200.109,
    "segment": "Right.",
    "speaker_id": "D",
    "start_time": 1198.992
  },
  {
    "end_time": 1210.64,
    "segment": "Mm.",
    "speaker_id": "D",
    "start_time": 1210.096
  },
  {
    "end_time": 1232.668,
    "segment": "Yes.",
    "speaker_id": "D",
    "start_time": 1231.984
  },
  {
    "end_time": 1234.72,
    "segment": "That's a super idea.",
    "speaker_id": "D",
    "start_time": 1233.584
  },
  {
    "end_time": 1238.112,
    "segment": "Yeah.",
    "speaker_id": "D",
    "start_time": 1237.472
  },
  {
    "end_time": 1299.744,
    "segment": "Yes, further market research will be needed to kind of focus on what that is, it's gonna be different for a fifteen year old th for somebody who's sixty and also across the world if we're aiming at the international market. What is um attractive to a trendy New Yorker and what is attractive to a retired South African, I dunno, you get the idea. It's it's gonna vary around the world. At the end of the day, th the engineering design is one thing, it's the user interface design that may and th the sort of you know fashionable aspect of it we might have to change for different markets round the world.",
    "speaker_id": "D",
    "start_time": 1266.288
  },
  {
    "end_time": 1314.224,
    "segment": "Yeah.",
    "speaker_id": "D",
    "start_time": 1313.792
  },
  {
    "end_time": 1316.8,
    "segment": "Mm.",
    "speaker_id": "D",
    "start_time": 1316.448
  },
  {
    "end_time": 1368.224,
    "segment": "Mm. Mm-hmm.",
    "speaker_id": "D",
    "start_time": 1366.496
  },
  {
    "end_time": 1372.544,
    "segment": "Yes it will appeal to sections of the market def",
    "speaker_id": "D",
    "start_time": 1369.984
  },
  {
    "end_time": 1381.056,
    "segment": "Mm-hmm.",
    "speaker_id": "D",
    "start_time": 1380.288
  },
  {
    "end_time": 1385.024,
    "segment": "Mm-hmm, mm.",
    "speaker_id": "D",
    "start_time": 1383.344
  },
  {
    "end_time": 1446.128,
    "segment": "Mm-hmm.",
    "speaker_id": "D",
    "start_time": 1445.449
  },
  {
    "end_time": 1464.256,
    "segment": "Mm-hmm.",
    "speaker_id": "D",
    "start_time": 1463.556
  },
  {
    "end_time": 1469.662,
    "segment": "Th the internal d engineering design has got to remain the same, yes, absolutely.",
    "speaker_id": "D",
    "start_time": 1465.264
  },
  {
    "end_time": 1471.884,
    "segment": "Mm-hmm.",
    "speaker_id": "D",
    "start_time": 1471.286
  },
  {
    "end_time": 1476.224,
    "segment": "Mm-hmm.",
    "speaker_id": "D",
    "start_time": 1475.744
  },
  {
    "end_time": 1494.896,
    "segment": "I'm concerned, when you read the the R_S_I_ issue again, repetitive strain injury, I don't think just moving your finger around on a small screen is going to deal with that enough, I think that is still a kind of a question mark issue how we deal with that. Um, R_S_I_ tends to be caused by repetitive small movements.",
    "speaker_id": "D",
    "start_time": 1477.536
  },
  {
    "end_time": 1501.936,
    "segment": "I'm j I really can't get my head round this one, this may have to be postponed to a future meeting but it's something we should think about.",
    "speaker_id": "D",
    "start_time": 1496.048
  },
  {
    "end_time": 1505.137,
    "segment": "Mm.",
    "speaker_id": "D",
    "start_time": 1504.576
  },
  {
    "end_time": 1513.435,
    "segment": "I know, and it becomes ridiculous, yes I know.",
    "speaker_id": "D",
    "start_time": 1510.406
  },
  {
    "end_time": 1514.704,
    "segment": "Yeah.",
    "speaker_id": "D",
    "start_time": 1514.27
  },
  {
    "end_time": 1517.987,
    "segment": "Yes.",
    "speaker_id": "D",
    "start_time": 1517.2
  },
  {
    "end_time": 1520.048,
    "segment": "Mm-hmm.",
    "speaker_id": "D",
    "start_time": 1519.6
  },
  {
    "end_time": 1528.8,
    "segment": "Do we have to initially um, you know looking at the findings here, focus on",
    "speaker_id": "D",
    "start_time": 1521.776
  },
  {
    "end_time": 1538.064,
    "segment": "a younger age group initially and then broaden out the market later. Do we really have to go for everyone right away? Um.",
    "speaker_id": "D",
    "start_time": 1529.938
  },
  {
    "end_time": 1540.256,
    "segment": "Mm.",
    "speaker_id": "D",
    "start_time": 1539.6
  },
  {
    "end_time": 1548.246,
    "segment": "And when we've been throwing up our ideas we're automatically talking about business people, young people, trendy people.",
    "speaker_id": "D",
    "start_time": 1542.246
  },
  {
    "end_time": 1564.96,
    "segment": "Mm.",
    "speaker_id": "D",
    "start_time": 1564.512
  },
  {
    "end_time": 1574.08,
    "segment": "Mm-hmm.",
    "speaker_id": "D",
    "start_time": 1573.376
  },
  {
    "end_time": 1579.248,
    "segment": "Mm.",
    "speaker_id": "D",
    "start_time": 1578.381
  },
  {
    "end_time": 1593.392,
    "segment": "Mm. I'm just thinking of budgetary issues too, for when it does get to the sort of broad scale marketing stage, we want to, you know, not waste money, not be profligate and uh",
    "speaker_id": "D",
    "start_time": 1582.528
  },
  {
    "end_time": 1603.024,
    "segment": "you know focus on where the idea will be taken up, first it's most likely to be taken up first of all where the main purchasing power is coming from for a product like this.",
    "speaker_id": "D",
    "start_time": 1595.36
  },
  {
    "end_time": 1635.761,
    "segment": "Mm.",
    "speaker_id": "D",
    "start_time": 1635.265
  },
  {
    "end_time": 1670.432,
    "segment": "Right, I've not come across that function but it sounds wonderful.",
    "speaker_id": "D",
    "start_time": 1665.648
  },
  {
    "end_time": 1680.352,
    "segment": "Ah, hmm.",
    "speaker_id": "D",
    "start_time": 1679.52
  },
  {
    "end_time": 1690.665,
    "segment": "Right.",
    "speaker_id": "D",
    "start_time": 1689.815
  },
  {
    "end_time": 1699.055,
    "segment": "Superb.",
    "speaker_id": "D",
    "start_time": 1697.184
  },
  {
    "end_time": 1701.216,
    "segment": "Mm.",
    "speaker_id": "D",
    "start_time": 1700.587
  },
  {
    "end_time": 1703.2,
    "segment": "Yes.",
    "speaker_id": "D",
    "start_time": 1702.464
  },
  {
    "end_time": 1712.525,
    "segment": "Right.",
    "speaker_id": "D",
    "start_time": 1711.408
  },
  {
    "end_time": 1716.428,
    "segment": "Excellent, mm-hmm.",
    "speaker_id": "D",
    "start_time": 1714.528
  },
  {
    "end_time": 1718.341,
    "segment": "Mm.",
    "speaker_id": "D",
    "start_time": 1717.76
  },
  {
    "end_time": 1721.431,
    "segment": "Right.",
    "speaker_id": "D",
    "start_time": 1720.489
  },
  {
    "end_time": 1769.2,
    "segment": "Can I just run this past you while it occurs to me, I don't mean to quickly jump from one subject to another, but just discussing the different age groups and targeting the different age groups it occurs to me, to produce our own mobile phones, that that's kind of what led us on to comparing T_V_ remote controls with with their design features, um, chain companies like Carphone Warehouse, you can pop in anytime with a phone that you bought for them w if you've got any problems with it and they'll fix it, they'll phone the company, you can use their telephones. Is it worthwhile with with our retail outlets having a a similar um kind of service so that if older users were deterred from buying this, if they know they can just pop into one of our high street outlets, th you know, which button is it I press for this? Th as free as a free aspect of our service, would that not make it more attractive to them?",
    "speaker_id": "D",
    "start_time": 1723.072
  },
  {
    "end_time": 1784.77,
    "segment": "Mm. Mm-hmm.",
    "speaker_id": "D",
    "start_time": 1782.816
  },
  {
    "end_time": 1794.496,
    "segment": "Right.",
    "speaker_id": "D",
    "start_time": 1793.792
  },
  {
    "end_time": 1801.2,
    "segment": "Alright.",
    "speaker_id": "D",
    "start_time": 1800.345
  },
  {
    "end_time": 1803.963,
    "segment": "Yes",
    "speaker_id": "D",
    "start_time": 1802.512
  },
  {
    "end_time": 1817.296,
    "segment": "If it was something as simple as you couldn't change the channel, but I mean for if there were any more or are we absolutely definite it's only gonna be for T_V_ and video, we're not gonna put any okay, just a thought.",
    "speaker_id": "D",
    "start_time": 1804.704
  },
  {
    "end_time": 1820.122,
    "segment": "Okay.",
    "speaker_id": "D",
    "start_time": 1819.415
  },
  {
    "end_time": 1826.202,
    "segment": "Mm-hmm.",
    "speaker_id": "D",
    "start_time": 1825.616
  },
  {
    "end_time": 1829.088,
    "segment": "Sure.",
    "speaker_id": "D",
    "start_time": 1828.33
  },
  {
    "end_time": 1833.44,
    "segment": "Mm.",
    "speaker_id": "D",
    "start_time": 1832.864
  },
  {
    "end_time": 1835.2,
    "segment": "Yeah.",
    "speaker_id": "D",
    "start_time": 1834.755
  },
  {
    "end_time": 1845.536,
    "segment": "Not for such simple functions because we're focusing on that, yes okay.",
    "speaker_id": "D",
    "start_time": 1841.872
  },
  {
    "end_time": 1849.253,
    "segment": "Mm.",
    "speaker_id": "D",
    "start_time": 1848.576
  },
  {
    "end_time": 1856.08,
    "segment": "Puts people off reading them so they just do the obvious, yes.",
    "speaker_id": "D",
    "start_time": 1853.296
  },
  {
    "end_time": 1860.32,
    "segment": "Sure, okay.",
    "speaker_id": "D",
    "start_time": 1858.376
  },
  {
    "end_time": 1940.992,
    "segment": "Mm-hmm.",
    "speaker_id": "D",
    "start_time": 1939.792
  },
  {
    "end_time": 1953.895,
    "segment": "Mm-hmm.",
    "speaker_id": "D",
    "start_time": 1953.184
  },
  {
    "end_time": 1959.864,
    "segment": "Mm.",
    "speaker_id": "D",
    "start_time": 1959.23
  },
  {
    "end_time": 1977.724,
    "segment": "And we don't w I mean so many remote controls look absolutely identical, these long, brown things with the same coloured buttons all crammed in on the s the surface. We definitely an ob an obvious thing, a very simple thing is to get away from these brown rectangles, we don't want that.",
    "speaker_id": "D",
    "start_time": 1962.44
  },
  {
    "end_time": 1995.872,
    "segment": "Mm-hmm.",
    "speaker_id": "D",
    "start_time": 1995.472
  },
  {
    "end_time": 2005.706,
    "segment": "Slightly curved, curved.",
    "speaker_id": "D",
    "start_time": 2003.192
  },
  {
    "end_time": 2013.824,
    "segment": "Mm.",
    "speaker_id": "D",
    "start_time": 2013.015
  },
  {
    "end_time": 2016.47,
    "segment": "Mm.",
    "speaker_id": "D",
    "start_time": 2015.84
  },
  {
    "end_time": 2069.344,
    "segment": "I mean look at the mobile.",
    "speaker_id": "D",
    "start_time": 2067.776
  },
  {
    "end_time": 2121.264,
    "segment": "I think that's that sounds a really attractive idea, I've not come across anything like that before, if it kind of yeah and that opens out into your flip-top. Then it's nice t to h you can make it lightweight plastic, nice to hold in the palm of the hand and just because you're having to actually insert in between the two covers, that's gonna take care of some of the repetitive strain injury trying p prevent a lot of that I would think. I think it's a really nice idea and plus you can get you know even though we're using plastic, you can still I mean think of the designs you can get in plastic, we can do a nice conch shell or scallop shell exterior.",
    "speaker_id": "D",
    "start_time": 2086.747
  },
  {
    "end_time": 2128.368,
    "segment": "Mm-hmm.",
    "speaker_id": "D",
    "start_time": 2127.776
  },
  {
    "end_time": 2131.24,
    "segment": "Yeah.",
    "speaker_id": "D",
    "start_time": 2130.704
  },
  {
    "end_time": 2133.728,
    "segment": "Mm-hmm.",
    "speaker_id": "D",
    "start_time": 2133.051
  },
  {
    "end_time": 2155.76,
    "segment": "Less chance of it being lost too, it's not like a chocolate brown lozenge that's gonna go down the sofa and people might want to put it on their mantelpiece or whatever as a ki if it looks attractive enough as a kind of ornament they don't not gonna lose it so much either. It's easier to bit nice to handle.",
    "speaker_id": "D",
    "start_time": 2137.959
  },
  {
    "end_time": 2159.908,
    "segment": "Mm-hmm.",
    "speaker_id": "D",
    "start_time": 2159.344
  },
  {
    "end_time": 2162.793,
    "segment": "Okay.",
    "speaker_id": "D",
    "start_time": 2161.904
  },
  {
    "end_time": 2181.76,
    "segment": "Can I just quickly um go over the new project requirements so that I haven't missed anything. So it's no teletext, it's only for T_V_ and by implication video, our corporate image should be incorporated in the remote control, um something about Videoplus.",
    "speaker_id": "D",
    "start_time": 2167.824
  },
  {
    "end_time": 2189.588,
    "segment": "Right.",
    "speaker_id": "D",
    "start_time": 2188.469
  },
  {
    "end_time": 2190.995,
    "segment": "Right.",
    "speaker_id": "D",
    "start_time": 2190.096
  },
  {
    "end_time": 2200.912,
    "segment": "Right, so when they press for programming you it comes up on the L_C_D_, a reminder about using Videoplus? So that they have a look at the guide and",
    "speaker_id": "D",
    "start_time": 2194.032
  },
  {
    "end_time": 2206.848,
    "segment": "Or was is this nothing to do with the project requirements, is this just that was an add-on feature?",
    "speaker_id": "D",
    "start_time": 2202.304
  },
  {
    "end_time": 2209.152,
    "segment": "Uh-huh.",
    "speaker_id": "D",
    "start_time": 2208.768
  },
  {
    "end_time": 2212.16,
    "segment": "Right.",
    "speaker_id": "D",
    "start_time": 2211.52
  },
  {
    "end_time": 2218.112,
    "segment": "Right, so it's kind of doing away with the programming feature? Right.",
    "speaker_id": "D",
    "start_time": 2213.44
  },
  {
    "end_time": 2241.968,
    "segment": "Mm, and the rechargeable batteries. Was there anything else there that we in the new new project requirements?",
    "speaker_id": "D",
    "start_time": 2235.072
  },
  {
    "end_time": 2263.315,
    "segment": "Mm-hmm. That's not at the moment a requirement, it's something we're looking at, what preference so it may come round to market research at some point to see what people would like.",
    "speaker_id": "D",
    "start_time": 2255.696
  },
  {
    "end_time": 2292.84,
    "segment": "Okay.",
    "speaker_id": "D",
    "start_time": 2292.048
  },
  {
    "end_time": 2300.08,
    "segment": "What would you specifically like marketing to look at before the next meeting? Or shall I just sort of generally look at all the issues involved?",
    "speaker_id": "D",
    "start_time": 2293.984
  },
  {
    "end_time": 2309.068,
    "segment": "Okay.",
    "speaker_id": "D",
    "start_time": 2308.48
  },
  {
    "end_time": 2319.312,
    "segment": "Okay.",
    "speaker_id": "D",
    "start_time": 2318.482
  },
  {
    "end_time": 2324.272,
    "segment": "Whoops, questionnaire four.",
    "speaker_id": "D",
    "start_time": 2322.56
  },
  {
    "end_time": 2327.122,
    "segment": "'Cause we're at lunchtime now I think.",
    "speaker_id": "D",
    "start_time": 2325.28
  }
]