[
  {
    "dialog_act": "Last time we discussed the squishy fruitiness of our remote controls and how we might pursue that.",
    "dialog_act_end_id": 9,
    "dialog_act_start_id": 9,
    "speaker_id": "A",
    "type": {
      "main_type": "Task",
      "sub_type": "Inform"
    }
  },
  {
    "dialog_act": "Um and we also talked about materials we'd use and what kind of chip would be necessary. Um so for later in the meeting I've done a a spreadsheet of production costs",
    "dialog_act_end_id": 12,
    "dialog_act_start_id": 11,
    "speaker_id": "A",
    "type": {
      "main_type": "Task",
      "sub_type": "Inform"
    }
  },
  {
    "dialog_act": "you guys wanna give a prototype presentation of",
    "dialog_act_end_id": 17,
    "dialog_act_start_id": 17,
    "speaker_id": "A",
    "type": {
      "main_type": "Task",
      "sub_type": "Suggest"
    }
  },
  {
    "dialog_act": "So our design looks something like this. This being the wheel that you use to uh change channels or volume or whatever.",
    "dialog_act_end_id": 5,
    "dialog_act_start_id": 4,
    "speaker_id": "B",
    "type": {
      "main_type": "Task",
      "sub_type": "Inform"
    }
  },
  {
    "dialog_act": "And uh the base of the remote control, which has a squishy spongy rubbery feel, is interchangeable. So you can change the colour, according to your to suit your living room or whatever.",
    "dialog_act_end_id": 8,
    "dialog_act_start_id": 7,
    "speaker_id": "B",
    "type": {
      "main_type": "Task",
      "sub_type": "Inform"
    }
  },
  {
    "dialog_act": "You could change the vegetable, or fruit.",
    "dialog_act_end_id": 2,
    "dialog_act_start_id": 2,
    "speaker_id": "C",
    "type": {
      "main_type": "Task",
      "sub_type": "Inform"
    }
  },
  {
    "dialog_act": "it's trendy fruit, it's not just ordinary fruits.",
    "dialog_act_end_id": 18,
    "dialog_act_start_id": 18,
    "speaker_id": "B",
    "type": {
      "main_type": "Task",
      "sub_type": "Inform"
    }
  },
  {
    "dialog_act": "And then people will be encouraged to buy three or five of them, because they'll need to switch 'em out.",
    "dialog_act_end_id": 22,
    "dialog_act_start_id": 22,
    "speaker_id": "B",
    "type": {
      "main_type": "Task",
      "sub_type": "Inform"
    }
  },
  {
    "dialog_act": "It's been a little bit difficult to um make sure that it's hand-holdable,",
    "dialog_act_end_id": 4,
    "dialog_act_start_id": 4,
    "speaker_id": "C",
    "type": {
      "main_type": "Task",
      "sub_type": "Inform"
    }
  },
  {
    "dialog_act": "Well the locator is just chip that's inside there.",
    "dialog_act_end_id": 23,
    "dialog_act_start_id": 23,
    "speaker_id": "B",
    "type": {
      "main_type": "Task",
      "sub_type": "Inform"
    }
  },
  {
    "dialog_act": "And the beeper's also inside there too somewhere",
    "dialog_act_end_id": 26,
    "dialog_act_start_id": 26,
    "speaker_id": "B",
    "type": {
      "main_type": "Task",
      "sub_type": "Inform"
    }
  },
  {
    "dialog_act": "So you have to have a button on your on your you have to attach the button to the Yeah we have that that has yes yet to be designed. Yeah that c hey that that could you know match the handset.",
    "dialog_act_end_id": 14,
    "dialog_act_start_id": 12,
    "speaker_id": "C",
    "type": {
      "main_type": "Task",
      "sub_type": "Inform"
    }
  },
  {
    "dialog_act": "Um if you wanna look in your project documents folder, there's an Excel spreadsheet. Um the only one that's in there, production costs.",
    "dialog_act_end_id": 26,
    "dialog_act_start_id": 25,
    "speaker_id": "A",
    "type": {
      "main_type": "Task",
      "sub_type": "Suggest"
    }
  },
  {
    "dialog_act": "But if I missed anything that we've gone over, or if you see something that has changed",
    "dialog_act_end_id": 30,
    "dialog_act_start_id": 30,
    "speaker_id": "A",
    "type": {
      "main_type": "Task",
      "sub_type": "Suggest"
    }
  },
  {
    "dialog_act": "I said uncurved or flat.",
    "dialog_act_end_id": 34,
    "dialog_act_start_id": 34,
    "speaker_id": "A",
    "type": {
      "main_type": "Task",
      "sub_type": "Inform"
    }
  },
  {
    "dialog_act": "My impression was that flat meant like like one of those square remotes. But it's really not very clear,",
    "dialog_act_end_id": 32,
    "dialog_act_start_id": 31,
    "speaker_id": "B",
    "type": {
      "main_type": "Task",
      "sub_type": "Inform"
    }
  },
  {
    "dialog_act": "There's plastic for that area around the button.",
    "dialog_act_end_id": 46,
    "dialog_act_start_id": 46,
    "speaker_id": "A",
    "type": {
      "main_type": "Task",
      "sub_type": "Inform"
    }
  },
  {
    "dialog_act": "Um and lots of special colours actually.",
    "dialog_act_end_id": 48,
    "dialog_act_start_id": 48,
    "speaker_id": "A",
    "type": {
      "main_type": "Task",
      "sub_type": "Inform"
    }
  },
  {
    "dialog_act": "Okay so that would make our total of eleven point nine, which is even less than twelve point five, which means we'd be making even more of a profit.",
    "dialog_act_end_id": 52,
    "dialog_act_start_id": 51,
    "speaker_id": "A",
    "type": {
      "main_type": "Task",
      "sub_type": "Inform"
    }
  },
  {
    "dialog_act": "Right what happens is we have to um decide whether this this whole this whole project we've been working on actually um meets the standards we were set at the start.",
    "dialog_act_end_id": 6,
    "dialog_act_start_id": 6,
    "speaker_id": "D",
    "type": {
      "main_type": "Task",
      "sub_type": "Inform"
    }
  },
  {
    "dialog_act": "And we we have therefore in total um We have five we have eleven points according to which this should be evaluated. And um the cri well basically the findings are the same as the evaluation criteria.",
    "dialog_act_end_id": 21,
    "dialog_act_start_id": 20,
    "speaker_id": "D",
    "type": {
      "main_type": "Task",
      "sub_type": "Inform"
    }
  },
  {
    "dialog_act": "True is one and and false is seven.",
    "dialog_act_end_id": 28,
    "dialog_act_start_id": 28,
    "speaker_id": "D",
    "type": {
      "main_type": "Task",
      "sub_type": "Inform"
    }
  },
  {
    "dialog_act": "I think if each of us gives an opinion then they can be mixed somehow.",
    "dialog_act_end_id": 31,
    "dialog_act_start_id": 31,
    "speaker_id": "D",
    "type": {
      "main_type": "Task",
      "sub_type": "Suggest"
    }
  },
  {
    "dialog_act": "Um we can do it separately and then discuss it",
    "dialog_act_end_id": 66,
    "dialog_act_start_id": 66,
    "speaker_id": "A",
    "type": {
      "main_type": "Task",
      "sub_type": "Suggest"
    }
  },
  {
    "dialog_act": "it's if it's fancy you put one, if it's really unfancy it's seven.",
    "dialog_act_end_id": 47,
    "dialog_act_start_id": 46,
    "speaker_id": "D",
    "type": {
      "main_type": "Task",
      "sub_type": "Inform"
    }
  },
  {
    "dialog_act": "Apparently I'm supposed to use the whiteboard.",
    "dialog_act_end_id": 54,
    "dialog_act_start_id": 54,
    "speaker_id": "D",
    "type": {
      "main_type": "Task",
      "sub_type": "Inform"
    }
  },
  {
    "dialog_act": "um is it necessary?",
    "dialog_act_end_id": 56,
    "dialog_act_start_id": 56,
    "speaker_id": "D",
    "type": {
      "main_type": "Elicit",
      "sub_type": "Elicit-Assessment"
    }
  },
  {
    "dialog_act": "I don't think so.",
    "dialog_act_end_id": 76,
    "dialog_act_start_id": 76,
    "speaker_id": "A",
    "type": {
      "main_type": "Task",
      "sub_type": "Assess"
    }
  },
  {
    "dialog_act": "We'll just go in a circle.",
    "dialog_act_end_id": 64,
    "dialog_act_start_id": 64,
    "speaker_id": "D",
    "type": {
      "main_type": "Task",
      "sub_type": "Suggest"
    }
  },
  {
    "dialog_act": "Okay so do we just add it up and divide it by four?",
    "dialog_act_end_id": 71,
    "dialog_act_start_id": 71,
    "speaker_id": "D",
    "type": {
      "main_type": "Elicit",
      "sub_type": "Elicit-Inform"
    }
  },
  {
    "dialog_act": "So it's a one was true and seven was false?",
    "dialog_act_end_id": 36,
    "dialog_act_start_id": 36,
    "speaker_id": "C",
    "type": {
      "main_type": "Elicit",
      "sub_type": "Elicit-Inform"
    }
  },
  {
    "dialog_act": "Oh I thought it was the other way round.",
    "dialog_act_end_id": 91,
    "dialog_act_start_id": 91,
    "speaker_id": "A",
    "type": {
      "main_type": "Task",
      "sub_type": "Inform"
    }
  },
  {
    "dialog_act": "I thought it was the other way round too.",
    "dialog_act_end_id": 62,
    "dialog_act_start_id": 62,
    "speaker_id": "B",
    "type": {
      "main_type": "Task",
      "sub_type": "Inform"
    }
  },
  {
    "dialog_act": "I'm I'm sorry this was so tedious for everyone.",
    "dialog_act_end_id": 124,
    "dialog_act_start_id": 124,
    "speaker_id": "D",
    "type": {
      "main_type": "Other",
      "sub_type": "Be-Negative"
    }
  },
  {
    "dialog_act": "I think we should look at the ones that like where s where people said four, where um it looks like we might wanna discuss changing an aspect of the remote.",
    "dialog_act_end_id": 117,
    "dialog_act_start_id": 117,
    "speaker_id": "A",
    "type": {
      "main_type": "Task",
      "sub_type": "Suggest"
    }
  },
  {
    "dialog_act": "Well the worst ones were three point one.",
    "dialog_act_end_id": 127,
    "dialog_act_start_id": 127,
    "speaker_id": "D",
    "type": {
      "main_type": "Task",
      "sub_type": "Inform"
    }
  },
  {
    "dialog_act": "Material technologically innovative,",
    "dialog_act_end_id": 132,
    "dialog_act_start_id": 132,
    "speaker_id": "D",
    "type": {
      "main_type": "Task",
      "sub_type": "Inform"
    }
  },
  {
    "dialog_act": "What if we just smash all the vegetables down flat?",
    "dialog_act_end_id": 56,
    "dialog_act_start_id": 56,
    "speaker_id": "C",
    "type": {
      "main_type": "Task",
      "sub_type": "Suggest"
    }
  },
  {
    "dialog_act": "'cause some of these are not as easy to hold.",
    "dialog_act_end_id": 91,
    "dialog_act_start_id": 91,
    "speaker_id": "B",
    "type": {
      "main_type": "Task",
      "sub_type": "Assess"
    }
  },
  {
    "dialog_act": "I I personally don't think this is comfortable to to sit there, like it's an awkward position.",
    "dialog_act_end_id": 136,
    "dialog_act_start_id": 136,
    "speaker_id": "A",
    "type": {
      "main_type": "Task",
      "sub_type": "Assess"
    }
  },
  {
    "dialog_act": "although the broccoli is quite comfortable, I have to say,",
    "dialog_act_end_id": 70,
    "dialog_act_start_id": 70,
    "speaker_id": "C",
    "type": {
      "main_type": "Task",
      "sub_type": "Assess"
    }
  },
  {
    "dialog_act": "we we chose the shape or the sh shape could be whatever we wanted and then it would just be like a design on the rubber.",
    "dialog_act_end_id": 147,
    "dialog_act_start_id": 147,
    "speaker_id": "A",
    "type": {
      "main_type": "Task",
      "sub_type": "Suggest"
    }
  },
  {
    "dialog_act": "and just have the colour match or something.",
    "dialog_act_end_id": 153,
    "dialog_act_start_id": 153,
    "speaker_id": "D",
    "type": {
      "main_type": "Task",
      "sub_type": "Suggest"
    }
  },
  {
    "dialog_act": "We could make it that shape but just have different colours, and call 'em the different fruits.",
    "dialog_act_end_id": 106,
    "dialog_act_start_id": 106,
    "speaker_id": "B",
    "type": {
      "main_type": "Task",
      "sub_type": "Suggest"
    }
  },
  {
    "dialog_act": "And you could like if it's like this, you could put fruit designs and stuff on that part.",
    "dialog_act_end_id": 174,
    "dialog_act_start_id": 174,
    "speaker_id": "A",
    "type": {
      "main_type": "Task",
      "sub_type": "Suggest"
    }
  },
  {
    "dialog_act": "Batteries easy to insert for some reason,",
    "dialog_act_end_id": 160,
    "dialog_act_start_id": 160,
    "speaker_id": "D",
    "type": {
      "main_type": "Task",
      "sub_type": "Inform"
    }
  },
  {
    "dialog_act": "I think that's not a problem any more.",
    "dialog_act_end_id": 162,
    "dialog_act_start_id": 162,
    "speaker_id": "D",
    "type": {
      "main_type": "Task",
      "sub_type": "Assess"
    }
  },
  {
    "dialog_act": "You could make the touch pad in th in different shapes,",
    "dialog_act_end_id": 116,
    "dialog_act_start_id": 116,
    "speaker_id": "C",
    "type": {
      "main_type": "Task",
      "sub_type": "Suggest"
    }
  },
  {
    "dialog_act": "It might also sort of annoy people if we get used to having the buttons in one shape. I bet having different colours is a lot cheaper than having different shapes too.",
    "dialog_act_end_id": 123,
    "dialog_act_start_id": 122,
    "speaker_id": "B",
    "type": {
      "main_type": "Task",
      "sub_type": "Assess"
    }
  },
  {
    "dialog_act": "I guess we're supposed to discuss um the prod the process of the project and how satisfied",
    "dialog_act_end_id": 199,
    "dialog_act_start_id": 199,
    "speaker_id": "A",
    "type": {
      "main_type": "Task",
      "sub_type": "Inform"
    }
  },
  {
    "dialog_act": "Did you feel there was a lot of room for creativity in the sort of",
    "dialog_act_end_id": 203,
    "dialog_act_start_id": 203,
    "speaker_id": "A",
    "type": {
      "main_type": "Elicit",
      "sub_type": "Elicit-Assessment"
    }
  },
  {
    "dialog_act": "The prototype making was very creatively stimulating and I think we've come up with a product that's fun and meets all the criteria.",
    "dialog_act_end_id": 126,
    "dialog_act_start_id": 125,
    "speaker_id": "C",
    "type": {
      "main_type": "Task",
      "sub_type": "Assess"
    }
  },
  {
    "dialog_act": "It was a very democratic process and everyone got to contribute.",
    "dialog_act_end_id": 130,
    "dialog_act_start_id": 130,
    "speaker_id": "B",
    "type": {
      "main_type": "Task",
      "sub_type": "Assess"
    }
  },
  {
    "dialog_act": "Um yeah, I thought we all worked very well together.",
    "dialog_act_end_id": 213,
    "dialog_act_start_id": 213,
    "speaker_id": "A",
    "type": {
      "main_type": "Task",
      "sub_type": "Assess"
    }
  },
  {
    "dialog_act": "Um and the means for like the materials we used, how convenient were they?",
    "dialog_act_end_id": 218,
    "dialog_act_start_id": 218,
    "speaker_id": "A",
    "type": {
      "main_type": "Elicit",
      "sub_type": "Elicit-Assessment"
    }
  },
  {
    "dialog_act": "Well I'm not a big fan of any Microsoft, PowerPoint or any of this stuff.",
    "dialog_act_end_id": 135,
    "dialog_act_start_id": 135,
    "speaker_id": "B",
    "type": {
      "main_type": "Task",
      "sub_type": "Assess"
    }
  },
  {
    "dialog_act": "but l but uh I di I thought that my the information that was available to me was kind of just like",
    "dialog_act_end_id": 136,
    "dialog_act_start_id": 136,
    "speaker_id": "C",
    "type": {
      "main_type": "Task",
      "sub_type": "Assess"
    }
  },
  {
    "dialog_act": "it was kinda like okay, I don't really think I dunno what I'm doing here.",
    "dialog_act_end_id": 139,
    "dialog_act_start_id": 139,
    "speaker_id": "C",
    "type": {
      "main_type": "Task",
      "sub_type": "Assess"
    }
  },
  {
    "dialog_act": "and I didn't really like the PowerPoint presentations,",
    "dialog_act_end_id": 142,
    "dialog_act_start_id": 142,
    "speaker_id": "C",
    "type": {
      "main_type": "Task",
      "sub_type": "Assess"
    }
  },
  {
    "dialog_act": "My first bit of information was like this child's drawn picture of how a remote works.",
    "dialog_act_end_id": 146,
    "dialog_act_start_id": 146,
    "speaker_id": "B",
    "type": {
      "main_type": "Task",
      "sub_type": "Inform"
    }
  },
  {
    "dialog_act": "'Cause my problem was, you guys had access to like they'd put send you to sites and stuff",
    "dialog_act_end_id": 233,
    "dialog_act_start_id": 233,
    "speaker_id": "A",
    "type": {
      "main_type": "Task",
      "sub_type": "Inform"
    }
  },
  {
    "dialog_act": "Yeah well mine was mostly made up",
    "dialog_act_end_id": 150,
    "dialog_act_start_id": 150,
    "speaker_id": "B",
    "type": {
      "main_type": "Task",
      "sub_type": "Inform"
    }
  },
  {
    "dialog_act": "But it must have been quite difficult for them to build a whole um",
    "dialog_act_end_id": 188,
    "dialog_act_start_id": 188,
    "speaker_id": "D",
    "type": {
      "main_type": "Task",
      "sub_type": "Assess"
    }
  },
  {
    "dialog_act": "I felt like I was off-task all the time.",
    "dialog_act_end_id": 159,
    "dialog_act_start_id": 159,
    "speaker_id": "C",
    "type": {
      "main_type": "Task",
      "sub_type": "Assess"
    }
  },
  {
    "dialog_act": "What do you guys think of the pens?",
    "dialog_act_end_id": 257,
    "dialog_act_start_id": 257,
    "speaker_id": "A",
    "type": {
      "main_type": "Elicit",
      "sub_type": "Elicit-Assessment"
    }
  },
  {
    "dialog_act": "They're kinda hard to write with though.",
    "dialog_act_end_id": 162,
    "dialog_act_start_id": 162,
    "speaker_id": "B",
    "type": {
      "main_type": "Task",
      "sub_type": "Assess"
    }
  },
  {
    "dialog_act": "all this technology like I guess some people must be interested in using it",
    "dialog_act_end_id": 172,
    "dialog_act_start_id": 172,
    "speaker_id": "C",
    "type": {
      "main_type": "Task",
      "sub_type": "Assess"
    }
  },
  {
    "dialog_act": "And like the last thing I would have wanted would be to have to watch a video 'cause I missed a meeting.",
    "dialog_act_end_id": 176,
    "dialog_act_start_id": 176,
    "speaker_id": "B",
    "type": {
      "main_type": "Task",
      "sub_type": "Inform"
    }
  },
  {
    "dialog_act": "there's really not that much information that actually goes through a real meeting, like when you're actually at a real meeting in a real company.",
    "dialog_act_end_id": 179,
    "dialog_act_start_id": 179,
    "speaker_id": "B",
    "type": {
      "main_type": "Task",
      "sub_type": "Inform"
    }
  },
  {
    "dialog_act": "Like if I missed a meeting I could probably get it summed up in like one sentence. I wouldn't need to have to watch like a t two hour video with the sound and the transcript and",
    "dialog_act_end_id": 186,
    "dialog_act_start_id": 185,
    "speaker_id": "B",
    "type": {
      "main_type": "Task",
      "sub_type": "Inform"
    }
  },
  {
    "dialog_act": "'Cause I mean we've all we all kind of agreed our product is satisfactory, it fits the budget, and it's trendy.",
    "dialog_act_end_id": 282,
    "dialog_act_start_id": 282,
    "speaker_id": "A",
    "type": {
      "main_type": "Task",
      "sub_type": "Inform"
    }
  },
  {
    "dialog_act": "Okay we have to fill in all this stuff.",
    "dialog_act_end_id": 215,
    "dialog_act_start_id": 215,
    "speaker_id": "D",
    "type": {
      "main_type": "Task",
      "sub_type": "Inform"
    }
  },
  {
    "dialog_act": "So I guess we're supposed to write final reports.",
    "dialog_act_end_id": 288,
    "dialog_act_start_id": 288,
    "speaker_id": "A",
    "type": {
      "main_type": "Task",
      "sub_type": "Inform"
    }
  },
  {
    "dialog_act": "All of us?",
    "dialog_act_end_id": 195,
    "dialog_act_start_id": 195,
    "speaker_id": "B",
    "type": {
      "main_type": "Elicit",
      "sub_type": "Elicit-Inform"
    }
  },
  {
    "dialog_act": "I don't know. Hmm. Hmm. Or is that just me?",
    "dialog_act_end_id": 291,
    "dialog_act_start_id": 290,
    "speaker_id": "A",
    "type": {
      "main_type": "Task",
      "sub_type": "Inform"
    }
  }
]