{
  "abstract": [
    {
      "extract_summ": [
        {
          "act": "Um alright first off we'll just uh recap from our last meeting.",
          "end_time": 171.59,
          "id": 14,
          "speaker_id": "A",
          "start_time": 163.55,
          "type": {
            "main_type": "Task",
            "sub_type": "Suggest"
          },
          "word_range": "ES2007c.A.words91-ES2007c.A.words103"
        },
        {
          "act": "Um which was we got together just to basically decide on well to talk about what it is that we were actually uh supposed to be doing,",
          "end_time": 182.1,
          "id": 15,
          "speaker_id": "A",
          "start_time": 171.59,
          "type": {
            "main_type": "Task",
            "sub_type": "Inform"
          },
          "word_range": "ES2007c.A.words104-ES2007c.A.words133"
        }
      ],
      "summary": "The project manager recapped the decisions made in the previous meeting."
    },
    {
      "extract_summ": [
        {
          "act": "Um so um for the energy sources we can have a basic battery,",
          "end_time": 295.45,
          "id": 12,
          "speaker_id": "B",
          "start_time": 287.69,
          "type": {
            "main_type": "Task",
            "sub_type": "Inform"
          },
          "word_range": "ES2007c.B.words46-ES2007c.B.words60"
        },
        {
          "act": "a hand dynamo which is which was used uh in the fifties for torches,",
          "end_time": 300.32,
          "id": 13,
          "speaker_id": "B",
          "start_time": 295.45,
          "type": {
            "main_type": "Task",
            "sub_type": "Inform"
          },
          "word_range": "ES2007c.B.words61-ES2007c.B.words76"
        },
        {
          "act": "You can have a kinetic provision of energy,",
          "end_time": 309.87,
          "id": 18,
          "speaker_id": "B",
          "start_time": 307.57,
          "type": {
            "main_type": "Task",
            "sub_type": "Inform"
          },
          "word_range": "ES2007c.B.words102-ES2007c.B.words110"
        },
        {
          "act": "Or you can use solar cells,",
          "end_time": 319.69,
          "id": 21,
          "speaker_id": "B",
          "start_time": 317.5,
          "type": {
            "main_type": "Task",
            "sub_type": "Inform"
          },
          "word_range": "ES2007c.B.words141-ES2007c.B.words147"
        },
        {
          "act": "but I'm not sure about that indoors, really, but",
          "end_time": 322.26,
          "id": 22,
          "speaker_id": "B",
          "start_time": 319.69,
          "type": {
            "main_type": "Task",
            "sub_type": "Assess"
          },
          "word_range": "ES2007c.B.words148-ES2007c.B.words159"
        },
        {
          "act": "Well, there's sometimes combinations, I mean, like calculators do combinations of battery with but also using some solar power.",
          "end_time": 329.22,
          "id": 13,
          "speaker_id": "C",
          "start_time": 322.48,
          "type": {
            "main_type": "Task",
            "sub_type": "Inform"
          },
          "word_range": "ES2007c.C.words58-ES2007c.C.words81"
        },
        {
          "act": "And uh if we want something fancier, I think the kinetic provision of energy could be nice,",
          "end_time": 360.89,
          "id": 28,
          "speaker_id": "B",
          "start_time": 353.72,
          "type": {
            "main_type": "Task",
            "sub_type": "Assess"
          },
          "word_range": "ES2007c.B.words188-ES2007c.B.words206"
        },
        {
          "act": "Think the the uh what would cost the less would be the basic battery, really.",
          "end_time": 353.72,
          "id": 27,
          "speaker_id": "B",
          "start_time": 347.93,
          "type": {
            "main_type": "Task",
            "sub_type": "Inform"
          },
          "word_range": "ES2007c.B.words171-ES2007c.B.words187"
        },
        {
          "act": "For the case of the remotes itself, um they can be a general case, which is just a flat one.",
          "end_time": 378.33,
          "id": 31,
          "speaker_id": "B",
          "start_time": 371.02,
          "type": {
            "main_type": "Task",
            "sub_type": "Inform"
          },
          "word_range": "ES2007c.B.words224-ES2007c.B.words247"
        },
        {
          "act": "You can have uh a curved one or a double curved one,",
          "end_time": 382.68,
          "id": 32,
          "speaker_id": "B",
          "start_time": 378.33,
          "type": {
            "main_type": "Task",
            "sub_type": "Inform"
          },
          "word_range": "ES2007c.B.words248-ES2007c.B.words260"
        },
        {
          "act": "Um then the case material itself, so it can be uh uh either plastic or latex, uh rubber, wood, or titanium.",
          "end_time": 411.86,
          "id": 36,
          "speaker_id": "B",
          "start_time": 398.84,
          "type": {
            "main_type": "Task",
            "sub_type": "Inform"
          },
          "word_range": "ES2007c.B.words295-ES2007c.B.words321"
        },
        {
          "act": "And th for each of them you have uh cases where for example titanium, you can't use it for if you if we're choosing a double curved case, we can't choose titanium.",
          "end_time": 424.28,
          "id": 37,
          "speaker_id": "B",
          "start_time": 411.86,
          "type": {
            "main_type": "Task",
            "sub_type": "Inform"
          },
          "word_range": "ES2007c.B.words322-ES2007c.B.words358"
        },
        {
          "act": "But if we're choosing just the flat case then we can go for anything.",
          "end_time": 437.3,
          "id": 40,
          "speaker_id": "B",
          "start_time": 432.98,
          "type": {
            "main_type": "Task",
            "sub_type": "Inform"
          },
          "word_range": "ES2007c.B.words387-ES2007c.B.words401"
        },
        {
          "act": "so you can have basic push-buttons or a scroll-wheels, like you have on a mouse,",
          "end_time": 494.32,
          "id": 51,
          "speaker_id": "B",
          "start_time": 488.96,
          "type": {
            "main_type": "Task",
            "sub_type": "Inform"
          },
          "word_range": "ES2007c.B.words459-ES2007c.B.words475"
        },
        {
          "act": "um or you could have um L_C_D_, which gives you a display.",
          "end_time": 500.25,
          "id": 52,
          "speaker_id": "B",
          "start_time": 494.32,
          "type": {
            "main_type": "Task",
            "sub_type": "Inform"
          },
          "word_range": "ES2007c.B.words476-ES2007c.B.words489"
        },
        {
          "act": "Um and if we choose double curved then we have to go for rubber push-buttons.",
          "end_time": 522.72,
          "id": 56,
          "speaker_id": "B",
          "start_time": 517.67,
          "type": {
            "main_type": "Task",
            "sub_type": "Inform"
          },
          "word_range": "ES2007c.B.words528-ES2007c.B.words543"
        },
        {
          "act": "Um so the push-buttons themselves they can be just simple or they can be",
          "end_time": 613.68,
          "id": 78,
          "speaker_id": "B",
          "start_time": 609.48,
          "type": {
            "main_type": "Task",
            "sub_type": "Inform"
          },
          "word_range": "ES2007c.B.words759-ES2007c.B.words773"
        },
        {
          "act": "If we get an advanced chip which is um used for the L_C_D_, the display thing, then that's even more expensive.",
          "end_time": 639.34,
          "id": 83,
          "speaker_id": "B",
          "start_time": 630.12,
          "type": {
            "main_type": "Task",
            "sub_type": "Inform"
          },
          "word_range": "ES2007c.B.words820-ES2007c.B.words843"
        }
      ],
      "summary": "The industrial designer discussed different options for batteries, materials, and components, as well as restrictions involved in combining particular materials, components, and batteries."
    },
    {
      "extract_summ": [
        {
          "act": "So that might be an idea of using the rubber,",
          "end_time": 446.8,
          "id": 40,
          "speaker_id": "A",
          "start_time": 443.46,
          "type": {
            "main_type": "Task",
            "sub_type": "Suggest"
          },
          "word_range": "ES2007c.A.words385-ES2007c.A.words395"
        },
        {
          "act": "And also it doesn't break as easily maybe,",
          "end_time": 453.5,
          "id": 44,
          "speaker_id": "B",
          "start_time": 451.08,
          "type": {
            "main_type": "Task",
            "sub_type": "Inform"
          },
          "word_range": "ES2007c.B.words425-ES2007c.B.words433"
        },
        {
          "act": "Rubber, we're all we're all going we're all liking that idea?",
          "end_time": 475.41,
          "id": 46,
          "speaker_id": "A",
          "start_time": 472.31,
          "type": {
            "main_type": "Elicit",
            "sub_type": "Elicit-Assessment"
          },
          "word_range": "ES2007c.A.words448-ES2007c.A.words461"
        },
        {
          "act": "Mean so what's the difference between a normal rubber case and a rubble doub double rubber double curved case?",
          "end_time": 561.22,
          "id": 21,
          "speaker_id": "C",
          "start_time": 551.58,
          "type": {
            "main_type": "Elicit",
            "sub_type": "Elicit-Inform"
          },
          "word_range": "ES2007c.C.words153-ES2007c.C.words174"
        },
        {
          "act": "Let's have rubber push buttons, hey.",
          "end_time": 601.32,
          "id": 54,
          "speaker_id": "A",
          "start_time": 599.81,
          "type": {
            "main_type": "Task",
            "sub_type": "Suggest"
          },
          "word_range": "ES2007c.A.words523-ES2007c.A.words530"
        },
        {
          "act": "is uh, okay, advanced chip on print, which I presume is like one P_C_B_ and that's got all the electronics on one board including the um infra-red sender?",
          "end_time": 680.49,
          "id": 61,
          "speaker_id": "A",
          "start_time": 666.66,
          "type": {
            "main_type": "Elicit",
            "sub_type": "Elicit-Inform"
          },
          "word_range": "ES2007c.A.words556-ES2007c.A.words588"
        },
        {
          "act": "Well, if if it's not chip on print then, I guess, you get different chip components, and you build them separately and doesn't include the infra-red.",
          "end_time": 701.39,
          "id": 89,
          "speaker_id": "B",
          "start_time": 692.34,
          "type": {
            "main_type": "Task",
            "sub_type": "Inform"
          },
          "word_range": "ES2007c.B.words855-ES2007c.B.words885"
        },
        {
          "act": "If it's something that's inside the the unit. I it doesn't affects whether the customer's gonna buy it or not.",
          "end_time": 720.96,
          "id": 69,
          "speaker_id": "A",
          "start_time": 713.41,
          "type": {
            "main_type": "Task",
            "sub_type": "Assess"
          },
          "word_range": "ES2007c.A.words632-ES2007c.A.words654"
        },
        {
          "act": "So let's not let's uh not bother with the chip on print.",
          "end_time": 732.86,
          "id": 73,
          "speaker_id": "A",
          "start_time": 730.05,
          "type": {
            "main_type": "Task",
            "sub_type": "Suggest"
          },
          "word_range": "ES2007c.A.words674-ES2007c.A.words686"
        },
        {
          "act": "What about the just developed uh sample sensor?",
          "end_time": 745.63,
          "id": 36,
          "speaker_id": "D",
          "start_time": 743.22,
          "type": {
            "main_type": "Elicit",
            "sub_type": "Elicit-Assessment"
          },
          "word_range": "ES2007c.D.words103-ES2007c.D.words111"
        },
        {
          "act": "I'm just guessing. But it's gonna be the most expensive option, probably and",
          "end_time": 765.65,
          "id": 101,
          "speaker_id": "B",
          "start_time": 762.23,
          "type": {
            "main_type": "Task",
            "sub_type": "Inform"
          },
          "word_range": "ES2007c.B.words963-ES2007c.B.words978"
        },
        {
          "act": "it would be one thing if it was speech recognition where you say something and it turns the T_V_ on like, turn the T_V_ on, and i turns comes on,",
          "end_time": 804.1,
          "id": 35,
          "speaker_id": "C",
          "start_time": 798.02,
          "type": {
            "main_type": "Task",
            "sub_type": "Assess"
          },
          "word_range": "ES2007c.C.words308-ES2007c.C.words341"
        },
        {
          "act": "a it just gives you a verbal response.",
          "end_time": 808.01,
          "id": 37,
          "speaker_id": "C",
          "start_time": 805.39,
          "type": {
            "main_type": "Task",
            "sub_type": "Inform"
          },
          "word_range": "ES2007c.C.words351-ES2007c.C.words359"
        },
        {
          "act": "Oh, then forget about it.",
          "end_time": 828.63,
          "id": 47,
          "speaker_id": "D",
          "start_time": 827.01,
          "type": {
            "main_type": "Task",
            "sub_type": "Assess"
          },
          "word_range": "ES2007c.D.words194-ES2007c.D.words201"
        },
        {
          "act": "So rubber rubber keys, yeah.",
          "end_time": 881.9,
          "id": 50,
          "speaker_id": "C",
          "start_time": 880.23,
          "type": {
            "main_type": "Task",
            "sub_type": "Assess"
          },
          "word_range": "ES2007c.C.words456-ES2007c.C.words462"
        },
        {
          "act": "so we want it rub rubber double curved.",
          "end_time": 874.48,
          "id": 49,
          "speaker_id": "C",
          "start_time": 866.5,
          "type": {
            "main_type": "Task",
            "sub_type": "Assess"
          },
          "word_range": "ES2007c.C.words446-ES2007c.C.words455"
        },
        {
          "act": "But the fact that this this rubber i is actually used in these anti-R_S_I_ ps specific",
          "end_time": 940.93,
          "id": 109,
          "speaker_id": "A",
          "start_time": 933.86,
          "type": {
            "main_type": "Task",
            "sub_type": "Assess"
          },
          "word_range": "ES2007c.A.words945-ES2007c.A.words961"
        }
      ],
      "summary": "The team then discussed and decided what materials, components, and what type of battery to use in their product."
    },
    {
      "extract_summ": [
        {
          "act": "Okay, so I'm continuing with the user interface uh topic.",
          "end_time": 995.74,
          "id": 60,
          "speaker_id": "C",
          "start_time": 990.23,
          "type": {
            "main_type": "Other",
            "sub_type": "Offer"
          },
          "word_range": "ES2007c.C.words533-ES2007c.C.words544"
        },
        {
          "act": "Uh and so the manufacturing division uh sent some some samples of of uh interface components that we might be interested in using that have been used in other products, uh like the coffee machine.",
          "end_time": 1032.64,
          "id": 65,
          "speaker_id": "C",
          "start_time": 1021.08,
          "type": {
            "main_type": "Task",
            "sub_type": "Inform"
          },
          "word_range": "ES2007c.C.words612-ES2007c.C.words648"
        },
        {
          "act": "they they suggested the idea of using a spinning wheel like you use on the side of an M_P_ three player like iPod.",
          "end_time": 1064.57,
          "id": 72,
          "speaker_id": "C",
          "start_time": 1058.24,
          "type": {
            "main_type": "Task",
            "sub_type": "Inform"
          },
          "word_range": "ES2007c.C.words716-ES2007c.C.words739"
        },
        {
          "act": "So I already mentioned the speech recognition interface.",
          "end_time": 1037.66,
          "id": 66,
          "speaker_id": "C",
          "start_time": 1034.65,
          "type": {
            "main_type": "Task",
            "sub_type": "Inform"
          },
          "word_range": "ES2007c.C.words649-ES2007c.C.words657"
        },
        {
          "act": "I guess, we we basically vetoed that idea.",
          "end_time": 1040.88,
          "id": 67,
          "speaker_id": "C",
          "start_time": 1037.66,
          "type": {
            "main_type": "Task",
            "sub_type": "Inform"
          },
          "word_range": "ES2007c.C.words658-ES2007c.C.words667"
        },
        {
          "act": "but they suggested uh, you know, going i a little bit into a a niche,",
          "end_time": 1085.27,
          "id": 79,
          "speaker_id": "C",
          "start_time": 1080.58,
          "type": {
            "main_type": "Task",
            "sub_type": "Inform"
          },
          "word_range": "ES2007c.C.words790-ES2007c.C.words807"
        },
        {
          "act": "but it sounded like from our last meeting we really wanted something that was general, but done well.",
          "end_time": 1108.27,
          "id": 84,
          "speaker_id": "C",
          "start_time": 1104.16,
          "type": {
            "main_type": "Task",
            "sub_type": "Assess"
          },
          "word_range": "ES2007c.C.words873-ES2007c.C.words892"
        },
        {
          "act": "I can give you an example here of uh, good layout and bad layout",
          "end_time": 1129.23,
          "id": 90,
          "speaker_id": "C",
          "start_time": 1125.42,
          "type": {
            "main_type": "Other",
            "sub_type": "Offer"
          },
          "word_range": "ES2007c.C.words952-ES2007c.C.words967"
        },
        {
          "act": "So this would be an example of bad layout,",
          "end_time": 1138.99,
          "id": 93,
          "speaker_id": "C",
          "start_time": 1136.63,
          "type": {
            "main_type": "Task",
            "sub_type": "Inform"
          },
          "word_range": "ES2007c.C.words974-ES2007c.C.words983"
        },
        {
          "act": "where you have volume up and volume down, but they have a V_ on both of them, so uh",
          "end_time": 1142.75,
          "id": 94,
          "speaker_id": "C",
          "start_time": 1138.99,
          "type": {
            "main_type": "Task",
            "sub_type": "Inform"
          },
          "word_range": "ES2007c.C.words984-ES2007c.C.words1004"
        },
        {
          "act": "Uh this is the example of the giant remote that's impossible to lose.",
          "end_time": 1157.63,
          "id": 96,
          "speaker_id": "C",
          "start_time": 1147.59,
          "type": {
            "main_type": "Task",
            "sub_type": "Inform"
          },
          "word_range": "ES2007c.C.words1013-ES2007c.C.words1026"
        },
        {
          "act": "Uh so I was against the speech recognition and against going uh towards anything in in a niche sense.",
          "end_time": 1181.16,
          "id": 101,
          "speaker_id": "C",
          "start_time": 1174.75,
          "type": {
            "main_type": "Task",
            "sub_type": "Assess"
          },
          "word_range": "ES2007c.C.words1069-ES2007c.C.words1088"
        },
        {
          "act": "I didn't I didn't think the spinning-wheel or the uh L_C_ display were were crucial for us.",
          "end_time": 1188.76,
          "id": 103,
          "speaker_id": "C",
          "start_time": 1182.85,
          "type": {
            "main_type": "Task",
            "sub_type": "Assess"
          },
          "word_range": "ES2007c.C.words1097-ES2007c.C.words1114"
        },
        {
          "act": "So we're we're not gonna have any sort of display I think uh.",
          "end_time": 1211.96,
          "id": 105,
          "speaker_id": "C",
          "start_time": 1207.92,
          "type": {
            "main_type": "Task",
            "sub_type": "Suggest"
          },
          "word_range": "ES2007c.C.words1124-ES2007c.C.words1138"
        },
        {
          "act": "I think we shall have a limited number of buttons,",
          "end_time": 1220.0,
          "id": 107,
          "speaker_id": "C",
          "start_time": 1217.15,
          "type": {
            "main_type": "Task",
            "sub_type": "Suggest"
          },
          "word_range": "ES2007c.C.words1154-ES2007c.C.words1164"
        },
        {
          "act": "ideally, I mean a a power, channel up, channel down, volume up, volume down, and a numerical keypad.",
          "end_time": 1225.22,
          "id": 108,
          "speaker_id": "C",
          "start_time": 1220.0,
          "type": {
            "main_type": "Task",
            "sub_type": "Suggest"
          },
          "word_range": "ES2007c.C.words1165-ES2007c.C.words1189"
        },
        {
          "act": "it will either have a a lock button like we mentioned or or a cover or something like that.",
          "end_time": 1233.78,
          "id": 111,
          "speaker_id": "C",
          "start_time": 1229.54,
          "type": {
            "main_type": "Task",
            "sub_type": "Suggest"
          },
          "word_range": "ES2007c.C.words1197-ES2007c.C.words1216"
        },
        {
          "act": "Um it seems like we wouldn't wanna make it too busy and too sort of gaudy,",
          "end_time": 1262.51,
          "id": 114,
          "speaker_id": "C",
          "start_time": 1257.11,
          "type": {
            "main_type": "Task",
            "sub_type": "Assess"
          },
          "word_range": "ES2007c.C.words1239-ES2007c.C.words1255"
        },
        {
          "act": "Yeah, I would say mayb maybe a couple of colours like uh like a black with with yellow and somewhere,",
          "end_time": 1271.06,
          "id": 116,
          "speaker_id": "C",
          "start_time": 1265.92,
          "type": {
            "main_type": "Task",
            "sub_type": "Suggest"
          },
          "word_range": "ES2007c.C.words1259-ES2007c.C.words1280"
        },
        {
          "act": "I I guess the fact uh also that we are having a rubber case uh would prevent us from having the cover function that we thought of before.",
          "end_time": 1295.37,
          "id": 118,
          "speaker_id": "C",
          "start_time": 1285.12,
          "type": {
            "main_type": "Task",
            "sub_type": "Inform"
          },
          "word_range": "ES2007c.C.words1294-ES2007c.C.words1323"
        }
      ],
      "summary": "The interface specialist presented examples of existing remotes on the market with good and bad layouts and stated what features the remote required."
    },
    {
      "extract_summ": [
        {
          "act": "Well, I'm just basically letting you know what's happening in the markets",
          "end_time": 1339.18,
          "id": 72,
          "speaker_id": "D",
          "start_time": 1333.92,
          "type": {
            "main_type": "Other",
            "sub_type": "Offer"
          },
          "word_range": "ES2007c.D.words282-ES2007c.D.words294"
        },
        {
          "act": "So the remote control has to look and feel fancier than the ones that already that we already have.",
          "end_time": 1374.7,
          "id": 80,
          "speaker_id": "D",
          "start_time": 1369.77,
          "type": {
            "main_type": "Task",
            "sub_type": "Inform"
          },
          "word_range": "ES2007c.D.words372-ES2007c.D.words392"
        },
        {
          "act": "Um second, uh it should be technologically innovative innovative.",
          "end_time": 1387.0,
          "id": 84,
          "speaker_id": "D",
          "start_time": 1380.11,
          "type": {
            "main_type": "Task",
            "sub_type": "Inform"
          },
          "word_range": "ES2007c.D.words403-ES2007c.D.words414"
        },
        {
          "act": "Next year's fashion i very much in fruit and vegetables are thm are like the theme for cloths, shoes and furniture.",
          "end_time": 1630.92,
          "id": 123,
          "speaker_id": "D",
          "start_time": 1621.88,
          "type": {
            "main_type": "Task",
            "sub_type": "Inform"
          },
          "word_range": "ES2007c.D.words789-ES2007c.D.words811"
        },
        {
          "act": "Okay, so we could have keys that are like a b like a broccoli key and a uh and an avocado key on them.",
          "end_time": 1646.3,
          "id": 148,
          "speaker_id": "C",
          "start_time": 1640.04,
          "type": {
            "main_type": "Task",
            "sub_type": "Suggest"
          },
          "word_range": "ES2007c.C.words1584-ES2007c.C.words1609"
        },
        {
          "act": "and as it's rubber the feel which is in this year is spongy,",
          "end_time": 1654.69,
          "id": 130,
          "speaker_id": "D",
          "start_time": 1649.28,
          "type": {
            "main_type": "Task",
            "sub_type": "Inform"
          },
          "word_range": "ES2007c.D.words847-ES2007c.D.words860"
        },
        {
          "act": "Yeah, we're we're ahead of the game there.",
          "end_time": 1660.98,
          "id": 190,
          "speaker_id": "A",
          "start_time": 1657.87,
          "type": {
            "main_type": "Task",
            "sub_type": "Assess"
          },
          "word_range": "ES2007c.A.words1509-ES2007c.A.words1518"
        }
      ],
      "summary": "The marketing expert discussed research from trendwatching reports, finding that products now require technological innovativeness, a fancy look and feel, a spongy feel, and a fruit and vegetable theme."
    },
    {
      "extract_summ": [
        {
          "act": "now the trouble is is we've already decided that we're going with the stuff that works already, that's cheap.",
          "end_time": 1411.04,
          "id": 158,
          "speaker_id": "A",
          "start_time": 1405.46,
          "type": {
            "main_type": "Task",
            "sub_type": "Assess"
          },
          "word_range": "ES2007c.A.words1224-ES2007c.A.words1244"
        },
        {
          "act": "I mean it's different, but I wouldn't say like a rubber remote is fancy.",
          "end_time": 1418.95,
          "id": 132,
          "speaker_id": "C",
          "start_time": 1415.89,
          "type": {
            "main_type": "Task",
            "sub_type": "Assess"
          },
          "word_range": "ES2007c.C.words1461-ES2007c.C.words1476"
        },
        {
          "act": "That's why I was thinking, Bluetooth,",
          "end_time": 1430.22,
          "id": 93,
          "speaker_id": "D",
          "start_time": 1428.96,
          "type": {
            "main_type": "Task",
            "sub_type": "Assess"
          },
          "word_range": "ES2007c.D.words452-ES2007c.D.words459"
        },
        {
          "act": "'cause Bluetooth is the in thing nowadays, like it really is,",
          "end_time": 1439.0,
          "id": 95,
          "speaker_id": "D",
          "start_time": 1434.86,
          "type": {
            "main_type": "Task",
            "sub_type": "Inform"
          },
          "word_range": "ES2007c.D.words482-ES2007c.D.words495"
        },
        {
          "act": "they don't really care whether, you know, at the end of the day whether it works properly or not.",
          "end_time": 1449.86,
          "id": 98,
          "speaker_id": "D",
          "start_time": 1443.41,
          "type": {
            "main_type": "Task",
            "sub_type": "Inform"
          },
          "word_range": "ES2007c.D.words513-ES2007c.D.words534"
        },
        {
          "act": "Of course, they do.",
          "end_time": 1451.99,
          "id": 161,
          "speaker_id": "A",
          "start_time": 1450.29,
          "type": {
            "main_type": "Task",
            "sub_type": "Assess"
          },
          "word_range": "ES2007c.A.words1252-ES2007c.A.words1257"
        },
        {
          "act": "So is is the advantage of Bluetooth that you can just like synchronise it with other",
          "end_time": 1470.86,
          "id": 136,
          "speaker_id": "C",
          "start_time": 1467.22,
          "type": {
            "main_type": "Elicit",
            "sub_type": "Elicit-Inform"
          },
          "word_range": "ES2007c.C.words1503-ES2007c.C.words1518"
        },
        {
          "act": "that would mean you'd need a television that has Bluetooth in it, which no no television does,",
          "end_time": 1490.8,
          "id": 173,
          "speaker_id": "A",
          "start_time": 1485.7,
          "type": {
            "main_type": "Task",
            "sub_type": "Inform"
          },
          "word_range": "ES2007c.A.words1333-ES2007c.A.words1351"
        },
        {
          "act": "Well, if you're looking at if you looking at something that's going to be bought by people, you have to make it new, you have to make it state of the art.",
          "end_time": 1500.64,
          "id": 105,
          "speaker_id": "D",
          "start_time": 1489.41,
          "type": {
            "main_type": "Task",
            "sub_type": "Assess"
          },
          "word_range": "ES2007c.D.words589-ES2007c.D.words627"
        },
        {
          "act": "Like it doesn't have to be, you know, Bluetooth,",
          "end_time": 1542.47,
          "id": 107,
          "speaker_id": "D",
          "start_time": 1539.7,
          "type": {
            "main_type": "Task",
            "sub_type": "Assess"
          },
          "word_range": "ES2007c.D.words633-ES2007c.D.words644"
        },
        {
          "act": "If we want something new, we need to move away from what we already have",
          "end_time": 1567.79,
          "id": 113,
          "speaker_id": "D",
          "start_time": 1564.11,
          "type": {
            "main_type": "Task",
            "sub_type": "Suggest"
          },
          "word_range": "ES2007c.D.words708-ES2007c.D.words723"
        }
      ],
      "summary": "This lead to a discussion on whether to use Bluetooth or infra-red technology in remote."
    },
    {
      "extract_summ": [
        {
          "act": "and um I'm not sure about the buttons being in the shape of fruit though.",
          "end_time": 1714.15,
          "id": 198,
          "speaker_id": "A",
          "start_time": 1709.61,
          "type": {
            "main_type": "Task",
            "sub_type": "Assess"
          },
          "word_range": "ES2007c.A.words1593-ES2007c.A.words1608"
        },
        {
          "act": "Maybe make it like fruity colours or something.",
          "end_time": 1722.89,
          "id": 144,
          "speaker_id": "D",
          "start_time": 1720.35,
          "type": {
            "main_type": "Task",
            "sub_type": "Suggest"
          },
          "word_range": "ES2007c.D.words954-ES2007c.D.words962"
        },
        {
          "act": "The power button could be like a big apple or something.",
          "end_time": 1732.43,
          "id": 158,
          "speaker_id": "C",
          "start_time": 1729.89,
          "type": {
            "main_type": "Task",
            "sub_type": "Suggest"
          },
          "word_range": "ES2007c.C.words1650-ES2007c.C.words1661"
        },
        {
          "act": "Um like I'm just thinking bright colours.",
          "end_time": 1804.13,
          "id": 159,
          "speaker_id": "D",
          "start_time": 1800.48,
          "type": {
            "main_type": "Task",
            "sub_type": "Suggest"
          },
          "word_range": "ES2007c.D.words1043-ES2007c.D.words1050"
        },
        {
          "act": "Wanna make it different colours so anybody can choo like like",
          "end_time": 1822.24,
          "id": 165,
          "speaker_id": "D",
          "start_time": 1817.45,
          "type": {
            "main_type": "Task",
            "sub_type": "Suggest"
          },
          "word_range": "ES2007c.D.words1079-ES2007c.D.words1092"
        },
        {
          "act": "so we could do like the pink range, the blue range, the green range, the",
          "end_time": 1935.19,
          "id": 223,
          "speaker_id": "A",
          "start_time": 1931.27,
          "type": {
            "main_type": "Task",
            "sub_type": "Suggest"
          },
          "word_range": "ES2007c.A.words1819-ES2007c.A.words1837"
        },
        {
          "act": "where, you know, you have a variety of colours, that people feel like they're customising it when they buy it, even, you know, just just by the fact of choosing.",
          "end_time": 1966.89,
          "id": 173,
          "speaker_id": "C",
          "start_time": 1960.4,
          "type": {
            "main_type": "Task",
            "sub_type": "Inform"
          },
          "word_range": "ES2007c.C.words1786-ES2007c.C.words1822"
        }
      ],
      "summary": "The team then discussed how to incorporate a fruit and vegetable theme into the remote."
    }
  ],
  "actions": [
    {
      "extract_summ": [
        {
          "act": "from you Catherine wi your y y you know you're gonna be working on the the look and feel design.",
          "end_time": 2009.67,
          "id": 231,
          "speaker_id": "A",
          "start_time": 2004.47,
          "type": {
            "main_type": "Task",
            "sub_type": "Inform"
          },
          "word_range": "ES2007c.A.words1896-ES2007c.A.words1916"
        }
      ],
      "summary": "The industrial designer will work on the look and feel of the design."
    },
    {
      "extract_summ": [
        {
          "act": "Um Gabriel, you're gonna be working on, you know come up with the the user interface design.",
          "end_time": 2017.88,
          "id": 232,
          "speaker_id": "A",
          "start_time": 2010.95,
          "type": {
            "main_type": "Task",
            "sub_type": "Inform"
          },
          "word_range": "ES2007c.A.words1917-ES2007c.A.words1937"
        }
      ],
      "summary": "The interface specialist will work on the user interface design."
    },
    {
      "extract_summ": [
        {
          "act": "Then basically, you two are gonna be working together on this.",
          "end_time": 2021.82,
          "id": 233,
          "speaker_id": "A",
          "start_time": 2017.88,
          "type": {
            "main_type": "Task",
            "sub_type": "Inform"
          },
          "word_range": "ES2007c.A.words1938-ES2007c.A.words1950"
        },
        {
          "act": "come up ki you know, be ab for the next meeting be able to come in and show us some some i some physical ideas.",
          "end_time": 2041.31,
          "id": 237,
          "speaker_id": "A",
          "start_time": 2033.48,
          "type": {
            "main_type": "Task",
            "sub_type": "Inform"
          },
          "word_range": "ES2007c.A.words1988-ES2007c.A.words2014"
        },
        {
          "act": "Um and I think you are gonna get a chance to play with some clay.",
          "end_time": 2029.6,
          "id": 235,
          "speaker_id": "A",
          "start_time": 2025.09,
          "type": {
            "main_type": "Task",
            "sub_type": "Inform"
          },
          "word_range": "ES2007c.A.words1961-ES2007c.A.words1976"
        }
      ],
      "summary": "The industrial designer and the interface specialist will work on a prototype."
    },
    {
      "extract_summ": [
        {
          "act": "Um and you're gonna be working on the product evaluation.",
          "end_time": 2063.16,
          "id": 242,
          "speaker_id": "A",
          "start_time": 2058.59,
          "type": {
            "main_type": "Task",
            "sub_type": "Inform"
          },
          "word_range": "ES2007c.A.words2068-ES2007c.A.words2078"
        }
      ],
      "summary": "The marketing expert will work on the product evaluation"
    }
  ],
  "decisions": [
    {
      "extract_summ": [
        {
          "act": "Let's have rubber push buttons, hey.",
          "end_time": 601.32,
          "id": 54,
          "speaker_id": "A",
          "start_time": 599.81,
          "type": {
            "main_type": "Task",
            "sub_type": "Suggest"
          },
          "word_range": "ES2007c.A.words523-ES2007c.A.words530"
        },
        {
          "act": "So rubber rubber keys, yeah.",
          "end_time": 881.9,
          "id": 50,
          "speaker_id": "C",
          "start_time": 880.23,
          "type": {
            "main_type": "Task",
            "sub_type": "Assess"
          },
          "word_range": "ES2007c.C.words456-ES2007c.C.words462"
        }
      ],
      "summary": "The remote will have rubber push buttons."
    },
    {
      "extract_summ": [
        {
          "act": "Rubber, we're all we're all going we're all liking that idea?",
          "end_time": 475.41,
          "id": 46,
          "speaker_id": "A",
          "start_time": 472.31,
          "type": {
            "main_type": "Elicit",
            "sub_type": "Elicit-Assessment"
          },
          "word_range": "ES2007c.A.words448-ES2007c.A.words461"
        },
        {
          "act": "so we want it rub rubber double curved.",
          "end_time": 874.48,
          "id": 49,
          "speaker_id": "C",
          "start_time": 866.5,
          "type": {
            "main_type": "Task",
            "sub_type": "Assess"
          },
          "word_range": "ES2007c.C.words446-ES2007c.C.words455"
        }
      ],
      "summary": "The case will be made of rubber."
    },
    {
      "extract_summ": [
        {
          "act": "So let's not let's uh not bother with the chip on print.",
          "end_time": 732.86,
          "id": 73,
          "speaker_id": "A",
          "start_time": 730.05,
          "type": {
            "main_type": "Task",
            "sub_type": "Suggest"
          },
          "word_range": "ES2007c.A.words674-ES2007c.A.words686"
        }
      ],
      "summary": "The remote will not use a chip on print."
    },
    {
      "extract_summ": [
        {
          "act": "Okay. Yeah, this that's that's very good.",
          "end_time": 1581.61,
          "id": 181,
          "speaker_id": "A",
          "start_time": 1578.3,
          "type": {
            "main_type": "Task",
            "sub_type": "Assess"
          },
          "word_range": "ES2007c.A.words1414-ES2007c.A.words1425"
        },
        {
          "act": "right, we're gonna go go back to um going with the kinetic thing,",
          "end_time": 1697.29,
          "id": 194,
          "speaker_id": "A",
          "start_time": 1690.54,
          "type": {
            "main_type": "Task",
            "sub_type": "Suggest"
          },
          "word_range": "ES2007c.A.words1543-ES2007c.A.words1557"
        }
      ],
      "summary": "The remote will use a kinetic battery."
    },
    {
      "extract_summ": [
        {
          "act": "so we want it rub rubber double curved.",
          "end_time": 874.48,
          "id": 49,
          "speaker_id": "C",
          "start_time": 866.5,
          "type": {
            "main_type": "Task",
            "sub_type": "Assess"
          },
          "word_range": "ES2007c.C.words446-ES2007c.C.words455"
        }
      ],
      "summary": "The case will be double curved."
    },
    {
      "extract_summ": [
        {
          "act": "So we're we're not gonna have any sort of display I think uh.",
          "end_time": 1211.96,
          "id": 105,
          "speaker_id": "C",
          "start_time": 1207.92,
          "type": {
            "main_type": "Task",
            "sub_type": "Suggest"
          },
          "word_range": "ES2007c.C.words1124-ES2007c.C.words1138"
        }
      ],
      "summary": "There will be no display physically featured on the remote itself."
    }
  ],
  "problems": [
    {
      "extract_summ": [
        {
          "act": "Well, what do we need a speaker for in a remote control unit?",
          "end_time": 754.97,
          "id": 77,
          "speaker_id": "A",
          "start_time": 752.51,
          "type": {
            "main_type": "Elicit",
            "sub_type": "Elicit-Inform"
          },
          "word_range": "ES2007c.A.words699-ES2007c.A.words713"
        },
        {
          "act": "What about the just developed uh sample sensor?",
          "end_time": 745.63,
          "id": 36,
          "speaker_id": "D",
          "start_time": 743.22,
          "type": {
            "main_type": "Elicit",
            "sub_type": "Elicit-Assessment"
          },
          "word_range": "ES2007c.D.words103-ES2007c.D.words111"
        },
        {
          "act": "it would be one thing if it was speech recognition where you say something and it turns the T_V_ on like, turn the T_V_ on, and i turns comes on,",
          "end_time": 804.1,
          "id": 35,
          "speaker_id": "C",
          "start_time": 798.02,
          "type": {
            "main_type": "Task",
            "sub_type": "Assess"
          },
          "word_range": "ES2007c.C.words308-ES2007c.C.words341"
        },
        {
          "act": "I'm just guessing. But it's gonna be the most expensive option, probably and",
          "end_time": 765.65,
          "id": 101,
          "speaker_id": "B",
          "start_time": 762.23,
          "type": {
            "main_type": "Task",
            "sub_type": "Inform"
          },
          "word_range": "ES2007c.B.words963-ES2007c.B.words978"
        },
        {
          "act": "a it just gives you a verbal response.",
          "end_time": 808.01,
          "id": 37,
          "speaker_id": "C",
          "start_time": 805.39,
          "type": {
            "main_type": "Task",
            "sub_type": "Inform"
          },
          "word_range": "ES2007c.C.words351-ES2007c.C.words359"
        },
        {
          "act": "Oh, then forget about it.",
          "end_time": 828.63,
          "id": 47,
          "speaker_id": "D",
          "start_time": 827.01,
          "type": {
            "main_type": "Task",
            "sub_type": "Assess"
          },
          "word_range": "ES2007c.D.words194-ES2007c.D.words201"
        }
      ],
      "summary": "Whether to have a sample sensor in the remote."
    },
    {
      "extract_summ": [
        {
          "act": "Yeah, I would say mayb maybe a couple of colours like uh like a black with with yellow and somewhere,",
          "end_time": 1271.06,
          "id": 116,
          "speaker_id": "C",
          "start_time": 1265.92,
          "type": {
            "main_type": "Task",
            "sub_type": "Suggest"
          },
          "word_range": "ES2007c.C.words1259-ES2007c.C.words1280"
        },
        {
          "act": "Wanna make it different colours so anybody can choo like like",
          "end_time": 1822.24,
          "id": 165,
          "speaker_id": "D",
          "start_time": 1817.45,
          "type": {
            "main_type": "Task",
            "sub_type": "Suggest"
          },
          "word_range": "ES2007c.D.words1079-ES2007c.D.words1092"
        },
        {
          "act": "so we could do like the pink range, the blue range, the green range, the",
          "end_time": 1935.19,
          "id": 223,
          "speaker_id": "A",
          "start_time": 1931.27,
          "type": {
            "main_type": "Task",
            "sub_type": "Suggest"
          },
          "word_range": "ES2007c.A.words1819-ES2007c.A.words1837"
        },
        {
          "act": "where, you know, you have a variety of colours, that people feel like they're customising it when they buy it, even, you know, just just by the fact of choosing.",
          "end_time": 1966.89,
          "id": 173,
          "speaker_id": "C",
          "start_time": 1960.4,
          "type": {
            "main_type": "Task",
            "sub_type": "Inform"
          },
          "word_range": "ES2007c.C.words1786-ES2007c.C.words1822"
        }
      ],
      "summary": "What color the remote should be."
    },
    {
      "extract_summ": [
        {
          "act": "That's why I was thinking, Bluetooth,",
          "end_time": 1430.22,
          "id": 93,
          "speaker_id": "D",
          "start_time": 1428.96,
          "type": {
            "main_type": "Task",
            "sub_type": "Assess"
          },
          "word_range": "ES2007c.D.words452-ES2007c.D.words459"
        },
        {
          "act": "'cause Bluetooth is the in thing nowadays, like it really is,",
          "end_time": 1439.0,
          "id": 95,
          "speaker_id": "D",
          "start_time": 1434.86,
          "type": {
            "main_type": "Task",
            "sub_type": "Inform"
          },
          "word_range": "ES2007c.D.words482-ES2007c.D.words495"
        },
        {
          "act": "they don't really care whether, you know, at the end of the day whether it works properly or not.",
          "end_time": 1449.86,
          "id": 98,
          "speaker_id": "D",
          "start_time": 1443.41,
          "type": {
            "main_type": "Task",
            "sub_type": "Inform"
          },
          "word_range": "ES2007c.D.words513-ES2007c.D.words534"
        },
        {
          "act": "Of course, they do.",
          "end_time": 1451.99,
          "id": 161,
          "speaker_id": "A",
          "start_time": 1450.29,
          "type": {
            "main_type": "Task",
            "sub_type": "Assess"
          },
          "word_range": "ES2007c.A.words1252-ES2007c.A.words1257"
        },
        {
          "act": "So is is the advantage of Bluetooth that you can just like synchronise it with other",
          "end_time": 1470.86,
          "id": 136,
          "speaker_id": "C",
          "start_time": 1467.22,
          "type": {
            "main_type": "Elicit",
            "sub_type": "Elicit-Inform"
          },
          "word_range": "ES2007c.C.words1503-ES2007c.C.words1518"
        },
        {
          "act": "that would mean you'd need a television that has Bluetooth in it, which no no television does,",
          "end_time": 1490.8,
          "id": 173,
          "speaker_id": "A",
          "start_time": 1485.7,
          "type": {
            "main_type": "Task",
            "sub_type": "Inform"
          },
          "word_range": "ES2007c.A.words1333-ES2007c.A.words1351"
        },
        {
          "act": "Well, if you're looking at if you looking at something that's going to be bought by people, you have to make it new, you have to make it state of the art.",
          "end_time": 1500.64,
          "id": 105,
          "speaker_id": "D",
          "start_time": 1489.41,
          "type": {
            "main_type": "Task",
            "sub_type": "Assess"
          },
          "word_range": "ES2007c.D.words589-ES2007c.D.words627"
        },
        {
          "act": "Like it doesn't have to be, you know, Bluetooth,",
          "end_time": 1542.47,
          "id": 107,
          "speaker_id": "D",
          "start_time": 1539.7,
          "type": {
            "main_type": "Task",
            "sub_type": "Assess"
          },
          "word_range": "ES2007c.D.words633-ES2007c.D.words644"
        }
      ],
      "summary": "Whether to use Bluetooth or infra-red technology in the remote."
    },
    {
      "extract_summ": [
        {
          "act": "and um I'm not sure about the buttons being in the shape of fruit though.",
          "end_time": 1714.15,
          "id": 198,
          "speaker_id": "A",
          "start_time": 1709.61,
          "type": {
            "main_type": "Task",
            "sub_type": "Assess"
          },
          "word_range": "ES2007c.A.words1593-ES2007c.A.words1608"
        },
        {
          "act": "Maybe make it like fruity colours or something.",
          "end_time": 1722.89,
          "id": 144,
          "speaker_id": "D",
          "start_time": 1720.35,
          "type": {
            "main_type": "Task",
            "sub_type": "Suggest"
          },
          "word_range": "ES2007c.D.words954-ES2007c.D.words962"
        },
        {
          "act": "The power button could be like a big apple or something.",
          "end_time": 1732.43,
          "id": 158,
          "speaker_id": "C",
          "start_time": 1729.89,
          "type": {
            "main_type": "Task",
            "sub_type": "Suggest"
          },
          "word_range": "ES2007c.C.words1650-ES2007c.C.words1661"
        },
        {
          "act": "Um like I'm just thinking bright colours.",
          "end_time": 1804.13,
          "id": 159,
          "speaker_id": "D",
          "start_time": 1800.48,
          "type": {
            "main_type": "Task",
            "sub_type": "Suggest"
          },
          "word_range": "ES2007c.D.words1043-ES2007c.D.words1050"
        }
      ],
      "summary": "How to incorporate a fruit and vegetable theme into the remote."
    }
  ]
}