[
  {
    "acts": [
      {
        "act": "Oh right okay. I cover myself up.",
        "end_time": 12.64,
        "start_time": 5.43
      },
      {
        "act": "I feel like Madonna with one of these on. I said I feel like Madonna with one of these on.",
        "end_time": 19.84,
        "start_time": 14.09
      },
      {
        "act": ".",
        "end_time": 20.562,
        "start_time": 20.562
      },
      {
        "act": "I've always wanted one of these, I really have. Where do you buy 'em from? They're.",
        "end_time": 39.04,
        "start_time": 23.06
      },
      {
        "act": "Right. Hello everybody. Back again for another wonderful meeting. Is uh everyone ready? Okay, we c we can hold on for a minute.",
        "end_time": 93.67,
        "start_time": 77.14
      },
      {
        "act": "Hello.",
        "end_time": 79.01,
        "start_time": 78.63
      },
      {
        "act": ".",
        "end_time": 80.507,
        "start_time": 80.507
      },
      {
        "act": "Yeah.",
        "end_time": 87.4,
        "start_time": 87.19
      },
      {
        "act": "Yeah.",
        "end_time": 89.55,
        "start_time": 88.9
      },
      {
        "act": "Almost.",
        "end_time": 89.91,
        "start_time": 89.08
      },
      {
        "act": "Oh my gosh.",
        "end_time": 111.26,
        "start_time": 110.69
      },
      {
        "act": "I figured with the spam thing, if you can't beat it, join in.",
        "end_time": 126.18,
        "start_time": 120.78
      },
      {
        "act": "That's the kind of spam that everybody likes to receive.",
        "end_time": 128.55,
        "start_time": 126.32
      },
      {
        "act": "Mm 'kay.",
        "end_time": 142.11,
        "start_time": 141.93
      }
    ],
    "other_description": null,
    "topic": "agenda/equipment issues"
  },
  {
    "acts": [
      {
        "act": "Are you ready? Okay, right, well, I take it that you are all ready now. Um alright first off we'll just uh recap from our last meeting. Um which was we got together just to basically decide on well to talk about what it is that we were actually uh supposed to be doing, and who we all are and stuff like that, mm get bit more of an idea together of what's going on.",
        "end_time": 190.6,
        "start_time": 143.26
      },
      {
        "act": "Um what we are gonna talk about in this meeting is um now that we know what it is that we are doing, now we know that it's a T_V_ remote and stuff and you guys have just been off doing some some uh R_ and D_ for that, that's research and development for those that haven't heard that before, see I'm learning all sorts of new technologi terms in technology today. Um yeah, we're gonna hear your uh th three little presentations, whether they be on computer or on the whiteboard or whatever you want.",
        "end_time": 230.87,
        "start_time": 192.18
      },
      {
        "act": "Mm-hmm.",
        "end_time": 212.0,
        "start_time": 211.81
      },
      {
        "act": "Hmm. Do you have any preference uh of order?",
        "end_time": 233.0,
        "start_time": 225.15
      },
      {
        "act": "Um I'd like to um hear o I'd like to hear who's g who's on the um from from uh Catherine actually first. I want what I'd like to hear about is uh if we've finally decided on um what sort of energy we're gonna be using and",
        "end_time": 258.25,
        "start_time": 234.05
      },
      {
        "act": "Batteries.",
        "end_time": 256.92,
        "start_time": 256.34
      },
      {
        "act": "I think she is still finishing her.",
        "end_time": 261.23,
        "start_time": 258.41
      },
      {
        "act": "No no no no, it's fine I'm just preparing.",
        "end_time": 261.25,
        "start_time": 259.73
      },
      {
        "act": "It's just that yeah, let's let's hear from you first.",
        "end_time": 263.82,
        "start_time": 261.55
      },
      {
        "act": "Hmm.",
        "end_time": 263.49,
        "start_time": 263.35
      },
      {
        "act": "Okay.",
        "end_time": 266.46,
        "start_time": 263.48
      }
    ],
    "other_description": null,
    "topic": "opening"
  },
  {
    "acts": [
      {
        "act": "Where is that thing? Oh sorry, couldn't see.",
        "end_time": 270.56,
        "start_time": 266.46
      },
      {
        "act": "Okay, it's uh",
        "end_time": 269.41,
        "start_time": 267.26
      },
      {
        "act": "It's here.",
        "end_time": 268.91,
        "start_time": 268.56
      },
      {
        "act": "Would that work?",
        "end_time": 278.33,
        "start_time": 277.14
      },
      {
        "act": "Get yourself in position.",
        "end_time": 282.79,
        "start_time": 279.97
      },
      {
        "act": "Ah.",
        "end_time": 284.94,
        "start_time": 284.87
      }
    ],
    "other_description": null,
    "topic": "agenda/equipment issues"
  },
  {
    "acts": [
      {
        "act": "Okay, so that's me again.",
        "end_time": 287.69,
        "start_time": 284.96
      },
      {
        "act": "Simple, yeah. Chip on print. It's a bit.",
        "end_time": 650.78,
        "start_time": 643.93
      }
    ],
    "other_description": null,
    "topic": "industrial designer presentation"
  },
  {
    "acts": [
      {
        "act": "Alright.",
        "end_time": 958.58,
        "start_time": 958.27
      },
      {
        "act": "Okay, Gabriel. Let's um let's let's hear from you about the um it's the interface.",
        "end_time": 964.4,
        "start_time": 958.35
      },
      {
        "act": "Alright.",
        "end_time": 960.71,
        "start_time": 960.25
      }
    ],
    "other_description": null,
    "topic": "agenda/equipment issues"
  },
  {
    "acts": [
      {
        "act": "Yeah, some of what I have to say ties into what Catherine was just talking about.",
        "end_time": 969.69,
        "start_time": 965.38
      },
      {
        "act": "Great.",
        "end_time": 970.1,
        "start_time": 969.67
      },
      {
        "act": "Sorry.",
        "end_time": 970.83,
        "start_time": 970.28
      },
      {
        "act": "Okay, so I'm continuing with the user interface uh topic. And so basically I consulted with our manufacturing division. It sounded like Catherine was also speaking with them. Uh I also took uh Reissa's marketing findings from the last meeting into consideration um, 'cause I think that's that's crucial as far as uh what keys we're going to inc inclu what buttons we are going to include and and how they're laid out. Uh and so the manufacturing division uh sent some some samples of of uh interface components that we might be interested in using that have been used in other products, uh like the coffee machine.",
        "end_time": 1032.64,
        "start_time": 990.23
      },
      {
        "act": "Mm.",
        "end_time": 1021.02,
        "start_time": 1020.84
      },
      {
        "act": "So I already mentioned the speech recognition interface. I guess, we we basically vetoed that idea. It's it's pointless.",
        "end_time": 1042.04,
        "start_time": 1034.65
      },
      {
        "act": "Mm.",
        "end_time": 1042.53,
        "start_time": 1042.09
      },
      {
        "act": "Uh it's just a sample sensor sample output. It would just be probably the most expensive part of our remote without any actual interesting functionality as far as operating the T_V_.",
        "end_time": 1055.62,
        "start_time": 1043.32
      },
      {
        "act": "And so, yeah, I th I think my personal preferences of we've all kind of talked about and seemed to be on the same page um. Uh so I was against the speech recognition and against going uh towards anything in in a niche sense. I think it should be more general. I didn't I didn't think the spinning-wheel or the uh L_C_ display were were crucial for us. And, yeah, that's it for me.",
        "end_time": 1191.16,
        "start_time": 1165.25
      },
      {
        "act": "Mm-hmm.",
        "end_time": 1182.84,
        "start_time": 1182.57
      },
      {
        "act": "Let's move over to",
        "end_time": 1285.67,
        "start_time": 1284.55
      },
      {
        "act": "I I guess the fact uh also that we are having a rubber case uh would prevent us from having the cover function that we thought of before. I mean, 'cause uh s so if we wanna have a lock of some sort it would have to be a button. But I think that should be I mean um, I can speak with the button department, but uh I think that it should be easy to have a button that just prevents prevents the other uh the other buttons from operating. So that should be simple.",
        "end_time": 1313.39,
        "start_time": 1285.12
      },
      {
        "act": "Yeah, sure.. Yeah, the button that just does that, yeah. Cool.",
        "end_time": 1316.22,
        "start_time": 1295.86
      }
    ],
    "other_description": null,
    "topic": "interface specialist presentation"
  },
  {
    "acts": [
      {
        "act": "Right. Well, I'm just basically letting you know what's happening in the markets",
        "end_time": 1339.18,
        "start_time": 1328.08
      },
      {
        "act": "Mm yeah.",
        "end_time": 1340.06,
        "start_time": 1339.71
      },
      {
        "act": "and what the fashions are for next year. Um.",
        "end_time": 1344.73,
        "start_time": 1340.36
      },
      {
        "act": "Yeah. And so personal what I was just saying like move away from the current remote controls uh like the look and the feel of the current ones and change the look and feel, while still keeping to the company's image, basically. So yeah.",
        "end_time": 1677.37,
        "start_time": 1661.04
      },
      {
        "act": "Okay.",
        "end_time": 1681.25,
        "start_time": 1680.75
      },
      {
        "act": ". I had to say So we're moving in the right direction like",
        "end_time": 1687.37,
        "start_time": 1682.352
      },
      {
        "act": "Right. Yeah.",
        "end_time": 1687.94,
        "start_time": 1686.04
      },
      {
        "act": "Yep.",
        "end_time": 1696.41,
        "start_time": 1696.19
      },
      {
        "act": "Yeah, that's great.",
        "end_time": 1696.57,
        "start_time": 1696.06
      },
      {
        "act": "Mm.",
        "end_time": 1709.06,
        "start_time": 1708.83
      }
    ],
    "other_description": null,
    "topic": "marketing expert presentation"
  },
  {
    "acts": [
      {
        "act": "Alright, yeah, no, this i this is good, so through all that we've we go we're right, we're gonna go go back to um going with the kinetic thing, that's great, using the spongy rubber that we were talking about that anti-R_S_I_ you can as you squeeze it you are not only therapeuticising yourself, you are charging the batteries,",
        "end_time": 1709.61,
        "start_time": 1687.08
      }
    ],
    "other_description": null,
    "topic": "discussion"
  },
  {
    "acts": [
      {
        "act": "Okay. Alright. Well um, we'll alright let's what we're gonna aim to get together by the next meeting then um is from you Catherine wi your y y you know you're gonna be working on the the look and feel design.",
        "end_time": 2009.67,
        "start_time": 1987.01
      },
      {
        "act": "Yep.",
        "end_time": 2010.65,
        "start_time": 2010.06
      },
      {
        "act": "Um Gabriel, you're gonna be working on, you know come up with the the user interface design. Then basically, you two are gonna be working together on this. You won't be going off to your separate offices.",
        "end_time": 2023.75,
        "start_time": 2010.95
      },
      {
        "act": "Alright.",
        "end_time": 2022.85,
        "start_time": 2022.5
      },
      {
        "act": "Okay.",
        "end_time": 2024.86,
        "start_time": 2024.57
      },
      {
        "act": "Um and I think you are gonna get a chance to play with some clay.",
        "end_time": 2029.6,
        "start_time": 2025.09
      },
      {
        "act": "Oh right.",
        "end_time": 2030.7,
        "start_time": 2030.3
      },
      {
        "act": "I think, yeah, it's gonna you know, come up ki you know, be ab for the next meeting be able to come in and show us some some i some physical ideas. 'Cause at the moment, uh you know, it's it's hard. We were kinda going, yeah, it's gotta feel nice, it's gotta look cool and that it's you know now we can actually start,",
        "end_time": 2049.76,
        "start_time": 2031.26
      },
      {
        "act": "Mm. Cool.",
        "end_time": 2041.71,
        "start_time": 2032.32
      },
      {
        "act": "Yeah.",
        "end_time": 2043.69,
        "start_time": 2043.46
      },
      {
        "act": "It is.",
        "end_time": 2044.28,
        "start_time": 2043.83
      },
      {
        "act": "you know, s some sort of physical something or other.",
        "end_time": 2055.2,
        "start_time": 2052.18
      },
      {
        "act": "That sounds good.",
        "end_time": 2057.84,
        "start_time": 2056.89
      },
      {
        "act": "Um and you're gonna be working on the product evaluation.",
        "end_time": 2063.16,
        "start_time": 2058.59
      },
      {
        "act": "Evaluation.",
        "end_time": 2064.97,
        "start_time": 2063.87
      },
      {
        "act": "Um. And I will be uh",
        "end_time": 2076.88,
        "start_time": 2067.65
      },
      {
        "act": "talking to the bosses, basically, and uh",
        "end_time": 2082.14,
        "start_time": 2079.0
      },
      {
        "act": "f fielding off some more spam and uh",
        "end_time": 2088.69,
        "start_time": 2083.12
      },
      {
        "act": "Great.",
        "end_time": 2090.46,
        "start_time": 2090.12
      },
      {
        "act": "that's it really. Keeping things t well, uh you know, ho hopefully uh keeping things together. Um. Yeah, that's This is this is uh good. So we know for definite we know we've we've now got some definite things going on. We definitely know how it's powered, we definitely know that um it's gonna be a simple buttons, we're not gonna be going for the new technological chip on print expensive things, so we've we're keeping the costs down. It's this rubber casing that we can sell as um fun and funky. Don't know of any other remote controls that are made out of this stuff. People, you know, people are saying, oh, standard stuff gives you repetitive strain injury, well this remote control is designed to do the complete opposite,",
        "end_time": 2146.93,
        "start_time": 2091.01
      },
      {
        "act": "Mm.",
        "end_time": 2114.56,
        "start_time": 2114.46
      },
      {
        "act": "Mm. Yeah.",
        "end_time": 2147.73,
        "start_time": 2137.23
      },
      {
        "act": "It's supposed to fix it rather than cause it. Um. you know, we're gonna we we're gonna as a sort of extra something on it, you know what what extra things are there extra things this product have? We'll look into this lock key",
        "end_time": 2165.42,
        "start_time": 2148.17
      },
      {
        "act": "Right.",
        "end_time": 2166.16,
        "start_time": 2165.94
      },
      {
        "act": "facility, although whether or not it happens, or is possible, I don't know, but something to look into. Okay. I think that's um well done everybody.",
        "end_time": 2180.11,
        "start_time": 2166.52
      },
      {
        "act": "Alright.",
        "end_time": 2181.74,
        "start_time": 2181.48
      },
      {
        "act": "Anyone have any uh any questions, everyone know what they're doing? 'Cause if you don't, you'll I'm sure you'll soon get an e-mail about it.",
        "end_time": 2189.5,
        "start_time": 2181.71
      },
      {
        "act": "Yeah. Yeah.",
        "end_time": 2190.01,
        "start_time": 2186.53
      },
      {
        "act": "Mm, I think we all know what we need to do now.",
        "end_time": 2193.21,
        "start_time": 2191.29
      },
      {
        "act": "S This gives you all the details?",
        "end_time": 2194.57,
        "start_time": 2192.37
      },
      {
        "act": "Okay. right well. It's um we're we've still couple of minutes until our meeting's due to finish.",
        "end_time": 2203.82,
        "start_time": 2196.84
      },
      {
        "act": "Okay.",
        "end_time": 2197.47,
        "start_time": 2197.2
      },
      {
        "act": "But um",
        "end_time": 2205.52,
        "start_time": 2204.92
      },
      {
        "act": "I got a note saying that you two who are gonna be working together so bef before you all disappear off just",
        "end_time": 2215.07,
        "start_time": 2207.78
      },
      {
        "act": "Okay, I'll stay in here.",
        "end_time": 2213.1,
        "start_time": 2212.26
      },
      {
        "act": "um.",
        "end_time": 2219.17,
        "start_time": 2215.07
      },
      {
        "act": "hold hold fire. Um.",
        "end_time": 2222.73,
        "start_time": 2219.6
      }
    ],
    "other_description": null,
    "topic": "closing"
  },
  {
    "acts": [
      {
        "act": "Does the pay-raise immediately come into effect on our next pay-check, or is that",
        "end_time": 2227.56,
        "start_time": 2223.75
      },
      {
        "act": "Um I think, it's uh, yeah, I think, it's gonna be par part more of a profit sharing on the product.",
        "end_time": 2235.44,
        "start_time": 2228.25
      },
      {
        "act": "So we're buying fut I mean, we're getting futures in the company.",
        "end_time": 2239.04,
        "start_time": 2235.88
      },
      {
        "act": "Yeah, I think i I think that's I think that's the way it's gonna happen at the moment.",
        "end_time": 2242.59,
        "start_time": 2238.12
      },
      {
        "act": "So we really have a incentive to make this remote work.",
        "end_time": 2246.49,
        "start_time": 2243.2
      },
      {
        "act": "Yeah. Yeah.",
        "end_time": 2247.48,
        "start_time": 2246.16
      },
      {
        "act": "I'd like to share in the coffee machine profits, because that's really doing well.",
        "end_time": 2251.94,
        "start_time": 2248.83
      },
      {
        "act": "I want a share in the space rocket. Did you see that this k that this company we've made a spaceship.",
        "end_time": 2258.57,
        "start_time": 2252.15
      },
      {
        "act": "Yeah..",
        "end_time": 2256.36,
        "start_time": 2255.5
      },
      {
        "act": "Yeah.",
        "end_time": 2259.02,
        "start_time": 2257.72
      },
      {
        "act": "This company has its its fingers in a lot of different pots.",
        "end_time": 2262.72,
        "start_time": 2258.64
      },
      {
        "act": "Yeah. Yeah.",
        "end_time": 2267.07,
        "start_time": 2261.09
      },
      {
        "act": "Mm.",
        "end_time": 2264.3,
        "start_time": 2264.05
      },
      {
        "act": "Yeah, we're definitely not in the money making department.",
        "end_time": 2270.0,
        "start_time": 2267.79
      },
      {
        "act": ".",
        "end_time": 2277.04,
        "start_time": 2277.04
      },
      {
        "act": "Well I I did notice looking at I mean, they told you that they wanted whatev our product to represent the the R_R_ brand and and to be immediately noticeable.",
        "end_time": 2295.08,
        "start_time": 2285.45
      },
      {
        "act": "Yeah.",
        "end_time": 2294.68,
        "start_time": 2294.31
      },
      {
        "act": "I mean, if you look like at the coffee maker at the at the corporate web page, it's not obvious.",
        "end_time": 2302.11,
        "start_time": 2296.75
      },
      {
        "act": "Mm.",
        "end_time": 2301.79,
        "start_time": 2300.76
      },
      {
        "act": "R_R_. Well it is to us, because we we worked worked here for years and we use that coffee machine, but it's doesn't have the colour scheme of of the of the company anywhere on it obviously it's just sil silver and black.",
        "end_time": 2316.27,
        "start_time": 2303.74
      },
      {
        "act": "Mm.",
        "end_time": 2315.47,
        "start_time": 2315.13
      },
      {
        "act": "That's true.",
        "end_time": 2318.68,
        "start_time": 2318.09
      },
      {
        "act": "And the spaceship doesn't have the R_ have a massive R_ and R_ down the side of it but I still want one.",
        "end_time": 2330.66,
        "start_time": 2320.1
      },
      {
        "act": "No.",
        "end_time": 2322.93,
        "start_time": 2322.64
      },
      {
        "act": "Doesn't",
        "end_time": 2326.32,
        "start_time": 2326.01
      },
      {
        "act": "Mm.",
        "end_time": 2325.96,
        "start_time": 2325.5
      }
    ],
    "other_description": null,
    "topic": "discussion"
  },
  {
    "acts": [
      {
        "act": "Okay. Um I've just had a sign flashing up saying, finish the meeting.",
        "end_time": 2337.34,
        "start_time": 2332.96
      },
      {
        "act": "Yeah.",
        "end_time": 2338.29,
        "start_time": 2338.14
      },
      {
        "act": "Uh.",
        "end_time": 2340.53,
        "start_time": 2338.9
      },
      {
        "act": "Okay.",
        "end_time": 2339.67,
        "start_time": 2339.36
      },
      {
        "act": "Yeah.",
        "end_time": 2350.81,
        "start_time": 2350.42
      },
      {
        "act": "Right, well, I guess that's us.",
        "end_time": 2352.28,
        "start_time": 2351.1
      },
      {
        "act": "Yeah. It's not telling it's not saying do anything in particular just yet. So maybe you should go back to your own offices.",
        "end_time": 2361.1,
        "start_time": 2353.54
      },
      {
        "act": "Okay. Right.",
        "end_time": 2365.22,
        "start_time": 2362.48
      },
      {
        "act": "Are we taking these off?",
        "end_time": 2367.16,
        "start_time": 2366.18
      },
      {
        "act": "Yeah. Yeah, it says you two",
        "end_time": 2377.37,
        "start_time": 2369.4
      }
    ],
    "other_description": null,
    "topic": "agenda/equipment issues"
  }
]