[
  {
    "segments": [
      {
        "end_time": 1220.4,
        "segment": "Um we've got plastic and rubber, haven't we?",
        "start_time": 1216.448
      },
      {
        "end_time": 1221.088,
        "segment": "a plastic. Yeah.",
        "start_time": 1217.744
      },
      {
        "end_time": 1224.643,
        "segment": "Yeah. Plastic one and maybe rubber point five.",
        "start_time": 1221.008
      },
      {
        "end_time": 1224.816,
        "segment": "And special colour.",
        "start_time": 1222.606
      },
      {
        "end_time": 1225.458,
        "segment": ".",
        "start_time": 1223.761
      },
      {
        "end_time": 1231.254,
        "segment": "No I think rubber, since it's being used just as a casing, we can put point five.",
        "start_time": 1227.536
      },
      {
        "end_time": 1228.176,
        "segment": "Um",
        "start_time": 1227.536
      },
      {
        "end_time": 1233.088,
        "segment": "Yeah.",
        "start_time": 1232.176
      },
      {
        "end_time": 1233.36,
        "segment": "Do you think?",
        "start_time": 1232.88
      },
      {
        "end_time": 1239.062,
        "segment": "Yeah, because there are I think it allows the point five, yeah. We can use that.",
        "start_time": 1233.472
      },
      {
        "end_time": 1239.859,
        "segment": "Yeah.",
        "start_time": 1239.099
      },
      {
        "end_time": 1239.76,
        "segment": "Okay.",
        "start_time": 1239.296
      },
      {
        "end_time": 1242.528,
        "segment": "What does it mean if you put point five for that?",
        "start_time": 1240.624
      },
      {
        "end_time": 1245.6,
        "segment": "It means we are not using a lot of rubber actually. We're using just",
        "start_time": 1242.496
      },
      {
        "end_time": 1246.48,
        "segment": "It would be like saying we're using",
        "start_time": 1244.816
      },
      {
        "end_time": 1249.68,
        "segment": "a very low quantity of rubber compared to plastic.",
        "start_time": 1246.768
      },
      {
        "end_time": 1252.656,
        "segment": "See, it says case material.",
        "start_time": 1250.48
      },
      {
        "end_time": 1253.824,
        "segment": "Mm-hmm.",
        "start_time": 1253.376
      },
      {
        "end_time": 1260.112,
        "segment": "So we're not actually using plastic in the case, are we? It's including, it's including.",
        "start_time": 1253.84
      },
      {
        "end_time": 1259.372,
        "segment": "No, no, that's it's as an extra.",
        "start_time": 1257.12
      },
      {
        "end_time": 1261.056,
        "segment": "Right, okay.",
        "start_time": 1259.44
      },
      {
        "end_time": 1266.864,
        "segment": "So that shouldn't that shouldn't be actually on there, because that's not incorporated in the cost of the remote you get.",
        "start_time": 1260.224
      },
      {
        "end_time": 1276.8,
        "segment": "But it is gonna be part of the total cost, and there's nowhere else we can we can put that in, is there? There's nowhere else we can code for the the rubber used in the casing. So do we not have to account for it in the cost somewhere there?",
        "start_time": 1267.264
      },
      {
        "end_time": 0.0,
        "segment": false,
        "start_time": 99999999.99
      },
      {
        "end_time": 1281.28,
        "segment": "Okay, we'll just put it in as we'll put in as half.",
        "start_time": 1278.352
      },
      {
        "end_time": 1281.616,
        "segment": "Okay.",
        "start_time": 1280.978
      },
      {
        "end_time": 1286.4,
        "segment": "Or sh we should just put it in as one, because the plastic is zero anyway.",
        "start_time": 1283.472
      },
      {
        "end_time": 1287.696,
        "segment": "Yeah, okay.",
        "start_time": 1286.32
      }
    ],
    "type": "Rubber remote"
  }
]