[
  {
    "end_time": 14.192,
    "segment": "Hmm.",
    "speaker_id": "A",
    "start_time": 13.008
  },
  {
    "end_time": 23.737,
    "segment": "Thank you.",
    "speaker_id": "A",
    "start_time": 22.797
  },
  {
    "end_time": 26.88,
    "segment": "Hmm. Hmm.",
    "speaker_id": "A",
    "start_time": 25.456
  },
  {
    "end_time": 29.68,
    "segment": "Yep, me too.",
    "speaker_id": "A",
    "start_time": 28.928
  },
  {
    "end_time": 40.16,
    "segment": "Mm-hmm.",
    "speaker_id": "A",
    "start_time": 39.808
  },
  {
    "end_time": 93.401,
    "segment": "Yep.",
    "speaker_id": "A",
    "start_time": 92.832
  },
  {
    "end_time": 99.008,
    "segment": "Me and William worked on a prototype, and I think William is going to make a p presentation on that.",
    "speaker_id": "A",
    "start_time": 94.656
  },
  {
    "end_time": 101.211,
    "segment": "Yeah.",
    "speaker_id": "A",
    "start_time": 100.528
  },
  {
    "end_time": 104.8,
    "segment": "I can hold it like",
    "speaker_id": "A",
    "start_time": 103.6
  },
  {
    "end_time": 108.224,
    "segment": "Yeah, so",
    "speaker_id": "A",
    "start_time": 106.032
  },
  {
    "end_time": 116.608,
    "segment": "It looks",
    "speaker_id": "A",
    "start_time": 115.36
  },
  {
    "end_time": 118.896,
    "segment": "crazy.",
    "speaker_id": "A",
    "start_time": 117.856
  },
  {
    "end_time": 126.272,
    "segment": "Um not now.",
    "speaker_id": "A",
    "start_time": 124.179
  },
  {
    "end_time": 127.66,
    "segment": "Oh.",
    "speaker_id": "A",
    "start_time": 127.019
  },
  {
    "end_time": 130.382,
    "segment": "Yeah.",
    "speaker_id": "A",
    "start_time": 129.819
  },
  {
    "end_time": 134.618,
    "segment": "Oh, where are the hinges?",
    "speaker_id": "A",
    "start_time": 132.08
  },
  {
    "end_time": 152.032,
    "segment": "'Kay.",
    "speaker_id": "A",
    "start_time": 150.822
  },
  {
    "end_time": 154.032,
    "segment": "You able to look?",
    "speaker_id": "A",
    "start_time": 153.001
  },
  {
    "end_time": 156.016,
    "segment": "Yep.",
    "speaker_id": "A",
    "start_time": 155.536
  },
  {
    "end_time": 195.325,
    "segment": ".",
    "speaker_id": "A",
    "start_time": 193.591
  },
  {
    "end_time": 207.981,
    "segment": "The black and white touch screen wherein people can",
    "speaker_id": "A",
    "start_time": 204.768
  },
  {
    "end_time": 211.612,
    "segment": "Right.",
    "speaker_id": "A",
    "start_time": 210.928
  },
  {
    "end_time": 236.52,
    "segment": "Mm-hmm.",
    "speaker_id": "A",
    "start_time": 235.914
  },
  {
    "end_time": 272.184,
    "segment": "'Kay.",
    "speaker_id": "A",
    "start_time": 271.637
  },
  {
    "end_time": 275.458,
    "segment": "Ah oka",
    "speaker_id": "A",
    "start_time": 274.057
  },
  {
    "end_time": 335.432,
    "segment": "Infrared could be here also. Yeah, here.",
    "speaker_id": "A",
    "start_time": 332.256
  },
  {
    "end_time": 342.051,
    "segment": ". So when it's even if it's open here, the signals would go. Yeah.",
    "speaker_id": "A",
    "start_time": 336.48
  },
  {
    "end_time": 357.424,
    "segment": "This one right here.",
    "speaker_id": "A",
    "start_time": 356.64
  },
  {
    "end_time": 375.858,
    "segment": ".",
    "speaker_id": "A",
    "start_time": 374.192
  },
  {
    "end_time": 399.715,
    "segment": "Which is",
    "speaker_id": "A",
    "start_time": 398.694
  },
  {
    "end_time": 401.419,
    "segment": "No.",
    "speaker_id": "A",
    "start_time": 400.89
  },
  {
    "end_time": 406.008,
    "segment": "Look up to it.",
    "speaker_id": "A",
    "start_time": 404.607
  },
  {
    "end_time": 416.26,
    "segment": "Yay.",
    "speaker_id": "A",
    "start_time": 415.248
  },
  {
    "end_time": 427.619,
    "segment": "So this is the one. Sorry.",
    "speaker_id": "A",
    "start_time": 423.632
  },
  {
    "end_time": 439.584,
    "segment": "Evaluation.",
    "speaker_id": "A",
    "start_time": 438.432
  },
  {
    "end_time": 447.005,
    "segment": ".",
    "speaker_id": "A",
    "start_time": 446.022
  },
  {
    "end_time": 450.416,
    "segment": "Mm um I I think this is chip.",
    "speaker_id": "A",
    "start_time": 448.32
  },
  {
    "end_time": 505.588,
    "segment": "Mm-hmm.",
    "speaker_id": "A",
    "start_time": 504.751
  },
  {
    "end_time": 548.88,
    "segment": "Mm-hmm.",
    "speaker_id": "A",
    "start_time": 548.473
  },
  {
    "end_time": 551.936,
    "segment": "Ah, it's perfect.",
    "speaker_id": "A",
    "start_time": 550.768
  },
  {
    "end_time": 556.241,
    "segment": "Is it everybody is going to evaluate, or just the Market okay.",
    "speaker_id": "A",
    "start_time": 553.344
  },
  {
    "end_time": 563.136,
    "segment": "'Kay.",
    "speaker_id": "A",
    "start_time": 562.554
  },
  {
    "end_time": 602.288,
    "segment": "Yeah, so you can",
    "speaker_id": "A",
    "start_time": 600.557
  },
  {
    "end_time": 640.556,
    "segment": "'Kay.",
    "speaker_id": "A",
    "start_time": 639.7
  },
  {
    "end_time": 655.502,
    "segment": "I would say four. Mm-hmm.",
    "speaker_id": "A",
    "start_time": 653.088
  },
  {
    "end_time": 664.016,
    "segment": "Almost three.",
    "speaker_id": "A",
    "start_time": 663.028
  },
  {
    "end_time": 668.224,
    "segment": "I think yeah.",
    "speaker_id": "A",
    "start_time": 667.472
  },
  {
    "end_time": 704.352,
    "segment": "Oh sorry, I I got it wrong. The first one rating, I'm sorry. Can you just make it two?",
    "speaker_id": "A",
    "start_time": 698.589
  },
  {
    "end_time": 707.878,
    "segment": "The first. Yeah, I I just it the other way.",
    "speaker_id": "A",
    "start_time": 705.243
  },
  {
    "end_time": 709.952,
    "segment": "Uh in",
    "speaker_id": "A",
    "start_time": 708.96
  },
  {
    "end_time": 712.421,
    "segment": "Yep, I just got",
    "speaker_id": "A",
    "start_time": 711.152
  },
  {
    "end_time": 721.439,
    "segment": "two point f",
    "speaker_id": "A",
    "start_time": 720.638
  },
  {
    "end_time": 730.88,
    "segment": "One is a, seven is false, okay.",
    "speaker_id": "A",
    "start_time": 728.619
  },
  {
    "end_time": 732.963,
    "segment": "Two.",
    "speaker_id": "A",
    "start_time": 732.087
  },
  {
    "end_time": 764.128,
    "segment": "Two.",
    "speaker_id": "A",
    "start_time": 763.6
  },
  {
    "end_time": 808.656,
    "segment": "White. With for the plastic? Uh blue.",
    "speaker_id": "A",
    "start_time": 806.192
  },
  {
    "end_time": 816.247,
    "segment": "Any",
    "speaker_id": "A",
    "start_time": 815.436
  },
  {
    "end_time": 821.884,
    "segment": "Right.",
    "speaker_id": "A",
    "start_time": 821.157
  },
  {
    "end_time": 823.447,
    "segment": "Mm-hmm.",
    "speaker_id": "A",
    "start_time": 822.919
  },
  {
    "end_time": 827.718,
    "segment": "Yeah, because you'll be having a",
    "speaker_id": "A",
    "start_time": 825.882
  },
  {
    "end_time": 831.179,
    "segment": "Because of the rubber case.",
    "speaker_id": "A",
    "start_time": 830.032
  },
  {
    "end_time": 843.936,
    "segment": "One.",
    "speaker_id": "A",
    "start_time": 843.28
  },
  {
    "end_time": 846.677,
    "segment": "Mm.",
    "speaker_id": "A",
    "start_time": 846.028
  },
  {
    "end_time": 913.776,
    "segment": "Four.",
    "speaker_id": "A",
    "start_time": 913.008
  },
  {
    "end_time": 937.642,
    "segment": "Voice r recognition.",
    "speaker_id": "A",
    "start_time": 935.938
  },
  {
    "end_time": 1065.384,
    "segment": "Hmm.",
    "speaker_id": "A",
    "start_time": 1064.59
  },
  {
    "end_time": 1080.274,
    "segment": "You want me to b unplug that?",
    "speaker_id": "A",
    "start_time": 1078.471
  },
  {
    "end_time": 1097.92,
    "segment": "That's all. Yes.",
    "speaker_id": "A",
    "start_time": 1096.293
  },
  {
    "end_time": 1111.153,
    "segment": "Okay.",
    "speaker_id": "A",
    "start_time": 1109.949
  },
  {
    "end_time": 1151.048,
    "segment": "Chip on print.",
    "speaker_id": "A",
    "start_time": 1149.801
  },
  {
    "end_time": 1183.975,
    "segment": "Okay.",
    "speaker_id": "A",
    "start_time": 1183.343
  },
  {
    "end_time": 1188.192,
    "segment": "Yep.",
    "speaker_id": "A",
    "start_time": 1187.616
  },
  {
    "end_time": 1192.208,
    "segment": "Single-curved.",
    "speaker_id": "A",
    "start_time": 1190.909
  },
  {
    "end_time": 1194.352,
    "segment": "Two curves, yeah.",
    "speaker_id": "A",
    "start_time": 1193.552
  },
  {
    "end_time": 1203.974,
    "segment": "Single-cu",
    "speaker_id": "A",
    "start_time": 1202.855
  },
  {
    "end_time": 1206.434,
    "segment": ".",
    "speaker_id": "A",
    "start_time": 1205.984
  },
  {
    "end_time": 1208.688,
    "segment": "Plastic and rubber.",
    "speaker_id": "A",
    "start_time": 1207.478
  },
  {
    "end_time": 1224.643,
    "segment": "Yeah. Plastic one and maybe rubber point five.",
    "speaker_id": "A",
    "start_time": 1221.008
  },
  {
    "end_time": 1231.254,
    "segment": "No I think rubber, since it's being used just as a casing, we can put point five.",
    "speaker_id": "A",
    "start_time": 1227.536
  },
  {
    "end_time": 1234.432,
    "segment": "Yeah, because there are",
    "speaker_id": "A",
    "start_time": 1233.472
  },
  {
    "end_time": 1239.062,
    "segment": "I think it allows the point five, yeah. We can use that.",
    "speaker_id": "A",
    "start_time": 1235.472
  },
  {
    "end_time": 1245.6,
    "segment": "It means we are not using a lot of rubber actually. We're using just",
    "speaker_id": "A",
    "start_time": 1242.496
  },
  {
    "end_time": 1249.68,
    "segment": "a very low quantity of rubber compared to plastic.",
    "speaker_id": "A",
    "start_time": 1246.768
  },
  {
    "end_time": 1302.768,
    "segment": "Push-button.",
    "speaker_id": "A",
    "start_time": 1302.096
  },
  {
    "end_time": 1305.403,
    "segment": "One.",
    "speaker_id": "A",
    "start_time": 1304.923
  },
  {
    "end_time": 1307.472,
    "segment": "An",
    "speaker_id": "A",
    "start_time": 1306.834
  },
  {
    "end_time": 1310.112,
    "segment": "One.",
    "speaker_id": "A",
    "start_time": 1309.6
  },
  {
    "end_time": 1376.249,
    "segment": "I think we could change the battery also. Instead of going for kinetic how about going for a standard battery.",
    "speaker_id": "A",
    "start_time": 1371.748
  },
  {
    "end_time": 1392.793,
    "segment": "Uncurved, flat.",
    "speaker_id": "A",
    "start_time": 1391.552
  },
  {
    "end_time": 1399.758,
    "segment": "No, it just surprises one.",
    "speaker_id": "A",
    "start_time": 1397.709
  },
  {
    "end_time": 1407.516,
    "segment": ".",
    "speaker_id": "A",
    "start_time": 1405.422
  },
  {
    "end_time": 1417.965,
    "segment": "I don't think so.",
    "speaker_id": "A",
    "start_time": 1415.679
  },
  {
    "end_time": 1421.34,
    "segment": "Ri I think it's in Euro.",
    "speaker_id": "A",
    "start_time": 1419.856
  },
  {
    "end_time": 1435.253,
    "segment": "And going to a regular bat",
    "speaker_id": "A",
    "start_time": 1433.712
  },
  {
    "end_time": 1437.233,
    "segment": "Yeah.",
    "speaker_id": "A",
    "start_time": 1436.746
  },
  {
    "end_time": 1452.569,
    "segment": "What I feel is, customers never said anything about the battery. It's internal, nobody looks into the battery. But shape and colours, that's something we shouldn't comprimi",
    "speaker_id": "A",
    "start_time": 1443.76
  },
  {
    "end_time": 1460.256,
    "segment": "Where's that special form?",
    "speaker_id": "A",
    "start_time": 1458.608
  },
  {
    "end_time": 1463.318,
    "segment": "Mm mm mm.",
    "speaker_id": "A",
    "start_time": 1461.296
  },
  {
    "end_time": 1500.788,
    "segment": "Mm-hmm.",
    "speaker_id": "A",
    "start_time": 1499.912
  },
  {
    "end_time": 1517.68,
    "segment": "Make it costly.",
    "speaker_id": "A",
    "start_time": 1515.582
  },
  {
    "end_time": 1573.879,
    "segment": "Yeah we are close to the budget.",
    "speaker_id": "A",
    "start_time": 1572.141
  },
  {
    "end_time": 1575.951,
    "segment": "Two five.",
    "speaker_id": "A",
    "start_time": 1574.992
  },
  {
    "end_time": 1589.739,
    "segment": "It's twelve point five maybe, then.",
    "speaker_id": "A",
    "start_time": 1587.566
  },
  {
    "end_time": 1606.474,
    "segment": "I don't know what it said fifty percent of the cost. So half of the price would be",
    "speaker_id": "A",
    "start_time": 1601.424
  },
  {
    "end_time": 1614.248,
    "segment": "I think it is the first one.",
    "speaker_id": "A",
    "start_time": 1612.779
  },
  {
    "end_time": 1626.372,
    "segment": "So we are under the budget.",
    "speaker_id": "A",
    "start_time": 1624.561
  },
  {
    "end_time": 1653.966,
    "segment": "Seems fine.",
    "speaker_id": "A",
    "start_time": 1652.865
  },
  {
    "end_time": 1658.07,
    "segment": "Except voice recognition, everything is",
    "speaker_id": "A",
    "start_time": 1655.776
  },
  {
    "end_time": 1670.241,
    "segment": "Yeah.",
    "speaker_id": "A",
    "start_time": 1669.596
  },
  {
    "end_time": 1680.934,
    "segment": "Mm-hmm.",
    "speaker_id": "A",
    "start_time": 1680.144
  },
  {
    "end_time": 1684.746,
    "segment": "Yeah.",
    "speaker_id": "A",
    "start_time": 1684.24
  },
  {
    "end_time": 1698.24,
    "segment": "I think we had a nice time.",
    "speaker_id": "A",
    "start_time": 1697.008
  },
  {
    "end_time": 1725.813,
    "segment": "Yeah, I think there was uh very constructive feedback by everybody. It's not like people trying to cut each other. There is more of uh true cohesive teamwork. We came to a very predic creative design, yeah.",
    "speaker_id": "A",
    "start_time": 1713.264
  },
  {
    "end_time": 1727.616,
    "segment": "Yeah, and uh",
    "speaker_id": "A",
    "start_time": 1726.704
  },
  {
    "end_time": 1731.408,
    "segment": "Yeah, I think. And Sarah, you coordinated the work very well.",
    "speaker_id": "A",
    "start_time": 1728.896
  },
  {
    "end_time": 1778.903,
    "segment": "Yeah.",
    "speaker_id": "A",
    "start_time": 1778.384
  },
  {
    "end_time": 1799.2,
    "segment": "I think that was the best part of the",
    "speaker_id": "A",
    "start_time": 1795.612
  },
  {
    "end_time": 1813.704,
    "segment": "'Kay.",
    "speaker_id": "A",
    "start_time": 1812.957
  },
  {
    "end_time": 1862.704,
    "segment": "Yeah, moving around the room. But I think it's good, like uh we spent times individually.",
    "speaker_id": "A",
    "start_time": 1854.048
  },
  {
    "end_time": 1897.529,
    "segment": "I never thought of a remote control with a flip top.",
    "speaker_id": "A",
    "start_time": 1894.72
  },
  {
    "end_time": 1912.112,
    "segment": "That's mine.",
    "speaker_id": "A",
    "start_time": 1910.208
  },
  {
    "end_time": 1917.39,
    "segment": "Yeah, it's",
    "speaker_id": "A",
    "start_time": 1916.624
  },
  {
    "end_time": 1920.791,
    "segment": "The thing is",
    "speaker_id": "A",
    "start_time": 1920.016
  },
  {
    "end_time": 1922.624,
    "segment": "Yep, sorry, go on Sarah.",
    "speaker_id": "A",
    "start_time": 1921.728
  },
  {
    "end_time": 2013.027,
    "segment": "Surprising to me is like uh people give a lot of attention to modifying mobile phones, like a real want to see a new launch or something like that. And new f television products coming up, but nobody giving uh much idea to this. Like Sarah was telling, everything's",
    "speaker_id": "A",
    "start_time": 1996.784
  },
  {
    "end_time": 2016.22,
    "segment": "Right.",
    "speaker_id": "A",
    "start_time": 2015.597
  },
  {
    "end_time": 2040.649,
    "segment": "Mm-hmm.",
    "speaker_id": "A",
    "start_time": 2039.889
  },
  {
    "end_time": 2107.135,
    "segment": "Maybe fifty percent more.",
    "speaker_id": "A",
    "start_time": 2105.568
  },
  {
    "end_time": 2133.156,
    "segment": "Yeah.",
    "speaker_id": "A",
    "start_time": 2132.352
  },
  {
    "end_time": 2137.555,
    "segment": "Who knows?",
    "speaker_id": "A",
    "start_time": 2136.248
  },
  {
    "end_time": 2147.018,
    "segment": "Yeah.",
    "speaker_id": "A",
    "start_time": 2146.42
  },
  {
    "end_time": 2152.84,
    "segment": "There's a final questionnaire.",
    "speaker_id": "A",
    "start_time": 2151.303
  },
  {
    "end_time": 2169.62,
    "segment": "Celebration, you didn't talk about that.",
    "speaker_id": "A",
    "start_time": 2167.488
  },
  {
    "end_time": 2220.496,
    "segment": "Yeah.",
    "speaker_id": "A",
    "start_time": 2219.984
  },
  {
    "end_time": 6.896,
    "segment": "If you leave them on the whole time you get to look like a noodle the whole time.",
    "speaker_id": "B",
    "start_time": 3.434
  },
  {
    "end_time": 20.906,
    "segment": "Is that.",
    "speaker_id": "B",
    "start_time": 19.787
  },
  {
    "end_time": 25.296,
    "segment": "three, apparently.",
    "speaker_id": "B",
    "start_time": 23.936
  },
  {
    "end_time": 28.704,
    "segment": "Okay, you all switched on.",
    "speaker_id": "B",
    "start_time": 27.36
  },
  {
    "end_time": 35.568,
    "segment": "I presume we're good to go. Okay, um",
    "speaker_id": "B",
    "start_time": 32.704
  },
  {
    "end_time": 39.648,
    "segment": "minutes um we decided to use a kinetic charger,",
    "speaker_id": "B",
    "start_time": 36.576
  },
  {
    "end_time": 45.68,
    "segment": "standard chip, um 'cause it can come in various different sizes, it wasn't uh",
    "speaker_id": "B",
    "start_time": 40.912
  },
  {
    "end_time": 82.544,
    "segment": "uh gonna be a problem factor. We wanted a stand-by function. The case material is gonna be soft, rubbery, changeable. Um buttons with a combination of L_C_D_ and rubber according to the design. Um bright funky designs inspired by fruit, keeping with the hip kind of feel. Um and to try and incorporate voice recognition software into our design until we can find out more about the cost of things like that. Um and the rubber buttons that we'll use will be anti-R_S_I_. Okay?",
    "speaker_id": "B",
    "start_time": 47.072
  },
  {
    "end_time": 90.336,
    "segment": "Prototype presentation.",
    "speaker_id": "B",
    "start_time": 88.56
  },
  {
    "end_time": 93.888,
    "segment": "I think that would be you.",
    "speaker_id": "B",
    "start_time": 92.576
  },
  {
    "end_time": 105.86,
    "segment": "Make sure the camera's",
    "speaker_id": "B",
    "start_time": 103.232
  },
  {
    "end_time": 111.034,
    "segment": "Yes, yes you can. Wait a second, I'll get it out.",
    "speaker_id": "B",
    "start_time": 108.992
  },
  {
    "end_time": 116.56,
    "segment": "Um",
    "speaker_id": "B",
    "start_time": 116.032
  },
  {
    "end_time": 119.826,
    "segment": "Okay.",
    "speaker_id": "B",
    "start_time": 118.715
  },
  {
    "end_time": 131.632,
    "segment": "You should have one of those things and you can just take it off. Ta-da.",
    "speaker_id": "B",
    "start_time": 125.376
  },
  {
    "end_time": 139.9,
    "segment": "Right.",
    "speaker_id": "B",
    "start_time": 139.226
  },
  {
    "end_time": 142.246,
    "segment": "Mm 'kay.",
    "speaker_id": "B",
    "start_time": 141.581
  },
  {
    "end_time": 168.82,
    "segment": "Mm-hmm.",
    "speaker_id": "B",
    "start_time": 168.154
  },
  {
    "end_time": 178.496,
    "segment": "Okay.",
    "speaker_id": "B",
    "start_time": 178.08
  },
  {
    "end_time": 210.673,
    "segment": "Mm. So it's flush.",
    "speaker_id": "B",
    "start_time": 209.027
  },
  {
    "end_time": 216.048,
    "segment": "Oh right, okay, yeah.",
    "speaker_id": "B",
    "start_time": 214.864
  },
  {
    "end_time": 238.8,
    "segment": "So put it in the top section rather than the bottom sections, 'cause it's the top part that's okay.",
    "speaker_id": "B",
    "start_time": 233.088
  },
  {
    "end_time": 273.654,
    "segment": "Okay. I'm under the sofa.",
    "speaker_id": "B",
    "start_time": 271.056
  },
  {
    "end_time": 276.391,
    "segment": "Or, that would be too complicated.",
    "speaker_id": "B",
    "start_time": 274.608
  },
  {
    "end_time": 292.923,
    "segment": "Infrared.",
    "speaker_id": "B",
    "start_time": 291.086
  },
  {
    "end_time": 330.09,
    "segment": "Like here.",
    "speaker_id": "B",
    "start_time": 329.044
  },
  {
    "end_time": 338.608,
    "segment": "Okay. Actually, no, it would be it would have to be on the on the front. Oh right, yeah, okay, yeah, I've got you.",
    "speaker_id": "B",
    "start_time": 332.064
  },
  {
    "end_time": 341.572,
    "segment": "It's still pointing, yes.",
    "speaker_id": "B",
    "start_time": 339.761
  },
  {
    "end_time": 343.472,
    "segment": "Yeah, that would make sense.",
    "speaker_id": "B",
    "start_time": 342.267
  },
  {
    "end_time": 375.744,
    "segment": "Okay.",
    "speaker_id": "B",
    "start_time": 375.264
  },
  {
    "end_time": 403.037,
    "segment": "But not interfering with the outside kind of look of the product once it's",
    "speaker_id": "B",
    "start_time": 399.024
  },
  {
    "end_time": 406.018,
    "segment": "Okay.",
    "speaker_id": "B",
    "start_time": 405.42
  },
  {
    "end_time": 415.136,
    "segment": "Thank you very much.",
    "speaker_id": "B",
    "start_time": 413.408
  },
  {
    "end_time": 422.08,
    "segment": "Wrapping it all up, okay. Um I've now got evaluation criteria.",
    "speaker_id": "B",
    "start_time": 416.512
  },
  {
    "end_time": 432.332,
    "segment": "It's to be presented. Okay.",
    "speaker_id": "B",
    "start_time": 426.977
  },
  {
    "end_time": 454.208,
    "segment": "It's quite similar to what it was before, though.",
    "speaker_id": "B",
    "start_time": 451.888
  },
  {
    "end_time": 455.664,
    "segment": "Sorry.",
    "speaker_id": "B",
    "start_time": 455.36
  },
  {
    "end_time": 558.773,
    "segment": "Mm-hmm.",
    "speaker_id": "B",
    "start_time": 557.917
  },
  {
    "end_time": 562.24,
    "segment": "Okay.",
    "speaker_id": "B",
    "start_time": 561.84
  },
  {
    "end_time": 585.392,
    "segment": "Just write small.",
    "speaker_id": "B",
    "start_time": 582.976
  },
  {
    "end_time": 602.311,
    "segment": "Yeah. That works.",
    "speaker_id": "B",
    "start_time": 600.752
  },
  {
    "end_time": 608.494,
    "segment": "Mm-hmm.",
    "speaker_id": "B",
    "start_time": 607.814
  },
  {
    "end_time": 637.712,
    "segment": "I would agree.",
    "speaker_id": "B",
    "start_time": 636.928
  },
  {
    "end_time": 639.824,
    "segment": "Okay.",
    "speaker_id": "B",
    "start_time": 639.472
  },
  {
    "end_time": 650.08,
    "segment": "I would say two.",
    "speaker_id": "B",
    "start_time": 649.488
  },
  {
    "end_time": 696.784,
    "segment": "A two.",
    "speaker_id": "B",
    "start_time": 696.0
  },
  {
    "end_time": 722.896,
    "segment": "It's just two point five for that one.",
    "speaker_id": "B",
    "start_time": 720.644
  },
  {
    "end_time": 761.632,
    "segment": "I would say a two. I would say a two.",
    "speaker_id": "B",
    "start_time": 758.512
  },
  {
    "end_time": 775.664,
    "segment": "One point seven f five. Okay, mm-hmm.",
    "speaker_id": "B",
    "start_time": 772.415
  },
  {
    "end_time": 823.057,
    "segment": "Mm-hmm.",
    "speaker_id": "B",
    "start_time": 822.364
  },
  {
    "end_time": 840.85,
    "segment": "One.",
    "speaker_id": "B",
    "start_time": 840.448
  },
  {
    "end_time": 879.6,
    "segment": "Well the type of button that we're gonna use in the bottom half, the material, minimises R_S_I_ it's meant to. Um",
    "speaker_id": "B",
    "start_time": 871.344
  },
  {
    "end_time": 892.352,
    "segment": "maybe because it's slightl with the size that we've got it's quite small, but with the amount of stuff we're putting on it isn't that much. So maybe because there's more space, it's not kind of moving around trying to",
    "speaker_id": "B",
    "start_time": 881.888
  },
  {
    "end_time": 899.632,
    "segment": "hit accurately the buttons in between. It's quite obvious just big buttons. Um",
    "speaker_id": "B",
    "start_time": 893.109
  },
  {
    "end_time": 912.13,
    "segment": "Four.",
    "speaker_id": "B",
    "start_time": 911.481
  },
  {
    "end_time": 959.294,
    "segment": "A standard.",
    "speaker_id": "B",
    "start_time": 957.909
  },
  {
    "end_time": 962.176,
    "segment": "It would be.",
    "speaker_id": "B",
    "start_time": 961.456
  },
  {
    "end_time": 968.48,
    "segment": "And if you didn't hear it in the room that you were standing in, then you'd realise that it wasn't in that room, you'd go into another room.",
    "speaker_id": "B",
    "start_time": 963.808
  },
  {
    "end_time": 974.148,
    "segment": "One.",
    "speaker_id": "B",
    "start_time": 973.712
  },
  {
    "end_time": 1022.24,
    "segment": "I don't think so.",
    "speaker_id": "B",
    "start_time": 1021.376
  },
  {
    "end_time": 1026.304,
    "segment": "I think we yeah. I think we're set.",
    "speaker_id": "B",
    "start_time": 1024.288
  },
  {
    "end_time": 1040.4,
    "segment": "Do much apart from having a huge big",
    "speaker_id": "B",
    "start_time": 1037.804
  },
  {
    "end_time": 1050.848,
    "segment": "Don't think so.",
    "speaker_id": "B",
    "start_time": 1050.176
  },
  {
    "end_time": 1055.696,
    "segment": "Okay, thank you.",
    "speaker_id": "B",
    "start_time": 1054.34
  },
  {
    "end_time": 1070.624,
    "segment": "Okay, I've got finance here now. I'm gonna plug this in so you can all see it, if that's okay.",
    "speaker_id": "B",
    "start_time": 1063.83
  },
  {
    "end_time": 1072.813,
    "segment": "Um.",
    "speaker_id": "B",
    "start_time": 1071.984
  },
  {
    "end_time": 1099.066,
    "segment": "Thanks.",
    "speaker_id": "B",
    "start_time": 1098.192
  },
  {
    "end_time": 1109.806,
    "segment": "Right.",
    "speaker_id": "B",
    "start_time": 1108.864
  },
  {
    "end_time": 1113.808,
    "segment": "Now I presume",
    "speaker_id": "B",
    "start_time": 1112.08
  },
  {
    "end_time": 1116.814,
    "segment": "that the screen will go blank,",
    "speaker_id": "B",
    "start_time": 1115.536
  },
  {
    "end_time": 1119.632,
    "segment": "that um",
    "speaker_id": "B",
    "start_time": 1117.888
  },
  {
    "end_time": 1135.024,
    "segment": "Okay. We just type numbers into this and we come out with the final value. So are we still on for kinetic?",
    "speaker_id": "B",
    "start_time": 1125.984
  },
  {
    "end_time": 1142.208,
    "segment": "Okay. See, it woulda been handy to have this at the beginning. Um it might have influenced our choice.",
    "speaker_id": "B",
    "start_time": 1135.873
  },
  {
    "end_time": 1147.92,
    "segment": "Right, what's happening with the electronics?",
    "speaker_id": "B",
    "start_time": 1145.008
  },
  {
    "end_time": 1159.028,
    "segment": "Double-curved.",
    "speaker_id": "B",
    "start_time": 1157.888
  },
  {
    "end_time": 1171.248,
    "segment": "Oh, right, okay.",
    "speaker_id": "B",
    "start_time": 1169.616
  },
  {
    "end_time": 1173.122,
    "segment": "Thanks.",
    "speaker_id": "B",
    "start_time": 1172.294
  },
  {
    "end_time": 1176.32,
    "segment": "So, would there be two?",
    "speaker_id": "B",
    "start_time": 1175.184
  },
  {
    "end_time": 1180.368,
    "segment": "One chip.",
    "speaker_id": "B",
    "start_time": 1179.712
  },
  {
    "end_time": 1184.416,
    "segment": "Okay.",
    "speaker_id": "B",
    "start_time": 1183.792
  },
  {
    "end_time": 1192.325,
    "segment": "One double curve.",
    "speaker_id": "B",
    "start_time": 1191.28
  },
  {
    "end_time": 1199.006,
    "segment": "So what's a single curve then?",
    "speaker_id": "B",
    "start_time": 1197.28
  },
  {
    "end_time": 1204.382,
    "segment": "So just one double",
    "speaker_id": "B",
    "start_time": 1202.864
  },
  {
    "end_time": 1207.822,
    "segment": "Yeah. Um",
    "speaker_id": "B",
    "start_time": 1205.456
  },
  {
    "end_time": 1214.24,
    "segment": "Mm.",
    "speaker_id": "B",
    "start_time": 1213.824
  },
  {
    "end_time": 1220.4,
    "segment": "Um we've got plastic and rubber, haven't we?",
    "speaker_id": "B",
    "start_time": 1216.448
  },
  {
    "end_time": 1225.458,
    "segment": ".",
    "speaker_id": "B",
    "start_time": 1223.761
  },
  {
    "end_time": 1228.176,
    "segment": "Um",
    "speaker_id": "B",
    "start_time": 1227.536
  },
  {
    "end_time": 1233.36,
    "segment": "Do you think?",
    "speaker_id": "B",
    "start_time": 1232.88
  },
  {
    "end_time": 1239.76,
    "segment": "Okay.",
    "speaker_id": "B",
    "start_time": 1239.296
  },
  {
    "end_time": 1246.48,
    "segment": "It would be like saying we're using",
    "speaker_id": "B",
    "start_time": 1244.816
  },
  {
    "end_time": 1252.656,
    "segment": "See, it says case material.",
    "speaker_id": "B",
    "start_time": 1250.48
  },
  {
    "end_time": 1260.112,
    "segment": "So we're not actually using plastic in the case, are we? It's including, it's including.",
    "speaker_id": "B",
    "start_time": 1253.84
  },
  {
    "end_time": 1281.28,
    "segment": "Okay, we'll just put it in as we'll put in as half.",
    "speaker_id": "B",
    "start_time": 1278.352
  },
  {
    "end_time": 1286.4,
    "segment": "Or sh we should just put it in as one, because the plastic is zero anyway.",
    "speaker_id": "B",
    "start_time": 1283.472
  },
  {
    "end_time": 1294.193,
    "segment": "No, we don't step on anyone's toes. Okay, special colour, do we need that?",
    "speaker_id": "B",
    "start_time": 1289.344
  },
  {
    "end_time": 1297.969,
    "segment": "N yeah, okay.",
    "speaker_id": "B",
    "start_time": 1296.4
  },
  {
    "end_time": 1301.568,
    "segment": "Interface.",
    "speaker_id": "B",
    "start_time": 1300.336
  },
  {
    "end_time": 1312.183,
    "segment": "Buttons",
    "speaker_id": "B",
    "start_time": 1311.764
  },
  {
    "end_time": 1386.836,
    "segment": "Has that not gone up? Oh no, it was seven five it's changed not a lot.",
    "speaker_id": "B",
    "start_time": 1381.778
  },
  {
    "end_time": 1400.651,
    "segment": "Oh, it's not calculated it.",
    "speaker_id": "B",
    "start_time": 1398.608
  },
  {
    "end_time": 1403.584,
    "segment": "Okay, there we go.",
    "speaker_id": "B",
    "start_time": 1402.784
  },
  {
    "end_time": 1406.448,
    "segment": "It's not a lot though.",
    "speaker_id": "B",
    "start_time": 1404.345
  },
  {
    "end_time": 1419.569,
    "segment": "We haven't been dealin we haven't been dealing with dollars though, I think",
    "speaker_id": "B",
    "start_time": 1416.064
  },
  {
    "end_time": 1424.032,
    "segment": "Okay, so the highest we've got is the electronics here.",
    "speaker_id": "B",
    "start_time": 1421.104
  },
  {
    "end_time": 1426.048,
    "segment": "Um",
    "speaker_id": "B",
    "start_time": 1425.392
  },
  {
    "end_time": 1429.488,
    "segment": "and the interface.",
    "speaker_id": "B",
    "start_time": 1427.236
  },
  {
    "end_time": 1463.536,
    "segment": "Where's the",
    "speaker_id": "B",
    "start_time": 1462.944
  },
  {
    "end_time": 1465.712,
    "segment": "where's the voice recognition?",
    "speaker_id": "B",
    "start_time": 1464.343
  },
  {
    "end_time": 1469.6,
    "segment": "Right, okay.",
    "speaker_id": "B",
    "start_time": 1468.624
  },
  {
    "end_time": 1476.448,
    "segment": "Well the kinetic is three. If we change it to the battery it's that's minus three.",
    "speaker_id": "B",
    "start_time": 1472.096
  },
  {
    "end_time": 1482.659,
    "segment": "Oh, right. I keep seeing zero.",
    "speaker_id": "B",
    "start_time": 1480.208
  },
  {
    "end_time": 1484.32,
    "segment": "Um",
    "speaker_id": "B",
    "start_time": 1483.376
  },
  {
    "end_time": 1502.304,
    "segment": "We can do it some other way, we can do it doesn't have to be voice recognition. We could do the voice recognition for, you know, business class or something, you know, like an upgraded version. You could choose to have that or not.",
    "speaker_id": "B",
    "start_time": 1488.688
  },
  {
    "end_time": 1516.853,
    "segment": "So should we just change the design specification then?",
    "speaker_id": "B",
    "start_time": 1513.046
  },
  {
    "end_time": 1518.389,
    "segment": "Yes.",
    "speaker_id": "B",
    "start_time": 1517.888
  },
  {
    "end_time": 1527.333,
    "segment": "Mm-hmm.",
    "speaker_id": "B",
    "start_time": 1526.655
  },
  {
    "end_time": 1530.578,
    "segment": "Mm-hmm.",
    "speaker_id": "B",
    "start_time": 1530.004
  },
  {
    "end_time": 1546.096,
    "segment": "Okay, we can",
    "speaker_id": "B",
    "start_time": 1544.912
  },
  {
    "end_time": 1564.672,
    "segment": "make the price fit, and then say if we'd had our budget, we would've had this, because it also sets it apart from the crowd. They like their gadgets, they like something that's completely different. It's s something completely different associated with your company. Right, okay, so",
    "speaker_id": "B",
    "start_time": 1547.456
  },
  {
    "end_time": 1579.104,
    "segment": "It's two point five. No, it's twelve point two five.",
    "speaker_id": "B",
    "start_time": 1575.017
  },
  {
    "end_time": 1584.932,
    "segment": "Yeah well two, twelve point two five times two is",
    "speaker_id": "B",
    "start_time": 1581.695
  },
  {
    "end_time": 1588.412,
    "segment": "twenty five, isn't it?",
    "speaker_id": "B",
    "start_time": 1586.672
  },
  {
    "end_time": 1608.768,
    "segment": "I think the agenda one was where the um price was, wasn't it? No.",
    "speaker_id": "B",
    "start_time": 1604.636
  },
  {
    "end_time": 1623.548,
    "segment": "Twelve point five.",
    "speaker_id": "B",
    "start_time": 1622.506
  },
  {
    "end_time": 1627.232,
    "segment": "Well done, people.",
    "speaker_id": "B",
    "start_time": 1626.432
  },
  {
    "end_time": 1637.312,
    "segment": "So is that uh got us covered for the electronics then? We don't need something else to take that place? Okay.",
    "speaker_id": "B",
    "start_time": 1630.763
  },
  {
    "end_time": 1645.621,
    "segment": "Okay.",
    "speaker_id": "B",
    "start_time": 1644.706
  },
  {
    "end_time": 1659.32,
    "segment": "Right, so we've done that.",
    "speaker_id": "B",
    "start_time": 1657.312
  },
  {
    "end_time": 1665.904,
    "segment": "Okay. Product evaluation.",
    "speaker_id": "B",
    "start_time": 1662.0
  },
  {
    "end_time": 1675.776,
    "segment": "We've done room for creativity, haven't we? Because we've got decisions that we would have made that we weren't didn't feel able to make. Um",
    "speaker_id": "B",
    "start_time": 1666.896
  },
  {
    "end_time": 1680.0,
    "segment": "I presume we discussed leadership and teamwork.",
    "speaker_id": "B",
    "start_time": 1677.328
  },
  {
    "end_time": 1687.6,
    "segment": "um in the sense that",
    "speaker_id": "B",
    "start_time": 1685.344
  },
  {
    "end_time": 1698.096,
    "segment": "um did you feel like a team? Or did you feel like uh autonomy?",
    "speaker_id": "B",
    "start_time": 1689.056
  },
  {
    "end_time": 1712.35,
    "segment": "Mm-hmm.",
    "speaker_id": "B",
    "start_time": 1711.552
  },
  {
    "end_time": 1734.608,
    "segment": "Thank you. How did you find it?",
    "speaker_id": "B",
    "start_time": 1731.824
  },
  {
    "end_time": 1753.664,
    "segment": "Yeah.",
    "speaker_id": "B",
    "start_time": 1753.152
  },
  {
    "end_time": 1788.96,
    "segment": "Yeah. I liked the fact that we could say an idea and it'd be suggested that that wasn't the best idea, but no one felt like shot down, you know, y it didn't matter it saying what you thought, because if it wasn't something that was that relevant, then it didn't matter, 'cause it was just another idea in the field. I like that. Um",
    "speaker_id": "B",
    "start_time": 1766.944
  },
  {
    "end_time": 1794.896,
    "segment": "teamwork. Well you two created that wonderful specimen of a Play-Doh model.",
    "speaker_id": "B",
    "start_time": 1790.0
  },
  {
    "end_time": 1806.0,
    "segment": "Um uh I'm still not caught up. But that's nothing to do with the teamwork at all. Um",
    "speaker_id": "B",
    "start_time": 1795.936
  },
  {
    "end_time": 1810.78,
    "segment": "Maybe.",
    "speaker_id": "B",
    "start_time": 1809.984
  },
  {
    "end_time": 1821.69,
    "segment": "No, that was quite fun. Um means, whiteboard, digital pens, etcetera, what does that mean? Any ideas?",
    "speaker_id": "B",
    "start_time": 1814.416
  },
  {
    "end_time": 1836.679,
    "segment": "Had time to kind of",
    "speaker_id": "B",
    "start_time": 1835.398
  },
  {
    "end_time": 1849.904,
    "segment": "Yeah, 'cause we could just sort of say, sorry what did you say about that or what do you think about that, rather than having to email it, yeah. But it was nice having it there.",
    "speaker_id": "B",
    "start_time": 1841.488
  },
  {
    "end_time": 1853.536,
    "segment": "Um like the whole picture of the thing.",
    "speaker_id": "B",
    "start_time": 1850.944
  },
  {
    "end_time": 1902.966,
    "segment": "Yeah, I think it's new ideas in general, rather than",
    "speaker_id": "B",
    "start_time": 1899.856
  },
  {
    "end_time": 1907.519,
    "segment": "Mm.",
    "speaker_id": "B",
    "start_time": 1906.944
  },
  {
    "end_time": 1919.111,
    "segment": "Yeah, no. Well they have to come from somewhere, don't they?",
    "speaker_id": "B",
    "start_time": 1915.728
  },
  {
    "end_time": 1942.471,
    "segment": "And as sh as w sorry, you go. Um as was shown by your presentation with all of the other controls, remote controls, no one's thought about it particularly. I mean they're slightly different, so if someone's been shut in the room and said make ours a bit different from everyone else's, 'cause it's w something we should think about, but obviously no one's put any great deal of thought into it.",
    "speaker_id": "B",
    "start_time": 1920.176
  },
  {
    "end_time": 1954.272,
    "segment": "Mm.",
    "speaker_id": "B",
    "start_time": 1953.856
  },
  {
    "end_time": 1995.721,
    "segment": "But then when it everything is really smart, and you've just got this big chunk of black thing sitting on your coffee table, it doesn't go, I mean if you could have something that's a proper funky thing, a funky item that's individual, individual to you, I mean they could even go into um you go in with an idea and they design it on Photoshop and then they just get it printed on the plastic, you would pray you would pay a lot extra, because it's individually being a plastic was being made for you. But people could have anything that they wanted.",
    "speaker_id": "B",
    "start_time": 1961.744
  },
  {
    "end_time": 1998.048,
    "segment": "Because of the produ",
    "speaker_id": "B",
    "start_time": 1997.104
  },
  {
    "end_time": 2002.336,
    "segment": "Mm.",
    "speaker_id": "B",
    "start_time": 2001.968
  },
  {
    "end_time": 2031.967,
    "segment": "Yes.",
    "speaker_id": "B",
    "start_time": 2031.152
  },
  {
    "end_time": 2035.201,
    "segment": "Yeah.",
    "speaker_id": "B",
    "start_time": 2034.495
  },
  {
    "end_time": 2046.032,
    "segment": "Well, it's innovation for money's sake. The the people have to keep buying. Yeah.",
    "speaker_id": "B",
    "start_time": 2039.712
  },
  {
    "end_time": 2056.464,
    "segment": "And you can't get you've got your handset that works fine, but you can't get the battery anymore for that type of phone, because the phones have moved on, things like that. Yes.",
    "speaker_id": "B",
    "start_time": 2047.942
  },
  {
    "end_time": 2059.584,
    "segment": "It's madness. Um",
    "speaker_id": "B",
    "start_time": 2057.76
  },
  {
    "end_time": 2063.616,
    "segment": "In closing",
    "speaker_id": "B",
    "start_time": 2062.224
  },
  {
    "end_time": 2077.552,
    "segment": "There we go. Um our costs are below budget with recommendations that they the budget be increased, but I think I don't know, d what do you think? Do you think that's takes into account um",
    "speaker_id": "B",
    "start_time": 2064.51
  },
  {
    "end_time": 2080.744,
    "segment": "overheads",
    "speaker_id": "B",
    "start_time": 2079.952
  },
  {
    "end_time": 2090.042,
    "segment": "like us being well paid kind of a thing? And the heating for the building, do you think our budget includes everything, all the costs that are going out?",
    "speaker_id": "B",
    "start_time": 2081.536
  },
  {
    "end_time": 2108.811,
    "segment": "So it looks well it looks like it's gonna be fifty percent profit, you've still got all of the overheads to come out of that. So maybe increasing it, you would also have to increase the price that it's sold at. But I think but you were saying that that's quite",
    "speaker_id": "B",
    "start_time": 2093.1
  },
  {
    "end_time": 2113.277,
    "segment": "Hmm.",
    "speaker_id": "B",
    "start_time": 2112.401
  },
  {
    "end_time": 2120.912,
    "segment": "Yeah.",
    "speaker_id": "B",
    "start_time": 2120.576
  },
  {
    "end_time": 2126.4,
    "segment": "Mm.",
    "speaker_id": "B",
    "start_time": 2126.016
  },
  {
    "end_time": 2130.08,
    "segment": "Yeah.",
    "speaker_id": "B",
    "start_time": 2129.488
  },
  {
    "end_time": 2139.872,
    "segment": "It's a shame it won't ever get made. Maybe it will. Maybe someone'll r run down and patent it.",
    "speaker_id": "B",
    "start_time": 2133.152
  },
  {
    "end_time": 2164.704,
    "segment": "Um the project has been evaluated well and truly. Um and we've got the meeting survey and questionnaire. Oh, so we've got about fifty minutes to catch up with everything that I fell behind with, so I'll be delegating in my um role as Project Supervisor, so good luck.",
    "speaker_id": "B",
    "start_time": 2142.688
  },
  {
    "end_time": 2172.08,
    "segment": "I think the celebration is the twenty five pounds.",
    "speaker_id": "B",
    "start_time": 2169.52
  },
  {
    "end_time": 2174.672,
    "segment": "Either that or we'll be dancing on the desks.",
    "speaker_id": "B",
    "start_time": 2172.83
  },
  {
    "end_time": 2177.025,
    "segment": "Oh.",
    "speaker_id": "B",
    "start_time": 2176.555
  },
  {
    "end_time": 2186.896,
    "segment": "Um yeah, just the last, I think.",
    "speaker_id": "B",
    "start_time": 2184.768
  },
  {
    "end_time": 2195.056,
    "segment": "I think I've got minutes for two of the meeting and the",
    "speaker_id": "B",
    "start_time": 2191.812
  },
  {
    "end_time": 2197.088,
    "segment": "last thingy.",
    "speaker_id": "B",
    "start_time": 2196.176
  },
  {
    "end_time": 2222.288,
    "segment": "I just got con",
    "speaker_id": "B",
    "start_time": 2221.664
  },
  {
    "end_time": 92.656,
    "segment": "Is that for us?",
    "speaker_id": "C",
    "start_time": 90.836
  },
  {
    "end_time": 94.736,
    "segment": "Okay.",
    "speaker_id": "C",
    "start_time": 93.824
  },
  {
    "end_time": 109.822,
    "segment": "Yeah, shall I show? I'll show. Though do you do you wanna do you wanna sh do you wanna hold it and I'll I'll show you the presentation. Can I just nick your",
    "speaker_id": "C",
    "start_time": 98.896
  },
  {
    "end_time": 115.44,
    "segment": "Whoa.",
    "speaker_id": "C",
    "start_time": 114.608
  },
  {
    "end_time": 117.936,
    "segment": "Going a bit crazy over here.",
    "speaker_id": "C",
    "start_time": 116.528
  },
  {
    "end_time": 121.57,
    "segment": "Thank you.",
    "speaker_id": "C",
    "start_time": 120.024
  },
  {
    "end_time": 151.687,
    "segment": "Okay, so this is our look and feel presentation, the final our final presentation. And we'll first look at the exterior of what we've uh come up with over there. Um",
    "speaker_id": "C",
    "start_time": 137.776
  },
  {
    "end_time": 202.624,
    "segment": "It's gonna have a a plastic body um with a sort of standard colour, either we're thinking some something fairly neutral like a a white or a light blue or something. This is underneath the rubberised the rubberised uh outer casing um which there'd be sort of a wide choice they would be attached, but we can we can come up with that. Um the um wide choice of colours and sort of patterns, so you've got you've got a lot of customisation with it. Um it's obviously an a sort of clam-shell design and uh the um the top L_C_D_ screen that you can see that would b would be sort of um",
    "speaker_id": "C",
    "start_time": 152.752
  },
  {
    "end_time": 234.227,
    "segment": "how do you say, it's yeah yeah, it would be sort of inset into the into the top and the buttons at the bottom would d so so it'll fully close flat. Yeah, yeah. And working on the inside we've um already said d decided on the kinetic batteries, which actually, thinking about it now, could y could also probably attach to the flipping open and shut as well, so that you could probably get a bit of",
    "speaker_id": "C",
    "start_time": 203.712
  },
  {
    "end_time": 257.872,
    "segment": "Yeah. Yeah. Um we decided that um the voice recognition system, it did actually say on the email that they were sort of coming in and they were fairly easy to get a-hold of, so we presumed that they'd also be quite cheap. So you'd have something like where you'd shout out, where where is the remote and",
    "speaker_id": "C",
    "start_time": 235.472
  },
  {
    "end_time": 261.548,
    "segment": "it'll shout back, I'm here, or something.",
    "speaker_id": "C",
    "start_time": 259.088
  },
  {
    "end_time": 318.512,
    "segment": "And then yeah. It wo it won't shout out I'm here or something. It'll just shout out I'm here, or something to similar effect. Uh yeah, if it was going like I d well tha that could be something for next time, maybe. You can have a remote that tells you exactly where it is. Um the standard, there's be a standard transmission with the T_V_ using using all the standard chips that we've talked about. Um it would it would have obviously 'cause it's split over two two different layers, it would need two separate P_C_B_s, so it would be joined at the hinge through some sort of cabling. And uh because, obviously, all T_V_s use this, the same infrared medium, we'd just be using using the same thing to transmit the data. And the infrared",
    "speaker_id": "C",
    "start_time": 263.456
  },
  {
    "end_time": 329.764,
    "segment": "um sender would be on the on one of the bot the bottom layer, just at the front of the we haven't I don't think we actually put it on.",
    "speaker_id": "C",
    "start_time": 319.856
  },
  {
    "end_time": 332.144,
    "segment": "Yeah, yeah, something like that.",
    "speaker_id": "C",
    "start_time": 330.784
  },
  {
    "end_time": 336.544,
    "segment": "Yeah, on the front on the front side of that, yeah.",
    "speaker_id": "C",
    "start_time": 334.176
  },
  {
    "end_time": 358.192,
    "segment": "So when you've actually got it open, it would be facing the T_V_. And then finally um on to the interface. The top screen, as we said, is would be an inset um black and white L_C_D_ s touch screen which yeah would",
    "speaker_id": "C",
    "start_time": 339.856
  },
  {
    "end_time": 391.008,
    "segment": "uh have all of all of the the available functions for for the remote on it, uh whereas the bot the bottom screen would just contain the standard buttons, like the vo volume up and down, channel up and down, power on and off, and uh things to that effect. And now we've we also decided on the inside, we could possibly either have um some some kind of sort of bezzled",
    "speaker_id": "C",
    "start_time": 359.28
  },
  {
    "end_time": 398.24,
    "segment": "uh logo on it, or something inset, or maybe an engraving of the logo on the top.",
    "speaker_id": "C",
    "start_time": 392.32
  },
  {
    "end_time": 417.454,
    "segment": "No d not not actually. No, not uh interfering with l the whole look of the the product when it's uh on the thing. And finally that's how we put the fashion back into electronics, as that is that's the company logo.",
    "speaker_id": "C",
    "start_time": 400.016
  },
  {
    "end_time": 431.296,
    "segment": "There you go..",
    "speaker_id": "C",
    "start_time": 428.497
  },
  {
    "end_time": 544.72,
    "segment": "Yeah.",
    "speaker_id": "C",
    "start_time": 543.76
  },
  {
    "end_time": 602.109,
    "segment": "Yeah, okay.",
    "speaker_id": "C",
    "start_time": 600.827
  },
  {
    "end_time": 608.365,
    "segment": "Yeah.",
    "speaker_id": "C",
    "start_time": 607.664
  },
  {
    "end_time": 647.06,
    "segment": "Yeah, I'd uh yeah I'd probably put it uh two yeah, two or three. No, three. Three.",
    "speaker_id": "C",
    "start_time": 638.682
  },
  {
    "end_time": 663.935,
    "segment": "Mm yeah.",
    "speaker_id": "C",
    "start_time": 662.38
  },
  {
    "end_time": 669.6,
    "segment": "Yeah, yeah.",
    "speaker_id": "C",
    "start_time": 668.368
  },
  {
    "end_time": 687.859,
    "segment": "I'd give it a one.",
    "speaker_id": "C",
    "start_time": 686.368
  },
  {
    "end_time": 691.808,
    "segment": "No, no, not at all.",
    "speaker_id": "C",
    "start_time": 689.957
  },
  {
    "end_time": 723.815,
    "segment": "Yeah.",
    "speaker_id": "C",
    "start_time": 723.029
  },
  {
    "end_time": 738.784,
    "segment": "Two.",
    "speaker_id": "C",
    "start_time": 738.384
  },
  {
    "end_time": 753.837,
    "segment": "Two.",
    "speaker_id": "C",
    "start_time": 753.017
  },
  {
    "end_time": 774.512,
    "segment": "Yeah.",
    "speaker_id": "C",
    "start_time": 774.128
  },
  {
    "end_time": 780.496,
    "segment": "D_.",
    "speaker_id": "C",
    "start_time": 779.744
  },
  {
    "end_time": 786.033,
    "segment": "One.",
    "speaker_id": "C",
    "start_time": 785.259
  },
  {
    "end_time": 794.096,
    "segment": "Yeah.",
    "speaker_id": "C",
    "start_time": 793.552
  },
  {
    "end_time": 802.644,
    "segment": "Yeah, that's",
    "speaker_id": "C",
    "start_time": 801.168
  },
  {
    "end_time": 820.685,
    "segment": "No, no, the the base colour was um white or or like or l sort of a light blue, but the changeable fa faces would uh allow you to get any basically any one of a number of colours that uh th it's full sort of customised.",
    "speaker_id": "C",
    "start_time": 803.376
  },
  {
    "end_time": 824.824,
    "segment": "Yeah, yeah, yeah and",
    "speaker_id": "C",
    "start_time": 821.52
  },
  {
    "end_time": 834.944,
    "segment": "No, no, 'cause th that's that's the the spongy feel would be in the rubber that you put round it, that otherwise it's just sort of hard plastic.",
    "speaker_id": "C",
    "start_time": 825.872
  },
  {
    "end_time": 840.009,
    "segment": "Yeah, I'll give it a one as well.",
    "speaker_id": "C",
    "start_time": 837.967
  },
  {
    "end_time": 846.768,
    "segment": "Yeah.",
    "speaker_id": "C",
    "start_time": 845.643
  },
  {
    "end_time": 855.761,
    "segment": "Mm.",
    "speaker_id": "C",
    "start_time": 855.0
  },
  {
    "end_time": 857.328,
    "segment": "No.",
    "speaker_id": "C",
    "start_time": 856.511
  },
  {
    "end_time": 868.136,
    "segment": "Yeah.",
    "speaker_id": "C",
    "start_time": 867.44
  },
  {
    "end_time": 876.656,
    "segment": "It's meant to be.",
    "speaker_id": "C",
    "start_time": 875.904
  },
  {
    "end_time": 903.046,
    "segment": "Yeah.",
    "speaker_id": "C",
    "start_time": 902.218
  },
  {
    "end_time": 909.653,
    "segment": "Yeah, I'd uh I'd f I'd go for a five, actually, 'cause",
    "speaker_id": "C",
    "start_time": 905.476
  },
  {
    "end_time": 922.716,
    "segment": "Yep.",
    "speaker_id": "C",
    "start_time": 922.304
  },
  {
    "end_time": 939.344,
    "segment": "Yeah. Yeah, it was it was uh a voice voice recognition, yeah.",
    "speaker_id": "C",
    "start_time": 932.112
  },
  {
    "end_time": 945.408,
    "segment": "Yeah, yeah, that yeah, that's feasible.",
    "speaker_id": "C",
    "start_time": 942.736
  },
  {
    "end_time": 953.525,
    "segment": "Um I think it would r",
    "speaker_id": "C",
    "start_time": 951.24
  },
  {
    "end_time": 964.528,
    "segment": "I think it would probably be a a stand it would be a stand it would be quite loud. So it would be s p yeah.",
    "speaker_id": "C",
    "start_time": 956.0
  },
  {
    "end_time": 968.928,
    "segment": "Yeah.",
    "speaker_id": "C",
    "start_time": 968.0
  },
  {
    "end_time": 973.216,
    "segment": "Yeah, one.",
    "speaker_id": "C",
    "start_time": 971.536
  },
  {
    "end_time": 982.506,
    "segment": "I do realise that we might be being fairly biased, 'cause it is our product, but",
    "speaker_id": "C",
    "start_time": 976.805
  },
  {
    "end_time": 1026.112,
    "segment": "W I thin yeah, I think yeah.",
    "speaker_id": "C",
    "start_time": 1022.875
  },
  {
    "end_time": 1040.064,
    "segment": "Mm.",
    "speaker_id": "C",
    "start_time": 1039.216
  },
  {
    "end_time": 1050.944,
    "segment": "No.",
    "speaker_id": "C",
    "start_time": 1050.314
  },
  {
    "end_time": 1135.956,
    "segment": "Yeah.",
    "speaker_id": "C",
    "start_time": 1135.072
  },
  {
    "end_time": 1151.872,
    "segment": "It was a regular chip on print and",
    "speaker_id": "C",
    "start_time": 1148.261
  },
  {
    "end_time": 1159.648,
    "segment": "Oh, no, no, no, the um",
    "speaker_id": "C",
    "start_time": 1157.882
  },
  {
    "end_time": 1166.832,
    "segment": "Yeah, it's you you've put in three for the number of kinetic cells, there should just be one.",
    "speaker_id": "C",
    "start_time": 1161.296
  },
  {
    "end_time": 1171.347,
    "segment": "In the top, it's the number of c yeah.",
    "speaker_id": "C",
    "start_time": 1168.0
  },
  {
    "end_time": 1179.552,
    "segment": "Yeah, and yeah, just a no, one reg v uh",
    "speaker_id": "C",
    "start_time": 1174.64
  },
  {
    "end_time": 1183.696,
    "segment": "Yeah, one of them and one sample sensor and sample speaker.",
    "speaker_id": "C",
    "start_time": 1180.624
  },
  {
    "end_time": 1191.531,
    "segment": "And they're double curved. No. Y",
    "speaker_id": "C",
    "start_time": 1188.134
  },
  {
    "end_time": 1194.48,
    "segment": "Two, 'cause it's two.",
    "speaker_id": "C",
    "start_time": 1192.912
  },
  {
    "end_time": 1202.576,
    "segment": "Yeah, I'd say I'd say it was w yeah, I think I think it's",
    "speaker_id": "C",
    "start_time": 1198.48
  },
  {
    "end_time": 1205.872,
    "segment": "One double-curved.",
    "speaker_id": "C",
    "start_time": 1204.624
  },
  {
    "end_time": 1211.835,
    "segment": "And one no, 'cause one yeah, one's double-curved, and then the other one's",
    "speaker_id": "C",
    "start_time": 1206.912
  },
  {
    "end_time": 1219.232,
    "segment": "a plastic.",
    "speaker_id": "C",
    "start_time": 1217.744
  },
  {
    "end_time": 1221.088,
    "segment": "Yeah.",
    "speaker_id": "C",
    "start_time": 1220.56
  },
  {
    "end_time": 1224.816,
    "segment": "And special colour.",
    "speaker_id": "C",
    "start_time": 1222.606
  },
  {
    "end_time": 1233.088,
    "segment": "Yeah.",
    "speaker_id": "C",
    "start_time": 1232.176
  },
  {
    "end_time": 1239.859,
    "segment": "Yeah.",
    "speaker_id": "C",
    "start_time": 1239.099
  },
  {
    "end_time": 1259.372,
    "segment": "No, no, that's it's as an extra.",
    "speaker_id": "C",
    "start_time": 1257.12
  },
  {
    "end_time": 1266.864,
    "segment": "So that shouldn't that shouldn't be actually on there, because that's not incorporated in the cost of the remote you get.",
    "speaker_id": "C",
    "start_time": 1260.224
  },
  {
    "end_time": 1287.696,
    "segment": "Yeah, okay.",
    "speaker_id": "C",
    "start_time": 1286.32
  },
  {
    "end_time": 1308.4,
    "segment": "Yeah, the push-button's one and L_C_ display one.",
    "speaker_id": "C",
    "start_time": 1303.995
  },
  {
    "end_time": 1312.278,
    "segment": "And buttons",
    "speaker_id": "C",
    "start_time": 1310.88
  },
  {
    "end_time": 1383.332,
    "segment": "Well yes.",
    "speaker_id": "C",
    "start_time": 1381.94
  },
  {
    "end_time": 1390.352,
    "segment": "Yeah.",
    "speaker_id": "C",
    "start_time": 1389.5
  },
  {
    "end_time": 1398.579,
    "segment": "No, we'll have",
    "speaker_id": "C",
    "start_time": 1397.488
  },
  {
    "end_time": 1402.256,
    "segment": "No, no, you've got to click off to calculate it again.",
    "speaker_id": "C",
    "start_time": 1399.36
  },
  {
    "end_time": 1420.96,
    "segment": "C it might uh you might you might be assuming that that is in Euros. It could be in Dollars. And then it would be fine, because the exchange range would make it about twelve. No.",
    "speaker_id": "C",
    "start_time": 1404.472
  },
  {
    "end_time": 1443.248,
    "segment": "Yeah, the standard, it um it would make one difference. The biggest one would be taking away if you took away",
    "speaker_id": "C",
    "start_time": 1436.416
  },
  {
    "end_time": 1445.824,
    "segment": "If you to",
    "speaker_id": "C",
    "start_time": 1445.36
  },
  {
    "end_time": 1448.96,
    "segment": "Yeah.",
    "speaker_id": "C",
    "start_time": 1448.528
  },
  {
    "end_time": 1457.216,
    "segment": "If if you take away the voice, I I do I don't like to say it, but if you take away the voice recognition, then you've got it.",
    "speaker_id": "C",
    "start_time": 1450.775
  },
  {
    "end_time": 1472.176,
    "segment": "Yeah i yeah. No 'cause it's samples sens sample speaker. If you took away that, that'll make it twelve point three five.",
    "speaker_id": "C",
    "start_time": 1462.48
  },
  {
    "end_time": 1480.272,
    "segment": "They n n yeah, but you p minus three plus two.",
    "speaker_id": "C",
    "start_time": 1475.376
  },
  {
    "end_time": 1511.456,
    "segment": "Yeah. But they but I mean in I don't see why we have to sell it for twenty five Euros now, because they w they were saying they were quite willing to pay more for better product.",
    "speaker_id": "C",
    "start_time": 1499.744
  },
  {
    "end_time": 1522.564,
    "segment": "Yeah.",
    "speaker_id": "C",
    "start_time": 1522.048
  },
  {
    "end_time": 1528.64,
    "segment": "We c we could s",
    "speaker_id": "C",
    "start_time": 1526.816
  },
  {
    "end_time": 1531.28,
    "segment": "Yeah, we could say",
    "speaker_id": "C",
    "start_time": 1530.032
  },
  {
    "end_time": 1548.832,
    "segment": "Yeah, I s",
    "speaker_id": "C",
    "start_time": 1546.864
  },
  {
    "end_time": 1552.032,
    "segment": "And then say we recommend",
    "speaker_id": "C",
    "start_time": 1549.952
  },
  {
    "end_time": 1553.648,
    "segment": "Yeah.",
    "speaker_id": "C",
    "start_time": 1553.328
  },
  {
    "end_time": 1560.336,
    "segment": "Yeah.",
    "speaker_id": "C",
    "start_time": 1559.536
  },
  {
    "end_time": 1576.912,
    "segment": "That'll do it. Twelve point three five. Is it twelve point fif was it twelve point fifty?",
    "speaker_id": "C",
    "start_time": 1567.92
  },
  {
    "end_time": 1625.19,
    "segment": "Ah.",
    "speaker_id": "C",
    "start_time": 1624.046
  },
  {
    "end_time": 1632.224,
    "segment": "Okay.",
    "speaker_id": "C",
    "start_time": 1630.224
  },
  {
    "end_time": 1634.974,
    "segment": "Yeah.",
    "speaker_id": "C",
    "start_time": 1634.496
  },
  {
    "end_time": 1642.608,
    "segment": "No. 'Cause that that was just a bought-on extra, you could just take that out",
    "speaker_id": "C",
    "start_time": 1636.16
  },
  {
    "end_time": 1646.016,
    "segment": "and that would be fine, yeah.",
    "speaker_id": "C",
    "start_time": 1643.616
  },
  {
    "end_time": 1656.752,
    "segment": "Yeah, I think that's brilliant.",
    "speaker_id": "C",
    "start_time": 1654.072
  },
  {
    "end_time": 1670.162,
    "segment": "Yeah.",
    "speaker_id": "C",
    "start_time": 1668.915
  },
  {
    "end_time": 1685.424,
    "segment": "Yes.",
    "speaker_id": "C",
    "start_time": 1683.419
  },
  {
    "end_time": 1696.624,
    "segment": "Yeah, I'd say, as a team.",
    "speaker_id": "C",
    "start_time": 1694.696
  },
  {
    "end_time": 1698.914,
    "segment": "Yeah.",
    "speaker_id": "C",
    "start_time": 1698.39
  },
  {
    "end_time": 1703.216,
    "segment": "Find out from each other, yeah.",
    "speaker_id": "C",
    "start_time": 1701.151
  },
  {
    "end_time": 1711.68,
    "segment": "Yeah.",
    "speaker_id": "C",
    "start_time": 1711.28
  },
  {
    "end_time": 1768.048,
    "segment": "Yeah, no, I thought it it went really well and I yeah, I I feel that everyone was listened to and all the points that were raised seem to have been sorted out, although we didn't quite make the voice recognition in there, but that's that's good. I think it would have made it into the final product if it was actually if if if we'd seen the marketing before the initial specification was put out, I think maybe it would've come out a d little different, but yeah.",
    "speaker_id": "C",
    "start_time": 1734.266
  },
  {
    "end_time": 1778.4,
    "segment": "Yeah.",
    "speaker_id": "C",
    "start_time": 1778.0
  },
  {
    "end_time": 1787.162,
    "segment": "Mm.",
    "speaker_id": "C",
    "start_time": 1786.351
  },
  {
    "end_time": 1796.096,
    "segment": "Yeah, well.",
    "speaker_id": "C",
    "start_time": 1794.976
  },
  {
    "end_time": 1823.409,
    "segment": "Discuss which ones yeah.",
    "speaker_id": "C",
    "start_time": 1820.256
  },
  {
    "end_time": 1826.305,
    "segment": "Yeah.",
    "speaker_id": "C",
    "start_time": 1825.568
  },
  {
    "end_time": 1835.088,
    "segment": "Yeah, I think I think we probably woulda used the outer email system more, had we actually",
    "speaker_id": "C",
    "start_time": 1828.976
  },
  {
    "end_time": 1842.093,
    "segment": "had had more time and if we'd been separated more.",
    "speaker_id": "C",
    "start_time": 1837.008
  },
  {
    "end_time": 1843.552,
    "segment": "Yeah.",
    "speaker_id": "C",
    "start_time": 1843.216
  },
  {
    "end_time": 1846.208,
    "segment": "Yeah.",
    "speaker_id": "C",
    "start_time": 1845.824
  },
  {
    "end_time": 1847.92,
    "segment": "Yeah.",
    "speaker_id": "C",
    "start_time": 1847.36
  },
  {
    "end_time": 1902.434,
    "segment": "Yeah.",
    "speaker_id": "C",
    "start_time": 1901.793
  },
  {
    "end_time": 1910.224,
    "segment": "Vegetables.",
    "speaker_id": "C",
    "start_time": 1909.248
  },
  {
    "end_time": 1913.007,
    "segment": "Yeah.",
    "speaker_id": "C",
    "start_time": 1912.112
  },
  {
    "end_time": 1931.066,
    "segment": "No.",
    "speaker_id": "C",
    "start_time": 1930.289
  },
  {
    "end_time": 1962.8,
    "segment": "Yeah, I do I don't think the the companies are really concerned. They're just like we've got a D_V_D_ player, does anyone remember the remote control? Can't you get the one that we used for the last one? Yeah, just jazz it up a bit. Uh d they don't really think about it, because normally, the remote control isn't the product which they're trying to ship. They're trying to ship the D_V_D_ player, the video player, the T_V_.",
    "speaker_id": "C",
    "start_time": 1939.726
  },
  {
    "end_time": 1965.168,
    "segment": "Yeah.",
    "speaker_id": "C",
    "start_time": 1964.608
  },
  {
    "end_time": 1967.472,
    "segment": "Yeah.",
    "speaker_id": "C",
    "start_time": 1967.104
  },
  {
    "end_time": 1970.752,
    "segment": "No.",
    "speaker_id": "C",
    "start_time": 1969.984
  },
  {
    "end_time": 1973.296,
    "segment": "Yeah.",
    "speaker_id": "C",
    "start_time": 1972.8
  },
  {
    "end_time": 1985.136,
    "segment": "Yeah.",
    "speaker_id": "C",
    "start_time": 1984.656
  },
  {
    "end_time": 1992.096,
    "segment": "Yeah.",
    "speaker_id": "C",
    "start_time": 1991.36
  },
  {
    "end_time": 1996.083,
    "segment": "Mm.",
    "speaker_id": "C",
    "start_time": 1995.297
  },
  {
    "end_time": 2006.144,
    "segment": "Yeah.",
    "speaker_id": "C",
    "start_time": 2005.584
  },
  {
    "end_time": 2031.891,
    "segment": "Yeah.",
    "speaker_id": "C",
    "start_time": 2031.057
  },
  {
    "end_time": 2086.198,
    "segment": "Well.",
    "speaker_id": "C",
    "start_time": 2085.552
  },
  {
    "end_time": 2093.76,
    "segment": "I think that was just the the physical.",
    "speaker_id": "C",
    "start_time": 2091.152
  },
  {
    "end_time": 2097.008,
    "segment": "Yeah.",
    "speaker_id": "C",
    "start_time": 2096.64
  },
  {
    "end_time": 2100.462,
    "segment": "Yeah.",
    "speaker_id": "C",
    "start_time": 2099.71
  },
  {
    "end_time": 2111.344,
    "segment": "Yeah, I think yeah I don't from the market research.",
    "speaker_id": "C",
    "start_time": 2105.615
  },
  {
    "end_time": 2121.316,
    "segment": "No.",
    "speaker_id": "C",
    "start_time": 2120.832
  },
  {
    "end_time": 2124.448,
    "segment": "Yeah, it was",
    "speaker_id": "C",
    "start_time": 2123.248
  },
  {
    "end_time": 2143.898,
    "segment": "I it's top secret. Um it's it is it's a conspiracy going on here. That's what it is.",
    "speaker_id": "C",
    "start_time": 2138.083
  },
  {
    "end_time": 2163.76,
    "segment": "In your yeah.",
    "speaker_id": "C",
    "start_time": 2160.256
  },
  {
    "end_time": 2184.62,
    "segment": "Okay. Is that it then?",
    "speaker_id": "C",
    "start_time": 2182.288
  },
  {
    "end_time": 2192.576,
    "segment": "Awesome.",
    "speaker_id": "C",
    "start_time": 2191.058
  },
  {
    "end_time": 2208.848,
    "segment": "Was that not the questionnaire for the how you felt you'd done in your",
    "speaker_id": "C",
    "start_time": 2204.554
  },
  {
    "end_time": 2210.288,
    "segment": "thing?",
    "speaker_id": "C",
    "start_time": 2209.968
  },
  {
    "end_time": 2219.84,
    "segment": "I don't think. Yeah, the the s yeah. I think yeah, questionnaire seven was the one I did just before the meeting.",
    "speaker_id": "C",
    "start_time": 2211.464
  },
  {
    "end_time": 2221.472,
    "segment": "Mm.",
    "speaker_id": "C",
    "start_time": 2221.12
  },
  {
    "end_time": 16.176,
    "segment": "Is that someone's?",
    "speaker_id": "D",
    "start_time": 15.088
  },
  {
    "end_time": 28.643,
    "segment": "Okay.",
    "speaker_id": "D",
    "start_time": 27.754
  },
  {
    "end_time": 267.296,
    "segment": "Or something.",
    "speaker_id": "D",
    "start_time": 262.144
  },
  {
    "end_time": 418.19,
    "segment": "Well done.",
    "speaker_id": "D",
    "start_time": 416.951
  },
  {
    "end_time": 422.8,
    "segment": "Certainly.",
    "speaker_id": "D",
    "start_time": 422.16
  },
  {
    "end_time": 431.064,
    "segment": "Logged in? Thank you. Oops.",
    "speaker_id": "D",
    "start_time": 428.681
  },
  {
    "end_time": 486.304,
    "segment": "Okay. This stage of the evaluation is really for us as a team to evaluate if we have now got a product specification and prototype design that meets the the criteria that we got from our market research. So this is the first stage of the evaluation. Now, the collection of the criteria, as we saw in our previous meeting, was based on the user requirements and trends found in the marketing reports and marketing strategy of our company. So it's what we've discussed in the last meeting, are we actually meeting those trends and requirements?",
    "speaker_id": "D",
    "start_time": 454.192
  },
  {
    "end_time": 523.952,
    "segment": "Now the findings that we came up with, just a recap, are here. The criteria that we want in this remote control are a fancy look and feel, technological innovation, it should be easy to use, it should incorporate current fashion trends, and those the two main ones, they were the spongy texture and the fruit and vegetable strong design colours. The design should minimise R_S_I_ and be easy to locate and we were still um uh slightly ambivalent as to whether to use voice recognition there, though that did seem to be the favoured strategy, but there was also, on the sideline, the though of maybe having a beeper function.",
    "speaker_id": "D",
    "start_time": 488.336
  },
  {
    "end_time": 550.848,
    "segment": "Okay, so we can come back to that slide, if you don't have a note of those. I'll just show you how we're going to evaluate our own feedback to this, to what we have so far. We're going to use a seven point scale, where one is true and seven is false. We look at each of those criteria that I've just mentioned, I'll call that slide back up, and I will just do a preliminary rating of all those criteria on the whiteboard here. Does that seem clear? Any questions there?",
    "speaker_id": "D",
    "start_time": 525.024
  },
  {
    "end_time": 554.0,
    "segment": "So we're going to look at these crite",
    "speaker_id": "D",
    "start_time": 552.352
  },
  {
    "end_time": 565.344,
    "segment": "Yes, we're going to come to w we'll discuss each one and we'll come to a consensus rating between one and seven. Is that okay? One is true, seven is false.",
    "speaker_id": "D",
    "start_time": 555.168
  },
  {
    "end_time": 584.48,
    "segment": "Right. So I won't write all of that out again. It will just be criteria one, two, three, four, five, six, or A_, B_, C_, D_, E_, F_ to confuse it with the number rating. B_, C_, D_, E_, F_. This is where I realise how tiny I actually am.",
    "speaker_id": "D",
    "start_time": 567.136
  },
  {
    "end_time": 587.248,
    "segment": "Criteria",
    "speaker_id": "D",
    "start_time": 586.304
  },
  {
    "end_time": 592.293,
    "segment": "and rating.",
    "speaker_id": "D",
    "start_time": 590.943
  },
  {
    "end_time": 609.12,
    "segment": "Actually, it might be an idea, if we each did give our own individual rating, and we could take an average at the end. How about that? Okay. So I'll just separate the ratings by obliques, and if we go one, two, three, four, we know who's who.",
    "speaker_id": "D",
    "start_time": 595.472
  },
  {
    "end_time": 631.472,
    "segment": "Okay. Criteria A_, the fancy look and feel. How do we feel about this prototype model relating to fancy it is a fancy look and feel. One is true, seven is false. My own rating for that would be a two.",
    "speaker_id": "D",
    "start_time": 615.996
  },
  {
    "end_time": 634.512,
    "segment": "One is true and seven is false.",
    "speaker_id": "D",
    "start_time": 632.496
  },
  {
    "end_time": 639.664,
    "segment": "I'll just go this way.",
    "speaker_id": "D",
    "start_time": 638.336
  },
  {
    "end_time": 645.546,
    "segment": "Two.",
    "speaker_id": "D",
    "start_time": 644.889
  },
  {
    "end_time": 647.536,
    "segment": "Okay.",
    "speaker_id": "D",
    "start_time": 646.614
  },
  {
    "end_time": 650.762,
    "segment": "Two.",
    "speaker_id": "D",
    "start_time": 650.224
  },
  {
    "end_time": 666.331,
    "segment": "A four, okay. Adding those up, we've got a six and a five, eleven divided by four is what? Uh two and three quarters, it that right. Two and three quarters?",
    "speaker_id": "D",
    "start_time": 654.08
  },
  {
    "end_time": 669.808,
    "segment": "Okay.",
    "speaker_id": "D",
    "start_time": 669.344
  },
  {
    "end_time": 679.52,
    "segment": "Two point seven five, there we go. Okay, criteria B_, criterion B_, technologically innovative.",
    "speaker_id": "D",
    "start_time": 671.904
  },
  {
    "end_time": 683.744,
    "segment": "I would give that a three.",
    "speaker_id": "D",
    "start_time": 680.784
  },
  {
    "end_time": 692.976,
    "segment": "Okay. Not that you're biased in that it the designer.",
    "speaker_id": "D",
    "start_time": 687.648
  },
  {
    "end_time": 708.88,
    "segment": "The average oh, for you? You want your rating to be a two?",
    "speaker_id": "D",
    "start_time": 705.264
  },
  {
    "end_time": 712.482,
    "segment": "Is that what you're saying? Okay.",
    "speaker_id": "D",
    "start_time": 710.352
  },
  {
    "end_time": 718.0,
    "segment": "So, I'll work out the average for that again at the end. It's a very slightly altered",
    "speaker_id": "D",
    "start_time": 714.944
  },
  {
    "end_time": 721.808,
    "segment": "Okay, and we're just waiting for your rating f",
    "speaker_id": "D",
    "start_time": 719.568
  },
  {
    "end_time": 724.26,
    "segment": "Two point five, okay.",
    "speaker_id": "D",
    "start_time": 723.008
  },
  {
    "end_time": 730.213,
    "segment": "Losing one decimal place, that's okay.",
    "speaker_id": "D",
    "start_time": 727.027
  },
  {
    "end_time": 734.112,
    "segment": "So what are you rating for this one, Paw? Two, okay.",
    "speaker_id": "D",
    "start_time": 730.971
  },
  {
    "end_time": 740.096,
    "segment": "So that is eight. That brings it down to two, nice and simple, yeah.",
    "speaker_id": "D",
    "start_time": 735.58
  },
  {
    "end_time": 744.864,
    "segment": "Okay, ease of use. Easy to use?",
    "speaker_id": "D",
    "start_time": 741.504
  },
  {
    "end_time": 749.568,
    "segment": "Based on what you've said there, I would say a one, true.",
    "speaker_id": "D",
    "start_time": 745.904
  },
  {
    "end_time": 754.687,
    "segment": "Two.",
    "speaker_id": "D",
    "start_time": 753.824
  },
  {
    "end_time": 761.168,
    "segment": "A two, okay.",
    "speaker_id": "D",
    "start_time": 760.112
  },
  {
    "end_time": 764.592,
    "segment": "Two.",
    "speaker_id": "D",
    "start_time": 764.08
  },
  {
    "end_time": 793.104,
    "segment": "I should've said a two to make the arithmetic easy, shouldn't I? We'll just put almost two, because I'm not gonna get into silly decimal places. Okay. Or we or if we want to really bring it down, we can do later. Um mm now we're looking at it incorporates current fashion trends, now that's particularly in relation to our market research findings about the spongy texture to the exterior and the fruit and vegetable design colours.",
    "speaker_id": "D",
    "start_time": 766.4
  },
  {
    "end_time": 803.904,
    "segment": "Right. So I'm just thinking, before I give it my rating, you were limited in the use of materials for your prototype here. Is this actually going to be the colours that you would use?",
    "speaker_id": "D",
    "start_time": 794.432
  },
  {
    "end_time": 811.12,
    "segment": "Right.",
    "speaker_id": "D",
    "start_time": 810.608
  },
  {
    "end_time": 825.886,
    "segment": "So we could use any strong fruit and veg colours and that's what we're intending to do. Okay. And the spongy feel is no problem with that.",
    "speaker_id": "D",
    "start_time": 818.592
  },
  {
    "end_time": 832.72,
    "segment": "Okay.",
    "speaker_id": "D",
    "start_time": 832.016
  },
  {
    "end_time": 836.864,
    "segment": "In that case it's got to be a one for me.",
    "speaker_id": "D",
    "start_time": 834.832
  },
  {
    "end_time": 841.44,
    "segment": "Yep. Everybody? Okay.",
    "speaker_id": "D",
    "start_time": 839.36
  },
  {
    "end_time": 852.976,
    "segment": "That part was nice and easy. Okay. Uh moving on to does the design minimise repetitive strain injury.",
    "speaker_id": "D",
    "start_time": 843.888
  },
  {
    "end_time": 860.288,
    "segment": "I don't think we've really touched on that a lot. We've we've discussed it, we haven't really come up with anything that",
    "speaker_id": "D",
    "start_time": 854.832
  },
  {
    "end_time": 871.991,
    "segment": "we felt could feasibly reduce that. We've talked about pointers, but the very use of a remote control, if you're someone who's zapping, who's sitting like that, and we found so many people did, how do you minimise that on such a small device?",
    "speaker_id": "D",
    "start_time": 861.536
  },
  {
    "end_time": 876.49,
    "segment": "Mm-hmm.",
    "speaker_id": "D",
    "start_time": 875.938
  },
  {
    "end_time": 878.448,
    "segment": "Mm-hmm.",
    "speaker_id": "D",
    "start_time": 877.968
  },
  {
    "end_time": 888.256,
    "segment": "Mm.",
    "speaker_id": "D",
    "start_time": 887.776
  },
  {
    "end_time": 893.584,
    "segment": "Mm-hmm.",
    "speaker_id": "D",
    "start_time": 893.04
  },
  {
    "end_time": 895.776,
    "segment": "Right.",
    "speaker_id": "D",
    "start_time": 895.184
  },
  {
    "end_time": 903.104,
    "segment": "Right. I think I'm gonna have to be neutral on that and give it a four.",
    "speaker_id": "D",
    "start_time": 898.0
  },
  {
    "end_time": 909.616,
    "segment": "A five, okay.",
    "speaker_id": "D",
    "start_time": 908.004
  },
  {
    "end_time": 915.072,
    "segment": "Four and a four okay.",
    "speaker_id": "D",
    "start_time": 911.92
  },
  {
    "end_time": 922.144,
    "segment": "Twenty one is that twenty one? So that's four point two five.",
    "speaker_id": "D",
    "start_time": 917.28
  },
  {
    "end_time": 936.05,
    "segment": "And finally, last but not least, easy to locate. Now we talked about voice recognition, we talked about a beeper, have we really have the designers come to any dec real decision on that?",
    "speaker_id": "D",
    "start_time": 925.221
  },
  {
    "end_time": 944.384,
    "segment": "It was the I'm here thing, yep. And are we happy with the costs on that? That is going to be feasible, cost-wise.",
    "speaker_id": "D",
    "start_time": 937.312
  },
  {
    "end_time": 950.336,
    "segment": "That sounds good then. I'd go for a I ca we can adjust the volume on that, just as we could volume on T_V_.",
    "speaker_id": "D",
    "start_time": 945.44
  },
  {
    "end_time": 955.392,
    "segment": "So if sombody's in the other room or if T_V_s in different rooms, or.",
    "speaker_id": "D",
    "start_time": 951.884
  },
  {
    "end_time": 965.102,
    "segment": "Right. Okay. You built into the feature.",
    "speaker_id": "D",
    "start_time": 961.552
  },
  {
    "end_time": 967.792,
    "segment": "Okay.",
    "speaker_id": "D",
    "start_time": 967.312
  },
  {
    "end_time": 971.792,
    "segment": "Logical. That's a one for me.",
    "speaker_id": "D",
    "start_time": 968.784
  },
  {
    "end_time": 975.68,
    "segment": "One and one, good.",
    "speaker_id": "D",
    "start_time": 972.784
  },
  {
    "end_time": 1019.782,
    "segment": "So, how do we feel about this? We've got our our we've got the highest rating of meeting the specifications that is definitely true for two of the uh six criteria there. That is for um incorporates current fashion trends and is easy to locate. The lowest rating we've got, which is really n it's not terribly low, i it's close around neutral is for uh the minimisation of repetitive strain injury. Do we feel on the basis of tha of these evaluation findings that we can go ahead and now produce this as a prototype and market it, or do we have to make further modifications?",
    "speaker_id": "D",
    "start_time": 980.736
  },
  {
    "end_time": 1024.496,
    "segment": "We happy to go ahead?",
    "speaker_id": "D",
    "start_time": 1023.408
  },
  {
    "end_time": 1032.048,
    "segment": "Yeah. I think for most of those ratings that it's high enough at the upper end of the scale for us to go ahead with that, and I really doubt if",
    "speaker_id": "D",
    "start_time": 1025.6
  },
  {
    "end_time": 1039.587,
    "segment": "on the basis of current technology and our current capabilities, we could actually do much more to minimise that.",
    "speaker_id": "D",
    "start_time": 1033.056
  },
  {
    "end_time": 1048.208,
    "segment": "I know. Okay. Well, I hope that's uh clear to the team. Is there anything you would like to to ask me about the findings before I",
    "speaker_id": "D",
    "start_time": 1040.336
  },
  {
    "end_time": 1049.754,
    "segment": "sum up?",
    "speaker_id": "D",
    "start_time": 1049.103
  },
  {
    "end_time": 1055.959,
    "segment": "Good. Fine then. I'll just leave it there. Oops.",
    "speaker_id": "D",
    "start_time": 1050.88
  },
  {
    "end_time": 1073.088,
    "segment": "Oh yes.",
    "speaker_id": "D",
    "start_time": 1071.903
  },
  {
    "end_time": 1136.155,
    "segment": "Yes.",
    "speaker_id": "D",
    "start_time": 1135.357
  },
  {
    "end_time": 1198.1,
    "segment": "But it has a slightly flattened bottom so it can sit. So it can rest.",
    "speaker_id": "D",
    "start_time": 1194.72
  },
  {
    "end_time": 1202.944,
    "segment": "It would just be a flat bottom with one curve. like a domed thing.",
    "speaker_id": "D",
    "start_time": 1199.216
  },
  {
    "end_time": 1205.108,
    "segment": "Mm.",
    "speaker_id": "D",
    "start_time": 1204.322
  },
  {
    "end_time": 1214.64,
    "segment": "The other curves at the sides, but it's slightly flattened at the bottom so it doesn't roll over. Yeah.",
    "speaker_id": "D",
    "start_time": 1210.608
  },
  {
    "end_time": 1242.528,
    "segment": "What does it mean if you put point five for that?",
    "speaker_id": "D",
    "start_time": 1240.624
  },
  {
    "end_time": 1253.824,
    "segment": "Mm-hmm.",
    "speaker_id": "D",
    "start_time": 1253.376
  },
  {
    "end_time": 1261.056,
    "segment": "Right, okay.",
    "speaker_id": "D",
    "start_time": 1259.44
  },
  {
    "end_time": 1276.8,
    "segment": "But it is gonna be part of the total cost, and there's nowhere else we can we can put that in, is there? There's nowhere else we can code for the the rubber used in the casing. So do we not have to account for it in the cost somewhere there?",
    "speaker_id": "D",
    "start_time": 1267.264
  },
  {
    "end_time": 1281.616,
    "segment": "Okay.",
    "speaker_id": "D",
    "start_time": 1280.978
  },
  {
    "end_time": 1287.015,
    "segment": "Mm.",
    "speaker_id": "D",
    "start_time": 1286.511
  },
  {
    "end_time": 1299.504,
    "segment": "Might do, if we go for some of the more exotic aubergines and such like colours.",
    "speaker_id": "D",
    "start_time": 1294.304
  },
  {
    "end_time": 1370.9,
    "segment": "S",
    "speaker_id": "D",
    "start_time": 1370.592
  },
  {
    "end_time": 1383.988,
    "segment": "Has that not made any d if you click off that square now, has that not made any difference? Is it oh, it's brought it slightly down.",
    "speaker_id": "D",
    "start_time": 1377.328
  },
  {
    "end_time": 1391.406,
    "segment": "So is is uncurved completely and just actually making the rubber case the curved thing, is that going to make a difference?",
    "speaker_id": "D",
    "start_time": 1386.24
  },
  {
    "end_time": 1398.624,
    "segment": "Oh, it's not made any difference, has it?. It's gone up again.",
    "speaker_id": "D",
    "start_time": 1395.584
  },
  {
    "end_time": 1400.432,
    "segment": "Oh.",
    "speaker_id": "D",
    "start_time": 1399.879
  },
  {
    "end_time": 1405.104,
    "segment": "It's brought it down slightly.",
    "speaker_id": "D",
    "start_time": 1403.467
  },
  {
    "end_time": 1417.734,
    "segment": "Is there anything on the menu",
    "speaker_id": "D",
    "start_time": 1416.336
  },
  {
    "end_time": 1419.088,
    "segment": "No.",
    "speaker_id": "D",
    "start_time": 1418.56
  },
  {
    "end_time": 1428.832,
    "segment": "If we tr um.",
    "speaker_id": "D",
    "start_time": 1427.408
  },
  {
    "end_time": 1436.731,
    "segment": "If we moved away from our much loved idea of a kinetic battery and just went with the standard batteries, would that make a huge difference?",
    "speaker_id": "D",
    "start_time": 1429.856
  },
  {
    "end_time": 1455.334,
    "segment": "And people are used to buying batteries, they're not gonna say I'm not getting this, 'cause I've got to buy a battery for a remote control.",
    "speaker_id": "D",
    "start_time": 1450.272
  },
  {
    "end_time": 1463.466,
    "segment": "Should we see what difference it makes?",
    "speaker_id": "D",
    "start_time": 1461.584
  },
  {
    "end_time": 1464.974,
    "segment": "Um",
    "speaker_id": "D",
    "start_time": 1464.48
  },
  {
    "end_time": 1498.032,
    "segment": "Yeah.",
    "speaker_id": "D",
    "start_time": 1497.712
  },
  {
    "end_time": 1500.32,
    "segment": "Sure.",
    "speaker_id": "D",
    "start_time": 1499.639
  },
  {
    "end_time": 1514.684,
    "segment": "But we're still working to um head o",
    "speaker_id": "D",
    "start_time": 1511.664
  },
  {
    "end_time": 1544.912,
    "segment": "We can put in our recommendations. If we if we're working to head office specifications as this is what this project team's working for, we can put in our recommendations for what we've we've found and what we the consensus that we've come to as a result of the meetings. But we need to work to that specification to start with. And I think the voice recognition sounds wonderful, but our object is so distinctive that that in itself is gonna make it easier to locate as a f you know in a first instance. Um as you say, we can offer the voice recognition initially to business class customers and so",
    "speaker_id": "D",
    "start_time": 1515.664
  },
  {
    "end_time": 1552.496,
    "segment": "Mm.",
    "speaker_id": "D",
    "start_time": 1552.048
  },
  {
    "end_time": 1553.933,
    "segment": "Yeah.",
    "speaker_id": "D",
    "start_time": 1553.294
  },
  {
    "end_time": 1558.066,
    "segment": "'Cause we've done all the background work to go for that if they want it.",
    "speaker_id": "D",
    "start_time": 1554.976
  },
  {
    "end_time": 1561.056,
    "segment": "Yeah.",
    "speaker_id": "D",
    "start_time": 1560.112
  },
  {
    "end_time": 1567.968,
    "segment": "So if we take voice recognition out",
    "speaker_id": "D",
    "start_time": 1565.376
  },
  {
    "end_time": 1573.409,
    "segment": "we are.",
    "speaker_id": "D",
    "start_time": 1572.58
  },
  {
    "end_time": 1582.64,
    "segment": "Are you sure? Sorry, not meaning to doubt your words there.",
    "speaker_id": "D",
    "start_time": 1579.808
  },
  {
    "end_time": 1589.696,
    "segment": "Right. Are they really going to quibble about ten P_?",
    "speaker_id": "D",
    "start_time": 1586.176
  },
  {
    "end_time": 1595.712,
    "segment": "Or point zero one of a Euro? Which is less than ten P_.",
    "speaker_id": "D",
    "start_time": 1591.408
  },
  {
    "end_time": 1615.472,
    "segment": "That's today's",
    "speaker_id": "D",
    "start_time": 1614.512
  },
  {
    "end_time": 1621.019,
    "segment": "kick off meeting,.",
    "speaker_id": "D",
    "start_time": 1618.994
  },
  {
    "end_time": 1626.268,
    "segment": "Mm. I thought that's what it was.",
    "speaker_id": "D",
    "start_time": 1623.664
  },
  {
    "end_time": 1628.768,
    "segment": "So we're okay.",
    "speaker_id": "D",
    "start_time": 1627.888
  },
  {
    "end_time": 1712.416,
    "segment": "Although we had our separate tasks, there was so much interaction, so much that we needed to um bounce off each other. And I've certainly felt heard, listened to in that in relevant areas we've been able to, you know, give and take and adjust our remit where necessary.",
    "speaker_id": "D",
    "start_time": 1696.544
  },
  {
    "end_time": 1787.672,
    "segment": "Yeah.",
    "speaker_id": "D",
    "start_time": 1787.296
  },
  {
    "end_time": 1814.496,
    "segment": "Maybe we should think of branching out into children's toys and fake mobile phones as a side line. And fake R_C_s.",
    "speaker_id": "D",
    "start_time": 1806.752
  },
  {
    "end_time": 1825.536,
    "segment": "How do we evaluate the materials we had for communicating and sharing information?",
    "speaker_id": "D",
    "start_time": 1819.664
  },
  {
    "end_time": 1828.976,
    "segment": "Could it've been better, was it adequate?",
    "speaker_id": "D",
    "start_time": 1826.88
  },
  {
    "end_time": 1837.216,
    "segment": "Mm.",
    "speaker_id": "D",
    "start_time": 1836.496
  },
  {
    "end_time": 1848.336,
    "segment": "Yeah.",
    "speaker_id": "D",
    "start_time": 1847.888
  },
  {
    "end_time": 1857.235,
    "segment": "Yeah.",
    "speaker_id": "D",
    "start_time": 1856.529
  },
  {
    "end_time": 1909.264,
    "segment": "It's really borrowing from other areas, it's, you know, bringing things from other areas in, it so it's I mean nothing is new, but it's applying it to a d in a different area.",
    "speaker_id": "D",
    "start_time": 1900.832
  },
  {
    "end_time": 1919.472,
    "segment": "Absolutely, yeah.",
    "speaker_id": "D",
    "start_time": 1918.288
  },
  {
    "end_time": 1931.312,
    "segment": "Mm-hmm.",
    "speaker_id": "D",
    "start_time": 1930.928
  },
  {
    "end_time": 1937.952,
    "segment": "Mm-hmm.",
    "speaker_id": "D",
    "start_time": 1937.472
  },
  {
    "end_time": 1952.72,
    "segment": "Yeah.",
    "speaker_id": "D",
    "start_time": 1952.4
  },
  {
    "end_time": 1955.358,
    "segment": "Yeah.",
    "speaker_id": "D",
    "start_time": 1954.474
  },
  {
    "end_time": 1962.463,
    "segment": "Yeah, the focus isn't on to that, yeah.",
    "speaker_id": "D",
    "start_time": 1960.048
  },
  {
    "end_time": 2039.648,
    "segment": "I think it's really good that this has been very market research based, because just going back to mobile phones, I mean this is the first change in remote control devices that I can really, you know, say is is obvious and visible. We see it in mobile phones a lot, and tha that's where we've borrowed a lot of our ide our ideas from. There are innovations in that that people don't really want. I see people wanting a model of the phone they were really happy with, and they can't get it anymore and it's innovation for innovation's sake, and I think it's wonderful our company's so R_ and D_ based.",
    "speaker_id": "D",
    "start_time": 2010.752
  },
  {
    "end_time": 2048.973,
    "segment": "Yeah. But forcing it onto people, yeah. It's things that, you know, they might want to buy the thing they really want.",
    "speaker_id": "D",
    "start_time": 2042.384
  },
  {
    "end_time": 2053.248,
    "segment": "Mm. Mm.",
    "speaker_id": "D",
    "start_time": 2051.792
  },
  {
    "end_time": 2056.656,
    "segment": "Or there isn't a cover to fit it or whatever, yeah.",
    "speaker_id": "D",
    "start_time": 2054.496
  },
  {
    "end_time": 2059.832,
    "segment": "See I think",
    "speaker_id": "D",
    "start_time": 2058.884
  },
  {
    "end_time": 2093.024,
    "segment": "I think it was just the produc uh just the production cost of the phone.",
    "speaker_id": "D",
    "start_time": 2089.584
  },
  {
    "end_time": 2097.775,
    "segment": "Mm-hmm.",
    "speaker_id": "D",
    "start_time": 2097.075
  },
  {
    "end_time": 2122.48,
    "segment": "But I think in the remit that we were given, it was very specific. I think we've done what we were required to do, and I think there'll have to be another project team or a new project for us to look at at those kind of things. I don't think that's something we have to look at and find a way of raising the cash for.",
    "speaker_id": "D",
    "start_time": 2108.414
  },
  {
    "end_time": 2131.674,
    "segment": "I think we've done very well to get within budget and it still makes such an innovative item that I think people are really gonna want.",
    "speaker_id": "D",
    "start_time": 2123.757
  },
  {
    "end_time": 2140.483,
    "segment": "I know. Maybe it will. Maybe they are gonna steal our ideas and sell it.",
    "speaker_id": "D",
    "start_time": 2134.752
  },
  {
    "end_time": 2147.506,
    "segment": "Mm-hmm.",
    "speaker_id": "D",
    "start_time": 2146.822
  },
  {
    "end_time": 2178.326,
    "segment": "Questionnaire.",
    "speaker_id": "D",
    "start_time": 2176.528
  },
  {
    "end_time": 2199.736,
    "segment": "Questionnaire done.",
    "speaker_id": "D",
    "start_time": 2197.519
  },
  {
    "end_time": 2205.134,
    "segment": "Oh, I didn't have to rate you on how much you influenced the meeting this time.",
    "speaker_id": "D",
    "start_time": 2200.673
  },
  {
    "end_time": 2214.746,
    "segment": "Oh, right. But do we not sometimes evaluate in these meetings too? Yeah.",
    "speaker_id": "D",
    "start_time": 2210.452
  }
]