[
  {
    "ar_type": "Positive",
    "source": {
      "act": "three different types of batteries. Um can either use a hand dynamo, or the kinetic type ones, you know that they use in watches, or else uh a solar powered one.",
      "ae_type": "A/B issue",
      "end_time": 211.01,
      "speaker_id": "D",
      "start_time": 194.82
    },
    "target": {
      "act": "Okay.",
      "ae_type": "Statement",
      "end_time": 209.0,
      "speaker_id": "B",
      "start_time": 208.55
    }
  },
  {
    "ar_type": "Option",
    "source": {
      "act": "three different types of batteries. Um can either use a hand dynamo, or the kinetic type ones, you know that they use in watches, or else uh a solar powered one.",
      "ae_type": "A/B issue",
      "end_time": 211.01,
      "speaker_id": "D",
      "start_time": 194.82
    },
    "target": {
      "act": "Now, the kinetic one, we've 'cause that's the ones where like you the movement causes it.",
      "ae_type": "Statement",
      "end_time": 219.48,
      "speaker_id": "B",
      "start_time": 212.27
    }
  },
  {
    "ar_type": "Uncertain",
    "source": {
      "act": "Now, the kinetic one, we've 'cause that's the ones where like you the movement causes it.",
      "ae_type": "Statement",
      "end_time": 219.48,
      "speaker_id": "B",
      "start_time": 212.27
    },
    "target": {
      "act": "Um the bat uh the battery for a a watch wouldn't require a lot of power, would be my one query. Is a kinetic one going to be able to supply enough power?",
      "ae_type": "Yes/No issue",
      "end_time": 231.53,
      "speaker_id": "B",
      "start_time": 219.48
    }
  },
  {
    "ar_type": "Positive",
    "source": {
      "act": "Um the bat uh the battery for a a watch wouldn't require a lot of power, would be my one query. Is a kinetic one going to be able to supply enough power?",
      "ae_type": "Yes/No issue",
      "end_time": 231.53,
      "speaker_id": "B",
      "start_time": 219.48
    },
    "target": {
      "act": "Yeah.",
      "ae_type": "Statement",
      "end_time": 218.83,
      "speaker_id": "D",
      "start_time": 218.4
    }
  },
  {
    "ar_type": "Positive",
    "source": {
      "act": "Um the bat uh the battery for a a watch wouldn't require a lot of power, would be my one query. Is a kinetic one going to be able to supply enough power?",
      "ae_type": "Yes/No issue",
      "end_time": 231.53,
      "speaker_id": "B",
      "start_time": 219.48
    },
    "target": {
      "act": "Yeah.",
      "ae_type": "Statement",
      "end_time": 218.56,
      "speaker_id": "C",
      "start_time": 218.3
    }
  },
  {
    "ar_type": "Negative",
    "source": {
      "act": "Um the bat uh the battery for a a watch wouldn't require a lot of power, would be my one query. Is a kinetic one going to be able to supply enough power?",
      "ae_type": "Yes/No issue",
      "end_time": 231.53,
      "speaker_id": "B",
      "start_time": 219.48
    },
    "target": {
      "act": "There's also a watch moves around a great deal more.",
      "ae_type": "Statement",
      "end_time": 234.77,
      "speaker_id": "A",
      "start_time": 232.63
    }
  },
  {
    "ar_type": "Uncertain",
    "source": {
      "act": "There's also a watch moves around a great deal more.",
      "ae_type": "Statement",
      "end_time": 234.77,
      "speaker_id": "A",
      "start_time": 232.63
    },
    "target": {
      "act": "Do you think?",
      "ae_type": "Yes/No issue",
      "end_time": 233.18,
      "speaker_id": "B",
      "start_time": 232.72
    }
  },
  {
    "ar_type": "Positive",
    "source": {
      "act": "Do you think?",
      "ae_type": "Yes/No issue",
      "end_time": 233.18,
      "speaker_id": "B",
      "start_time": 232.72
    },
    "target": {
      "act": "Yeah.",
      "ae_type": "Statement",
      "end_time": 236.78,
      "speaker_id": "C",
      "start_time": 236.16
    }
  },
  {
    "ar_type": "Positive",
    "source": {
      "act": "Do you think?",
      "ae_type": "Yes/No issue",
      "end_time": 233.18,
      "speaker_id": "B",
      "start_time": 232.72
    },
    "target": {
      "act": "Yeah, I don't think it would.",
      "ae_type": "Weak statement",
      "end_time": 238.74,
      "speaker_id": "D",
      "start_time": 236.02
    }
  },
  {
    "ar_type": "Option",
    "source": {
      "act": "three different types of batteries. Um can either use a hand dynamo, or the kinetic type ones, you know that they use in watches, or else uh a solar powered one.",
      "ae_type": "A/B issue",
      "end_time": 211.01,
      "speaker_id": "D",
      "start_time": 194.82
    },
    "target": {
      "act": "And solar cells, I dunno about that.",
      "ae_type": "Weak statement",
      "end_time": 243.9,
      "speaker_id": "D",
      "start_time": 241.56
    }
  },
  {
    "ar_type": "Positive",
    "source": {
      "act": "And solar cells, I dunno about that.",
      "ae_type": "Weak statement",
      "end_time": 243.9,
      "speaker_id": "D",
      "start_time": 241.56
    },
    "target": {
      "act": "yeah.",
      "ae_type": "Statement",
      "end_time": 245.31,
      "speaker_id": "C",
      "start_time": 245.15
    }
  },
  {
    "ar_type": "Option",
    "source": {
      "act": "three different types of batteries. Um can either use a hand dynamo, or the kinetic type ones, you know that they use in watches, or else uh a solar powered one.",
      "ae_type": "A/B issue",
      "end_time": 211.01,
      "speaker_id": "D",
      "start_time": 194.82
    },
    "target": {
      "act": "We should probably just use conventional batteries.",
      "ae_type": "Weak statement",
      "end_time": 251.15,
      "speaker_id": "D",
      "start_time": 247.99
    }
  },
  {
    "ar_type": "Elaboration",
    "source": {
      "act": "We should probably just use conventional batteries.",
      "ae_type": "Weak statement",
      "end_time": 251.15,
      "speaker_id": "D",
      "start_time": 247.99
    },
    "target": {
      "act": "just like in usual remote controls.",
      "ae_type": "Statement",
      "end_time": 255.36,
      "speaker_id": "D",
      "start_time": 253.84
    }
  },
  {
    "ar_type": "Subject-to",
    "source": {
      "act": "We should probably just use conventional batteries.",
      "ae_type": "Weak statement",
      "end_time": 251.15,
      "speaker_id": "D",
      "start_time": 247.99
    },
    "target": {
      "act": "Which I suppose as well would allow us to go off the shelf again, you'd say?",
      "ae_type": "Yes/No issue",
      "end_time": 259.54,
      "speaker_id": "B",
      "start_time": 256.16
    }
  },
  {
    "ar_type": "Positive",
    "source": {
      "act": "Which I suppose as well would allow us to go off the shelf again, you'd say?",
      "ae_type": "Yes/No issue",
      "end_time": 259.54,
      "speaker_id": "B",
      "start_time": 256.16
    },
    "target": {
      "act": "Yeah.",
      "ae_type": "Statement",
      "end_time": 259.79,
      "speaker_id": "D",
      "start_time": 259.56
    }
  },
  {
    "ar_type": "Uncertain",
    "source": {
      "act": "S oh, I was gonna talk about the programmable remote control. Now I think it'd be cool if you had one remote control that could work with all T_V_s, you know you s you click a button and it finds the frequency that works with your particular television.",
      "ae_type": "Open issue",
      "end_time": 1643.34,
      "speaker_id": "C",
      "start_time": 1629.03
    },
    "target": {
      "act": "But why you'd need to program it like as as a standard feature, I I don't know.",
      "ae_type": "Weak statement",
      "end_time": 1647.7,
      "speaker_id": "C",
      "start_time": 1643.34
    }
  },
  {
    "ar_type": "Specialization",
    "source": {
      "act": "S oh, I was gonna talk about the programmable remote control. Now I think it'd be cool if you had one remote control that could work with all T_V_s, you know you s you click a button and it finds the frequency that works with your particular television.",
      "ae_type": "Open issue",
      "end_time": 1643.34,
      "speaker_id": "C",
      "start_time": 1629.03
    },
    "target": {
      "act": "Well basi basically the um for f for uh I mean e each manufacturer will have a partic will have a particular command set that uh the T_V_ responds to. It's not simply a matter of frequency.",
      "ae_type": "Statement",
      "end_time": 1661.96,
      "speaker_id": "A",
      "start_time": 1647.8
    }
  },
  {
    "ar_type": "Positive",
    "source": {
      "act": "Well basi basically the um for f for uh I mean e each manufacturer will have a partic will have a particular command set that uh the T_V_ responds to. It's not simply a matter of frequency.",
      "ae_type": "Statement",
      "end_time": 1661.96,
      "speaker_id": "A",
      "start_time": 1647.8
    },
    "target": {
      "act": "Yeah.",
      "ae_type": "Statement",
      "end_time": 1660.15,
      "speaker_id": "C",
      "start_time": 1659.92
    }
  },
  {
    "ar_type": "Elaboration",
    "source": {
      "act": "Well basi basically the um for f for uh I mean e each manufacturer will have a partic will have a particular command set that uh the T_V_ responds to. It's not simply a matter of frequency.",
      "ae_type": "Statement",
      "end_time": 1661.96,
      "speaker_id": "A",
      "start_time": 1647.8
    },
    "target": {
      "act": "usually what's done is you have this big booklet full of different possi you'll have all of them sort of programmed in to the uh remote, and you'll have this little booklet of codes you then find your um ma uh find your manufacturer and try the different codes that come under that manufacturer's name 'til you find the right one.",
      "ae_type": "Statement",
      "end_time": 1688.76,
      "speaker_id": "A",
      "start_time": 1665.01
    }
  },
  {
    "ar_type": "Positive",
    "source": {
      "act": "usually what's done is you have this big booklet full of different possi you'll have all of them sort of programmed in to the uh remote, and you'll have this little booklet of codes you then find your um ma uh find your manufacturer and try the different codes that come under that manufacturer's name 'til you find the right one.",
      "ae_type": "Statement",
      "end_time": 1688.76,
      "speaker_id": "A",
      "start_time": 1665.01
    },
    "target": {
      "act": "That's because televisions, they don't give the remote control any type of feedback when you send it. Okay.",
      "ae_type": "Statement",
      "end_time": 1693.89,
      "speaker_id": "C",
      "start_time": 1688.63
    }
  },
  {
    "ar_type": "Positive",
    "source": {
      "act": "That's because televisions, they don't give the remote control any type of feedback when you send it. Okay.",
      "ae_type": "Statement",
      "end_time": 1693.89,
      "speaker_id": "C",
      "start_time": 1688.63
    },
    "target": {
      "act": "Yeah, that's right.",
      "ae_type": "Statement",
      "end_time": 1694.31,
      "speaker_id": "A",
      "start_time": 1692.98
    }
  },
  {
    "ar_type": "Option",
    "source": {
      "act": "usually what's done is you have this big booklet full of different possi you'll have all of them sort of programmed in to the uh remote, and you'll have this little booklet of codes you then find your um ma uh find your manufacturer and try the different codes that come under that manufacturer's name 'til you find the right one.",
      "ae_type": "Statement",
      "end_time": 1688.76,
      "speaker_id": "A",
      "start_time": 1665.01
    },
    "target": {
      "act": "So that's that's quite annoying and we probably would still have to do that. But if we had um some sort of hook-up to your computer as an option, then if you've got a computer you can avoid that rather irritating thing.",
      "ae_type": "Statement",
      "end_time": 1711.59,
      "speaker_id": "A",
      "start_time": 1694.31
    }
  },
  {
    "ar_type": "Option",
    "source": {
      "act": "usually what's done is you have this big booklet full of different possi you'll have all of them sort of programmed in to the uh remote, and you'll have this little booklet of codes you then find your um ma uh find your manufacturer and try the different codes that come under that manufacturer's name 'til you find the right one.",
      "ae_type": "Statement",
      "end_time": 1688.76,
      "speaker_id": "A",
      "start_time": 1665.01
    },
    "target": {
      "act": "An interesting point is that if the person doesn't have the computer, we can still make the process easier because instead of having to look up codes, maybe we can have it that one of the options they have is that they look up the name of the company on the L_C_D_ and then they maybe look up different names of um different actual units that have been produced. Or we have the remote control just go through them until it's like does this do the correct function, and such.",
      "ae_type": "Statement",
      "end_time": 1738.73,
      "speaker_id": "B",
      "start_time": 1711.57
    }
  },
  {
    "ar_type": "Positive",
    "source": {
      "act": "An interesting point is that if the person doesn't have the computer, we can still make the process easier because instead of having to look up codes, maybe we can have it that one of the options they have is that they look up the name of the company on the L_C_D_ and then they maybe look up different names of um different actual units that have been produced. Or we have the remote control just go through them until it's like does this do the correct function, and such.",
      "ae_type": "Statement",
      "end_time": 1738.73,
      "speaker_id": "B",
      "start_time": 1711.57
    },
    "target": {
      "act": "Yeah",
      "ae_type": "Statement",
      "end_time": 1726.5,
      "speaker_id": "A",
      "start_time": 1726.19
    }
  },
  {
    "ar_type": "Uncertain",
    "source": {
      "act": "usually what's done is you have this big booklet full of different possi you'll have all of them sort of programmed in to the uh remote, and you'll have this little booklet of codes you then find your um ma uh find your manufacturer and try the different codes that come under that manufacturer's name 'til you find the right one.",
      "ae_type": "Statement",
      "end_time": 1688.76,
      "speaker_id": "A",
      "start_time": 1665.01
    },
    "target": {
      "act": "Is it is it actually a book of names to digits, or is it like a few pages?",
      "ae_type": "A/B issue",
      "end_time": 1743.7,
      "speaker_id": "C",
      "start_time": 1738.91
    }
  },
  {
    "ar_type": "Option",
    "source": {
      "act": "Is it is it actually a book of names to digits, or is it like a few pages?",
      "ae_type": "A/B issue",
      "end_time": 1743.7,
      "speaker_id": "C",
      "start_time": 1738.91
    },
    "target": {
      "act": "Um booklet. Some pages.",
      "ae_type": "Statement",
      "end_time": 1746.94,
      "speaker_id": "A",
      "start_time": 1743.87
    }
  },
  {
    "ar_type": "Option",
    "source": {
      "act": "usually what's done is you have this big booklet full of different possi you'll have all of them sort of programmed in to the uh remote, and you'll have this little booklet of codes you then find your um ma uh find your manufacturer and try the different codes that come under that manufacturer's name 'til you find the right one.",
      "ae_type": "Statement",
      "end_time": 1688.76,
      "speaker_id": "A",
      "start_time": 1665.01
    },
    "target": {
      "act": "I was just thinking, if we were to store this information, some type of mapping.",
      "ae_type": "Statement",
      "end_time": 1750.57,
      "speaker_id": "C",
      "start_time": 1747.12
    }
  },
  {
    "ar_type": "Elaboration",
    "source": {
      "act": "I was just thinking, if we were to store this information, some type of mapping.",
      "ae_type": "Statement",
      "end_time": 1750.57,
      "speaker_id": "C",
      "start_time": 1747.12
    },
    "target": {
      "act": "This person probably need to use this feature like once, you know, when you first buy the remote control, or whenever they buy a new television",
      "ae_type": "Weak statement",
      "end_time": 1758.32,
      "speaker_id": "C",
      "start_time": 1751.81
    }
  },
  {
    "ar_type": "Positive",
    "source": {
      "act": "This person probably need to use this feature like once, you know, when you first buy the remote control, or whenever they buy a new television",
      "ae_type": "Weak statement",
      "end_time": 1758.32,
      "speaker_id": "C",
      "start_time": 1751.81
    },
    "target": {
      "act": "Yeah.",
      "ae_type": "Statement",
      "end_time": 1759.66,
      "speaker_id": "A",
      "start_time": 1759.26
    }
  },
  {
    "ar_type": "Positive",
    "source": {
      "act": "This person probably need to use this feature like once, you know, when you first buy the remote control, or whenever they buy a new television",
      "ae_type": "Weak statement",
      "end_time": 1758.32,
      "speaker_id": "C",
      "start_time": 1751.81
    },
    "target": {
      "act": "Doesn't have to be used very often that's right, yeah.",
      "ae_type": "Statement",
      "end_time": 1761.82,
      "speaker_id": "B",
      "start_time": 1759.44
    }
  },
  {
    "ar_type": "Positive",
    "source": {
      "act": "Doesn't have to be used very often that's right, yeah.",
      "ae_type": "Statement",
      "end_time": 1761.82,
      "speaker_id": "B",
      "start_time": 1759.44
    },
    "target": {
      "act": "Yeah, and it's",
      "ae_type": "Statement",
      "end_time": 1762.52,
      "speaker_id": "C",
      "start_time": 1761.38
    }
  },
  {
    "ar_type": "Negative",
    "source": {
      "act": "This person probably need to use this feature like once, you know, when you first buy the remote control, or whenever they buy a new television",
      "ae_type": "Weak statement",
      "end_time": 1758.32,
      "speaker_id": "C",
      "start_time": 1751.81
    },
    "target": {
      "act": "Yeah. But it's a but it's a nuisance. And it's a nuisance very close to the to um to actually purchasing it, so it's something that you're likely to be thinking about. If you if there's w i if there's one in the shop that's that says it can avoid much of that nuisance, you might be favourably inclined towards it. Um mm.",
      "ae_type": "Statement",
      "end_time": 1786.03,
      "speaker_id": "A",
      "start_time": 1761.92
    }
  },
  {
    "ar_type": "Positive",
    "source": {
      "act": "Yeah. But it's a but it's a nuisance. And it's a nuisance very close to the to um to actually purchasing it, so it's something that you're likely to be thinking about. If you if there's w i if there's one in the shop that's that says it can avoid much of that nuisance, you might be favourably inclined towards it. Um mm.",
      "ae_type": "Statement",
      "end_time": 1786.03,
      "speaker_id": "A",
      "start_time": 1761.92
    },
    "target": {
      "act": "Mm.",
      "ae_type": "Statement",
      "end_time": 1770.04,
      "speaker_id": "C",
      "start_time": 1769.89
    }
  },
  {
    "ar_type": "Option",
    "source": {
      "act": "The U_S_B_ for which?",
      "ae_type": "Open issue",
      "end_time": 2040.25,
      "speaker_id": "D",
      "start_time": 2039.17
    },
    "target": {
      "act": "For the remote control.",
      "ae_type": "Statement",
      "end_time": 2041.48,
      "speaker_id": "C",
      "start_time": 2040.66
    }
  },
  {
    "ar_type": "Elaboration",
    "source": {
      "act": "For the remote control.",
      "ae_type": "Statement",
      "end_time": 2041.48,
      "speaker_id": "C",
      "start_time": 2040.66
    },
    "target": {
      "act": "The the idea was that maybe it could connect up for um allowing a software interface on the P_C_ for a larger programming due to the fact that we've gone for such a nice, easy minimal design, normally.",
      "ae_type": "Weak statement",
      "end_time": 2053.56,
      "speaker_id": "B",
      "start_time": 2041.83
    }
  },
  {
    "ar_type": "Positive",
    "source": {
      "act": "The the idea was that maybe it could connect up for um allowing a software interface on the P_C_ for a larger programming due to the fact that we've gone for such a nice, easy minimal design, normally.",
      "ae_type": "Weak statement",
      "end_time": 2053.56,
      "speaker_id": "B",
      "start_time": 2041.83
    },
    "target": {
      "act": "Oh right, okay.",
      "ae_type": "Statement",
      "end_time": 2048.64,
      "speaker_id": "D",
      "start_time": 2047.62
    }
  },
  {
    "ar_type": "Positive",
    "source": {
      "act": "The the idea was that maybe it could connect up for um allowing a software interface on the P_C_ for a larger programming due to the fact that we've gone for such a nice, easy minimal design, normally.",
      "ae_type": "Weak statement",
      "end_time": 2053.56,
      "speaker_id": "B",
      "start_time": 2041.83
    },
    "target": {
      "act": "We've w definitely talking some type of",
      "ae_type": "Statement",
      "end_time": 2056.83,
      "speaker_id": "C",
      "start_time": 2054.66
    }
  },
  {
    "ar_type": "Uncertain",
    "source": {
      "act": "We've w definitely talking some type of",
      "ae_type": "Statement",
      "end_time": 2056.83,
      "speaker_id": "C",
      "start_time": 2054.66
    },
    "target": {
      "act": "But didn't they just say it's just for T_V_, or are we gonna",
      "ae_type": "A/B issue",
      "end_time": 2060.8,
      "speaker_id": "D",
      "start_time": 2057.5
    }
  },
  {
    "ar_type": "Positive",
    "source": {
      "act": "But didn't they just say it's just for T_V_, or are we gonna",
      "ae_type": "A/B issue",
      "end_time": 2060.8,
      "speaker_id": "D",
      "start_time": 2057.5
    },
    "target": {
      "act": "It's just for T_V_, but for programming it to use your T_V_, you might hook it up to the P_C_.",
      "ae_type": "Statement",
      "end_time": 2068.26,
      "speaker_id": "B",
      "start_time": 2060.74
    }
  },
  {
    "ar_type": "Uncertain",
    "source": {
      "act": "It's just for T_V_, but for programming it to use your T_V_, you might hook it up to the P_C_.",
      "ae_type": "Statement",
      "end_time": 2068.26,
      "speaker_id": "B",
      "start_time": 2060.74
    },
    "target": {
      "act": "I I'm not sure, but I'm thinking maybe that the additional cost of the U_S_B_ might be prohibitive. We don't know unless it would make sense to.",
      "ae_type": "Weak statement",
      "end_time": 2076.4,
      "speaker_id": "B",
      "start_time": 2068.26
    }
  },
  {
    "ar_type": "Positive",
    "source": {
      "act": "I I'm not sure, but I'm thinking maybe that the additional cost of the U_S_B_ might be prohibitive. We don't know unless it would make sense to.",
      "ae_type": "Weak statement",
      "end_time": 2076.4,
      "speaker_id": "B",
      "start_time": 2068.26
    },
    "target": {
      "act": "Okay, yeah.",
      "ae_type": "Statement",
      "end_time": 2066.49,
      "speaker_id": "D",
      "start_time": 2065.65
    }
  },
  {
    "ar_type": "Positive",
    "source": {
      "act": "I I'm not sure, but I'm thinking maybe that the additional cost of the U_S_B_ might be prohibitive. We don't know unless it would make sense to.",
      "ae_type": "Weak statement",
      "end_time": 2076.4,
      "speaker_id": "B",
      "start_time": 2068.26
    },
    "target": {
      "act": "Mm.",
      "ae_type": "Statement",
      "end_time": 2074.7,
      "speaker_id": "A",
      "start_time": 2074.31
    }
  },
  {
    "ar_type": "Subject-to",
    "source": {
      "act": "It's just for T_V_, but for programming it to use your T_V_, you might hook it up to the P_C_.",
      "ae_type": "Statement",
      "end_time": 2068.26,
      "speaker_id": "B",
      "start_time": 2060.74
    },
    "target": {
      "act": "But you're gonna need some type of flash memory or something. Well something that doesn't you wouldn't have to redo the whole thing once the batteries are changed, you know, once you turn off the power.",
      "ae_type": "Statement",
      "end_time": 2086.27,
      "speaker_id": "C",
      "start_time": 2076.84
    }
  },
  {
    "ar_type": "Positive",
    "source": {
      "act": "But you're gonna need some type of flash memory or something. Well something that doesn't you wouldn't have to redo the whole thing once the batteries are changed, you know, once you turn off the power.",
      "ae_type": "Statement",
      "end_time": 2086.27,
      "speaker_id": "C",
      "start_time": 2076.84
    },
    "target": {
      "act": "Yeah.",
      "ae_type": "Statement",
      "end_time": 2082.83,
      "speaker_id": "A",
      "start_time": 2082.38
    }
  },
  {
    "ar_type": "Positive",
    "source": {
      "act": "But you're gonna need some type of flash memory or something. Well something that doesn't you wouldn't have to redo the whole thing once the batteries are changed, you know, once you turn off the power.",
      "ae_type": "Statement",
      "end_time": 2086.27,
      "speaker_id": "C",
      "start_time": 2076.84
    },
    "target": {
      "act": "Yeah. The other thing I mean it I mean it would need to ha it would need to have um some sort of on board memory anyway. Um f for one for one thing because I do think that the menu system should be um uh I mean although you know, it's not going to be terribly complicated if it's just controlling one device, the menu system ought to be um o ought to be customisable and uh",
      "ae_type": "Statement",
      "end_time": 2113.49,
      "speaker_id": "A",
      "start_time": 2085.33
    }
  },
  {
    "ar_type": "Positive",
    "source": {
      "act": "Yeah. The other thing I mean it I mean it would need to ha it would need to have um some sort of on board memory anyway. Um f for one for one thing because I do think that the menu system should be um uh I mean although you know, it's not going to be terribly complicated if it's just controlling one device, the menu system ought to be um o ought to be customisable and uh",
      "ae_type": "Statement",
      "end_time": 2113.49,
      "speaker_id": "A",
      "start_time": 2085.33
    },
    "target": {
      "act": "Yeah.",
      "ae_type": "Statement",
      "end_time": 2093.67,
      "speaker_id": "C",
      "start_time": 2093.24
    }
  },
  {
    "ar_type": "Specialization",
    "source": {
      "act": "Yeah. The other thing I mean it I mean it would need to ha it would need to have um some sort of on board memory anyway. Um f for one for one thing because I do think that the menu system should be um uh I mean although you know, it's not going to be terribly complicated if it's just controlling one device, the menu system ought to be um o ought to be customisable and uh",
      "ae_type": "Statement",
      "end_time": 2113.49,
      "speaker_id": "A",
      "start_time": 2085.33
    },
    "target": {
      "act": "Different languages, uh different skins and stuff like that.",
      "ae_type": "Statement",
      "end_time": 2117.13,
      "speaker_id": "C",
      "start_time": 2113.12
    }
  },
  {
    "ar_type": "Positive",
    "source": {
      "act": "Different languages, uh different skins and stuff like that.",
      "ae_type": "Statement",
      "end_time": 2117.13,
      "speaker_id": "C",
      "start_time": 2113.12
    },
    "target": {
      "act": "Mm-hmm.",
      "ae_type": "Statement",
      "end_time": 2117.34,
      "speaker_id": "B",
      "start_time": 2115.93
    }
  },
  {
    "ar_type": "Positive",
    "source": {
      "act": "Different languages, uh different skins and stuff like that.",
      "ae_type": "Statement",
      "end_time": 2117.13,
      "speaker_id": "C",
      "start_time": 2113.12
    },
    "target": {
      "act": "Mm-hmm.",
      "ae_type": "Statement",
      "end_time": 2117.53,
      "speaker_id": "A",
      "start_time": 2116.71
    }
  },
  {
    "ar_type": "Uncertain",
    "source": {
      "act": "Yeah. The other thing I mean it I mean it would need to ha it would need to have um some sort of on board memory anyway. Um f for one for one thing because I do think that the menu system should be um uh I mean although you know, it's not going to be terribly complicated if it's just controlling one device, the menu system ought to be um o ought to be customisable and uh",
      "ae_type": "Statement",
      "end_time": 2113.49,
      "speaker_id": "A",
      "start_time": 2085.33
    },
    "target": {
      "act": "How uh how uh how you want say the um the the menu structure for flicking through channels if you've got lots of channels. That sort of thing.",
      "ae_type": "Yes/No issue",
      "end_time": 2127.2,
      "speaker_id": "A",
      "start_time": 2117.53
    }
  },
  {
    "ar_type": "Positive",
    "source": {
      "act": "How uh how uh how you want say the um the the menu structure for flicking through channels if you've got lots of channels. That sort of thing.",
      "ae_type": "Yes/No issue",
      "end_time": 2127.2,
      "speaker_id": "A",
      "start_time": 2117.53
    },
    "target": {
      "act": "Sure. I if it was customisable as in different languages and stuff, that does open it is supposed to be international, right? So.",
      "ae_type": "Statement",
      "end_time": 2132.25,
      "speaker_id": "C",
      "start_time": 2125.38
    }
  },
  {
    "ar_type": "Positive",
    "source": {
      "act": "How uh how uh how you want say the um the the menu structure for flicking through channels if you've got lots of channels. That sort of thing.",
      "ae_type": "Yes/No issue",
      "end_time": 2127.2,
      "speaker_id": "A",
      "start_time": 2117.53
    },
    "target": {
      "act": "It would make sense to. I would say to. Um and we'd better be careful about the time as well. We've already had the five minute warning, so. Um. I would say yeah.",
      "ae_type": "Statement",
      "end_time": 2144.13,
      "speaker_id": "B",
      "start_time": 2132.94
    }
  },
  {
    "ar_type": "Positive",
    "source": {
      "act": "How uh how uh how you want say the um the the menu structure for flicking through channels if you've got lots of channels. That sort of thing.",
      "ae_type": "Yes/No issue",
      "end_time": 2127.2,
      "speaker_id": "A",
      "start_time": 2117.53
    },
    "target": {
      "act": "It would make sense if you could",
      "ae_type": "Statement",
      "end_time": 2135.42,
      "speaker_id": "C",
      "start_time": 2134.17
    }
  },
  {
    "ar_type": "Positive",
    "source": {
      "act": "How uh how uh how you want say the um the the menu structure for flicking through channels if you've got lots of channels. That sort of thing.",
      "ae_type": "Yes/No issue",
      "end_time": 2127.2,
      "speaker_id": "A",
      "start_time": 2117.53
    },
    "target": {
      "act": "Okay.",
      "ae_type": "Statement",
      "end_time": 2139.41,
      "speaker_id": "C",
      "start_time": 2139.13
    }
  },
  {
    "ar_type": "Positive",
    "source": {
      "act": "Sure. I if it was customisable as in different languages and stuff, that does open it is supposed to be international, right? So.",
      "ae_type": "Statement",
      "end_time": 2132.25,
      "speaker_id": "C",
      "start_time": 2125.38
    },
    "target": {
      "act": "International would make sense.",
      "ae_type": "Statement",
      "end_time": 2147.67,
      "speaker_id": "B",
      "start_time": 2145.85
    }
  },
  {
    "ar_type": "Positive",
    "source": {
      "act": "International would make sense.",
      "ae_type": "Statement",
      "end_time": 2147.67,
      "speaker_id": "B",
      "start_time": 2145.85
    },
    "target": {
      "act": "Yeah.",
      "ae_type": "Statement",
      "end_time": 2158.52,
      "speaker_id": "A",
      "start_time": 2158.02
    }
  },
  {
    "ar_type": "Positive",
    "source": {
      "act": "I think we've got an idea of where we need to go for the next meeting, would you say?",
      "ae_type": "Yes/No issue",
      "end_time": 2175.12,
      "speaker_id": "B",
      "start_time": 2171.66
    },
    "target": {
      "act": "Yeah.",
      "ae_type": "Statement",
      "end_time": 2175.53,
      "speaker_id": "C",
      "start_time": 2175.16
    }
  },
  {
    "ar_type": "Positive",
    "source": {
      "act": "I think we've got an idea of where we need to go for the next meeting, would you say?",
      "ae_type": "Yes/No issue",
      "end_time": 2175.12,
      "speaker_id": "B",
      "start_time": 2171.66
    },
    "target": {
      "act": "they're going with the fashion thing, like the design, spongy rubber. Yeah.",
      "ae_type": "Statement",
      "end_time": 2184.01,
      "speaker_id": "D",
      "start_time": 2176.44
    }
  },
  {
    "ar_type": "Positive",
    "source": {
      "act": "they're going with the fashion thing, like the design, spongy rubber. Yeah.",
      "ae_type": "Statement",
      "end_time": 2184.01,
      "speaker_id": "D",
      "start_time": 2176.44
    },
    "target": {
      "act": "Mm-hmm.",
      "ae_type": "Statement",
      "end_time": 2176.39,
      "speaker_id": "A",
      "start_time": 2175.96
    }
  },
  {
    "ar_type": "Option",
    "source": {
      "act": "I think we've got an idea of where we need to go for the next meeting, would you say?",
      "ae_type": "Yes/No issue",
      "end_time": 2175.12,
      "speaker_id": "B",
      "start_time": 2171.66
    },
    "target": {
      "act": "The fruit and veg.",
      "ae_type": "Statement",
      "end_time": 2180.24,
      "speaker_id": "C",
      "start_time": 2179.41
    }
  },
  {
    "ar_type": "Specialization",
    "source": {
      "act": "The fruit and veg.",
      "ae_type": "Statement",
      "end_time": 2180.24,
      "speaker_id": "C",
      "start_time": 2179.41
    },
    "target": {
      "act": "This one",
      "ae_type": "Statement",
      "end_time": 2181.91,
      "speaker_id": "C",
      "start_time": 2181.42
    }
  },
  {
    "ar_type": "Positive",
    "source": {
      "act": "This one",
      "ae_type": "Statement",
      "end_time": 2181.91,
      "speaker_id": "C",
      "start_time": 2181.42
    },
    "target": {
      "act": "Yeah, I would s that would be my my feeling.",
      "ae_type": "Statement",
      "end_time": 2186.08,
      "speaker_id": "B",
      "start_time": 2182.55
    }
  },
  {
    "ar_type": "Positive",
    "source": {
      "act": "This one",
      "ae_type": "Statement",
      "end_time": 2181.91,
      "speaker_id": "C",
      "start_time": 2181.42
    },
    "target": {
      "act": "Mm.",
      "ae_type": "Statement",
      "end_time": 2182.7,
      "speaker_id": "A",
      "start_time": 2182.34
    }
  },
  {
    "ar_type": "Option-exclusion",
    "source": {
      "act": "I think we've got an idea of where we need to go for the next meeting, would you say?",
      "ae_type": "Yes/No issue",
      "end_time": 2175.12,
      "speaker_id": "B",
      "start_time": 2171.66
    },
    "target": {
      "act": "I th I think I would largely want to actually steer clear of the whole sort of fruit and veg thing.",
      "ae_type": "Weak statement",
      "end_time": 2190.17,
      "speaker_id": "A",
      "start_time": 2185.29
    }
  },
  {
    "ar_type": "Option",
    "source": {
      "act": "I think we've got an idea of where we need to go for the next meeting, would you say?",
      "ae_type": "Yes/No issue",
      "end_time": 2175.12,
      "speaker_id": "B",
      "start_time": 2171.66
    },
    "target": {
      "act": "Bu but um but the spongy idea I like. I like it a lot.",
      "ae_type": "Statement",
      "end_time": 2197.47,
      "speaker_id": "A",
      "start_time": 2191.19
    }
  },
  {
    "ar_type": "Positive",
    "source": {
      "act": "Bu but um but the spongy idea I like. I like it a lot.",
      "ae_type": "Statement",
      "end_time": 2197.47,
      "speaker_id": "A",
      "start_time": 2191.19
    },
    "target": {
      "act": "We seem to have quite a general consensus that the idea of the the r rubber could be quite",
      "ae_type": "Statement",
      "end_time": 2203.01,
      "speaker_id": "B",
      "start_time": 2197.87
    }
  },
  {
    "ar_type": "Positive",
    "source": {
      "act": "We seem to have quite a general consensus that the idea of the the r rubber could be quite",
      "ae_type": "Statement",
      "end_time": 2203.01,
      "speaker_id": "B",
      "start_time": 2197.87
    },
    "target": {
      "act": "Yeah.",
      "ae_type": "Statement",
      "end_time": 2198.24,
      "speaker_id": "C",
      "start_time": 2197.88
    }
  },
  {
    "ar_type": "Option",
    "source": {
      "act": "We seem to have quite a general consensus that the idea of the the r rubber could be quite",
      "ae_type": "Statement",
      "end_time": 2203.01,
      "speaker_id": "B",
      "start_time": 2197.87
    },
    "target": {
      "act": "I having it i having it sort of br bright yellow I think that's quite a good idea, though maybe we could have options for colours as well.",
      "ae_type": "Weak statement",
      "end_time": 2213.12,
      "speaker_id": "A",
      "start_time": 2203.99
    }
  },
  {
    "ar_type": "Positive",
    "source": {
      "act": "I having it i having it sort of br bright yellow I think that's quite a good idea, though maybe we could have options for colours as well.",
      "ae_type": "Weak statement",
      "end_time": 2213.12,
      "speaker_id": "A",
      "start_time": 2203.99
    },
    "target": {
      "act": "Yeah.",
      "ae_type": "Statement",
      "end_time": 2214.65,
      "speaker_id": "C",
      "start_time": 2214.44
    }
  },
  {
    "ar_type": "Positive",
    "source": {
      "act": "I having it i having it sort of br bright yellow I think that's quite a good idea, though maybe we could have options for colours as well.",
      "ae_type": "Weak statement",
      "end_time": 2213.12,
      "speaker_id": "A",
      "start_time": 2203.99
    },
    "target": {
      "act": "and again this has the advantage of being harder to lose.",
      "ae_type": "Statement",
      "end_time": 2219.3,
      "speaker_id": "A",
      "start_time": 2215.85
    }
  },
  {
    "ar_type": "Positive",
    "source": {
      "act": "I having it i having it sort of br bright yellow I think that's quite a good idea, though maybe we could have options for colours as well.",
      "ae_type": "Weak statement",
      "end_time": 2213.12,
      "speaker_id": "A",
      "start_time": 2203.99
    },
    "target": {
      "act": "Sure. I mean we are trying to promote a remote control, but we wanna keep the company brand as well, so.",
      "ae_type": "Statement",
      "end_time": 2224.67,
      "speaker_id": "C",
      "start_time": 2219.28
    }
  },
  {
    "ar_type": "Positive",
    "source": {
      "act": "Sure. I mean we are trying to promote a remote control, but we wanna keep the company brand as well, so.",
      "ae_type": "Statement",
      "end_time": 2224.67,
      "speaker_id": "C",
      "start_time": 2219.28
    },
    "target": {
      "act": "Yeah. So we always need to remember that somewhere we're meant to be getting the slogan on.",
      "ae_type": "Statement",
      "end_time": 2228.36,
      "speaker_id": "B",
      "start_time": 2224.84
    }
  },
  {
    "ar_type": "Positive",
    "source": {
      "act": "Yeah. So we always need to remember that somewhere we're meant to be getting the slogan on.",
      "ae_type": "Statement",
      "end_time": 2228.36,
      "speaker_id": "B",
      "start_time": 2224.84
    },
    "target": {
      "act": "Mm-hmm.",
      "ae_type": "Statement",
      "end_time": 2224.89,
      "speaker_id": "A",
      "start_time": 2224.56
    }
  },
  {
    "ar_type": "Positive",
    "source": {
      "act": "Yeah. So we always need to remember that somewhere we're meant to be getting the slogan on.",
      "ae_type": "Statement",
      "end_time": 2228.36,
      "speaker_id": "B",
      "start_time": 2224.84
    },
    "target": {
      "act": "Possibly I'm think I'm not sure but I'm seeing a little bit of space around maybe the joystick area which could be used. Um.",
      "ae_type": "Weak statement",
      "end_time": 2237.47,
      "speaker_id": "B",
      "start_time": 2230.23
    }
  },
  {
    "ar_type": "Positive",
    "source": {
      "act": "Possibly I'm think I'm not sure but I'm seeing a little bit of space around maybe the joystick area which could be used. Um.",
      "ae_type": "Weak statement",
      "end_time": 2237.47,
      "speaker_id": "B",
      "start_time": 2230.23
    },
    "target": {
      "act": "Mm.",
      "ae_type": "Statement",
      "end_time": 2235.65,
      "speaker_id": "A",
      "start_time": 2235.23
    }
  },
  {
    "ar_type": "Positive",
    "source": {
      "act": "Possibly I'm think I'm not sure but I'm seeing a little bit of space around maybe the joystick area which could be used. Um.",
      "ae_type": "Weak statement",
      "end_time": 2237.47,
      "speaker_id": "B",
      "start_time": 2230.23
    },
    "target": {
      "act": "Yeah. I was like like I said before I I think we should have the R_R_ on the uh on the top function button.",
      "ae_type": "Statement",
      "end_time": 2243.92,
      "speaker_id": "A",
      "start_time": 2236.92
    }
  },
  {
    "ar_type": "Positive",
    "source": {
      "act": "Yeah. I was like like I said before I I think we should have the R_R_ on the uh on the top function button.",
      "ae_type": "Statement",
      "end_time": 2243.92,
      "speaker_id": "A",
      "start_time": 2236.92
    },
    "target": {
      "act": "Okay. And I think that says it all really.",
      "ae_type": "Statement",
      "end_time": 2249.43,
      "speaker_id": "B",
      "start_time": 2245.62
    }
  },
  {
    "ar_type": "Positive",
    "source": {
      "act": "Yeah. I was like like I said before I I think we should have the R_R_ on the uh on the top function button.",
      "ae_type": "Statement",
      "end_time": 2243.92,
      "speaker_id": "A",
      "start_time": 2236.92
    },
    "target": {
      "act": "I think so too.",
      "ae_type": "Statement",
      "end_time": 2248.85,
      "speaker_id": "C",
      "start_time": 2248.02
    }
  }
]