[
  {
    "segments": [
      {
        "end_time": 211.088,
        "segment": "three different types of batteries. Um can either use a hand dynamo, or the kinetic type ones, you know that they use in watches, or else uh a solar powered one.",
        "start_time": 194.784
      },
      {
        "end_time": 209.106,
        "segment": "Okay.",
        "start_time": 208.07
      },
      {
        "end_time": 213.28,
        "segment": "Um.",
        "start_time": 212.112
      },
      {
        "end_time": 231.584,
        "segment": "Now, the kinetic one, we've 'cause that's the ones where like you the movement causes it. Um the bat uh the battery for a a watch wouldn't require a lot of power, would be my one query. Is a kinetic one going to be able to supply enough power?",
        "start_time": 211.456
      },
      {
        "end_time": 215.936,
        "segment": "Cost is",
        "start_time": 214.928
      },
      {
        "end_time": 218.96,
        "segment": "Yeah.",
        "start_time": 218.121
      },
      {
        "end_time": 218.892,
        "segment": "Yeah.",
        "start_time": 218.115
      },
      {
        "end_time": 234.8,
        "segment": "Mm. There's also a watch moves around a great deal more.",
        "start_time": 227.111
      },
      {
        "end_time": 233.296,
        "segment": "Do you think?",
        "start_time": 232.338
      },
      {
        "end_time": 233.632,
        "segment": "Uh.",
        "start_time": 232.556
      },
      {
        "end_time": 236.96,
        "segment": "Yeah.",
        "start_time": 234.89
      },
      {
        "end_time": 236.008,
        "segment": "W",
        "start_time": 235.41
      },
      {
        "end_time": 243.952,
        "segment": "Yeah, I don't think it would. Um. And solar cells, I dunno about that.",
        "start_time": 235.829
      },
      {
        "end_time": 245.376,
        "segment": "yeah.",
        "start_time": 243.572
      },
      {
        "end_time": 255.392,
        "segment": "Uh. We should probably just use conventional batteries. Um, just like in usual remote controls.",
        "start_time": 245.584
      },
      {
        "end_time": 259.824,
        "segment": "Which I suppose as well would allow us to go off the shelf again, you'd say?",
        "start_time": 255.894
      },
      {
        "end_time": 259.872,
        "segment": "Um. Yeah.",
        "start_time": 256.294
      }
    ],
    "type": "Three types of batteries"
  },
  {
    "segments": [
      {
        "end_time": 1647.744,
        "segment": "S oh, I was gonna talk about the programmable remote control. Now I think it'd be cool if you had one remote control that could work with all T_V_s, you know you s you click a button and it finds the frequency that works with your particular television. But why you'd need to program it like as as a standard feature, I I don't know.",
        "start_time": 1629.008
      },
      {
        "end_time": 1663.824,
        "segment": "Mm-hmm. Well basi basically the um for f for uh I mean e each manufacturer will have a partic will have a particular command set that uh the T_V_ responds to. It's not simply a matter of frequency. So um",
        "start_time": 1643.024
      },
      {
        "end_time": 1659.216,
        "segment": "Mm-hmm.",
        "start_time": 1658.293
      },
      {
        "end_time": 1660.185,
        "segment": "Yeah.",
        "start_time": 1659.843
      },
      {
        "end_time": 1684.56,
        "segment": "usually what's done is you have this big booklet full of different possi you'll have all of them sort of programmed in to the uh remote, and you'll have this little booklet of codes you then find your um ma uh find your manufacturer and try the different codes that",
        "start_time": 1664.977
      },
      {
        "end_time": 1685.328,
        "segment": "Mm-hmm. Mm-hmm.",
        "start_time": 1677.216
      },
      {
        "end_time": 1689.214,
        "segment": "come under that manufacturer's name 'til you find the right one. It's",
        "start_time": 1685.6
      },
      {
        "end_time": 1693.92,
        "segment": "That's because televisions, they don't give the remote control any type of feedback when you send it. Okay.",
        "start_time": 1688.464
      },
      {
        "end_time": 1711.632,
        "segment": "Yeah, that's right. So that's that's quite annoying and we probably would still have to do that. But if we had um some sort of hook-up to your computer as an option, then if you've got a computer you can avoid that rather irritating thing.",
        "start_time": 1692.895
      },
      {
        "end_time": 1738.8,
        "segment": "An interesting point is that if the person doesn't have the computer, we can still make the process easier because instead of having to look up codes, maybe we can have it that one of the options they have is that they look up the name of the company on the L_C_D_ and then they maybe look up different names of um different actual units that have been produced. Or we have the remote control just go through them until it's like does this do the correct function, and such.",
        "start_time": 1711.5
      },
      {
        "end_time": 1729.296,
        "segment": "Yeah. Yeah.",
        "start_time": 1725.993
      },
      {
        "end_time": 1743.744,
        "segment": "Is it is it actually a book of names to digits, or is it like a few pages?",
        "start_time": 1738.8
      },
      {
        "end_time": 1746.976,
        "segment": "Um booklet. Some pages.",
        "start_time": 1743.551
      },
      {
        "end_time": 1760.487,
        "segment": "I was just thinking, if we were to store this information, some type of mapping. This person probably need to use this feature like once, you know, when you first buy the remote control, or whenever they buy a new television, so once every s",
        "start_time": 1747.088
      },
      {
        "end_time": 1760.008,
        "segment": "Yeah.",
        "start_time": 1759.026
      },
      {
        "end_time": 1761.936,
        "segment": "Doesn't have to be used very often that's right, yeah.",
        "start_time": 1759.12
      },
      {
        "end_time": 1762.68,
        "segment": "Yeah, and it's",
        "start_time": 1761.36
      },
      {
        "end_time": 1786.224,
        "segment": "Yeah. But it's a but it's a nuisance. And it's a nuisance very close to the to um to actually purchasing it, so it's something that you're likely to be thinking about. If you if there's w i if there's one in the shop that's that says it can avoid much of that nuisance, you might be favourably inclined towards it. Um mm.",
        "start_time": 1761.69
      },
      {
        "end_time": 1780.512,
        "segment": "Mm. Mm.",
        "start_time": 1769.872
      }
    ],
    "type": "Manufacturer codes"
  },
  {
    "segments": [
      {
        "end_time": 2040.288,
        "segment": "The U_S_B_ for which?",
        "start_time": 2039.152
      },
      {
        "end_time": 2041.52,
        "segment": "For the remote control.",
        "start_time": 2040.364
      },
      {
        "end_time": 2053.68,
        "segment": "The the idea was that maybe it could connect up for um allowing a software interface on the P_C_ for a larger programming due to the fact that we've gone for such a nice, easy minimal design, normally.",
        "start_time": 2041.588
      },
      {
        "end_time": 2048.825,
        "segment": "Oh right, okay.",
        "start_time": 2047.298
      },
      {
        "end_time": 2056.944,
        "segment": "We've w definitely talking some type of",
        "start_time": 2054.64
      },
      {
        "end_time": 2055.733,
        "segment": "Um.",
        "start_time": 2054.896
      },
      {
        "end_time": 2060.832,
        "segment": "But didn't they just say it's just for T_V_, or are we gonna",
        "start_time": 2057.168
      },
      {
        "end_time": 2062.784,
        "segment": "It's just for T_V_, but for",
        "start_time": 2059.856
      },
      {
        "end_time": 2063.712,
        "segment": "Different.",
        "start_time": 2063.104
      },
      {
        "end_time": 2076.896,
        "segment": "programming it to use your T_V_, you might hook it up to the P_C_. I I'm not sure, but I'm thinking maybe that the additional cost of the U_S_B_ might be prohibitive. We don't know unless it would make sense to.",
        "start_time": 2063.92
      },
      {
        "end_time": 2066.549,
        "segment": "Okay, yeah.",
        "start_time": 2065.267
      },
      {
        "end_time": 2074.985,
        "segment": "Mm.",
        "start_time": 2074.155
      },
      {
        "end_time": 2086.304,
        "segment": "But you're gonna need some type of flash memory or something. Well something that doesn't you wouldn't have to redo the whole thing once the batteries are changed, you know, once you turn off the power.",
        "start_time": 2076.816
      },
      {
        "end_time": 2109.36,
        "segment": "Yeah, I mean it's Yeah. Yeah. The other thing I mean it I mean it would need to ha it would need to have um some sort of on board memory anyway. Um f for one for one thing because I do think that the menu system should be um uh I mean although you know, it's not going to be terribly complicated if it's just controlling one device, the menu system ought to be um",
        "start_time": 2076.731
      },
      {
        "end_time": 2093.819,
        "segment": "Yeah.",
        "start_time": 2092.904
      },
      {
        "end_time": 2113.636,
        "segment": "o ought to be customisable and uh",
        "start_time": 2111.104
      },
      {
        "end_time": 2117.168,
        "segment": "Different languages, uh different skins and stuff like that.",
        "start_time": 2113.104
      },
      {
        "end_time": 2117.945,
        "segment": "Mm-hmm. W",
        "start_time": 2115.76
      },
      {
        "end_time": 2127.25,
        "segment": "Mm-hmm. How uh how uh how you want say the um the the menu structure for flicking through channels if you've got lots of channels. That sort of thing.",
        "start_time": 2116.688
      },
      {
        "end_time": 2132.32,
        "segment": "Sure. I if it was customisable as in different languages and stuff, that does open it is supposed to be international, right? So.",
        "start_time": 2125.147
      },
      {
        "end_time": 2144.192,
        "segment": "It would make sense to. I would say to. Um and we'd better be careful about the time as well. We've already had the five minute warning, so. Um. I would say yeah.",
        "start_time": 2132.704
      },
      {
        "end_time": 2139.59,
        "segment": "It would make sense if you could Okay.",
        "start_time": 2133.971
      },
      {
        "end_time": 2165.36,
        "segment": "International would make sense. Um you're gonna look at product evaluation. I'm I'd better start writing up a hell of a lot of crap. Um you're gonna look a bit more at the kind of the physical make up you say. Um looks like we're gonna need a maybe a kind of prototype in clay. Uh we'll see how that goes. Um.",
        "start_time": 2145.68
      },
      {
        "end_time": 2158.69,
        "segment": "Yeah.",
        "start_time": 2157.755
      }
    ],
    "type": "USB functionality"
  },
  {
    "segments": [
      {
        "end_time": 2175.216,
        "segment": "So um do I think we've got an idea of where we need to go for the next meeting, would you say?",
        "start_time": 2166.72
      },
      {
        "end_time": 2175.584,
        "segment": "Yeah.",
        "start_time": 2175.136
      },
      {
        "end_time": 2184.288,
        "segment": "they're going with the fashion thing, like the design, spongy rubber. Yeah.",
        "start_time": 2175.76
      },
      {
        "end_time": 2176.577,
        "segment": "Mm-hmm.",
        "start_time": 2175.936
      },
      {
        "end_time": 2182.046,
        "segment": "The fruit and veg. This one.",
        "start_time": 2179.024
      },
      {
        "end_time": 2186.221,
        "segment": "Yeah, I would s that would be my my feeling.",
        "start_time": 2182.032
      },
      {
        "end_time": 2190.317,
        "segment": "Mm. I th I think I would largely want to actually steer clear of the whole sort of fruit and veg thing.",
        "start_time": 2182.126
      },
      {
        "end_time": 0.0,
        "segment": false,
        "start_time": 99999999.99
      },
      {
        "end_time": 2197.648,
        "segment": "Bu but um but the spongy idea I like. I like it a lot.",
        "start_time": 2191.168
      },
      {
        "end_time": 2203.056,
        "segment": "We seem to have quite a general consensus that the idea of the the r rubber could be quite",
        "start_time": 2197.584
      },
      {
        "end_time": 2198.346,
        "segment": "Yeah.",
        "start_time": 2197.724
      },
      {
        "end_time": 0.0,
        "segment": false,
        "start_time": 99999999.99
      },
      {
        "end_time": 2203.456,
        "segment": "Yeah.",
        "start_time": 2202.896
      },
      {
        "end_time": 2213.328,
        "segment": "I having it i having it sort of br bright yellow I think that's quite a good idea, though maybe we could have options for colours as well.",
        "start_time": 2203.536
      },
      {
        "end_time": 2214.688,
        "segment": "Yeah.",
        "start_time": 2214.256
      },
      {
        "end_time": 2219.342,
        "segment": "and again this has the advantage of being harder to lose.",
        "start_time": 2215.68
      },
      {
        "end_time": 2225.097,
        "segment": "Sure. I mean we are trying to promote a remote control, but we wanna keep the company brand as well, so.",
        "start_time": 2219.264
      },
      {
        "end_time": 2228.401,
        "segment": "Yeah. So we always need to remember that somewhere we're meant to be getting the slogan on.",
        "start_time": 2224.185
      },
      {
        "end_time": 2224.928,
        "segment": "Mm-hmm.",
        "start_time": 2224.544
      },
      {
        "end_time": 2237.52,
        "segment": "Possibly I'm think I'm not sure but I'm seeing a little bit of space around maybe the joystick area which could be used. Um.",
        "start_time": 2230.014
      },
      {
        "end_time": 2244.112,
        "segment": "Mm. Yeah. I was like like I said before I I think we should have the R_R_ on the uh on the top function button.",
        "start_time": 2235.2
      },
      {
        "end_time": 2251.794,
        "segment": "Okay. And I think that says it all really. Right. See everybody in a half hour.",
        "start_time": 2245.52
      },
      {
        "end_time": 2248.896,
        "segment": "I think so too.",
        "start_time": 2247.742
      }
    ],
    "type": "Remote design"
  }
]