[
  {
    "source": {
      "act": "Did anyone?",
      "count": 1,
      "end_time": 41.78,
      "start_time": 40.13
    },
    "target": {
      "act": "No.",
      "count": 1,
      "end_time": 41.78,
      "start_time": 41.15
    },
    "type": "Support/Possitive Assessment"
  },
  {
    "source": {
      "act": "No.",
      "count": 1,
      "end_time": 41.78,
      "start_time": 41.15
    },
    "target": {
      "act": "No.",
      "count": 1,
      "end_time": 42.72,
      "start_time": 41.78
    },
    "type": "Support/Possitive Assessment"
  },
  {
    "source": {
      "act": "Oh project project documents, yeah, yeah, yeah, okay.",
      "count": 1,
      "end_time": 61.47,
      "start_time": 58.86
    },
    "target": {
      "act": "Project documents, yeah.",
      "count": 1,
      "end_time": 62.34,
      "start_time": 60.32
    },
    "type": "Support/Possitive Assessment"
  },
  {
    "source": {
      "act": "Is it best if I send you an email maybe, to let you know it's there?",
      "count": 1,
      "end_time": 67.23,
      "start_time": 63.52
    },
    "target": {
      "act": "Yes, I think so.",
      "count": 1,
      "end_time": 69.09,
      "start_time": 67.7
    },
    "type": "Support/Possitive Assessment"
  },
  {
    "source": {
      "act": "Yes, I think so.",
      "count": 1,
      "end_time": 69.09,
      "start_time": 67.7
    },
    "target": {
      "act": "Yep.",
      "count": 1,
      "end_time": 69.27,
      "start_time": 68.42
    },
    "type": "Support/Possitive Assessment"
  },
  {
    "source": {
      "act": "Um then we need to briefly discuss the new project requirements that were sent to us.",
      "count": 1,
      "end_time": 97.58,
      "start_time": 91.78
    },
    "target": {
      "act": "Yeah,",
      "count": 1,
      "end_time": 98.07,
      "start_time": 97.83
    },
    "type": "Support/Possitive Assessment"
  },
  {
    "source": {
      "act": "at the last minute,",
      "count": 1,
      "end_time": 99.89,
      "start_time": 98.93
    },
    "target": {
      "act": "yeah.",
      "count": 1,
      "end_time": 99.89,
      "start_time": 99.6
    },
    "type": "Support/Possitive Assessment"
  },
  {
    "source": {
      "act": "but we can see how that affects what you were you were doing.",
      "count": 1,
      "end_time": 105.09,
      "start_time": 101.21
    },
    "target": {
      "act": "Yeah.",
      "count": 1,
      "end_time": 103.18,
      "start_time": 102.74
    },
    "type": "Support/Possitive Assessment"
  },
  {
    "source": {
      "act": "As uh who it is that we're going to be trying to sell this thing to,",
      "count": 1,
      "end_time": 141.08,
      "start_time": 137.19
    },
    "target": {
      "act": "Uh okay, 'kay.",
      "count": 1,
      "end_time": 141.61,
      "start_time": 140.14
    },
    "type": "Support/Possitive Assessment"
  },
  {
    "source": {
      "act": "Uh okay, 'kay.",
      "count": 1,
      "end_time": 141.61,
      "start_time": 140.14
    },
    "target": {
      "act": "yeah.",
      "count": 1,
      "end_time": 141.4,
      "start_time": 141.08
    },
    "type": "Support/Possitive Assessment"
  },
  {
    "source": {
      "act": "yeah, we need to have a fairly defined group that that we want to focus on",
      "count": 1,
      "end_time": 148.44,
      "start_time": 143.59
    },
    "target": {
      "act": "Okay.",
      "count": 1,
      "end_time": 147.14,
      "start_time": 146.57
    },
    "type": "Support/Possitive Assessment"
  },
  {
    "source": {
      "act": "So with that I think it's best if I hand over to you.",
      "count": 1,
      "end_time": 160.07,
      "start_time": 157.01
    },
    "target": {
      "act": "Alright.",
      "count": 1,
      "end_time": 161.05,
      "start_time": 160.63
    },
    "type": "Support/Possitive Assessment"
  },
  {
    "source": {
      "act": "Does anyone have a preference for going first?",
      "count": 1,
      "end_time": 162.97,
      "start_time": 160.07
    },
    "target": {
      "act": "I can go first,",
      "count": 1,
      "end_time": 165.19,
      "start_time": 163.53
    },
    "type": "Support/Possitive Assessment"
  },
  {
    "source": {
      "act": "I can go first,",
      "count": 1,
      "end_time": 165.19,
      "start_time": 163.53
    },
    "target": {
      "act": "You wanna go first?",
      "count": 1,
      "end_time": 165.58,
      "start_time": 164.53
    },
    "type": "Support/Possitive Assessment"
  },
  {
    "source": {
      "act": "You wanna go first?",
      "count": 1,
      "end_time": 165.58,
      "start_time": 164.53
    },
    "target": {
      "act": "yeah.",
      "count": 1,
      "end_time": 165.65,
      "start_time": 165.19
    },
    "type": "Support/Possitive Assessment"
  },
  {
    "source": {
      "act": "yeah.",
      "count": 1,
      "end_time": 165.65,
      "start_time": 165.19
    },
    "target": {
      "act": "Okay,",
      "count": 1,
      "end_time": 165.98,
      "start_time": 165.58
    },
    "type": "Support/Possitive Assessment"
  },
  {
    "source": {
      "act": "you don't have to do it now but when once you go back,",
      "count": 1,
      "end_time": 213.56,
      "start_time": 210.5
    },
    "target": {
      "act": "Okay, yeah, afterwards, yeah, okay.",
      "count": 1,
      "end_time": 212.53,
      "start_time": 210.9
    },
    "type": "Support/Possitive Assessment"
  },
  {
    "source": {
      "act": "you don't have to do it now but when once you go back,",
      "count": 1,
      "end_time": 213.56,
      "start_time": 210.5
    },
    "target": {
      "act": "Right sure.",
      "count": 1,
      "end_time": 213.66,
      "start_time": 213.17
    },
    "type": "Support/Possitive Assessment"
  },
  {
    "source": {
      "act": "Do you have any um i idea about costs at this point?",
      "count": 1,
      "end_time": 538.82,
      "start_time": 533.43
    },
    "target": {
      "act": "No, I don't have any idea about what each component costs.",
      "count": 1,
      "end_time": 542.74,
      "start_time": 538.55
    },
    "type": "Objection/Negative Assessment"
  },
  {
    "source": {
      "act": "So anything that you would like to know or",
      "count": 1,
      "end_time": 533.87,
      "start_time": 529.75
    },
    "target": {
      "act": "Do you have any um i idea about costs at this point?",
      "count": 1,
      "end_time": 538.82,
      "start_time": 533.43
    },
    "type": "Support/Possitive Assessment"
  },
  {
    "source": {
      "act": "'Cause that's something to consider, I guess,",
      "count": 1,
      "end_time": 550.52,
      "start_time": 547.97
    },
    "target": {
      "act": "Yeah.",
      "count": 1,
      "end_time": 551.66,
      "start_time": 551.41
    },
    "type": "Support/Possitive Assessment"
  },
  {
    "source": {
      "act": "if we're if we're using more advanced technology, it might increase the price.",
      "count": 1,
      "end_time": 557.55,
      "start_time": 550.52
    },
    "target": {
      "act": "Certainly, yeah.",
      "count": 1,
      "end_time": 555.78,
      "start_time": 554.68
    },
    "type": "Support/Possitive Assessment"
  },
  {
    "source": {
      "act": "if we're if we're using more advanced technology, it might increase the price.",
      "count": 1,
      "end_time": 557.55,
      "start_time": 550.52
    },
    "target": {
      "act": "yeah,",
      "count": 1,
      "end_time": 557.01,
      "start_time": 556.63
    },
    "type": "Support/Possitive Assessment"
  },
  {
    "source": {
      "act": "we definitely need to operate within our constraints,",
      "count": 1,
      "end_time": 560.56,
      "start_time": 557.01
    },
    "target": {
      "act": "Yeah.",
      "count": 1,
      "end_time": 560.22,
      "start_time": 559.87
    },
    "type": "Support/Possitive Assessment"
  },
  {
    "source": {
      "act": "so uh I just identified the functional components for that.",
      "count": 1,
      "end_time": 567.63,
      "start_time": 564.48
    },
    "target": {
      "act": "That's fine.",
      "count": 1,
      "end_time": 568.42,
      "start_time": 567.49
    },
    "type": "Support/Possitive Assessment"
  },
  {
    "source": {
      "act": "I think we need like some general discussion at the end probably.",
      "count": 1,
      "end_time": 580.69,
      "start_time": 577.45
    },
    "target": {
      "act": "Yeah, I think that will do.",
      "count": 1,
      "end_time": 581.61,
      "start_time": 579.94
    },
    "type": "Support/Possitive Assessment"
  },
  {
    "source": {
      "act": "I think we need like some general discussion at the end probably.",
      "count": 1,
      "end_time": 580.69,
      "start_time": 577.45
    },
    "target": {
      "act": "Yeah, okay.",
      "count": 1,
      "end_time": 581.85,
      "start_time": 580.23
    },
    "type": "Support/Possitive Assessment"
  },
  {
    "source": {
      "act": "Okay, so do you want to",
      "count": 1,
      "end_time": 582.66,
      "start_time": 581.61
    },
    "target": {
      "act": "Yeah,",
      "count": 1,
      "end_time": 582.99,
      "start_time": 582.73
    },
    "type": "Support/Possitive Assessment"
  },
  {
    "source": {
      "act": "I think since since we were discussing some um design issues then I I I would like to continue",
      "count": 1,
      "end_time": 590.15,
      "start_time": 582.99
    },
    "target": {
      "act": "Yes,",
      "count": 1,
      "end_time": 589.17,
      "start_time": 588.43
    },
    "type": "Support/Possitive Assessment"
  },
  {
    "source": {
      "act": "shall shall we pull this up?",
      "count": 1,
      "end_time": 591.27,
      "start_time": 589.17
    },
    "target": {
      "act": "okay, yeah.",
      "count": 1,
      "end_time": 591.67,
      "start_time": 590.15
    },
    "type": "Support/Possitive Assessment"
  },
  {
    "source": {
      "act": "Should it just",
      "count": 1,
      "end_time": 612.06,
      "start_time": 611.25
    },
    "target": {
      "act": "I it'll take some time.",
      "count": 1,
      "end_time": 613.36,
      "start_time": 612.24
    },
    "type": "Support/Possitive Assessment"
  },
  {
    "source": {
      "act": "Should it just",
      "count": 1,
      "end_time": 612.06,
      "start_time": 611.25
    },
    "target": {
      "act": "It ta takes a little",
      "count": 1,
      "end_time": 614.59,
      "start_time": 613.23
    },
    "type": "Support/Possitive Assessment"
  },
  {
    "source": {
      "act": "you need to then also press on yours, function F_ eight,",
      "count": 1,
      "end_time": 623.91,
      "start_time": 617.86
    },
    "target": {
      "act": "Oh right, right, right, um",
      "count": 1,
      "end_time": 621.95,
      "start_time": 620.26
    },
    "type": "Support/Possitive Assessment"
  },
  {
    "source": {
      "act": "so the blue function key at the bottom and F_ eight.",
      "count": 1,
      "end_time": 627.95,
      "start_time": 623.91
    },
    "target": {
      "act": "Okay.",
      "count": 1,
      "end_time": 627.01,
      "start_time": 626.5
    },
    "type": "Support/Possitive Assessment"
  },
  {
    "source": {
      "act": "I don't see anything on my computer now.",
      "count": 1,
      "end_time": 653.04,
      "start_time": 651.11
    },
    "target": {
      "act": "Oh, that's strange.",
      "count": 1,
      "end_time": 654.34,
      "start_time": 653.19
    },
    "type": "Uncertain"
  },
  {
    "source": {
      "act": "there's there's usually three modes, one where it's only here, one where it's only there, and one where it's both.",
      "count": 1,
      "end_time": 662.01,
      "start_time": 657.12
    },
    "target": {
      "act": "Okay.",
      "count": 1,
      "end_time": 660.56,
      "start_time": 660.24
    },
    "type": "Support/Possitive Assessment"
  },
  {
    "source": {
      "act": "yeah just wait for a moment,",
      "count": 1,
      "end_time": 671.76,
      "start_time": 670.5
    },
    "target": {
      "act": "Oh okay.",
      "count": 1,
      "end_time": 673.73,
      "start_time": 672.52
    },
    "type": "Support/Possitive Assessment"
  },
  {
    "source": {
      "act": "so the method I was um adopting at this point, it's not um for the for the whole um period of the um all the project but it's just at th at this very moment.",
      "count": 1,
      "end_time": 708.25,
      "start_time": 694.6
    },
    "target": {
      "act": "Mm-hmm.",
      "count": 1,
      "end_time": 708.23,
      "start_time": 707.87
    },
    "type": "Support/Possitive Assessment"
  },
  {
    "source": {
      "act": "cou could you go back for a second?",
      "count": 1,
      "end_time": 792.47,
      "start_time": 790.58
    },
    "target": {
      "act": "okay.",
      "count": 1,
      "end_time": 792.34,
      "start_time": 791.83
    },
    "type": "Support/Possitive Assessment"
  },
  {
    "source": {
      "act": "So at the for the time being that's uh that's all.",
      "count": 1,
      "end_time": 901.56,
      "start_time": 898.99
    },
    "target": {
      "act": "Yeah.",
      "count": 1,
      "end_time": 902.83,
      "start_time": 901.73
    },
    "type": "Support/Possitive Assessment"
  },
  {
    "source": {
      "act": "It's w it's just whether it's worth arguing about.",
      "count": 1,
      "end_time": 917.66,
      "start_time": 915.7
    },
    "target": {
      "act": "Yeah,",
      "count": 1,
      "end_time": 918.33,
      "start_time": 917.94
    },
    "type": "Support/Possitive Assessment"
  },
  {
    "source": {
      "act": "and also it's it's um other question is uh because there are so many different And there are so many different things that could possibly be included",
      "count": 1,
      "end_time": 930.55,
      "start_time": 918.33
    },
    "target": {
      "act": "Mm-hmm.",
      "count": 1,
      "end_time": 931.09,
      "start_time": 930.71
    },
    "type": "Support/Possitive Assessment"
  },
  {
    "source": {
      "act": "because besides video and D_V_D_ there are the mm um video C_D_s and whatever,",
      "count": 1,
      "end_time": 937.61,
      "start_time": 930.55
    },
    "target": {
      "act": "Yeah.",
      "count": 1,
      "end_time": 939.87,
      "start_time": 938.61
    },
    "type": "Support/Possitive Assessment"
  },
  {
    "source": {
      "act": "so it might be problematic to to choose between all these possible things.",
      "count": 1,
      "end_time": 944.46,
      "start_time": 937.61
    },
    "target": {
      "act": "Mm-hmm.",
      "count": 1,
      "end_time": 943.96,
      "start_time": 942.85
    },
    "type": "Support/Possitive Assessment"
  },
  {
    "source": {
      "act": "I mean um what other options would you have?",
      "count": 1,
      "end_time": 1001.14,
      "start_time": 998.37
    },
    "target": {
      "act": "A little screen or something,",
      "count": 1,
      "end_time": 1002.25,
      "start_time": 1001.14
    },
    "type": "Support/Possitive Assessment"
  },
  {
    "source": {
      "act": "but this would be really kind of I think a lot of learning for the user",
      "count": 1,
      "end_time": 1006.77,
      "start_time": 1002.25
    },
    "target": {
      "act": "Yeah,",
      "count": 1,
      "end_time": 1004.68,
      "start_time": 1003.5
    },
    "type": "Support/Possitive Assessment"
  },
  {
    "source": {
      "act": "but this would be really kind of I think a lot of learning for the user",
      "count": 1,
      "end_time": 1006.77,
      "start_time": 1002.25
    },
    "target": {
      "act": "yeah.",
      "count": 1,
      "end_time": 1006.65,
      "start_time": 1006.3
    },
    "type": "Support/Possitive Assessment"
  },
  {
    "source": {
      "act": "Uh I think the co costs will also play a big role when we come to know about them.",
      "count": 1,
      "end_time": 1029.38,
      "start_time": 1024.75
    },
    "target": {
      "act": "Yeah.",
      "count": 1,
      "end_time": 1029.76,
      "start_time": 1029.4
    },
    "type": "Support/Possitive Assessment"
  },
  {
    "source": {
      "act": "So well we can probably wait until t we have more knowledge on that.",
      "count": 1,
      "end_time": 1033.6,
      "start_time": 1029.38
    },
    "target": {
      "act": "Yeah.",
      "count": 1,
      "end_time": 1033.96,
      "start_time": 1033.46
    },
    "type": "Support/Possitive Assessment"
  },
  {
    "source": {
      "act": "because we do want something fancy and fashionable as well.",
      "count": 1,
      "end_time": 1043.21,
      "start_time": 1039.48
    },
    "target": {
      "act": "Yep.",
      "count": 1,
      "end_time": 1045.61,
      "start_time": 1045.43
    },
    "type": "Support/Possitive Assessment"
  },
  {
    "source": {
      "act": "because we do want something fancy and fashionable as well.",
      "count": 1,
      "end_time": 1043.21,
      "start_time": 1039.48
    },
    "target": {
      "act": "Sure,",
      "count": 1,
      "end_time": 1047.09,
      "start_time": 1046.6
    },
    "type": "Support/Possitive Assessment"
  },
  {
    "source": {
      "act": "we can discuss that maybe after the next one.",
      "count": 1,
      "end_time": 1050.17,
      "start_time": 1047.09
    },
    "target": {
      "act": "Cool.",
      "count": 1,
      "end_time": 1050.21,
      "start_time": 1049.75
    },
    "type": "Support/Possitive Assessment"
  },
  {
    "source": {
      "act": "Do you wanna give me the little cable thing?",
      "count": 1,
      "end_time": 1051.89,
      "start_time": 1050.21
    },
    "target": {
      "act": "yeah.",
      "count": 1,
      "end_time": 1052.76,
      "start_time": 1051.7
    },
    "type": "Support/Possitive Assessment"
  },
  {
    "source": {
      "act": "Okay, here you are.",
      "count": 1,
      "end_time": 1069.36,
      "start_time": 1068.1
    },
    "target": {
      "act": "Cool.",
      "count": 1,
      "end_time": 1069.9,
      "start_time": 1069.52
    },
    "type": "Support/Possitive Assessment"
  },
  {
    "source": {
      "act": "You set?",
      "count": 1,
      "end_time": 1095.41,
      "start_time": 1095.04
    },
    "target": {
      "act": "Yep, cool.",
      "count": 1,
      "end_time": 1098.79,
      "start_time": 1097.53
    },
    "type": "Support/Possitive Assessment"
  },
  {
    "source": {
      "act": "Uh we need to do the function key thing so that it comes up on here.",
      "count": 1,
      "end_time": 1106.17,
      "start_time": 1101.61
    },
    "target": {
      "act": "Alright, yeah.",
      "count": 1,
      "end_time": 1106.99,
      "start_time": 1105.96
    },
    "type": "Support/Possitive Assessment"
  },
  {
    "source": {
      "act": "It's working.",
      "count": 1,
      "end_time": 1118.33,
      "start_time": 1117.78
    },
    "target": {
      "act": "oh, okay,",
      "count": 1,
      "end_time": 1119.23,
      "start_time": 1117.99
    },
    "type": "Support/Possitive Assessment"
  },
  {
    "source": {
      "act": "it's working?",
      "count": 1,
      "end_time": 1119.22,
      "start_time": 1118.58
    },
    "target": {
      "act": "yep.",
      "count": 1,
      "end_time": 1119.42,
      "start_time": 1119.23
    },
    "type": "Support/Possitive Assessment"
  },
  {
    "source": {
      "act": "It's um switching between channels, sort of randomly going through.",
      "count": 1,
      "end_time": 1198.28,
      "start_time": 1193.67
    },
    "target": {
      "act": "Oh, right.",
      "count": 1,
      "end_time": 1200.25,
      "start_time": 1199.04
    },
    "type": "Support/Possitive Assessment"
  },
  {
    "source": {
      "act": "Okay, well, I can send it to all of you.",
      "count": 1,
      "end_time": 1224.64,
      "start_time": 1222.52
    },
    "target": {
      "act": "Yeah.",
      "count": 1,
      "end_time": 1224.69,
      "start_time": 1224.4
    },
    "type": "Support/Possitive Assessment"
  },
  {
    "source": {
      "act": "what it shows is how much things are used relatively",
      "count": 1,
      "end_time": 1246.5,
      "start_time": 1242.97
    },
    "target": {
      "act": "Okay.",
      "count": 1,
      "end_time": 1247.39,
      "start_time": 1246.97
    },
    "type": "Support/Possitive Assessment"
  },
  {
    "source": {
      "act": "What you can't see is volume selection, it's a little bit higher than all the others.",
      "count": 1,
      "end_time": 1255.11,
      "start_time": 1251.9
    },
    "target": {
      "act": "Mm-hmm,",
      "count": 1,
      "end_time": 1256.22,
      "start_time": 1255.27
    },
    "type": "Support/Possitive Assessment"
  },
  {
    "source": {
      "act": "that's the next one along, yeah?",
      "count": 1,
      "end_time": 1258.25,
      "start_time": 1256.22
    },
    "target": {
      "act": "Yeah,",
      "count": 1,
      "end_time": 1258.35,
      "start_time": 1257.43
    },
    "type": "Support/Possitive Assessment"
  },
  {
    "source": {
      "act": "Okay, so um I mean the the R_S_I_ thing would be that, like when you have the computer keyboards and you keep your wrists up would be something that encourages",
      "count": 1,
      "end_time": 1339.76,
      "start_time": 1329.67
    },
    "target": {
      "act": "Right.",
      "count": 1,
      "end_time": 1338.3,
      "start_time": 1337.96
    },
    "type": "Support/Possitive Assessment"
  },
  {
    "source": {
      "act": "and um, you know, how are you going to stop it from just flipping channels whilst watching T_V_.",
      "count": 1,
      "end_time": 1401.54,
      "start_time": 1394.1
    },
    "target": {
      "act": "Right.",
      "count": 1,
      "end_time": 1401.01,
      "start_time": 1400.79
    },
    "type": "Support/Possitive Assessment"
  },
  {
    "source": {
      "act": "so you know, kind of like you have for a mobile phone or",
      "count": 1,
      "end_time": 1461.66,
      "start_time": 1457.77
    },
    "target": {
      "act": "not a mobile phone",
      "count": 1,
      "end_time": 1462.58,
      "start_time": 1461.66
    },
    "type": "Objection/Negative Assessment"
  },
  {
    "source": {
      "act": "Some kind of a ring,",
      "count": 1,
      "end_time": 1464.15,
      "start_time": 1463.09
    },
    "target": {
      "act": "yeah.",
      "count": 1,
      "end_time": 1465.86,
      "start_time": 1464.67
    },
    "type": "Support/Possitive Assessment"
  },
  {
    "source": {
      "act": "Keys and things like that,",
      "count": 1,
      "end_time": 1464.67,
      "start_time": 1463.39
    },
    "target": {
      "act": "Yeah, that's it, you know.",
      "count": 1,
      "end_time": 1465.77,
      "start_time": 1464.31
    },
    "type": "Support/Possitive Assessment"
  },
  {
    "source": {
      "act": "Whistle and it screams at you, yeah.",
      "count": 1,
      "end_time": 1468.64,
      "start_time": 1465.86
    },
    "target": {
      "act": "I know, it's weird.",
      "count": 1,
      "end_time": 1468.07,
      "start_time": 1467.0
    },
    "type": "Support/Possitive Assessment"
  },
  {
    "source": {
      "act": "a kind of sound that you don't often hear on the T_V_, you know,",
      "count": 1,
      "end_time": 1481.11,
      "start_time": 1477.74
    },
    "target": {
      "act": "Mm-hmm.",
      "count": 1,
      "end_time": 1480.68,
      "start_time": 1480.33
    },
    "type": "Support/Possitive Assessment"
  },
  {
    "source": {
      "act": "a kind of sound that you don't often hear on the T_V_, you know,",
      "count": 1,
      "end_time": 1481.11,
      "start_time": 1477.74
    },
    "target": {
      "act": "Right.",
      "count": 1,
      "end_time": 1480.77,
      "start_time": 1480.61
    },
    "type": "Support/Possitive Assessment"
  },
  {
    "source": {
      "act": "That's me.",
      "count": 1,
      "end_time": 1491.59,
      "start_time": 1491.2
    },
    "target": {
      "act": "That's you, excellent.",
      "count": 1,
      "end_time": 1493.39,
      "start_time": 1491.98
    },
    "type": "Support/Possitive Assessment"
  },
  {
    "source": {
      "act": "So if we need to have a target group um then uh I think as far as the m motto of our company is concerned, if we want to have something sleek and uh you know, good looking uh we are better off targeting a younger audience then um you know, people who are comparatively elderly.",
      "count": 1,
      "end_time": 1548.08,
      "start_time": 1527.32
    },
    "target": {
      "act": "Yeah,",
      "count": 1,
      "end_time": 1549.91,
      "start_time": 1549.66
    },
    "type": "Support/Possitive Assessment"
  },
  {
    "source": {
      "act": "I mean that's the thing is that it didn't say in the survey, you know, whether, you know, these are the people that will pay more for a more stylish remote control,",
      "count": 1,
      "end_time": 1559.77,
      "start_time": 1549.91
    },
    "target": {
      "act": "Right.",
      "count": 1,
      "end_time": 1554.29,
      "start_time": 1554.08
    },
    "type": "Support/Possitive Assessment"
  },
  {
    "source": {
      "act": "but I'm assuming, you know, yes.",
      "count": 1,
      "end_time": 1561.9,
      "start_time": 1559.77
    },
    "target": {
      "act": "Right.",
      "count": 1,
      "end_time": 1562.48,
      "start_time": 1561.54
    },
    "type": "Support/Possitive Assessment"
  },
  {
    "source": {
      "act": "but I'm assuming, you know, yes.",
      "count": 1,
      "end_time": 1561.9,
      "start_time": 1559.77
    },
    "target": {
      "act": "Yeah.",
      "count": 1,
      "end_time": 1562.95,
      "start_time": 1562.55
    },
    "type": "Support/Possitive Assessment"
  },
  {
    "source": {
      "act": "but I'm assuming, you know, yes.",
      "count": 1,
      "end_time": 1561.9,
      "start_time": 1559.77
    },
    "target": {
      "act": "Mm-hmm.",
      "count": 1,
      "end_time": 1563.37,
      "start_time": 1562.89
    },
    "type": "Support/Possitive Assessment"
  },
  {
    "source": {
      "act": "so if you want to put in something stylish, then uh th it'll certainly be more popular with this i ye with the younger people as compared to older people,",
      "count": 1,
      "end_time": 1575.66,
      "start_time": 1566.95
    },
    "target": {
      "act": "Yeah.",
      "count": 1,
      "end_time": 1575.96,
      "start_time": 1574.92
    },
    "type": "Support/Possitive Assessment"
  },
  {
    "source": {
      "act": "Then again I guess the th where it was most popular was the fifteen to twenty five bracket",
      "count": 1,
      "end_time": 1583.09,
      "start_time": 1575.96
    },
    "target": {
      "act": "Right,",
      "count": 1,
      "end_time": 1583.22,
      "start_time": 1582.67
    },
    "type": "Support/Possitive Assessment"
  },
  {
    "source": {
      "act": "and the I don't know how often they're buying televisions.",
      "count": 1,
      "end_time": 1586.76,
      "start_time": 1583.09
    },
    "target": {
      "act": "Right.",
      "count": 1,
      "end_time": 1585.88,
      "start_time": 1585.56
    },
    "type": "Support/Possitive Assessment"
  },
  {
    "source": {
      "act": "Well, that's when you go to uni, isn't it?",
      "count": 1,
      "end_time": 1588.98,
      "start_time": 1586.95
    },
    "target": {
      "act": "Yeah,",
      "count": 1,
      "end_time": 1589.83,
      "start_time": 1589.19
    },
    "type": "Partial agreement/support"
  },
  {
    "source": {
      "act": "but you don't have much money, generally.",
      "count": 1,
      "end_time": 1593.07,
      "start_time": 1589.83
    },
    "target": {
      "act": "Yeah. Yeah,",
      "count": 1,
      "end_time": 1593.28,
      "start_time": 1591.51
    },
    "type": "Support/Possitive Assessment"
  },
  {
    "source": {
      "act": "I would've thought it's it's more that twenty five to thirty five, when people are really moving out and they've got their first job and they want their nice toys and",
      "count": 1,
      "end_time": 1600.75,
      "start_time": 1593.07
    },
    "target": {
      "act": "Yeah.",
      "count": 1,
      "end_time": 1601.82,
      "start_time": 1601.27
    },
    "type": "Support/Possitive Assessment"
  },
  {
    "source": {
      "act": "I would've thought it's it's more that twenty five to thirty five, when people are really moving out and they've got their first job and they want their nice toys and",
      "count": 1,
      "end_time": 1600.75,
      "start_time": 1593.07
    },
    "target": {
      "act": "Right.",
      "count": 1,
      "end_time": 1601.88,
      "start_time": 1601.04
    },
    "type": "Support/Possitive Assessment"
  },
  {
    "source": {
      "act": "But uh still, if if you can go back to that slide",
      "count": 1,
      "end_time": 1604.51,
      "start_time": 1601.88
    },
    "target": {
      "act": "sorry,",
      "count": 1,
      "end_time": 1606.06,
      "start_time": 1605.71
    },
    "type": "Objection/Negative Assessment"
  },
  {
    "source": {
      "act": "Do you want me to",
      "count": 1,
      "end_time": 1608.5,
      "start_time": 1606.53
    },
    "target": {
      "act": "That's alright,",
      "count": 1,
      "end_time": 1609.14,
      "start_time": 1608.69
    },
    "type": "Support/Possitive Assessment"
  },
  {
    "source": {
      "act": "Here, let me",
      "count": 1,
      "end_time": 1608.31,
      "start_time": 1607.73
    },
    "target": {
      "act": "That's alright,",
      "count": 1,
      "end_time": 1609.14,
      "start_time": 1608.69
    },
    "type": "Support/Possitive Assessment"
  },
  {
    "source": {
      "act": "if you can just look it up on your computer,",
      "count": 1,
      "end_time": 1611.15,
      "start_time": 1609.14
    },
    "target": {
      "act": "Yeah.",
      "count": 1,
      "end_time": 1610.96,
      "start_time": 1610.69
    },
    "type": "Support/Possitive Assessment"
  },
  {
    "source": {
      "act": "if you can just look it up on your computer,",
      "count": 1,
      "end_time": 1611.15,
      "start_time": 1609.14
    },
    "target": {
      "act": "Yeah.",
      "count": 1,
      "end_time": 1611.33,
      "start_time": 1610.93
    },
    "type": "Support/Possitive Assessment"
  },
  {
    "source": {
      "act": "Seventy six point three percent.",
      "count": 1,
      "end_time": 1618.7,
      "start_time": 1616.17
    },
    "target": {
      "act": "so it was sti still still quite popular amongst them.",
      "count": 1,
      "end_time": 1620.49,
      "start_time": 1617.35
    },
    "type": "Support/Possitive Assessment"
  },
  {
    "source": {
      "act": "so it was sti still still quite popular amongst them.",
      "count": 1,
      "end_time": 1620.49,
      "start_time": 1617.35
    },
    "target": {
      "act": "Yeah.",
      "count": 1,
      "end_time": 1620.3,
      "start_time": 1620.16
    },
    "type": "Support/Possitive Assessment"
  },
  {
    "source": {
      "act": "because they don't have like I mean, you know, if you're at university, you're paying your rent,",
      "count": 1,
      "end_time": 1634.75,
      "start_time": 1630.11
    },
    "target": {
      "act": "Yeah,",
      "count": 1,
      "end_time": 1632.85,
      "start_time": 1632.68
    },
    "type": "Support/Possitive Assessment"
  },
  {
    "source": {
      "act": "usually not a car and all of those things.",
      "count": 1,
      "end_time": 1639.86,
      "start_time": 1637.7
    },
    "target": {
      "act": "yeah, so.",
      "count": 1,
      "end_time": 1641.08,
      "start_time": 1640.36
    },
    "type": "Support/Possitive Assessment"
  },
  {
    "source": {
      "act": "because they don't have like I mean, you know, if you're at university, you're paying your rent,",
      "count": 1,
      "end_time": 1634.75,
      "start_time": 1630.11
    },
    "target": {
      "act": "Alright.",
      "count": 1,
      "end_time": 1637.46,
      "start_time": 1637.13
    },
    "type": "Support/Possitive Assessment"
  },
  {
    "source": {
      "act": "I mean like it is an age group to target, really, I think.",
      "count": 1,
      "end_time": 1650.32,
      "start_time": 1647.07
    },
    "target": {
      "act": "Yeah,",
      "count": 1,
      "end_time": 1650.58,
      "start_time": 1649.97
    },
    "type": "Support/Possitive Assessment"
  },
  {
    "source": {
      "act": "and if we're if we're talking twenty five Euros as a price, that's not unaffordable, even for young people.",
      "count": 1,
      "end_time": 1657.41,
      "start_time": 1650.58
    },
    "target": {
      "act": "No,",
      "count": 1,
      "end_time": 1656.2,
      "start_time": 1656.08
    },
    "type": "Support/Possitive Assessment"
  },
  {
    "source": {
      "act": "I mean that's what, that's like fifteen Pounds?",
      "count": 1,
      "end_time": 1658.7,
      "start_time": 1656.2
    },
    "target": {
      "act": "Yeah.",
      "count": 1,
      "end_time": 1658.82,
      "start_time": 1658.53
    },
    "type": "Support/Possitive Assessment"
  },
  {
    "source": {
      "act": "but the problem is whether people need it, whether they do have a T_V_ to use its full",
      "count": 1,
      "end_time": 1665.51,
      "start_time": 1661.25
    },
    "target": {
      "act": "Yeah.",
      "count": 1,
      "end_time": 1665.25,
      "start_time": 1664.64
    },
    "type": "Support/Possitive Assessment"
  },
  {
    "source": {
      "act": "but the problem is whether people need it, whether they do have a T_V_ to use its full",
      "count": 1,
      "end_time": 1665.51,
      "start_time": 1661.25
    },
    "target": {
      "act": "Yeah,",
      "count": 1,
      "end_time": 1665.94,
      "start_time": 1665.41
    },
    "type": "Support/Possitive Assessment"
  },
  {
    "source": {
      "act": "but the problem is whether people need it, whether they do have a T_V_ to use its full",
      "count": 1,
      "end_time": 1665.51,
      "start_time": 1661.25
    },
    "target": {
      "act": "Yeah.",
      "count": 1,
      "end_time": 1666.02,
      "start_time": 1665.75
    },
    "type": "Support/Possitive Assessment"
  },
  {
    "source": {
      "act": "I d I don't know many people without a T_V_.",
      "count": 1,
      "end_time": 1668.94,
      "start_time": 1665.94
    },
    "target": {
      "act": "Yeah.",
      "count": 1,
      "end_time": 1668.89,
      "start_time": 1668.5
    },
    "type": "Support/Possitive Assessment"
  },
  {
    "source": {
      "act": "But the T_V_s are often kind of someone's old T_V_ that's blah blah",
      "count": 1,
      "end_time": 1677.31,
      "start_time": 1672.16
    },
    "target": {
      "act": "yeah, yeah.",
      "count": 1,
      "end_time": 1676.57,
      "start_time": 1675.42
    },
    "type": "Support/Possitive Assessment"
  },
  {
    "source": {
      "act": "and be a bit strange to have a fancy rome remote.",
      "count": 1,
      "end_time": 1680.4,
      "start_time": 1677.31
    },
    "target": {
      "act": "yeah,",
      "count": 1,
      "end_time": 1680.32,
      "start_time": 1679.38
    },
    "type": "Support/Possitive Assessment"
  },
  {
    "source": {
      "act": "Bu but even even in the case of twenty five to thirty five it's quite popular, right?",
      "count": 1,
      "end_time": 1688.71,
      "start_time": 1684.85
    },
    "target": {
      "act": "Yeah,",
      "count": 1,
      "end_time": 1687.93,
      "start_time": 1687.72
    },
    "type": "Support/Possitive Assessment"
  },
  {
    "source": {
      "act": "Bu but even even in the case of twenty five to thirty five it's quite popular, right?",
      "count": 1,
      "end_time": 1688.71,
      "start_time": 1684.85
    },
    "target": {
      "act": "yeah.",
      "count": 1,
      "end_time": 1689.83,
      "start_time": 1688.44
    },
    "type": "Support/Possitive Assessment"
  },
  {
    "source": {
      "act": "Bu but even even in the case of twenty five to thirty five it's quite popular, right?",
      "count": 1,
      "end_time": 1688.71,
      "start_time": 1684.85
    },
    "target": {
      "act": "Yeah.",
      "count": 1,
      "end_time": 1688.78,
      "start_time": 1688.3
    },
    "type": "Support/Possitive Assessment"
  },
  {
    "source": {
      "act": "Bu but even even in the case of twenty five to thirty five it's quite popular, right?",
      "count": 1,
      "end_time": 1688.71,
      "start_time": 1684.85
    },
    "target": {
      "act": "Yeah.",
      "count": 1,
      "end_time": 1690.46,
      "start_time": 1689.96
    },
    "type": "Support/Possitive Assessment"
  },
  {
    "source": {
      "act": "I think I think the fact that, you know, ninety one point two percent of fifteen to twenty five year olds are saying yes, I would pay more for a voice recognition remote control, does say quite a lot really.",
      "count": 1,
      "end_time": 1702.63,
      "start_time": 1691.99
    },
    "target": {
      "act": "Yeah.",
      "count": 1,
      "end_time": 1700.01,
      "start_time": 1699.67
    },
    "type": "Support/Possitive Assessment"
  },
  {
    "source": {
      "act": "I think I think the fact that, you know, ninety one point two percent of fifteen to twenty five year olds are saying yes, I would pay more for a voice recognition remote control, does say quite a lot really.",
      "count": 1,
      "end_time": 1702.63,
      "start_time": 1691.99
    },
    "target": {
      "act": "Yeah.",
      "count": 1,
      "end_time": 1704.91,
      "start_time": 1704.51
    },
    "type": "Partial agreement/support"
  },
  {
    "source": {
      "act": "Is not a massive difference, you know.",
      "count": 1,
      "end_time": 1720.73,
      "start_time": 1719.03
    },
    "target": {
      "act": "Yeah.",
      "count": 1,
      "end_time": 1721.05,
      "start_time": 1720.55
    },
    "type": "Support/Possitive Assessment"
  },
  {
    "source": {
      "act": "but at the same time I think maybe we can we can just decide to to have both of these groups as our target,",
      "count": 1,
      "end_time": 1717.76,
      "start_time": 1711.71
    },
    "target": {
      "act": "No, do totally.",
      "count": 1,
      "end_time": 1722.03,
      "start_time": 1720.73
    },
    "type": "Support/Possitive Assessment"
  },
  {
    "source": {
      "act": "Yeah, if we ta if we take fifteen to thirty five,",
      "count": 1,
      "end_time": 1723.45,
      "start_time": 1720.7
    },
    "target": {
      "act": "Yeah.",
      "count": 1,
      "end_time": 1724.01,
      "start_time": 1723.7
    },
    "type": "Support/Possitive Assessment"
  },
  {
    "source": {
      "act": "I mean every mobile phone now has like call this person and it calls them.",
      "count": 1,
      "end_time": 1751.81,
      "start_time": 1746.95
    },
    "target": {
      "act": "Yeah.",
      "count": 1,
      "end_time": 1752.52,
      "start_time": 1752.13
    },
    "type": "Support/Possitive Assessment"
  },
  {
    "source": {
      "act": "But how frequently do we use it anyway",
      "count": 1,
      "end_time": 1753.4,
      "start_time": 1751.52
    },
    "target": {
      "act": "Yeah.",
      "count": 1,
      "end_time": 1754.39,
      "start_time": 1753.86
    },
    "type": "Support/Possitive Assessment"
  },
  {
    "source": {
      "act": "But how frequently do we use it anyway",
      "count": 1,
      "end_time": 1753.4,
      "start_time": 1751.52
    },
    "target": {
      "act": "I don't know.",
      "count": 1,
      "end_time": 1759.02,
      "start_time": 1758.56
    },
    "type": "Uncertain"
  },
  {
    "source": {
      "act": "and um uh h ho how good is it,",
      "count": 1,
      "end_time": 1756.1,
      "start_time": 1753.4
    },
    "target": {
      "act": "I don't know.",
      "count": 1,
      "end_time": 1759.02,
      "start_time": 1758.56
    },
    "type": "Uncertain"
  },
  {
    "source": {
      "act": "With um but with a T_V_ remote it's gonna be quite limited if we're t saying the main things people want to do is on off channel five,",
      "count": 1,
      "end_time": 1768.84,
      "start_time": 1759.59
    },
    "target": {
      "act": "Yeah.",
      "count": 1,
      "end_time": 1767.33,
      "start_time": 1766.63
    },
    "type": "Support/Possitive Assessment"
  },
  {
    "source": {
      "act": "With um but with a T_V_ remote it's gonna be quite limited if we're t saying the main things people want to do is on off channel five,",
      "count": 1,
      "end_time": 1768.84,
      "start_time": 1759.59
    },
    "target": {
      "act": "Yeah.",
      "count": 1,
      "end_time": 1768.27,
      "start_time": 1767.94
    },
    "type": "Support/Possitive Assessment"
  },
  {
    "source": {
      "act": "With um but with a T_V_ remote it's gonna be quite limited if we're t saying the main things people want to do is on off channel five,",
      "count": 1,
      "end_time": 1768.84,
      "start_time": 1759.59
    },
    "target": {
      "act": "Yeah.",
      "count": 1,
      "end_time": 1769.52,
      "start_time": 1769.04
    },
    "type": "Support/Possitive Assessment"
  },
  {
    "source": {
      "act": "With um but with a T_V_ remote it's gonna be quite limited if we're t saying the main things people want to do is on off channel five,",
      "count": 1,
      "end_time": 1768.84,
      "start_time": 1759.59
    },
    "target": {
      "act": "Right.",
      "count": 1,
      "end_time": 1770.61,
      "start_time": 1770.15
    },
    "type": "Support/Possitive Assessment"
  },
  {
    "source": {
      "act": "Do you know what I mean?",
      "count": 1,
      "end_time": 1776.82,
      "start_time": 1775.78
    },
    "target": {
      "act": "Right.",
      "count": 1,
      "end_time": 1776.95,
      "start_time": 1776.59
    },
    "type": "Support/Possitive Assessment"
  },
  {
    "source": {
      "act": "but like so you'd just say remote five, you know, remote ten, remote one two nine.",
      "count": 1,
      "end_time": 1797.29,
      "start_time": 1790.07
    },
    "target": {
      "act": "Yeah.",
      "count": 1,
      "end_time": 1799.31,
      "start_time": 1799.06
    },
    "type": "Support/Possitive Assessment"
  },
  {
    "source": {
      "act": "so it seems like a feasible thing to implement uh for for a limited",
      "count": 1,
      "end_time": 1804.43,
      "start_time": 1798.61
    },
    "target": {
      "act": "Yeah,",
      "count": 1,
      "end_time": 1801.95,
      "start_time": 1801.67
    },
    "type": "Support/Possitive Assessment"
  },
  {
    "source": {
      "act": "but maybe if you wanna look into that just to just to check.",
      "count": 1,
      "end_time": 1806.21,
      "start_time": 1801.95
    },
    "target": {
      "act": "yeah.",
      "count": 1,
      "end_time": 1804.66,
      "start_time": 1804.43
    },
    "type": "Support/Possitive Assessment"
  },
  {
    "source": {
      "act": "and then of course we're going to get th anyone who's older than thirty five who wants to look young and hip and trendy and has the money,",
      "count": 1,
      "end_time": 1822.92,
      "start_time": 1816.63
    },
    "target": {
      "act": "Yeah, yeah sure, yeah, yeah.",
      "count": 1,
      "end_time": 1823.79,
      "start_time": 1822.18
    },
    "type": "Support/Possitive Assessment"
  },
  {
    "source": {
      "act": "then they'll they'll still go for the same advertising.",
      "count": 1,
      "end_time": 1826.46,
      "start_time": 1822.92
    },
    "target": {
      "act": "Yeah.",
      "count": 1,
      "end_time": 1826.06,
      "start_time": 1825.8
    },
    "type": "Support/Possitive Assessment"
  },
  {
    "source": {
      "act": "I don't think there's a lot of uh voice recognition remote controls.",
      "count": 1,
      "end_time": 1829.85,
      "start_time": 1826.56
    },
    "target": {
      "act": "Yeah,",
      "count": 1,
      "end_time": 1829.69,
      "start_time": 1829.32
    },
    "type": "Support/Possitive Assessment"
  },
  {
    "source": {
      "act": "w well now the v the voice recognition if if it works wonderfully w we could possibly do away with all buttons,",
      "count": 1,
      "end_time": 1835.95,
      "start_time": 1829.69
    },
    "target": {
      "act": "but I think this is not really the right moment yet,",
      "count": 1,
      "end_time": 1838.22,
      "start_time": 1835.95
    },
    "type": "Objection/Negative Assessment"
  },
  {
    "source": {
      "act": "but I think this is not really the right moment yet,",
      "count": 1,
      "end_time": 1838.22,
      "start_time": 1835.95
    },
    "target": {
      "act": "Yeah,",
      "count": 1,
      "end_time": 1841.84,
      "start_time": 1840.07
    },
    "type": "Support/Possitive Assessment"
  },
  {
    "source": {
      "act": "so the voice recognition would be just an extra,",
      "count": 1,
      "end_time": 1846.54,
      "start_time": 1844.45
    },
    "target": {
      "act": "Yeah.",
      "count": 1,
      "end_time": 1847.76,
      "start_time": 1847.49
    },
    "type": "Support/Possitive Assessment"
  },
  {
    "source": {
      "act": "uh in the sense that uh a person can say, I want to watch uh I_T_V_ one instead of saying that I want to go onto channel number forty five.",
      "count": 1,
      "end_time": 1874.45,
      "start_time": 1866.23
    },
    "target": {
      "act": "Yeah,",
      "count": 1,
      "end_time": 1874.68,
      "start_time": 1873.99
    },
    "type": "Support/Possitive Assessment"
  },
  {
    "source": {
      "act": "uh in the sense that uh a person can say, I want to watch uh I_T_V_ one instead of saying that I want to go onto channel number forty five.",
      "count": 1,
      "end_time": 1874.45,
      "start_time": 1866.23
    },
    "target": {
      "act": "that would be another way to do it.",
      "count": 1,
      "end_time": 1875.92,
      "start_time": 1874.68
    },
    "type": "Support/Possitive Assessment"
  },
  {
    "source": {
      "act": "Watch Sky",
      "count": 1,
      "end_time": 1893.89,
      "start_time": 1893.14
    },
    "target": {
      "act": "Yeah, yeah,",
      "count": 1,
      "end_time": 1896.11,
      "start_time": 1894.76
    },
    "type": "Support/Possitive Assessment"
  },
  {
    "source": {
      "act": "Yeah but m but on the other hand, remote control isn't as close to you you probably might just just uh speak into it",
      "count": 1,
      "end_time": 1907.88,
      "start_time": 1900.72
    },
    "target": {
      "act": "Yeah.",
      "count": 1,
      "end_time": 1908.32,
      "start_time": 1908.04
    },
    "type": "Support/Possitive Assessment"
  },
  {
    "source": {
      "act": "and and the T_V_ would be already further away, so it might not pick up the other things coming from there.",
      "count": 1,
      "end_time": 1914.04,
      "start_time": 1907.88
    },
    "target": {
      "act": "Yeah.",
      "count": 1,
      "end_time": 1912.53,
      "start_time": 1911.95
    },
    "type": "Support/Possitive Assessment"
  },
  {
    "source": {
      "act": "so the remote control is still something you keep n near yourself.",
      "count": 1,
      "end_time": 1947.55,
      "start_time": 1944.37
    },
    "target": {
      "act": "Yeah, yeah,",
      "count": 1,
      "end_time": 1948.33,
      "start_time": 1946.85
    },
    "type": "Partial agreement/support"
  },
  {
    "source": {
      "act": "so the remote control is still something you keep n near yourself.",
      "count": 1,
      "end_time": 1947.55,
      "start_time": 1944.37
    },
    "target": {
      "act": "I suppose nearer to you",
      "count": 1,
      "end_time": 1949.44,
      "start_time": 1948.33
    },
    "type": "Partial agreement/support"
  },
  {
    "source": {
      "act": "yeah and it might become very difficult from a distance for the television to understand what you're saying because of the noise factor for the remote control",
      "count": 1,
      "end_time": 1964.63,
      "start_time": 1955.85
    },
    "target": {
      "act": "Yeah, yeah, yeah.",
      "count": 1,
      "end_time": 1963.2,
      "start_time": 1962.4
    },
    "type": "Support/Possitive Assessment"
  },
  {
    "source": {
      "act": "yeah and it might become very difficult from a distance for the television to understand what you're saying because of the noise factor for the remote control",
      "count": 1,
      "end_time": 1964.63,
      "start_time": 1955.85
    },
    "target": {
      "act": "Yeah.",
      "count": 1,
      "end_time": 1963.41,
      "start_time": 1962.86
    },
    "type": "Support/Possitive Assessment"
  },
  {
    "source": {
      "act": "No, but I I I was just defending the the fact why why we want to keep the remote control close to us, a and uh not to yell at it from the distance.",
      "count": 1,
      "end_time": 1974.42,
      "start_time": 1964.82
    },
    "target": {
      "act": "Yeah.",
      "count": 1,
      "end_time": 1967.67,
      "start_time": 1967.34
    },
    "type": "Support/Possitive Assessment"
  },
  {
    "source": {
      "act": "No, but I I I was just defending the the fact why why we want to keep the remote control close to us, a and uh not to yell at it from the distance.",
      "count": 1,
      "end_time": 1974.42,
      "start_time": 1964.82
    },
    "target": {
      "act": "Yeah.",
      "count": 1,
      "end_time": 1972.51,
      "start_time": 1972.1
    },
    "type": "Support/Possitive Assessment"
  },
  {
    "source": {
      "act": "No, but I I I was just defending the the fact why why we want to keep the remote control close to us, a and uh not to yell at it from the distance.",
      "count": 1,
      "end_time": 1974.42,
      "start_time": 1964.82
    },
    "target": {
      "act": "Yeah.",
      "count": 1,
      "end_time": 1972.96,
      "start_time": 1972.51
    },
    "type": "Support/Possitive Assessment"
  },
  {
    "source": {
      "act": "So uh wh another thing uh that can be used is that uh there can be a beeper button on the T_V_,",
      "count": 1,
      "end_time": 1981.81,
      "start_time": 1974.93
    },
    "target": {
      "act": "but then if you're buying the remote separately,",
      "count": 1,
      "end_time": 1990.9,
      "start_time": 1988.59
    },
    "type": "Objection/Negative Assessment"
  },
  {
    "source": {
      "act": "but then if you're buying the remote separately,",
      "count": 1,
      "end_time": 1990.9,
      "start_time": 1988.59
    },
    "target": {
      "act": "Oh yeah, yeah.",
      "count": 1,
      "end_time": 1992.87,
      "start_time": 1991.99
    },
    "type": "Support/Possitive Assessment"
  },
  {
    "source": {
      "act": "but y you could have something, but i if it was something that you could like stick onto the T_V_ or something,",
      "count": 1,
      "end_time": 1996.42,
      "start_time": 1990.9
    },
    "target": {
      "act": "Right, yeah, yeah, yeah.",
      "count": 1,
      "end_time": 1997.47,
      "start_time": 1995.75
    },
    "type": "Support/Possitive Assessment"
  },
  {
    "source": {
      "act": "but y you could have something, but i if it was something that you could like stick onto the T_V_ or something,",
      "count": 1,
      "end_time": 1996.42,
      "start_time": 1990.9
    },
    "target": {
      "act": "Okay, yeah, mm-hmm.",
      "count": 1,
      "end_time": 1998.27,
      "start_time": 1996.29
    },
    "type": "Support/Possitive Assessment"
  },
  {
    "source": {
      "act": "Yeah, 'cause it's it's quite important that you don't lose the the bit to locate the remote control.",
      "count": 1,
      "end_time": 2004.37,
      "start_time": 1999.95
    },
    "target": {
      "act": "Well that's right,",
      "count": 1,
      "end_time": 2004.79,
      "start_time": 2004.1
    },
    "type": "Support/Possitive Assessment"
  },
  {
    "source": {
      "act": "but it solves the problem of having different noises.",
      "count": 1,
      "end_time": 2007.37,
      "start_time": 2004.79
    },
    "target": {
      "act": "Yeah, definitely, yeah.",
      "count": 1,
      "end_time": 2008.58,
      "start_time": 2007.27
    },
    "type": "Support/Possitive Assessment"
  },
  {
    "source": {
      "act": "But if we go away with that that kind of general um specification in mind that we're looking at fifteen to thirty five year olds, we want it to look simple, but still have the buttons so it's easy to use, but only those key buttons, the major buttons and then one sort of menu one, and then voice recognition included as an option",
      "count": 1,
      "end_time": 2040.88,
      "start_time": 2016.16
    },
    "target": {
      "act": "Mm-hmm.",
      "count": 1,
      "end_time": 2040.78,
      "start_time": 2040.42
    },
    "type": "Support/Possitive Assessment"
  },
  {
    "source": {
      "act": "But if we go away with that that kind of general um specification in mind that we're looking at fifteen to thirty five year olds, we want it to look simple, but still have the buttons so it's easy to use, but only those key buttons, the major buttons and then one sort of menu one, and then voice recognition included as an option",
      "count": 1,
      "end_time": 2040.88,
      "start_time": 2016.16
    },
    "target": {
      "act": "Right.",
      "count": 1,
      "end_time": 2040.79,
      "start_time": 2040.46
    },
    "type": "Support/Possitive Assessment"
  },
  {
    "source": {
      "act": "So where exactly is this i",
      "count": 1,
      "end_time": 2083.28,
      "start_time": 2080.67
    },
    "target": {
      "act": "It should be on your desktop,",
      "count": 1,
      "end_time": 2084.81,
      "start_time": 2081.72
    },
    "type": "Support/Possitive Assessment"
  },
  {
    "source": {
      "act": "It should be on your desktop,",
      "count": 1,
      "end_time": 2084.81,
      "start_time": 2081.72
    },
    "target": {
      "act": "Ah, okay.",
      "count": 1,
      "end_time": 2086.55,
      "start_time": 2085.35
    },
    "type": "Support/Possitive Assessment"
  },
  {
    "source": {
      "act": "It should be on your desktop,",
      "count": 1,
      "end_time": 2084.81,
      "start_time": 2081.72
    },
    "target": {
      "act": "Yeah.",
      "count": 1,
      "end_time": 2086.91,
      "start_time": 2086.55
    },
    "type": "Support/Possitive Assessment"
  },
  {
    "source": {
      "act": "It should be on your desktop,",
      "count": 1,
      "end_time": 2084.81,
      "start_time": 2081.72
    },
    "target": {
      "act": "Yeah.",
      "count": 1,
      "end_time": 2086.76,
      "start_time": 2086.55
    },
    "type": "Support/Possitive Assessment"
  },
  {
    "source": {
      "act": "Did you find it?",
      "count": 1,
      "end_time": 2090.31,
      "start_time": 2089.33
    },
    "target": {
      "act": "Yeah, yeah in that one,",
      "count": 1,
      "end_time": 2091.78,
      "start_time": 2090.36
    },
    "type": "Support/Possitive Assessment"
  },
  {
    "source": {
      "act": "Yeah, yeah in that one,",
      "count": 1,
      "end_time": 2091.78,
      "start_time": 2090.36
    },
    "target": {
      "act": "yeah, yeah.",
      "count": 1,
      "end_time": 2091.83,
      "start_time": 2090.79
    },
    "type": "Support/Possitive Assessment"
  },
  {
    "source": {
      "act": "Oh, so y you want our um PowerPoint presentations in there, hey?",
      "count": 1,
      "end_time": 2097.72,
      "start_time": 2094.31
    },
    "target": {
      "act": "Yeah,",
      "count": 1,
      "end_time": 2097.71,
      "start_time": 2097.38
    },
    "type": "Support/Possitive Assessment"
  },
  {
    "source": {
      "act": "Oh, so y you want our um PowerPoint presentations in there, hey?",
      "count": 1,
      "end_time": 2097.72,
      "start_time": 2094.31
    },
    "target": {
      "act": "that would be great.",
      "count": 1,
      "end_time": 2098.49,
      "start_time": 2097.71
    },
    "type": "Support/Possitive Assessment"
  },
  {
    "source": {
      "act": "But is everyone's called functional requirements?",
      "count": 1,
      "end_time": 2105.73,
      "start_time": 2103.51
    },
    "target": {
      "act": "No,",
      "count": 1,
      "end_time": 2106.3,
      "start_time": 2105.59
    },
    "type": "Support/Possitive Assessment"
  },
  {
    "source": {
      "act": "But is everyone's called functional requirements?",
      "count": 1,
      "end_time": 2105.73,
      "start_time": 2103.51
    },
    "target": {
      "act": "No.",
      "count": 1,
      "end_time": 2106.33,
      "start_time": 2105.79
    },
    "type": "Support/Possitive Assessment"
  },
  {
    "source": {
      "act": "they're all called something slightly different.",
      "count": 1,
      "end_time": 2108.66,
      "start_time": 2106.3
    },
    "target": {
      "act": "Okay, so that's good.",
      "count": 1,
      "end_time": 2111.84,
      "start_time": 2110.01
    },
    "type": "Support/Possitive Assessment"
  },
  {
    "source": {
      "act": "Technical requirements and something something, yeah.",
      "count": 1,
      "end_time": 2111.86,
      "start_time": 2108.66
    },
    "target": {
      "act": "Yeah.",
      "count": 1,
      "end_time": 2111.69,
      "start_time": 2111.22
    },
    "type": "Support/Possitive Assessment"
  },
  {
    "source": {
      "act": "So, if you put them in there, we'll all be able to see them and refer to them if we need to.",
      "count": 1,
      "end_time": 2116.26,
      "start_time": 2111.86
    },
    "target": {
      "act": "Okay, cool.",
      "count": 1,
      "end_time": 2117.43,
      "start_time": 2116.44
    },
    "type": "Support/Possitive Assessment"
  },
  {
    "source": {
      "act": "Whatever that means.",
      "count": 1,
      "end_time": 2129.43,
      "start_time": 2128.35
    },
    "target": {
      "act": "I guess I'll find out.",
      "count": 1,
      "end_time": 2131.79,
      "start_time": 2130.94
    },
    "type": "Support/Possitive Assessment"
  },
  {
    "source": {
      "act": "Wha what was it again that I was supposed to look into?",
      "count": 1,
      "end_time": 2148.27,
      "start_time": 2145.22
    },
    "target": {
      "act": "Components,",
      "count": 1,
      "end_time": 2151.58,
      "start_time": 2148.72
    },
    "type": "Support/Possitive Assessment"
  },
  {
    "source": {
      "act": "Components,",
      "count": 1,
      "end_time": 2151.58,
      "start_time": 2148.72
    },
    "target": {
      "act": "Con components, oh.",
      "count": 1,
      "end_time": 2150.3,
      "start_time": 2148.27
    },
    "type": "Support/Possitive Assessment"
  },
  {
    "source": {
      "act": "but um the next meeting um are we going to have it um right after lunch",
      "count": 1,
      "end_time": 2155.95,
      "start_time": 2151.56
    },
    "target": {
      "act": "No,",
      "count": 1,
      "end_time": 2156.96,
      "start_time": 2156.57
    },
    "type": "Objection/Negative Assessment"
  },
  {
    "source": {
      "act": "or shall we prepare our",
      "count": 1,
      "end_time": 2157.69,
      "start_time": 2155.95
    },
    "target": {
      "act": "after lunch we have thirty minutes to ourselves to prepare,",
      "count": 1,
      "end_time": 2161.81,
      "start_time": 2158.12
    },
    "type": "Support/Possitive Assessment"
  },
  {
    "source": {
      "act": "after lunch we have thirty minutes to ourselves to prepare,",
      "count": 1,
      "end_time": 2161.81,
      "start_time": 2158.12
    },
    "target": {
      "act": "okay, yeah, that's good.",
      "count": 1,
      "end_time": 2162.1,
      "start_time": 2160.68
    },
    "type": "Support/Possitive Assessment"
  },
  {
    "source": {
      "act": "w before lunch we just have to complete the questionnaire and some sort of summary.",
      "count": 1,
      "end_time": 2167.36,
      "start_time": 2163.14
    },
    "target": {
      "act": "Okay.",
      "count": 1,
      "end_time": 2168.76,
      "start_time": 2168.31
    },
    "type": "Support/Possitive Assessment"
  },
  {
    "source": {
      "act": "Right on time.",
      "count": 1,
      "end_time": 2173.83,
      "start_time": 2169.25
    },
    "target": {
      "act": "Cool.",
      "count": 1,
      "end_time": 2171.16,
      "start_time": 2170.9
    },
    "type": "Support/Possitive Assessment"
  }
]