[
  {
    "acts": [
      {
        "act": "All hooked up. Okay, so now we are here at the functional design meeting. Um hopefully this meeting I'll be doing a little bit less talking than I did last time 'cause this is when you get to show us what you've been doing individually. The agenda for the meeting, I put it in the sh shared documents folder. I don't know if that meant that you could see it or not.",
        "end_time": 38.91,
        "start_time": 11.81
      },
      {
        "act": "Did anyone? No. Oh well. Um I'll try and do that for the next meeting as well so if you check in there, there's a shared project documents folder. Um and it should be in there.",
        "end_time": 54.49,
        "start_time": 40.13
      },
      {
        "act": "No.",
        "end_time": 41.78,
        "start_time": 41.15
      },
      {
        "act": "Mm.",
        "end_time": 42.72,
        "start_time": 41.46
      },
      {
        "act": "Mm. Um um wi on on a what? Oh project project documents, yeah, yeah, yeah, okay.",
        "end_time": 61.47,
        "start_time": 54.48
      },
      {
        "act": "Project documents, yeah. So I'll put it in there. Is it best if I send you an email maybe, to let you know it's there?",
        "end_time": 67.23,
        "start_time": 60.32
      },
      {
        "act": "Oh okay, yeah. Yes, I think so.",
        "end_time": 69.09,
        "start_time": 62.88
      },
      {
        "act": "Yep. I'll do that next time. Um I'll act as secretary for this meeting and just take minutes as we go through, and then I'll send them to you after the meeting. The main the main focus of this meeting is your presentations that you've been preparing during the time, so we'll go through each of you one by one. Um then we need to briefly discuss the new project requirements that were sent to us. I just sent at the last minute, I'm sorry about that, but we can see how that affects what you were you were doing. Um and then we need to, by the end of the meeting come to some kind of decision on who our target group's going to be and what the functions of the remote control that's the the main goal is to come up with those two things, target group and functions of the remote control. And we've got forty minutes to do that in.",
        "end_time": 127.8,
        "start_time": 68.42
      },
      {
        "act": "Yeah, the last minute, yeah, yeah. Yeah.",
        "end_time": 103.18,
        "start_time": 97.83
      },
      {
        "act": "So I would",
        "end_time": 132.54,
        "start_time": 130.21
      },
      {
        "act": "You said uh targ target groups, what does that mean?",
        "end_time": 136.82,
        "start_time": 133.62
      },
      {
        "act": "say yeah?",
        "end_time": 134.78,
        "start_time": 133.75
      },
      {
        "act": "Um",
        "end_time": 137.71,
        "start_time": 137.3
      },
      {
        "act": "As uh who it is that we're going to be trying to sell this thing to, yeah.",
        "end_time": 141.4,
        "start_time": 137.19
      },
      {
        "act": "Uh okay, 'kay. So are",
        "end_time": 143.28,
        "start_time": 140.14
      },
      {
        "act": "So we need to yeah, we need to have a fairly defined group that that we want to focus on and then look at the functions um of the dem remote control itself.",
        "end_time": 155.59,
        "start_time": 142.89
      },
      {
        "act": "Okay.",
        "end_time": 147.14,
        "start_time": 146.57
      }
    ],
    "other_description": null,
    "topic": "opening"
  },
  {
    "acts": [
      {
        "act": "So with that I think it's best if I hand over to you. Does anyone have a preference for going first?",
        "end_time": 162.97,
        "start_time": 157.01
      },
      {
        "act": "Alright. I can go first, yeah.",
        "end_time": 165.65,
        "start_time": 160.63
      },
      {
        "act": "You wanna go first? Okay, so we need to unplug my laptop and plug in yours.",
        "end_time": 170.48,
        "start_time": 164.53
      },
      {
        "act": "Okay. Hmm.",
        "end_time": 166.05,
        "start_time": 164.81
      },
      {
        "act": "I assume we just pull it out?",
        "end_time": 174.38,
        "start_time": 172.6
      },
      {
        "act": "Mm.",
        "end_time": 175.44,
        "start_time": 175.3
      },
      {
        "act": "Right. Um so f from the",
        "end_time": 203.35,
        "start_time": 197.69
      },
      {
        "act": "Just before you start, to make it easier, would you three mind emailing me your presentations? Once we you don't have to do it now but when once you go back, just so that I don't have to scribble everything down.",
        "end_time": 216.03,
        "start_time": 203.57
      },
      {
        "act": "Okay, yeah, afterwards, yeah, okay.",
        "end_time": 212.53,
        "start_time": 210.9
      },
      {
        "act": "Right sure. Uh okay.",
        "end_time": 216.85,
        "start_time": 213.17
      }
    ],
    "other_description": null,
    "topic": "agenda/equipment issues"
  },
  {
    "acts": [
      {
        "act": "So n uh with uh with regard to the uh working design of this uh uh remote control uh I've identified um a few basic uh components of the remote and uh se uh from the design, functional design perspective um w I c we can now uh know wha what exactly the components are and how how they work together with each other. So this is the method that uh I'll mostly be following in my um in my uh role. Um the identification of the components, uh and uh since since I'm dealing only with the technical aspects, I would need feedback from the marketing person uh and uh from the user interface person. Uh we'll then integrate this into the product design at a technical level and uh basically update and come up with a new design, so it's a cyclical process.",
        "end_time": 288.43,
        "start_time": 218.86
      },
      {
        "act": "Hmm.",
        "end_time": 278.43,
        "start_time": 278.23
      },
      {
        "act": "Okay, so these were the basic findings from today. The last three bullets have been integrated from uh the last minute uh email. Uh I just quickly jotted them down. Um so basically uh the as I told you the identification of how the remote control works and what are the various parts to it uh and what are the different processes um and how the parts uh communicate with each other. Um okay, so e the mee email said that teletext is now outdated, so we need to do away with that functionality of the remote control. Um also uh the remote control should be used only for television, because incorporating other features um makes it more comp complex. And the reason why teletext is outdated because uh of internet and uh the availability of internet over television. How however, our our remote control would only be dealing uh with the the use for television, in order to keep things simple. Um also the management wants that um our design should be unique uh it so it should incorporate um colour and the slogan uh that our company um has it as its standard. Okay, so he he here is a functional overview of the remote control. Um there's basically an energy source at the heart uh which feeds into the chip and the user interface. The user interf interface communicates with the chip, so I'll basic go over to the Okay. So if uh if this is our energy source and this is a cell, uh it communicates uh it feeds energy into the into the chip, which basically finds out h uh how how to do everything. There is a user interface here. So whe when the user presses a button, it feeds into the chip and the chip then generates a response and takes the response to an infrared terminal, um which then so the output of the chip is an infrared bit code, which is then communicated to the remote site, which h has an infrared receiver. Um the there can be uh a bulb here or something to indicate whether the remote is on or communicating. Um so these are the essent so a all the functionality of the remote control, whatever new functions that we need to do, um make the chip more complicated uh and bigger, basically.",
        "end_time": 484.19,
        "start_time": 290.46
      },
      {
        "act": "Mm-hmm.",
        "end_time": 482.24,
        "start_time": 481.87
      },
      {
        "act": "Okay. Um so i in my personal preferences um I'm hoping that we can ke keep the design as simple and clear as possible. This would uh help us uh to upgrade our technology at a future point of time. And uh also if we can incorporate uh the latest features in our chip design, so that our um uh remote control does not become outdated soon and it's compatible with mot most uh televisions. That's about it. So anything that you would like to know or",
        "end_time": 533.87,
        "start_time": 491.86
      },
      {
        "act": "Thanks.",
        "end_time": 530.53,
        "start_time": 529.98
      },
      {
        "act": "Okay. Do you have any um i idea about costs at this point? Br",
        "end_time": 540.3,
        "start_time": 529.77
      },
      {
        "act": "No, I don't have any idea about what each component costs. Um yeah.",
        "end_time": 544.36,
        "start_time": 538.55
      },
      {
        "act": "Okay.",
        "end_time": 543.26,
        "start_time": 542.8
      },
      {
        "act": "Anything else?",
        "end_time": 549.06,
        "start_time": 548.47
      },
      {
        "act": "'Cause that's something to consider, I guess, if we're if we're using more advanced technology, it might",
        "end_time": 554.3,
        "start_time": 547.97
      },
      {
        "act": "Yeah. Certainly, yeah. So so tha yeah, we definitely need to operate within our constraints, but um unfortunately I I do not have any data, so uh I just identified the functional components for that.",
        "end_time": 567.63,
        "start_time": 551.41
      },
      {
        "act": "increase the price. Yeah. That's fine. Are there any more questions, or shall we just skip straight to the next one and then we can discuss all of them together at the end?",
        "end_time": 578.09,
        "start_time": 556.1
      },
      {
        "act": "I think we need like some general discussion at the end probably.",
        "end_time": 580.69,
        "start_time": 577.45
      },
      {
        "act": "Yeah, I think that will do. Okay, so do you want to",
        "end_time": 582.66,
        "start_time": 579.94
      },
      {
        "act": "Yeah, okay.",
        "end_time": 581.85,
        "start_time": 580.23
      },
      {
        "act": "Yeah. Yeah, I think since since we were discussing some um design issues then I I I would like to continue okay, yeah.",
        "end_time": 591.67,
        "start_time": 581.48
      },
      {
        "act": "Yes, shall shall we pull this up? I think that has to come out of there.",
        "end_time": 593.12,
        "start_time": 588.43
      },
      {
        "act": "Yeah.",
        "end_time": 593.07,
        "start_time": 592.72
      },
      {
        "act": "Yeah.",
        "end_time": 596.6,
        "start_time": 596.26
      },
      {
        "act": "Mm 'kay.",
        "end_time": 597.2,
        "start_time": 596.26
      },
      {
        "act": "Thanks. Oh i",
        "end_time": 598.83,
        "start_time": 597.59
      },
      {
        "act": "Yeah, I thought those last minute things, they're gonna hit you the worst.",
        "end_time": 603.54,
        "start_time": 598.14
      },
      {
        "act": "Okay, I hope wait. Should it just",
        "end_time": 612.06,
        "start_time": 608.78
      },
      {
        "act": "I it'll take some time.",
        "end_time": 613.36,
        "start_time": 612.24
      },
      {
        "act": "It ta takes a little",
        "end_time": 614.59,
        "start_time": 613.23
      },
      {
        "act": "There's just nothing.",
        "end_time": 617.14,
        "start_time": 616.29
      },
      {
        "act": "Oh, and have you you need to then also press on yours, function F_ eight, so the blue function key at the bottom and F_ eight.",
        "end_time": 627.95,
        "start_time": 616.69
      },
      {
        "act": "Oh right, right, right, um Okay. Nothin okay, something is coming up.",
        "end_time": 632.01,
        "start_time": 620.26
      },
      {
        "act": "Oh, there it is, yeah. It'll come up, it um uh no signal.",
        "end_time": 634.22,
        "start_time": 630.38
      },
      {
        "act": "Now it's coming, computer no signal.",
        "end_time": 634.4,
        "start_time": 631.75
      },
      {
        "act": "No signal? Why?",
        "end_time": 635.57,
        "start_time": 633.46
      },
      {
        "act": "Maybe again?",
        "end_time": 636.77,
        "start_time": 635.84
      },
      {
        "act": "Yeah yeah, it says something now, adjusting",
        "end_time": 643.37,
        "start_time": 640.37
      },
      {
        "act": "Oh. My my computer went blank now.",
        "end_time": 644.8,
        "start_time": 642.25
      },
      {
        "act": "Okay, adjusting.",
        "end_time": 647.63,
        "start_time": 645.27
      },
      {
        "act": "Adjusting. But I don't see anything I don't see anything on my computer now. This is the problem, but",
        "end_time": 654.29,
        "start_time": 646.08
      },
      {
        "act": "There we go, there we go.",
        "end_time": 651.22,
        "start_time": 650.33
      },
      {
        "act": "Okay. Oh, that's strange.",
        "end_time": 654.34,
        "start_time": 650.74
      },
      {
        "act": "Oh, if you press if you press function and that again there's there's usually three modes, one where it's only here, one where it's only there, and one where it's both.",
        "end_time": 662.01,
        "start_time": 653.46
      },
      {
        "act": "Okay.",
        "end_time": 660.56,
        "start_time": 660.24
      },
      {
        "act": "Um.",
        "end_time": 663.18,
        "start_time": 661.65
      },
      {
        "act": "And one more time.",
        "end_time": 664.68,
        "start_time": 662.65
      },
      {
        "act": "Okay, so one more time.",
        "end_time": 664.32,
        "start_time": 662.7
      },
      {
        "act": "Uh now it's okay. No? No.",
        "end_time": 669.91,
        "start_time": 666.77
      },
      {
        "act": "Should yeah just wait for a moment, adjusting.",
        "end_time": 672.85,
        "start_time": 669.96
      },
      {
        "act": "Mm.",
        "end_time": 671.09,
        "start_time": 670.05
      },
      {
        "act": "Oh okay.",
        "end_time": 673.73,
        "start_time": 672.52
      },
      {
        "act": "Okay.",
        "end_time": 676.55,
        "start_time": 675.82
      },
      {
        "act": "Okay, that's fine, that's good.",
        "end_time": 677.22,
        "start_time": 675.8
      }
    ],
    "other_description": null,
    "topic": "industrial designer presentation"
  },
  {
    "acts": [
      {
        "act": "Okay, let's start from the beginning. So I'm going to speak about technical functions design uh just like some some first issues that came up. Um 'kay, so the method I was um adopting at this point, it's not um for the for the whole um period of the um all the project but it's just at th at this very moment. Um uh my method was um to look at um other um remote controls, uh so mostly just by searching on the web and to see what um functionality they used. And then um after having got this inspiration and having compared what I found on the web um just to think about what the de what the user really needs and what um what the user might desire as additional uh functionalities.",
        "end_time": 737.05,
        "start_time": 679.62
      },
      {
        "act": "Mm-hmm.",
        "end_time": 708.23,
        "start_time": 707.87
      },
      {
        "act": "And yeah, and then just to um put the main function of the remote control in in words. Um so the findings uh were um that the main function of the remote control is is just sending messages to the television set, so this quite straightforward. And uh w some of the main functions would be switching on, switching off, uh then the user would like to switch the channel um for example just m changing to the next channel to to flip through all all of the possible channels, or then mm uh the other possibility would be that um she might just want to choose one particular channel, so we would need the numbers. And and also the volume is very important. Um um I als okay.",
        "end_time": 792.34,
        "start_time": 738.52
      },
      {
        "act": "Mm-hmm.",
        "end_time": 746.36,
        "start_time": 745.72
      },
      {
        "act": "Sorry, cou could you go back for a second? Uh switching on off channel, uh volume, okay, that's great.",
        "end_time": 798.88,
        "start_time": 790.33
      },
      {
        "act": "'Kay. Um um among the findings I found that m m most of the curr mm presently available remote controls also include other mm functionalities um in their design, like operating a V_C_R_, but they don't seem to be able to deal with D_V_D_ players, but then there are surely there are many other functionali functions that could possibly be added to them, but according to the last minute update um actually um we do not want to have all this complicated functions added to our design. So my personal preferences would be uh to keep the mm the whole remote control small um just like the physical size. And then it must be easy to use, so it must follow some conventions um like whereabouts you find the on off button and maybe the colour tends to be red or something.",
        "end_time": 857.04,
        "start_time": 799.77
      },
      {
        "act": "Mm-hmm.",
        "end_time": 830.27,
        "start_time": 829.24
      },
      {
        "act": "Um then yeah, the must-have buttons would be on off and then the channel numbers and then um the one that allows us to go to the next or the previous channel, and then volume has to be there. But then um other functionalities um could be just uh there could be a menu button and you could change things on the screen then, um for example brightness and mm similar functions could be just um done through the menu. And yeah, the last question I had about whether we wanted to incorporate n uh more functionalities, the answer was already no because of the last minute update. So at the for the time being that's uh that's all. If you have questions",
        "end_time": 902.58,
        "start_time": 857.63
      },
      {
        "act": "Mm-hmm. Yeah. If I mean that was the the directive that came through from management, but if we had a a decent case for that we really think it's important to include video and D_V_D_, I could get back to them and see. It's w it's just whether it's worth arguing about.",
        "end_time": 917.66,
        "start_time": 898.72
      },
      {
        "act": "Yeah, and also it's it's um other question is uh because there are so many different",
        "end_time": 923.38,
        "start_time": 917.94
      },
      {
        "act": "And there are so many different things that could possibly be included because besides video and D_V_D_ there are the mm um video C_D_s and whatever, so it might be problematic to to choose between all these possible things.",
        "end_time": 944.46,
        "start_time": 927.01
      },
      {
        "act": "Mm-hmm. Yeah. Mm-hmm. Okay. Are there any questions for clarification of Maarika before we go on to the next one?",
        "end_time": 960.59,
        "start_time": 930.71
      },
      {
        "act": "So in the u user interface requirements uh uh uh we we have been able to identify what are the basic buttons that we do want. Um but um so so at this stage, uh how we go about implementing those button we will not identify or I mean in we can completely do away with buttons and uh have some kind of a fancy user interface or something like that. But uh is is there any uh uh any thoughts on that?",
        "end_time": 992.1,
        "start_time": 963.15
      },
      {
        "act": "Um well, I think the buttons are still mm kind of the most um easy for the user to use, I mean um what other options would you have? A little screen or something, but this would be really kind of I think a lot of learning for the user and and I mean the user just wants to get um get a result um quickly, not to spend time in like um giving several orders um I dunno. I think I th I would I would think the put the buttons, but if if you have other mm proposals um.",
        "end_time": 1025.34,
        "start_time": 992.76
      },
      {
        "act": "Right. Yeah, and it'll make the costs yeah. Right.",
        "end_time": 1016.87,
        "start_time": 998.6
      },
      {
        "act": "Mm-hmm.",
        "end_time": 1018.38,
        "start_time": 1017.75
      },
      {
        "act": "Uh I think the co costs will also play a big role when we come to know about them. So well we can probably wait until t we have more knowledge on that. Uh i if the if the costs allow, we can have like an L_C_D_ display and uh with um because we do want something fancy and fashionable as well. So yeah? Cool.",
        "end_time": 1046.34,
        "start_time": 1024.75
      },
      {
        "act": "Mm.",
        "end_time": 1025.46,
        "start_time": 1025.35
      },
      {
        "act": "Yeah.",
        "end_time": 1029.76,
        "start_time": 1029.4
      },
      {
        "act": "Mm.",
        "end_time": 1029.98,
        "start_time": 1029.61
      },
      {
        "act": "Yeah. Mm-hmm.",
        "end_time": 1043.34,
        "start_time": 1033.46
      },
      {
        "act": "Mm-hmm.",
        "end_time": 1043.8,
        "start_time": 1043.23
      },
      {
        "act": "Yep.",
        "end_time": 1045.61,
        "start_time": 1045.43
      }
    ],
    "other_description": null,
    "topic": "interface specialist presentation"
  },
  {
    "acts": [
      {
        "act": "Sure, we can discuss that maybe after the next one. Do you want to yeah.",
        "end_time": 1052.76,
        "start_time": 1046.6
      },
      {
        "act": "Cool. Do you wanna give me the little cable thing?",
        "end_time": 1051.89,
        "start_time": 1049.75
      },
      {
        "act": "Uh am I going in the right direction? No. Wait.",
        "end_time": 1060.51,
        "start_time": 1055.78
      },
      {
        "act": "Yeah.",
        "end_time": 1060.92,
        "start_time": 1060.19
      },
      {
        "act": "Okay, here it comes.",
        "end_time": 1065.65,
        "start_time": 1064.36
      },
      {
        "act": "Oh, I'm getting hungry.",
        "end_time": 1065.81,
        "start_time": 1064.81
      },
      {
        "act": "Okay, here you are.",
        "end_time": 1069.36,
        "start_time": 1068.1
      },
      {
        "act": "Cool. Ah, that's why it won't meet. Okay, cool.",
        "end_time": 1082.84,
        "start_time": 1069.52
      },
      {
        "act": "You set?",
        "end_time": 1095.41,
        "start_time": 1095.04
      },
      {
        "act": "Yep, cool. Okay, functional requirements.",
        "end_time": 1101.31,
        "start_time": 1097.53
      },
      {
        "act": "Uh we need to do the function key thing so that it comes up on here.",
        "end_time": 1106.17,
        "start_time": 1101.61
      },
      {
        "act": "Alright, yeah.",
        "end_time": 1106.99,
        "start_time": 1105.96
      },
      {
        "act": "Hello.",
        "end_time": 1113.32,
        "start_time": 1112.37
      },
      {
        "act": "try to press oh, okay, yep.",
        "end_time": 1119.42,
        "start_time": 1117.24
      },
      {
        "act": "Is it plugged in prop it's working? Okay.",
        "end_time": 1119.55,
        "start_time": 1117.36
      },
      {
        "act": "It's working.",
        "end_time": 1118.33,
        "start_time": 1117.78
      },
      {
        "act": "Excellent.",
        "end_time": 1122.73,
        "start_time": 1122.24
      },
      {
        "act": "Cool, okay. So what I have, wh where I've got my information from is a survey where the usability lab um observed remote control use with um a hundred subjects and then they gave them a questionnaire. Um so it was all about, you know, how people feel about the look and feel of the remote control, you know. What's the most annoying things about remote controls and um the possibility of speech recognition and L_C_D_ screens in remote control. Not that they actually gave me any answers on the L_C_D_ screens, so I should have taken that bit out, but anyway.",
        "end_time": 1157.31,
        "start_time": 1122.36
      },
      {
        "act": "Um okay, so. What they found is that people don't like how current remote controls are, so you know, definitely you should be looking at something quite different. Um seventy five percent of users find most remote controls ugly. Uh the other twenty five percent have no fashion sense. Uh eighty percent of users would spend more to get um you know, a nice looking remote control. Um current remote controls, they don't match the user behaviour well, as you'll see on the next slide. Um I dunno what zapping is, but",
        "end_time": 1193.68,
        "start_time": 1157.82
      },
      {
        "act": "It's um switching between channels, sort of randomly going through.",
        "end_time": 1198.28,
        "start_time": 1193.67
      },
      {
        "act": "Oh, right. But you have that little thing that comes up at the bottom and tells you what's on. Um okay, fifty percent of users say they only use ten percent of the buttons, so that's going back to what, you know, we were saying earlier about, you know, do you need all the buttons on the remote control, they just make it look ugly. Okay? Cool. Um so this is my little graph thing.",
        "end_time": 1217.39,
        "start_time": 1199.04
      },
      {
        "act": "Mm. Right.",
        "end_time": 1210.33,
        "start_time": 1204.33
      },
      {
        "act": "Mm. Ooh, that's a bit difficult to see.",
        "end_time": 1218.04,
        "start_time": 1212.63
      },
      {
        "act": "Mm k",
        "end_time": 1220.69,
        "start_time": 1219.55
      },
      {
        "act": "If you explain it to us it'll be fine.",
        "end_time": 1222.48,
        "start_time": 1220.47
      },
      {
        "act": "Okay, well, I can send it to all of you. What it is is um it's cones, 'cause I thought they'd be more exciting. Um but ooh where's it go?",
        "end_time": 1231.59,
        "start_time": 1222.52
      },
      {
        "act": "Yeah. I liked the, I liked the litt ooh come back.",
        "end_time": 1231.91,
        "start_time": 1224.4
      },
      {
        "act": "Back. Oh.",
        "end_time": 1235.0,
        "start_time": 1232.65
      },
      {
        "act": "No.",
        "end_time": 1235.12,
        "start_time": 1234.88
      },
      {
        "act": "Oh yes, cool. Okay, I'm gonna stop playing with the little pointy thing. Um okay, so like what it shows is how much things are used relatively and what you can clearly see from that is the thing that's used most is the channel selection. What you can't see is volume selection, it's a little bit higher than all the others.",
        "end_time": 1255.11,
        "start_time": 1235.9
      },
      {
        "act": "Mm-hmm.",
        "end_time": 1239.86,
        "start_time": 1239.53
      },
      {
        "act": "Okay. Mm-hmm, that's the next one along, yeah?",
        "end_time": 1258.25,
        "start_time": 1246.97
      },
      {
        "act": "Yeah, so what the graph shows is that, you know, power, channel selection and volume selection are important, and the rest of them, you know, nobody really uses and so that's the the numbers along the top represent their like um their importance, you know, so on a scale of one to ten, how important is that and, you know, channel selection and volume selection are absolutely essential, and the power, well it's not quite so essential, apparently, although I don't understand how it couldn't be, um and everything else, I think, you know, you can forget about having those buttons on the remote control, 'cause they're just not needed, and they're not used.",
        "end_time": 1298.4,
        "start_time": 1257.43
      },
      {
        "act": "Mm-hmm. Mm-hmm.",
        "end_time": 1278.44,
        "start_time": 1269.88
      },
      {
        "act": "Mm-hmm.",
        "end_time": 1299.97,
        "start_time": 1299.57
      },
      {
        "act": "Okay. This is the bit that the email messed up for me and that's what I was fiddling about with at the beginning of the thing. Okay, cool. So um okay, so this is what people find annoying about remote controls. Uh that they get lost, that the uh you know, they're not intuitive and that they're bad for repetitive strain injury. I think if you're watching enough T_V_ to get repetitive strain injury from um you know, watching T_V_, then that's the least of your problems, but you know, it's up there. Um that yeah. Okay, so um I mean the the R_S_I_ thing would be that, like when you have the computer keyboards and you keep your wrists up would be something that encourages you want something with an ergonomic t design that encourages good use of the remote control and you know, not straining your wrists watching T_V_.",
        "end_time": 1347.45,
        "start_time": 1299.6
      },
      {
        "act": "Mm-hmm. The remote control.",
        "end_time": 1324.22,
        "start_time": 1317.66
      },
      {
        "act": "Mm. Right.",
        "end_time": 1338.3,
        "start_time": 1326.37
      },
      {
        "act": "Mm-hmm.",
        "end_time": 1344.64,
        "start_time": 1344.23
      },
      {
        "act": "Mm-hmm.",
        "end_time": 1344.87,
        "start_time": 1344.34
      },
      {
        "act": "Yes. Okay, cool. Right, um sorry this is pink because I was copying and pasting the table, and I didn't have time to white it out again. Um okay, but that shows how people whether they would pay more for voice recognition software. So you can see from that that, you know, younger people to the age of thirty five are quite likely to pay quite a lot more f well quite are quite likely to pay more for voice recognition software, whereas as people get older, they're a bit more sceptical about it and they're less willing to to try it. Um so clearly voice recognition is something to think about, but um you know I d I do wonder how well that would work given that a T_V_, you know, tends to be people talking and um, you know, how are you going to stop it from just flipping channels whilst watching T_V_. Um okay?",
        "end_time": 1402.23,
        "start_time": 1349.68
      },
      {
        "act": "Hmm.",
        "end_time": 1349.19,
        "start_time": 1349.09
      },
      {
        "act": "That's alright. Mm.",
        "end_time": 1394.45,
        "start_time": 1358.08
      },
      {
        "act": "Right.",
        "end_time": 1401.01,
        "start_time": 1400.79
      },
      {
        "act": "Cool. Um okay, so these are my personal preferences. So you have sleek, stylish, sophisticated, you know, so something that's, you know, a bit cool. Um you know, functional, so it's useful, but minimalist. Um there's a there's an important thing that, you know, people use when, you know, when you're filling up your home, you know, a lot of people fill up their home with bits of crap, basically, you know, and you've got all this stuff, and you're just like, what the hell is that, who is ever gonna use it? You know, so things should either be functional or beautiful or preferably both, so I think we need to aim for both. Um okay, then a long battery life, like you were talking about earlier and um, you know, I was thinking that solar power would be quite cool because, you know, your remote control just sits there, and you could just sit it in the sunshine and save the environment a bit. Um and then like a locator, so you know, kind of like you have for a mobile phone or not a mobile phone",
        "end_time": 1462.58,
        "start_time": 1404.05
      },
      {
        "act": "Mm. Mm. Mm. Some kind of a ring, some",
        "end_time": 1464.53,
        "start_time": 1441.61
      },
      {
        "act": "Keys and things like that, yeah. Whistle and it screams at you, yeah.",
        "end_time": 1468.64,
        "start_time": 1463.39
      },
      {
        "act": "Yeah, that's it, you know. I know, it's weird. My flatmate and I were talking about this on the way into uni this morning and I was like I need to get one for everything. So yeah, so maybe something where you clap and then it beeps, something a kind of sound that you don't often hear on the T_V_, you know, 'cause you don't want your remote control beeping every five minutes, 'cause you you'd then deliberately lose it by throwing it out the window or something. So okay? Cool. That's me.",
        "end_time": 1491.59,
        "start_time": 1464.31
      },
      {
        "act": "Mm-hmm.",
        "end_time": 1480.68,
        "start_time": 1480.33
      },
      {
        "act": "Right.",
        "end_time": 1480.77,
        "start_time": 1480.61
      },
      {
        "act": "Hmm.",
        "end_time": 1489.44,
        "start_time": 1489.05
      },
      {
        "act": "That's you, excellent.",
        "end_time": 1493.39,
        "start_time": 1491.98
      },
      {
        "act": "Okay, that's great, thanks.",
        "end_time": 1494.08,
        "start_time": 1492.41
      },
      {
        "act": "Um that's very good, very interesting.",
        "end_time": 1494.78,
        "start_time": 1492.77
      },
      {
        "act": "Um. I'm just gonna tick yes.",
        "end_time": 1499.84,
        "start_time": 1494.52
      }
    ],
    "other_description": null,
    "topic": "marketing expert presentation"
  },
  {
    "acts": [
      {
        "act": "So, we've got about ten, fifteen minutes to discuss",
        "end_time": 1507.43,
        "start_time": 1502.6
      },
      {
        "act": "Mm.",
        "end_time": 1506.6,
        "start_time": 1506.29
      }
    ],
    "other_description": null,
    "topic": "discussion"
  },
  {
    "acts": [
      {
        "act": "What we have to do now is to go back to our little places, complete our questionnaire and some sort of summarisation, which y you'll get immediately by email. Send me your presentations so that I can use them to make the minutes, and then we've got a lunch break and after lunch we go back to our own little stations and have thirty minutes more work. Um I'll put the minutes in that project documents folder, but I'll send you an email when I do it, so that you know. It should be on your desktop, so on the yeah. So I'll put it I'll put them there as soon as I've written them.",
        "end_time": 2089.93,
        "start_time": 2051.88
      },
      {
        "act": "Mm-hmm.",
        "end_time": 2067.85,
        "start_time": 2067.52
      },
      {
        "act": "So where exactly is this i Ah, okay. Yeah.",
        "end_time": 2086.76,
        "start_time": 2080.67
      },
      {
        "act": "Yeah. Did you find it? It's just yeah, yeah.",
        "end_time": 2091.83,
        "start_time": 2086.55
      },
      {
        "act": "Yeah, yeah in that one, right yeah.",
        "end_time": 2092.22,
        "start_time": 2090.36
      },
      {
        "act": "Yeah, and email them round.",
        "end_time": 2094.29,
        "start_time": 2092.58
      },
      {
        "act": "Oh, so y you want our um PowerPoint presentations in there, hey?",
        "end_time": 2097.72,
        "start_time": 2094.31
      },
      {
        "act": "Yeah, that would be great.",
        "end_time": 2098.49,
        "start_time": 2097.38
      },
      {
        "act": "Okay.",
        "end_time": 2099.37,
        "start_time": 2098.92
      },
      {
        "act": "Oh so so we'll just put them i there, we we yeah, w we won't even okay.",
        "end_time": 2102.88,
        "start_time": 2098.98
      },
      {
        "act": "Oh yeah, put them in there. Yeah, then you don't have to email them.",
        "end_time": 2103.37,
        "start_time": 2099.97
      },
      {
        "act": "There you go. But is everyone's called functional requirements?",
        "end_time": 2105.73,
        "start_time": 2101.54
      },
      {
        "act": "No, they're all called something slightly different. Technical requirements and something something, yeah. So, if you put them in there, we'll all be able to see them and refer to them if we need to.",
        "end_time": 2116.26,
        "start_time": 2105.59
      },
      {
        "act": "No.",
        "end_time": 2106.33,
        "start_time": 2105.79
      },
      {
        "act": "Okay, so that's good. That's me done.",
        "end_time": 2112.47,
        "start_time": 2110.01
      },
      {
        "act": "Yeah.",
        "end_time": 2111.69,
        "start_time": 2111.22
      },
      {
        "act": "Okay, cool.",
        "end_time": 2117.43,
        "start_time": 2116.44
      },
      {
        "act": "Um as to where we're going from here, you're going to look at the components concept. Yeah? Whatever that means.",
        "end_time": 2129.43,
        "start_time": 2117.62
      },
      {
        "act": "Right.",
        "end_time": 2126.71,
        "start_time": 2126.43
      },
      {
        "act": "Yeah.",
        "end_time": 2130.25,
        "start_time": 2130.0
      },
      {
        "act": "Yeah.",
        "end_time": 2130.88,
        "start_time": 2130.6
      },
      {
        "act": "I guess I'll find out.",
        "end_time": 2131.79,
        "start_time": 2130.94
      },
      {
        "act": "You'll be looking you'll be looking at the user interface concept, on something conceptual and you're watching trends to see how we go and surely voice recognition'll fall off the map or something that um we'll keep keep our options op hmm?",
        "end_time": 2147.04,
        "start_time": 2132.05
      },
      {
        "act": "Uh something conceptual, yeah.",
        "end_time": 2136.89,
        "start_time": 2134.95
      },
      {
        "act": "Wha what was it again that I was supposed to look into? Con components, oh.",
        "end_time": 2150.3,
        "start_time": 2145.22
      },
      {
        "act": "Components, yeah.",
        "end_time": 2151.89,
        "start_time": 2148.72
      },
      {
        "act": "Hmm. Sorry, but um the next meeting um are we going to have it um right after lunch or shall we prepare our",
        "end_time": 2157.69,
        "start_time": 2150.57
      },
      {
        "act": "No, we have we have after lunch we have thirty minutes to ourselves to prepare, so that's fine, w before lunch we just have to complete the questionnaire and some sort of summary.",
        "end_time": 2167.36,
        "start_time": 2156.57
      },
      {
        "act": "To prepare, okay, yeah, that's good. Okay.",
        "end_time": 2168.76,
        "start_time": 2160.15
      },
      {
        "act": "Okay? Right on time. Okay, so you can I guess we'll see you for lunch in a sec?",
        "end_time": 2179.78,
        "start_time": 2169.01
      },
      {
        "act": "Cool.",
        "end_time": 2171.16,
        "start_time": 2170.9
      },
      {
        "act": "Okay, see you.",
        "end_time": 2179.76,
        "start_time": 2178.18
      }
    ],
    "other_description": null,
    "topic": "closing"
  }
]