{
  "abstract": [
    {
      "extract_summ": [
        {
          "act": "Um I'm Sarah,",
          "end_time": 85.75,
          "id": 12,
          "speaker_id": "B",
          "start_time": 83.82,
          "type": {
            "main_type": "Task",
            "sub_type": "Inform"
          },
          "word_range": "ES2004a.B.words51-ES2004a.B.words54"
        },
        {
          "act": "the Project Manager",
          "end_time": 87.87,
          "id": 13,
          "speaker_id": "B",
          "start_time": 85.75,
          "type": {
            "main_type": "Task",
            "sub_type": "Inform"
          },
          "word_range": "ES2004a.B.words55-ES2004a.B.words57"
        },
        {
          "act": "Okay, this is our agenda, um",
          "end_time": 94.62,
          "id": 15,
          "speaker_id": "B",
          "start_time": 91.96,
          "type": {
            "main_type": "Task",
            "sub_type": "Inform"
          },
          "word_range": "ES2004a.B.words68-ES2004a.B.words76"
        },
        {
          "act": "get to know each other a bit better to feel more comfortable with each other.",
          "end_time": 101.93,
          "id": 17,
          "speaker_id": "B",
          "start_time": 98.39,
          "type": {
            "main_type": "Task",
            "sub_type": "Inform"
          },
          "word_range": "ES2004a.B.words83-ES2004a.B.words98"
        },
        {
          "act": "Um then we'll go do tool training,",
          "end_time": 106.28,
          "id": 18,
          "speaker_id": "B",
          "start_time": 101.93,
          "type": {
            "main_type": "Task",
            "sub_type": "Inform"
          },
          "word_range": "ES2004a.B.words99-ES2004a.B.words106"
        },
        {
          "act": "talk about the project plan,",
          "end_time": 108.14,
          "id": 19,
          "speaker_id": "B",
          "start_time": 106.28,
          "type": {
            "main_type": "Task",
            "sub_type": "Inform"
          },
          "word_range": "ES2004a.B.words107-ES2004a.B.words112"
        },
        {
          "act": "discuss our own ideas and everything um",
          "end_time": 112.03,
          "id": 20,
          "speaker_id": "B",
          "start_time": 108.14,
          "type": {
            "main_type": "Task",
            "sub_type": "Inform"
          },
          "word_range": "ES2004a.B.words113-ES2004a.B.words119"
        },
        {
          "act": "Now, we're developing a remote control which you probably already know.",
          "end_time": 121.54,
          "id": 23,
          "speaker_id": "B",
          "start_time": 117.62,
          "type": {
            "main_type": "Task",
            "sub_type": "Inform"
          },
          "word_range": "ES2004a.B.words137-ES2004a.B.words149"
        },
        {
          "act": "Um, we want it to be original,",
          "end_time": 124.73,
          "id": 24,
          "speaker_id": "B",
          "start_time": 121.54,
          "type": {
            "main_type": "Task",
            "sub_type": "Inform"
          },
          "word_range": "ES2004a.B.words150-ES2004a.B.words158"
        },
        {
          "act": "um, trendy,",
          "end_time": 130.31,
          "id": 27,
          "speaker_id": "B",
          "start_time": 128.78,
          "type": {
            "main_type": "Task",
            "sub_type": "Inform"
          },
          "word_range": "ES2004a.B.words175-ES2004a.B.words178"
        },
        {
          "act": "appealing to a wide market,",
          "end_time": 132.01,
          "id": 28,
          "speaker_id": "B",
          "start_time": 130.31,
          "type": {
            "main_type": "Task",
            "sub_type": "Inform"
          },
          "word_range": "ES2004a.B.words179-ES2004a.B.words184"
        },
        {
          "act": "and user-friendly,",
          "end_time": 137.06,
          "id": 30,
          "speaker_id": "B",
          "start_time": 135.52,
          "type": {
            "main_type": "Task",
            "sub_type": "Inform"
          },
          "word_range": "ES2004a.B.words195-ES2004a.B.words197"
        },
        {
          "act": "grannies to kids, maybe even pooches should be able to use it.",
          "end_time": 142.83,
          "id": 31,
          "speaker_id": "B",
          "start_time": 137.06,
          "type": {
            "main_type": "Task",
            "sub_type": "Inform"
          },
          "word_range": "ES2004a.B.words198-ES2004a.B.words211"
        }
      ],
      "summary": "The Project Manager gave an introduction to the goal of the project, to create a trendy yet user-friendly remote."
    },
    {
      "extract_summ": [
        {
          "act": "Okay, um, first is the functional design,",
          "end_time": 146.26,
          "id": 32,
          "speaker_id": "B",
          "start_time": 142.83,
          "type": {
            "main_type": "Task",
            "sub_type": "Inform"
          },
          "word_range": "ES2004a.B.words212-ES2004a.B.words221"
        },
        {
          "act": "um this is where we all go off and do our individual work,",
          "end_time": 149.58,
          "id": 33,
          "speaker_id": "B",
          "start_time": 146.26,
          "type": {
            "main_type": "Task",
            "sub_type": "Inform"
          },
          "word_range": "ES2004a.B.words222-ES2004a.B.words235"
        },
        {
          "act": "um what needs need to be fulfilled by the product,",
          "end_time": 153.98,
          "id": 34,
          "speaker_id": "B",
          "start_time": 149.58,
          "type": {
            "main_type": "Task",
            "sub_type": "Inform"
          },
          "word_range": "ES2004a.B.words236-ES2004a.B.words246"
        },
        {
          "act": "Um, conceptual design,",
          "end_time": 160.95,
          "id": 37,
          "speaker_id": "B",
          "start_time": 159.4,
          "type": {
            "main_type": "Task",
            "sub_type": "Inform"
          },
          "word_range": "ES2004a.B.words264-ES2004a.B.words268"
        },
        {
          "act": "and then the detailed design,",
          "end_time": 165.49,
          "id": 40,
          "speaker_id": "B",
          "start_time": 164.33,
          "type": {
            "main_type": "Task",
            "sub_type": "Inform"
          },
          "word_range": "ES2004a.B.words277-ES2004a.B.words282"
        },
        {
          "act": "how we're actually gonna put it into practice and make it work.",
          "end_time": 167.8,
          "id": 41,
          "speaker_id": "B",
          "start_time": 165.49,
          "type": {
            "main_type": "Task",
            "sub_type": "Inform"
          },
          "word_range": "ES2004a.B.words283-ES2004a.B.words295"
        }
      ],
      "summary": "She presented a long-range agenda for the whole project."
    },
    {
      "extract_summ": [
        {
          "act": "We're gonna practice with the pens",
          "end_time": 174.48,
          "id": 43,
          "speaker_id": "B",
          "start_time": 172.03,
          "type": {
            "main_type": "Task",
            "sub_type": "Inform"
          },
          "word_range": "ES2004a.B.words300-ES2004a.B.words305"
        },
        {
          "act": "and draw our favourite animal on the white board,",
          "end_time": 178.32,
          "id": 44,
          "speaker_id": "B",
          "start_time": 174.48,
          "type": {
            "main_type": "Task",
            "sub_type": "Inform"
          },
          "word_range": "ES2004a.B.words306-ES2004a.B.words315"
        },
        {
          "act": "and um sum up the characteristics of that animal.",
          "end_time": 184.1,
          "id": 46,
          "speaker_id": "B",
          "start_time": 179.71,
          "type": {
            "main_type": "Task",
            "sub_type": "Inform"
          },
          "word_range": "ES2004a.B.words320-ES2004a.B.words329"
        },
        {
          "act": "I'm going to tell you that's supposed to be a tiger.",
          "end_time": 250.6,
          "id": 54,
          "speaker_id": "B",
          "start_time": 248.92,
          "type": {
            "main_type": "Task",
            "sub_type": "Inform"
          },
          "word_range": "ES2004a.B.words362-ES2004a.B.words373"
        },
        {
          "act": "Uh, maybe you can guess what I'm trying to make?",
          "end_time": 296.02,
          "id": 18,
          "speaker_id": "A",
          "start_time": 293.32,
          "type": {
            "main_type": "Elicit",
            "sub_type": "Elicit-Offer-Or-Suggestion"
          },
          "word_range": "ES2004a.A.words56-ES2004a.A.words67"
        },
        {
          "act": "A kind of dog?",
          "end_time": 307.2,
          "id": 8,
          "speaker_id": "D",
          "start_time": 306.38,
          "type": {
            "main_type": "Task",
            "sub_type": "Suggest"
          },
          "word_range": "ES2004a.D.words36-ES2004a.D.words40"
        },
        {
          "act": "Okay, now I'm gonna have to change what is was originally gonna be",
          "end_time": 382.51,
          "id": 8,
          "speaker_id": "C",
          "start_time": 379.6,
          "type": {
            "main_type": "Task",
            "sub_type": "Inform"
          },
          "word_range": "ES2004a.C.words55-ES2004a.C.words68"
        },
        {
          "act": "Yeah, it can be a crocodile, it can be a crocodile.",
          "end_time": 397.95,
          "id": 10,
          "speaker_id": "C",
          "start_time": 394.38,
          "type": {
            "main_type": "Task",
            "sub_type": "Assess"
          },
          "word_range": "ES2004a.C.words79-ES2004a.C.words93"
        },
        {
          "act": "it's meant to be an eagle",
          "end_time": 502.82,
          "id": 44,
          "speaker_id": "D",
          "start_time": 500.47,
          "type": {
            "main_type": "Task",
            "sub_type": "Inform"
          },
          "word_range": "ES2004a.D.words226-ES2004a.D.words232"
        }
      ],
      "summary": "The group introduced themselves to each other and practiced with the meeting room tools by drawing on the board."
    },
    {
      "extract_summ": [
        {
          "act": "Um finance-wise, we've got a selling price at twenty five Euros,",
          "end_time": 570.39,
          "id": 90,
          "speaker_id": "B",
          "start_time": 565.46,
          "type": {
            "main_type": "Task",
            "sub_type": "Inform"
          },
          "word_range": "ES2004a.B.words503-ES2004a.B.words515"
        },
        {
          "act": "which I don't actually know what that is in Pounds, at all.",
          "end_time": 574.64,
          "id": 91,
          "speaker_id": "B",
          "start_time": 570.39,
          "type": {
            "main_type": "Task",
            "sub_type": "Inform"
          },
          "word_range": "ES2004a.B.words516-ES2004a.B.words529"
        },
        {
          "act": "Seventeen.",
          "end_time": 577.21,
          "id": 64,
          "speaker_id": "D",
          "start_time": 576.51,
          "type": {
            "main_type": "Task",
            "sub_type": "Inform"
          },
          "word_range": "ES2004a.D.words362-ES2004a.D.words363"
        },
        {
          "act": "Okay, that's expensive.",
          "end_time": 587.98,
          "id": 95,
          "speaker_id": "B",
          "start_time": 586.38,
          "type": {
            "main_type": "Task",
            "sub_type": "Assess"
          },
          "word_range": "ES2004a.B.words538-ES2004a.B.words542"
        },
        {
          "act": "Havi having said that though, if you wanna get one of those the the ones on the market at the moment they're s they're about twenty pounds anyway.",
          "end_time": 603.21,
          "id": 41,
          "speaker_id": "C",
          "start_time": 594.19,
          "type": {
            "main_type": "Task",
            "sub_type": "Inform"
          },
          "word_range": "ES2004a.C.words243-ES2004a.C.words273"
        },
        {
          "act": "um production cost's at twelve fifty, so",
          "end_time": 617.82,
          "id": 103,
          "speaker_id": "B",
          "start_time": 614.39,
          "type": {
            "main_type": "Task",
            "sub_type": "Inform"
          },
          "word_range": "ES2004a.B.words581-ES2004a.B.words588"
        },
        {
          "act": "Um, and profit aim is fifty million Euros,",
          "end_time": 628.76,
          "id": 105,
          "speaker_id": "B",
          "start_time": 624.26,
          "type": {
            "main_type": "Task",
            "sub_type": "Inform"
          },
          "word_range": "ES2004a.B.words601-ES2004a.B.words610"
        },
        {
          "act": "You've got market range international",
          "end_time": 639.7,
          "id": 79,
          "speaker_id": "D",
          "start_time": 638.1,
          "type": {
            "main_type": "Task",
            "sub_type": "Inform"
          },
          "word_range": "ES2004a.D.words435-ES2004a.D.words439"
        },
        {
          "act": "and you did say earlier it's got to be a um accessible and usable by sort of all age groups",
          "end_time": 645.22,
          "id": 80,
          "speaker_id": "D",
          "start_time": 639.7,
          "type": {
            "main_type": "Task",
            "sub_type": "Inform"
          },
          "word_range": "ES2004a.D.words440-ES2004a.D.words460"
        }
      ],
      "summary": "The Project Manager presented the project budget, the projected price point, and the projected profit aim for the project."
    },
    {
      "extract_summ": [
        {
          "act": "What are your experiences with remote controls?",
          "end_time": 678.29,
          "id": 119,
          "speaker_id": "B",
          "start_time": 675.2,
          "type": {
            "main_type": "Elicit",
            "sub_type": "Elicit-Inform"
          },
          "word_range": "ES2004a.B.words690-ES2004a.B.words697"
        },
        {
          "act": "I mean I've got we got um we had three videos, a T_V_ and a sort of amp thing all set up",
          "end_time": 688.38,
          "id": 120,
          "speaker_id": "B",
          "start_time": 678.29,
          "type": {
            "main_type": "Task",
            "sub_type": "Inform"
          },
          "word_range": "ES2004a.B.words698-ES2004a.B.words722"
        },
        {
          "act": "so we got one of the universal remote controls, um that you programme each of your things into,",
          "end_time": 694.75,
          "id": 121,
          "speaker_id": "B",
          "start_time": 688.38,
          "type": {
            "main_type": "Task",
            "sub_type": "Inform"
          },
          "word_range": "ES2004a.B.words723-ES2004a.B.words742"
        },
        {
          "act": "but that kept losing the signals",
          "end_time": 697.34,
          "id": 122,
          "speaker_id": "B",
          "start_time": 694.75,
          "type": {
            "main_type": "Task",
            "sub_type": "Inform"
          },
          "word_range": "ES2004a.B.words743-ES2004a.B.words748"
        },
        {
          "act": "but that was quite good, the fact that you could You didn't have six remote controls sitting in front of you.",
          "end_time": 708.91,
          "id": 126,
          "speaker_id": "B",
          "start_time": 702.7,
          "type": {
            "main_type": "Task",
            "sub_type": "Assess"
          },
          "word_range": "ES2004a.B.words781-ES2004a.B.words804"
        },
        {
          "act": "My experience has only been being given the remote control with the object I buy,",
          "end_time": 717.17,
          "id": 91,
          "speaker_id": "D",
          "start_time": 712.92,
          "type": {
            "main_type": "Task",
            "sub_type": "Inform"
          },
          "word_range": "ES2004a.D.words500-ES2004a.D.words515"
        },
        {
          "act": "not doing any tampering with it and programming,",
          "end_time": 719.26,
          "id": 92,
          "speaker_id": "D",
          "start_time": 717.17,
          "type": {
            "main_type": "Task",
            "sub_type": "Inform"
          },
          "word_range": "ES2004a.D.words516-ES2004a.D.words524"
        },
        {
          "act": "I hate I hate looking at a control and seeing a million tiny little buttons with tiny little words saying what they all do",
          "end_time": 747.37,
          "id": 131,
          "speaker_id": "B",
          "start_time": 739.62,
          "type": {
            "main_type": "Task",
            "sub_type": "Inform"
          },
          "word_range": "ES2004a.B.words827-ES2004a.B.words850"
        },
        {
          "act": "And symbols that you don't necessarily understand,",
          "end_time": 753.44,
          "id": 100,
          "speaker_id": "D",
          "start_time": 750.81,
          "type": {
            "main_type": "Task",
            "sub_type": "Inform"
          },
          "word_range": "ES2004a.D.words594-ES2004a.D.words601"
        },
        {
          "act": "So simplification of symbols you could think of.",
          "end_time": 758.06,
          "id": 50,
          "speaker_id": "A",
          "start_time": 755.18,
          "type": {
            "main_type": "Task",
            "sub_type": "Suggest"
          },
          "word_range": "ES2004a.A.words240-ES2004a.A.words248"
        },
        {
          "act": "and a section opens up or something to the other functions where you can do sound or options kind of recording, things like that inside it.",
          "end_time": 772.83,
          "id": 137,
          "speaker_id": "B",
          "start_time": 761.83,
          "type": {
            "main_type": "Task",
            "sub_type": "Inform"
          },
          "word_range": "ES2004a.B.words884-ES2004a.B.words911"
        },
        {
          "act": "The other thing is, just ch chucking into mobile phone f design features again, it could have a flip top remote control",
          "end_time": 941.85,
          "id": 133,
          "speaker_id": "D",
          "start_time": 935.18,
          "type": {
            "main_type": "Task",
            "sub_type": "Suggest"
          },
          "word_range": "ES2004a.D.words826-ES2004a.D.words849"
        }
      ],
      "summary": "Then the group began a discussion about their own experiences with remote controls to generate initial design ideas for making the product user-friendly."
    },
    {
      "extract_summ": [
        {
          "act": "but you know on a mobile phone, you can press a key and it gives you a menu, it's got a menu display,",
          "end_time": 788.22,
          "id": 109,
          "speaker_id": "D",
          "start_time": 783.26,
          "type": {
            "main_type": "Task",
            "sub_type": "Inform"
          },
          "word_range": "ES2004a.D.words635-ES2004a.D.words660"
        },
        {
          "act": "I wonder if incorporating that into the design of a remote control might be useful,",
          "end_time": 792.52,
          "id": 110,
          "speaker_id": "D",
          "start_time": 788.22,
          "type": {
            "main_type": "Task",
            "sub_type": "Suggest"
          },
          "word_range": "ES2004a.D.words661-ES2004a.D.words676"
        },
        {
          "act": "so you've got a little L_C_D_ display.",
          "end_time": 794.48,
          "id": 111,
          "speaker_id": "D",
          "start_time": 792.52,
          "type": {
            "main_type": "Task",
            "sub_type": "Suggest"
          },
          "word_range": "ES2004a.D.words677-ES2004a.D.words684"
        },
        {
          "act": "instead of having too many b buttons and make it complicated for the user, may h maybe have an L_C_D_ di display or something like that,",
          "end_time": 802.9,
          "id": 56,
          "speaker_id": "A",
          "start_time": 796.74,
          "type": {
            "main_type": "Task",
            "sub_type": "Suggest"
          },
          "word_range": "ES2004a.A.words269-ES2004a.A.words296"
        },
        {
          "act": "What about the older generation?",
          "end_time": 813.65,
          "id": 140,
          "speaker_id": "B",
          "start_time": 812.35,
          "type": {
            "main_type": "Elicit",
            "sub_type": "Elicit-Offer-Or-Suggestion"
          },
          "word_range": "ES2004a.B.words940-ES2004a.B.words945"
        },
        {
          "act": "that's gonna be a problem anyway with the older generation perhaps,",
          "end_time": 842.48,
          "id": 120,
          "speaker_id": "D",
          "start_time": 839.27,
          "type": {
            "main_type": "Task",
            "sub_type": "Inform"
          },
          "word_range": "ES2004a.D.words732-ES2004a.D.words743"
        },
        {
          "act": "I don't like the, you know the new phones that have kind of got a Windows-based running system.",
          "end_time": 871.74,
          "id": 150,
          "speaker_id": "B",
          "start_time": 866.26,
          "type": {
            "main_type": "Task",
            "sub_type": "Inform"
          },
          "word_range": "ES2004a.B.words1003-ES2004a.B.words1022"
        },
        {
          "act": "I find it really confusing,",
          "end_time": 874.73,
          "id": 151,
          "speaker_id": "B",
          "start_time": 872.95,
          "type": {
            "main_type": "Task",
            "sub_type": "Assess"
          },
          "word_range": "ES2004a.B.words1023-ES2004a.B.words1028"
        },
        {
          "act": "Yeah, I don't I don't know how for twenty fi, or twelve Euros fifty how much of a excellent screen you could get,",
          "end_time": 893.7,
          "id": 64,
          "speaker_id": "C",
          "start_time": 885.18,
          "type": {
            "main_type": "Task",
            "sub_type": "Inform"
          },
          "word_range": "ES2004a.C.words405-ES2004a.C.words430"
        },
        {
          "act": "you'd you'd have to sort of keep it down to a black and white L_C_D_ thing anyway, I'd assume.",
          "end_time": 899.31,
          "id": 65,
          "speaker_id": "C",
          "start_time": 893.7,
          "type": {
            "main_type": "Task",
            "sub_type": "Inform"
          },
          "word_range": "ES2004a.C.words431-ES2004a.C.words451"
        }
      ],
      "summary": "They discussed grouping features into a menu and adding an LCD display."
    },
    {
      "extract_summ": [
        {
          "act": "And there's no reason we need to make it look as fashionable and stylish as a mobile phone,",
          "end_time": 963.7,
          "id": 138,
          "speaker_id": "D",
          "start_time": 959.69,
          "type": {
            "main_type": "Task",
            "sub_type": "Inform"
          },
          "word_range": "ES2004a.D.words884-ES2004a.D.words902"
        },
        {
          "act": "it can still be lightweight plastic, you know?",
          "end_time": 966.35,
          "id": 139,
          "speaker_id": "D",
          "start_time": 963.7,
          "type": {
            "main_type": "Task",
            "sub_type": "Inform"
          },
          "word_range": "ES2004a.D.words903-ES2004a.D.words912"
        },
        {
          "act": "Something that's easily moulded and produced.",
          "end_time": 969.16,
          "id": 140,
          "speaker_id": "D",
          "start_time": 966.35,
          "type": {
            "main_type": "Task",
            "sub_type": "Inform"
          },
          "word_range": "ES2004a.D.words913-ES2004a.D.words919"
        },
        {
          "act": "about what you're saying about the uh does does it need to be fashionable?",
          "end_time": 996.66,
          "id": 71,
          "speaker_id": "C",
          "start_time": 992.96,
          "type": {
            "main_type": "Other",
            "sub_type": "Offer"
          },
          "word_range": "ES2004a.C.words470-ES2004a.C.words485"
        },
        {
          "act": "I I had a quick look at the company website",
          "end_time": 1000.17,
          "id": 73,
          "speaker_id": "C",
          "start_time": 997.63,
          "type": {
            "main_type": "Task",
            "sub_type": "Inform"
          },
          "word_range": "ES2004a.C.words490-ES2004a.C.words499"
        },
        {
          "act": "and it's like the the uh we put the fashion into electronics,",
          "end_time": 1005.24,
          "id": 74,
          "speaker_id": "C",
          "start_time": 1000.17,
          "type": {
            "main_type": "Task",
            "sub_type": "Inform"
          },
          "word_range": "ES2004a.C.words500-ES2004a.C.words513"
        },
        {
          "act": "I mean you don't you you can still have plastic",
          "end_time": 1012.35,
          "id": 76,
          "speaker_id": "C",
          "start_time": 1009.49,
          "type": {
            "main_type": "Task",
            "sub_type": "Inform"
          },
          "word_range": "ES2004a.C.words525-ES2004a.C.words535"
        },
        {
          "act": "we don't have to use metal,",
          "end_time": 1019.45,
          "id": 150,
          "speaker_id": "D",
          "start_time": 1018.62,
          "type": {
            "main_type": "Task",
            "sub_type": "Inform"
          },
          "word_range": "ES2004a.D.words962-ES2004a.D.words968"
        },
        {
          "act": "and the Telewest remote controls are silver plastic,",
          "end_time": 1032.59,
          "id": 184,
          "speaker_id": "B",
          "start_time": 1029.37,
          "type": {
            "main_type": "Task",
            "sub_type": "Inform"
          },
          "word_range": "ES2004a.B.words1257-ES2004a.B.words1265"
        },
        {
          "act": "I mean there's Sky remote controls and everything.",
          "end_time": 1026.89,
          "id": 181,
          "speaker_id": "B",
          "start_time": 1025.04,
          "type": {
            "main_type": "Task",
            "sub_type": "Inform"
          },
          "word_range": "ES2004a.B.words1238-ES2004a.B.words1246"
        },
        {
          "act": "They're kind of moulded",
          "end_time": 1027.86,
          "id": 182,
          "speaker_id": "B",
          "start_time": 1026.89,
          "type": {
            "main_type": "Task",
            "sub_type": "Inform"
          },
          "word_range": "ES2004a.B.words1247-ES2004a.B.words1250"
        },
        {
          "act": "so yeah I guess that's stuff we can think about.",
          "end_time": 1038.65,
          "id": 186,
          "speaker_id": "B",
          "start_time": 1035.08,
          "type": {
            "main_type": "Task",
            "sub_type": "Assess"
          },
          "word_range": "ES2004a.B.words1272-ES2004a.B.words1282"
        }
      ],
      "summary": "They also discussed the look of various materials that may be used in the design, in keeping with the company's goal to create fashionable electronics."
    }
  ],
  "actions": [
    {
      "extract_summ": [
        {
          "act": "so we're all gonna go off and do our individual things. Um",
          "end_time": 979.94,
          "id": 172,
          "speaker_id": "B",
          "start_time": 976.43,
          "type": {
            "main_type": "Task",
            "sub_type": "Inform"
          },
          "word_range": "ES2004a.B.words1188-ES2004a.B.words1200"
        },
        {
          "act": "and then we'll come back and liaise again",
          "end_time": 985.94,
          "id": 174,
          "speaker_id": "B",
          "start_time": 983.44,
          "type": {
            "main_type": "Task",
            "sub_type": "Inform"
          },
          "word_range": "ES2004a.B.words1207-ES2004a.B.words1214"
        },
        {
          "act": "Okay, um, first is the functional design,",
          "end_time": 146.26,
          "id": 32,
          "speaker_id": "B",
          "start_time": 142.83,
          "type": {
            "main_type": "Task",
            "sub_type": "Inform"
          },
          "word_range": "ES2004a.B.words212-ES2004a.B.words221"
        },
        {
          "act": "um this is where we all go off and do our individual work,",
          "end_time": 149.58,
          "id": 33,
          "speaker_id": "B",
          "start_time": 146.26,
          "type": {
            "main_type": "Task",
            "sub_type": "Inform"
          },
          "word_range": "ES2004a.B.words222-ES2004a.B.words235"
        },
        {
          "act": "um what needs need to be fulfilled by the product,",
          "end_time": 153.98,
          "id": 34,
          "speaker_id": "B",
          "start_time": 149.58,
          "type": {
            "main_type": "Task",
            "sub_type": "Inform"
          },
          "word_range": "ES2004a.B.words236-ES2004a.B.words246"
        },
        {
          "act": "um what effects the product has to have",
          "end_time": 156.63,
          "id": 35,
          "speaker_id": "B",
          "start_time": 153.98,
          "type": {
            "main_type": "Task",
            "sub_type": "Inform"
          },
          "word_range": "ES2004a.B.words247-ES2004a.B.words254"
        }
      ],
      "summary": "The group will prepare for the functional design meeting to discuss the components and functions of the product."
    }
  ],
  "decisions": [
    {
      "extract_summ": [],
      "summary": "NA."
    }
  ],
  "problems": [
    {
      "extract_summ": [
        {
          "act": "Yeah, I don't I don't know how for twenty fi, or twelve Euros fifty how much of a excellent screen you could get,",
          "end_time": 893.7,
          "id": 64,
          "speaker_id": "C",
          "start_time": 885.18,
          "type": {
            "main_type": "Task",
            "sub_type": "Inform"
          },
          "word_range": "ES2004a.C.words405-ES2004a.C.words430"
        },
        {
          "act": "you'd you'd have to sort of keep it down to a black and white L_C_D_ thing anyway, I'd assume.",
          "end_time": 899.31,
          "id": 65,
          "speaker_id": "C",
          "start_time": 893.7,
          "type": {
            "main_type": "Task",
            "sub_type": "Inform"
          },
          "word_range": "ES2004a.C.words431-ES2004a.C.words451"
        },
        {
          "act": "The other thing is, just ch chucking into mobile phone f design features again, it could have a flip top remote control",
          "end_time": 941.85,
          "id": 133,
          "speaker_id": "D",
          "start_time": 935.18,
          "type": {
            "main_type": "Task",
            "sub_type": "Suggest"
          },
          "word_range": "ES2004a.D.words826-ES2004a.D.words849"
        },
        {
          "act": "I think that's a cost thing,",
          "end_time": 949.91,
          "id": 164,
          "speaker_id": "B",
          "start_time": 948.48,
          "type": {
            "main_type": "Task",
            "sub_type": "Inform"
          },
          "word_range": "ES2004a.B.words1141-ES2004a.B.words1147"
        }
      ],
      "summary": "There may not be enough money in the budget to allow the addition of all the features the group discussed, such as the LCD display."
    }
  ]
}