[
  {
    "ar_type": "Option",
    "source": {
      "act": "What about the older generation? What about granny and grandads?",
      "ae_type": "Open issue",
      "end_time": 815.09,
      "speaker_id": "B",
      "start_time": 812.35
    },
    "target": {
      "act": "Um, my grandad can answer his mobile phone, but he couldn't even dream of texting or something like that.",
      "ae_type": "Statement",
      "end_time": 823.63,
      "speaker_id": "B",
      "start_time": 816.15
    }
  },
  {
    "ar_type": "Positive",
    "source": {
      "act": "Um, my grandad can answer his mobile phone, but he couldn't even dream of texting or something like that.",
      "ae_type": "Statement",
      "end_time": 823.63,
      "speaker_id": "B",
      "start_time": 816.15
    },
    "target": {
      "act": "Yeah.",
      "ae_type": "Statement",
      "end_time": 820.26,
      "speaker_id": "C",
      "start_time": 819.96
    }
  },
  {
    "ar_type": "Uncertain",
    "source": {
      "act": "Um, my grandad can answer his mobile phone, but he couldn't even dream of texting or something like that.",
      "ae_type": "Statement",
      "end_time": 823.63,
      "speaker_id": "B",
      "start_time": 816.15
    },
    "target": {
      "act": "Can he programme his remote control or is it basic with that too?",
      "ae_type": "Yes/No issue",
      "end_time": 827.97,
      "speaker_id": "D",
      "start_time": 823.79
    }
  },
  {
    "ar_type": "Uncertain",
    "source": {
      "act": "Can he programme his remote control or is it basic with that too?",
      "ae_type": "Yes/No issue",
      "end_time": 827.97,
      "speaker_id": "D",
      "start_time": 823.79
    },
    "target": {
      "act": "I don't think they tape things, I don't think they use",
      "ae_type": "Statement",
      "end_time": 831.44,
      "speaker_id": "B",
      "start_time": 828.12
    }
  },
  {
    "ar_type": "Positive",
    "source": {
      "act": "I don't think they tape things, I don't think they use",
      "ae_type": "Statement",
      "end_time": 831.44,
      "speaker_id": "B",
      "start_time": 828.12
    },
    "target": {
      "act": "Yeah, my grandad's actually better than me at using teletext, so.",
      "ae_type": "Statement",
      "end_time": 834.05,
      "speaker_id": "C",
      "start_time": 829.37
    }
  },
  {
    "ar_type": "Positive",
    "source": {
      "act": "Yeah, my grandad's actually better than me at using teletext, so.",
      "ae_type": "Statement",
      "end_time": 834.05,
      "speaker_id": "C",
      "start_time": 829.37
    },
    "target": {
      "act": "Right.",
      "ae_type": "Statement",
      "end_time": 830.6,
      "speaker_id": "D",
      "start_time": 830.05
    }
  },
  {
    "ar_type": "Option",
    "source": {
      "act": "What about the older generation? What about granny and grandads?",
      "ae_type": "Open issue",
      "end_time": 815.09,
      "speaker_id": "B",
      "start_time": 812.35
    },
    "target": {
      "act": "So that's a problem regardless of of any design modifications you you come up with, that's gonna be a problem anyway with the older generation perhaps, and that's another issue how we tackle that.",
      "ae_type": "Statement",
      "end_time": 844.64,
      "speaker_id": "D",
      "start_time": 834.64
    }
  },
  {
    "ar_type": "Positive",
    "source": {
      "act": "So that's a problem regardless of of any design modifications you you come up with, that's gonna be a problem anyway with the older generation perhaps, and that's another issue how we tackle that.",
      "ae_type": "Statement",
      "end_time": 844.64,
      "speaker_id": "D",
      "start_time": 834.64
    },
    "target": {
      "act": "Yeah.",
      "ae_type": "Statement",
      "end_time": 839.0,
      "speaker_id": "C",
      "start_time": 838.64
    }
  },
  {
    "ar_type": "Positive",
    "source": {
      "act": "So that's a problem regardless of of any design modifications you you come up with, that's gonna be a problem anyway with the older generation perhaps, and that's another issue how we tackle that.",
      "ae_type": "Statement",
      "end_time": 844.64,
      "speaker_id": "D",
      "start_time": 834.64
    },
    "target": {
      "act": "Mm, yeah, the age gap.",
      "ae_type": "Statement",
      "end_time": 843.24,
      "speaker_id": "B",
      "start_time": 841.2
    }
  },
  {
    "ar_type": "Option",
    "source": {
      "act": "So that's a problem regardless of of any design modifications you you come up with, that's gonna be a problem anyway with the older generation perhaps, and that's another issue how we tackle that.",
      "ae_type": "Statement",
      "end_time": 844.64,
      "speaker_id": "D",
      "start_time": 834.64
    },
    "target": {
      "act": "Yeah, what it just needs to be as long as it's sort of self-intuitive and you can can work out what everything's doing, 'cause I mean, menus on sort of new phones now they've sort of got all these pictures and stuff which makes it fairly obvious what you're trying to do.",
      "ae_type": "Statement",
      "end_time": 861.94,
      "speaker_id": "C",
      "start_time": 843.73
    }
  },
  {
    "ar_type": "Uncertain",
    "source": {
      "act": "Yeah, what it just needs to be as long as it's sort of self-intuitive and you can can work out what everything's doing, 'cause I mean, menus on sort of new phones now they've sort of got all these pictures and stuff which makes it fairly obvious what you're trying to do.",
      "ae_type": "Statement",
      "end_time": 861.94,
      "speaker_id": "C",
      "start_time": 843.73
    },
    "target": {
      "act": "I don't know, I d I don't like the, you know the new phones that have kind of got a Windows-based running system.",
      "ae_type": "Statement",
      "end_time": 871.74,
      "speaker_id": "B",
      "start_time": 864.3
    }
  },
  {
    "ar_type": "Elaboration",
    "source": {
      "act": "I don't know, I d I don't like the, you know the new phones that have kind of got a Windows-based running system.",
      "ae_type": "Statement",
      "end_time": 871.74,
      "speaker_id": "B",
      "start_time": 864.3
    },
    "target": {
      "act": "I find it really confusing, I kept getting lost in the phone, I di I've not got a new one but uh my friend got a new one and I was trying to do things with it and I just kept getting lost, but that's just me.",
      "ae_type": "Statement",
      "end_time": 885.17,
      "speaker_id": "B",
      "start_time": 872.95
    }
  },
  {
    "ar_type": "Positive",
    "source": {
      "act": "I find it really confusing, I kept getting lost in the phone, I di I've not got a new one but uh my friend got a new one and I was trying to do things with it and I just kept getting lost, but that's just me.",
      "ae_type": "Statement",
      "end_time": 885.17,
      "speaker_id": "B",
      "start_time": 872.95
    },
    "target": {
      "act": "Right.",
      "ae_type": "Statement",
      "end_time": 878.8,
      "speaker_id": "D",
      "start_time": 878.36
    }
  },
  {
    "ar_type": "Negative",
    "source": {
      "act": "Yeah, what it just needs to be as long as it's sort of self-intuitive and you can can work out what everything's doing, 'cause I mean, menus on sort of new phones now they've sort of got all these pictures and stuff which makes it fairly obvious what you're trying to do.",
      "ae_type": "Statement",
      "end_time": 861.94,
      "speaker_id": "C",
      "start_time": 843.73
    },
    "target": {
      "act": "Yeah, I don't I don't know how for twenty fi, or twelve Euros fifty how much of a excellent screen you could get, you'd you'd have to sort of keep it down to a black and white L_C_D_ thing anyway, I'd assume.",
      "ae_type": "Weak statement",
      "end_time": 899.31,
      "speaker_id": "C",
      "start_time": 885.18
    }
  },
  {
    "ar_type": "Positive",
    "source": {
      "act": "Yeah, I don't I don't know how for twenty fi, or twelve Euros fifty how much of a excellent screen you could get, you'd you'd have to sort of keep it down to a black and white L_C_D_ thing anyway, I'd assume.",
      "ae_type": "Weak statement",
      "end_time": 899.31,
      "speaker_id": "C",
      "start_time": 885.18
    },
    "target": {
      "act": "Yeah.",
      "ae_type": "Statement",
      "end_time": 894.31,
      "speaker_id": "B",
      "start_time": 893.63
    }
  },
  {
    "ar_type": "Option",
    "source": {
      "act": "What about the older generation? What about granny and grandads?",
      "ae_type": "Open issue",
      "end_time": 815.09,
      "speaker_id": "B",
      "start_time": 812.35
    },
    "target": {
      "act": "Is it possible that that for the older generation you could have like an extra button that you press for large print like you do in large print books? Obviously it displays less on the screen, it displays less on the screen but as long as they can read it that's the main thing.",
      "ae_type": "Yes/No issue",
      "end_time": 911.78,
      "speaker_id": "D",
      "start_time": 898.71
    }
  },
  {
    "ar_type": "Positive",
    "source": {
      "act": "Is it possible that that for the older generation you could have like an extra button that you press for large print like you do in large print books? Obviously it displays less on the screen, it displays less on the screen but as long as they can read it that's the main thing.",
      "ae_type": "Yes/No issue",
      "end_time": 911.78,
      "speaker_id": "D",
      "start_time": 898.71
    },
    "target": {
      "act": "Okay.",
      "ae_type": "Statement",
      "end_time": 905.7,
      "speaker_id": "A",
      "start_time": 905.32
    }
  },
  {
    "ar_type": "Positive",
    "source": {
      "act": "Is it possible that that for the older generation you could have like an extra button that you press for large print like you do in large print books? Obviously it displays less on the screen, it displays less on the screen but as long as they can read it that's the main thing.",
      "ae_type": "Yes/No issue",
      "end_time": 911.78,
      "speaker_id": "D",
      "start_time": 898.71
    },
    "target": {
      "act": "Teletext has got that option as well.",
      "ae_type": "Statement",
      "end_time": 907.5,
      "speaker_id": "B",
      "start_time": 905.77
    }
  },
  {
    "ar_type": "Positive",
    "source": {
      "act": "Is it possible that that for the older generation you could have like an extra button that you press for large print like you do in large print books? Obviously it displays less on the screen, it displays less on the screen but as long as they can read it that's the main thing.",
      "ae_type": "Yes/No issue",
      "end_time": 911.78,
      "speaker_id": "D",
      "start_time": 898.71
    },
    "target": {
      "act": "Yeah.",
      "ae_type": "Statement",
      "end_time": 912.35,
      "speaker_id": "B",
      "start_time": 911.86
    }
  }
]