{
    "0": "0",
    "1": "1",
    "10": "0",
    "100": "0",
    "101": "0",
    "102": "0",
    "103": "0",
    "104": "0",
    "105": "0",
    "106": "0",
    "107": "0",
    "108": "1",
    "109": "1",
    "11": "1",
    "110": "1",
    "111": "1",
    "112": "1",
    "113": "0",
    "114": "0",
    "115": "0",
    "116": "0",
    "117": "0",
    "118": "0",
    "119": "0",
    "12": "1",
    "120": "1",
    "121": "1",
    "122": "0",
    "123": "0",
    "124": "0",
    "125": "0",
    "126": "0",
    "127": "1",
    "128": "-1",
    "129": "0",
    "13": "0",
    "130": "-1",
    "131": "0",
    "132": "0",
    "133": "0",
    "134": "0",
    "135": "0",
    "136": "0",
    "137": "1",
    "138": "0",
    "139": "1",
    "14": "0",
    "140": "0",
    "141": "0",
    "142": "0",
    "143": "1",
    "144": "1",
    "145": "1",
    "146": "0",
    "147": "0",
    "148": "-1",
    "149": "0",
    "15": "0",
    "150": "1",
    "151": "0",
    "152": "0",
    "153": "0",
    "154": "0",
    "155": "0",
    "156": "0",
    "157": "1",
    "158": "1",
    "159": "1",
    "16": "-1",
    "160": "1",
    "161": "0",
    "162": "1",
    "163": "0",
    "164": "0",
    "165": "0",
    "166": "1",
    "167": "0",
    "168": "0",
    "169": "0",
    "17": "1",
    "170": "0",
    "171": "0",
    "172": "1",
    "173": "0",
    "174": "0",
    "175": "0",
    "176": "0",
    "177": "0",
    "178": "0",
    "179": "1",
    "18": "1",
    "180": "-1",
    "181": "0",
    "182": "0",
    "183": "0",
    "184": "0",
    "185": "0",
    "186": "1",
    "187": "1",
    "188": "1",
    "189": "0",
    "19": "1",
    "190": "0",
    "191": "1",
    "192": "1",
    "193": "1",
    "194": "0",
    "195": "0",
    "196": "0",
    "197": "0",
    "198": "1",
    "199": "0",
    "2": "0",
    "20": "1",
    "200": "0",
    "201": "1",
    "202": "0",
    "203": "0",
    "204": "0",
    "205": "0",
    "206": "0",
    "207": "1",
    "208": "1",
    "209": "1",
    "21": "1",
    "210": "1",
    "211": "0",
    "212": "0",
    "213": "0",
    "214": "0",
    "215": "0",
    "216": "0",
    "217": "0",
    "218": "0",
    "219": "1",
    "22": "1",
    "220": "0",
    "221": "0",
    "222": "0",
    "223": "0",
    "224": "0",
    "225": "0",
    "226": "1",
    "227": "1",
    "228": "0",
    "229": "0",
    "23": "1",
    "230": "1",
    "231": "0",
    "232": "0",
    "233": "0",
    "234": "0",
    "235": "0",
    "236": "0",
    "237": "0",
    "238": "0",
    "239": "0",
    "24": "0",
    "240": "0",
    "241": "0",
    "242": "1",
    "243": "0",
    "244": "0",
    "245": "0",
    "246": "1",
    "247": "1",
    "248": "0",
    "249": "1",
    "25": "0",
    "250": "0",
    "251": "-1",
    "252": "0",
    "253": "0",
    "254": "0",
    "255": "0",
    "256": "0",
    "257": "0",
    "258": "0",
    "259": "0",
    "26": "1",
    "260": "0",
    "261": "1",
    "262": "0",
    "263": "0",
    "264": "0",
    "265": "0",
    "266": "0",
    "267": "0",
    "268": "0",
    "269": "0",
    "27": "1",
    "270": "0",
    "271": "1",
    "272": "0",
    "273": "0",
    "274": "0",
    "275": "1",
    "276": "0",
    "277": "-1",
    "278": "-1",
    "279": "-1",
    "28": "1",
    "280": "-1",
    "281": "0",
    "282": "0",
    "283": "0",
    "284": "1",
    "285": "1",
    "286": "0",
    "287": "1",
    "288": "0",
    "289": "0",
    "29": "0",
    "290": "1",
    "291": "0",
    "292": "0",
    "293": "1",
    "294": "0",
    "295": "1",
    "296": "0",
    "297": "1",
    "298": "1",
    "299": "1",
    "3": "0",
    "30": "1",
    "300": "0",
    "301": "0",
    "302": "0",
    "303": "0",
    "304": "0",
    "305": "0",
    "306": "0",
    "307": "0",
    "308": "0",
    "309": "0",
    "31": "0",
    "310": "0",
    "311": "0",
    "312": "0",
    "313": "0",
    "314": "0",
    "315": "0",
    "316": "0",
    "317": "0",
    "318": "0",
    "319": "1",
    "32": "-1",
    "320": "0",
    "321": "0",
    "322": "0",
    "323": "-1",
    "324": "1",
    "325": "0",
    "326": "0",
    "327": "-1",
    "328": "0",
    "329": "0",
    "33": "0",
    "330": "0",
    "331": "0",
    "332": "1",
    "333": "0",
    "334": "0",
    "335": "-1",
    "336": "0",
    "337": "0",
    "338": "0",
    "339": "1",
    "34": "1",
    "340": "0",
    "341": "0",
    "342": "0",
    "343": "0",
    "344": "0",
    "345": "0",
    "346": "0",
    "347": "0",
    "348": "0",
    "349": "0",
    "35": "-1",
    "350": "0",
    "351": "1",
    "352": "0",
    "353": "0",
    "354": "0",
    "355": "1",
    "356": "0",
    "357": "0",
    "358": "0",
    "359": "0",
    "36": "-1",
    "360": "0",
    "361": "1",
    "362": "0",
    "363": "0",
    "364": "0",
    "365": "0",
    "366": "0",
    "367": "0",
    "368": "0",
    "369": "0",
    "37": "-1",
    "370": "0",
    "371": "1",
    "372": "0",
    "373": "1",
    "374": "1",
    "375": "0",
    "376": "0",
    "377": "0",
    "378": "1",
    "379": "0",
    "38": "0",
    "380": "-1",
    "381": "-1",
    "382": "0",
    "383": "0",
    "384": "0",
    "385": "0",
    "386": "0",
    "387": "0",
    "388": "1",
    "389": "0",
    "39": "1",
    "390": "0",
    "391": "0",
    "392": "0",
    "393": "-1",
    "394": "0",
    "395": "0",
    "396": "0",
    "397": "0",
    "398": "0",
    "399": "1",
    "4": "0",
    "40": "0",
    "400": "1",
    "401": "0",
    "402": "0",
    "403": "0",
    "404": "0",
    "405": "0",
    "406": "0",
    "407": "1",
    "408": "1",
    "409": "0",
    "41": "0",
    "410": "1",
    "411": "0",
    "412": "0",
    "413": "0",
    "414": "0",
    "415": "0",
    "416": "1",
    "417": "1",
    "418": "1",
    "419": "0",
    "42": "0",
    "420": "1",
    "421": "0",
    "422": "0",
    "423": "0",
    "424": "1",
    "425": "1",
    "426": "1",
    "427": "1",
    "428": "1",
    "429": "1",
    "43": "0",
    "430": "-1",
    "431": "0",
    "432": "0",
    "433": "1",
    "434": "1",
    "435": "0",
    "436": "1",
    "437": "0",
    "438": "-1",
    "439": "0",
    "44": "0",
    "440": "0",
    "441": "0",
    "442": "0",
    "443": "0",
    "444": "0",
    "445": "0",
    "446": "0",
    "447": "0",
    "448": "-1",
    "449": "0",
    "45": "1",
    "450": "0",
    "451": "0",
    "452": "0",
    "453": "0",
    "454": "0",
    "455": "0",
    "456": "0",
    "457": "0",
    "458": "1",
    "459": "0",
    "46": "0",
    "460": "1",
    "461": "1",
    "462": "0",
    "463": "0",
    "464": "0",
    "465": "0",
    "466": "0",
    "467": "0",
    "468": "-1",
    "47": "1",
    "48": "1",
    "49": "1",
    "5": "1",
    "50": "0",
    "51": "0",
    "52": "0",
    "53": "1",
    "54": "1",
    "55": "1",
    "56": "0",
    "57": "0",
    "58": "0",
    "59": "0",
    "6": "0",
    "60": "0",
    "61": "0",
    "62": "-1",
    "63": "0",
    "64": "0",
    "65": "0",
    "66": "0",
    "67": "0",
    "68": "0",
    "69": "0",
    "7": "0",
    "70": "0",
    "71": "1",
    "72": "0",
    "73": "0",
    "74": "1",
    "75": "0",
    "76": "0",
    "77": "0",
    "78": "1",
    "79": "1",
    "8": "0",
    "80": "0",
    "81": "0",
    "82": "0",
    "83": "0",
    "84": "0",
    "85": "0",
    "86": "0",
    "87": "1",
    "88": "1",
    "89": "1",
    "9": "0",
    "90": "0",
    "91": "-1",
    "92": "-1",
    "93": "0",
    "94": "0",
    "95": "0",
    "96": "0",
    "97": "0",
    "98": "0",
    "99": "0"
}