{
  "abs_summ": {
    "abs_summs_count": 10,
    "ext_summs_count": 81
  },
  "ap": [
    [
      {
        "act": "Yeah, me.",
        "end_time": 275.45,
        "is_in_ext_summ": false,
        "start_time": 275.09
      },
      {
        "act": "'Kay.",
        "end_time": 275.8,
        "is_in_ext_summ": false,
        "start_time": 275.42
      }
    ],
    [
      {
        "act": "Is that your lapel then?",
        "end_time": 289.66,
        "is_in_ext_summ": false,
        "start_time": 287.57
      },
      {
        "act": "Uh, yep.",
        "end_time": 290.68,
        "is_in_ext_summ": false,
        "start_time": 289.09
      }
    ],
    [
      {
        "act": "A kind of dog?",
        "end_time": 307.2,
        "is_in_ext_summ": true,
        "start_time": 306.38
      },
      {
        "act": "Yep.",
        "end_time": 310.08,
        "is_in_ext_summ": false,
        "start_time": 309.22
      }
    ],
    [
      {
        "act": "It's actually sitting, so",
        "end_time": 316.97,
        "is_in_ext_summ": false,
        "start_time": 313.47
      },
      {
        "act": "Sorry?",
        "end_time": 316.3,
        "is_in_ext_summ": false,
        "start_time": 315.85
      },
      {
        "act": "it's sitting, it's not standing.",
        "end_time": 319.15,
        "is_in_ext_summ": false,
        "start_time": 316.97
      }
    ],
    [
      {
        "act": "Please, please leave me a space at the bottom,",
        "end_time": 358.3,
        "is_in_ext_summ": false,
        "start_time": 356.51
      },
      {
        "act": "Alright, okay.",
        "end_time": 361.74,
        "is_in_ext_summ": false,
        "start_time": 359.11
      }
    ],
    [
      {
        "act": "Well since you guys have chosen the ones I wanted to do, I'll have to have to go for something a bit random.",
        "end_time": 367.65,
        "is_in_ext_summ": false,
        "start_time": 361.74
      },
      {
        "act": "Okay.",
        "end_time": 366.01,
        "is_in_ext_summ": false,
        "start_time": 364.81
      }
    ],
    [
      {
        "act": "Yeah, it can be a crocodile, it can be a crocodile.",
        "end_time": 397.95,
        "is_in_ext_summ": true,
        "start_time": 394.38
      },
      {
        "act": "Crocodile?",
        "end_time": 391.74,
        "is_in_ext_summ": false,
        "start_time": 391.13
      }
    ],
    [
      {
        "act": "yeah that's about it I think.",
        "end_time": 441.99,
        "is_in_ext_summ": false,
        "start_time": 438.74
      },
      {
        "act": "Okay it's fine.",
        "end_time": 441.77,
        "is_in_ext_summ": false,
        "start_time": 439.85
      }
    ],
    [
      {
        "act": "it's meant to be an eagle",
        "end_time": 502.82,
        "is_in_ext_summ": true,
        "start_time": 500.47
      },
      {
        "act": "right,",
        "end_time": 502.71,
        "is_in_ext_summ": false,
        "start_time": 501.85
      },
      {
        "act": "Ah eagle, right okay.",
        "end_time": 503.22,
        "is_in_ext_summ": false,
        "start_time": 501.76
      },
      {
        "act": "Eagle, okay.",
        "end_time": 502.67,
        "is_in_ext_summ": false,
        "start_time": 501.78
      }
    ],
    [
      {
        "act": "did you say they're good at golf?",
        "end_time": 524.93,
        "is_in_ext_summ": false,
        "start_time": 523.19
      },
      {
        "act": "Yeah,",
        "end_time": 525.16,
        "is_in_ext_summ": false,
        "start_time": 524.31
      }
    ],
    [
      {
        "act": "Are they?",
        "end_time": 526.24,
        "is_in_ext_summ": false,
        "start_time": 524.93
      },
      {
        "act": "no yeah,",
        "end_time": 526.26,
        "is_in_ext_summ": false,
        "start_time": 525.16
      }
    ],
    [
      {
        "act": "Oh. Oh right, okay,",
        "end_time": 527.94,
        "is_in_ext_summ": false,
        "start_time": 526.24
      },
      {
        "act": "an eagle.",
        "end_time": 528.63,
        "is_in_ext_summ": false,
        "start_time": 526.26
      },
      {
        "act": "Eagle.",
        "end_time": 525.96,
        "is_in_ext_summ": false,
        "start_time": 525.5
      }
    ],
    [
      {
        "act": "Any ideas?",
        "end_time": 575.32,
        "is_in_ext_summ": false,
        "start_time": 574.64
      },
      {
        "act": "Seventeen.",
        "end_time": 577.21,
        "is_in_ext_summ": true,
        "start_time": 576.51
      }
    ],
    [
      {
        "act": "One point four Euro would make a Pound or something like that.",
        "end_time": 581.5,
        "is_in_ext_summ": false,
        "start_time": 578.71
      },
      {
        "act": "Yeah, yeah, something like that,",
        "end_time": 582.43,
        "is_in_ext_summ": false,
        "start_time": 580.85
      }
    ],
    [
      {
        "act": "We can just refer to this later can't we?",
        "end_time": 591.74,
        "is_in_ext_summ": false,
        "start_time": 589.55
      },
      {
        "act": "I think so, I think so,",
        "end_time": 592.23,
        "is_in_ext_summ": false,
        "start_time": 590.98
      }
    ],
    [
      {
        "act": "yeah,",
        "end_time": 605.56,
        "is_in_ext_summ": false,
        "start_time": 604.55
      },
      {
        "act": "Really?",
        "end_time": 604.22,
        "is_in_ext_summ": false,
        "start_time": 603.88
      }
    ],
    [
      {
        "act": "or is it going to make our product look a cheapie-cheapie option?",
        "end_time": 613.93,
        "is_in_ext_summ": false,
        "start_time": 611.15
      },
      {
        "act": "Yeah,",
        "end_time": 614.39,
        "is_in_ext_summ": false,
        "start_time": 613.51
      }
    ],
    [
      {
        "act": "um production cost's at twelve fifty, so",
        "end_time": 617.82,
        "is_in_ext_summ": true,
        "start_time": 614.39
      },
      {
        "act": "Okay,",
        "end_time": 618.36,
        "is_in_ext_summ": false,
        "start_time": 617.54
      }
    ],
    [
      {
        "act": "In our first year?",
        "end_time": 631.2,
        "is_in_ext_summ": false,
        "start_time": 630.37
      },
      {
        "act": "Yi yes,",
        "end_time": 632.61,
        "is_in_ext_summ": false,
        "start_time": 631.29
      },
      {
        "act": "um yeah, I presume so. Um",
        "end_time": 637.07,
        "is_in_ext_summ": false,
        "start_time": 632.61
      }
    ],
    [
      {
        "act": "just t we're not focusing on business market, any particular thing, it's everyone",
        "end_time": 649.69,
        "is_in_ext_summ": false,
        "start_time": 645.22
      },
      {
        "act": "No,",
        "end_time": 649.87,
        "is_in_ext_summ": false,
        "start_time": 649.13
      }
    ],
    [
      {
        "act": "user-friendly to everyone.",
        "end_time": 651.11,
        "is_in_ext_summ": false,
        "start_time": 649.69
      },
      {
        "act": "yeah.",
        "end_time": 650.29,
        "is_in_ext_summ": false,
        "start_time": 649.87
      }
    ],
    [
      {
        "act": "Big target group.",
        "end_time": 655.4,
        "is_in_ext_summ": false,
        "start_time": 653.41
      },
      {
        "act": "yes, yes,",
        "end_time": 655.64,
        "is_in_ext_summ": false,
        "start_time": 654.39
      }
    ],
    [
      {
        "act": "you wanna integrate everything into one like",
        "end_time": 710.93,
        "is_in_ext_summ": false,
        "start_time": 709.16
      },
      {
        "act": "Yeah,",
        "end_time": 712.85,
        "is_in_ext_summ": false,
        "start_time": 711.24
      }
    ],
    [
      {
        "act": "so, I suppose it's got to be something usable by someone like me as well.",
        "end_time": 736.05,
        "is_in_ext_summ": false,
        "start_time": 731.34
      },
      {
        "act": "Yeah,",
        "end_time": 735.33,
        "is_in_ext_summ": false,
        "start_time": 734.98
      }
    ],
    [
      {
        "act": "And symbols that you don't necessarily understand,",
        "end_time": 753.44,
        "is_in_ext_summ": true,
        "start_time": 750.81
      },
      {
        "act": "Yeah.",
        "end_time": 752.95,
        "is_in_ext_summ": false,
        "start_time": 752.59
      }
    ],
    [
      {
        "act": "but you know on a mobile phone, you can press a key and it gives you a menu, it's got a menu display,",
        "end_time": 788.22,
        "is_in_ext_summ": true,
        "start_time": 783.26
      },
      {
        "act": "Menu, alright.",
        "end_time": 787.74,
        "is_in_ext_summ": false,
        "start_time": 787.08
      }
    ],
    [
      {
        "act": "so you've got a little L_C_D_ display.",
        "end_time": 794.48,
        "is_in_ext_summ": true,
        "start_time": 792.52
      },
      {
        "act": "Right,",
        "end_time": 794.85,
        "is_in_ext_summ": false,
        "start_time": 794.46
      }
    ],
    [
      {
        "act": "like a mobile, yeah and with menus.",
        "end_time": 806.03,
        "is_in_ext_summ": false,
        "start_time": 802.9
      },
      {
        "act": "With menus, yeah, yeah.",
        "end_time": 805.92,
        "is_in_ext_summ": false,
        "start_time": 803.8
      }
    ],
    [
      {
        "act": "Can he programme his remote control or is it basic with that too?",
        "end_time": 827.97,
        "is_in_ext_summ": false,
        "start_time": 823.79
      },
      {
        "act": "I don't think they tape things,",
        "end_time": 830.04,
        "is_in_ext_summ": false,
        "start_time": 828.12
      }
    ],
    [
      {
        "act": "So that's a problem regardless of of any design modifications you you come up with,",
        "end_time": 839.27,
        "is_in_ext_summ": false,
        "start_time": 834.64
      },
      {
        "act": "Yeah.",
        "end_time": 839.0,
        "is_in_ext_summ": false,
        "start_time": 838.64
      }
    ],
    [
      {
        "act": "that's gonna be a problem anyway with the older generation perhaps,",
        "end_time": 842.48,
        "is_in_ext_summ": true,
        "start_time": 839.27
      },
      {
        "act": "Mm, yeah, the age gap.",
        "end_time": 843.24,
        "is_in_ext_summ": false,
        "start_time": 841.2
      }
    ],
    [
      {
        "act": "'cause I mean, menus on sort of new phones now they've sort of got all these pictures and stuff which makes it fairly obvious what you're trying to do.",
        "end_time": 861.94,
        "is_in_ext_summ": false,
        "start_time": 852.17
      },
      {
        "act": "I don't know,",
        "end_time": 864.64,
        "is_in_ext_summ": false,
        "start_time": 864.3
      }
    ],
    [
      {
        "act": "Yeah, I don't I don't know how for twenty fi, or twelve Euros fifty how much of a excellent screen you could get,",
        "end_time": 893.7,
        "is_in_ext_summ": true,
        "start_time": 885.18
      },
      {
        "act": "Yeah.",
        "end_time": 894.31,
        "is_in_ext_summ": false,
        "start_time": 893.63
      }
    ],
    [
      {
        "act": "I think that's a cost thing,",
        "end_time": 949.91,
        "is_in_ext_summ": true,
        "start_time": 948.48
      },
      {
        "act": "Yeah?",
        "end_time": 951.41,
        "is_in_ext_summ": false,
        "start_time": 951.06
      }
    ],
    [
      {
        "act": "it's i instead of looking bulky, it might look small.",
        "end_time": 957.38,
        "is_in_ext_summ": false,
        "start_time": 954.37
      },
      {
        "act": "Yes, no that's important.",
        "end_time": 958.07,
        "is_in_ext_summ": false,
        "start_time": 956.02
      },
      {
        "act": "Yeah, like smaller.",
        "end_time": 958.6,
        "is_in_ext_summ": false,
        "start_time": 956.78
      }
    ],
    [
      {
        "act": "Sorry I'm treading on your territory guys.",
        "end_time": 972.45,
        "is_in_ext_summ": false,
        "start_time": 969.16
      },
      {
        "act": "No uh uh",
        "end_time": 971.68,
        "is_in_ext_summ": false,
        "start_time": 970.68
      }
    ],
    [
      {
        "act": "Just just a quick thing about the um",
        "end_time": 992.96,
        "is_in_ext_summ": false,
        "start_time": 988.8
      },
      {
        "act": "Sure.",
        "end_time": 991.47,
        "is_in_ext_summ": false,
        "start_time": 991.07
      }
    ],
    [
      {
        "act": "and it's like the the uh we put the fashion into electronics,",
        "end_time": 1005.24,
        "is_in_ext_summ": true,
        "start_time": 1000.17
      },
      {
        "act": "Ah right.",
        "end_time": 1005.74,
        "is_in_ext_summ": false,
        "start_time": 1005.06
      },
      {
        "act": "Okay.",
        "end_time": 1006.25,
        "is_in_ext_summ": false,
        "start_time": 1005.79
      },
      {
        "act": "Okay.",
        "end_time": 1006.44,
        "is_in_ext_summ": false,
        "start_time": 1005.86
      }
    ],
    [
      {
        "act": "I don't know if using plastic does make it cheaper,",
        "end_time": 1021.36,
        "is_in_ext_summ": false,
        "start_time": 1019.45
      },
      {
        "act": "I would",
        "end_time": 1022.84,
        "is_in_ext_summ": false,
        "start_time": 1022.32
      }
    ],
    [
      {
        "act": "I presume it would.",
        "end_time": 1022.1,
        "is_in_ext_summ": false,
        "start_time": 1021.36
      },
      {
        "act": "it would probably.",
        "end_time": 1023.99,
        "is_in_ext_summ": false,
        "start_time": 1022.84
      }
    ],
    [
      {
        "act": "Okay, so let's break it up there.",
        "end_time": 1041.56,
        "is_in_ext_summ": false,
        "start_time": 1038.65
      },
      {
        "act": "Okay.",
        "end_time": 1043.43,
        "is_in_ext_summ": false,
        "start_time": 1042.58
      }
    ],
    [
      {
        "act": "Do we go back to our room? Yep?",
        "end_time": 1048.48,
        "is_in_ext_summ": false,
        "start_time": 1046.42
      },
      {
        "act": "I think so, yeah.",
        "end_time": 1049.04,
        "is_in_ext_summ": false,
        "start_time": 1047.76
      },
      {
        "act": "Mm, yeah.",
        "end_time": 1048.38,
        "is_in_ext_summ": false,
        "start_time": 1048.05
      }
    ]
  ],
  "ap_meta": {
    "far_than_3s": 0,
    "total": 93,
    "total_sequences": 42,
    "values": []
  },
  "args": [
    [
      {
        "act": "What about the older generation? What about granny and grandads?",
        "ae_type": "Open issue",
        "end_time": 815.09,
        "speaker_id": "B",
        "start_time": 812.35
      },
      {
        "act": "Um, my grandad can answer his mobile phone, but he couldn't even dream of texting or something like that.",
        "ae_type": "Statement",
        "end_time": 823.63,
        "speaker_id": "B",
        "start_time": 816.15
      },
      {
        "act": "Yeah.",
        "ae_type": "Statement",
        "end_time": 820.26,
        "speaker_id": "C",
        "start_time": 819.96
      },
      {
        "act": "Can he programme his remote control or is it basic with that too?",
        "ae_type": "Yes/No issue",
        "end_time": 827.97,
        "speaker_id": "D",
        "start_time": 823.79
      },
      {
        "act": "I don't think they tape things, I don't think they use",
        "ae_type": "Statement",
        "end_time": 831.44,
        "speaker_id": "B",
        "start_time": 828.12
      },
      {
        "act": "Yeah, my grandad's actually better than me at using teletext, so.",
        "ae_type": "Statement",
        "end_time": 834.05,
        "speaker_id": "C",
        "start_time": 829.37
      },
      {
        "act": "Right.",
        "ae_type": "Statement",
        "end_time": 830.6,
        "speaker_id": "D",
        "start_time": 830.05
      },
      {
        "act": "So that's a problem regardless of of any design modifications you you come up with, that's gonna be a problem anyway with the older generation perhaps, and that's another issue how we tackle that.",
        "ae_type": "Statement",
        "end_time": 844.64,
        "speaker_id": "D",
        "start_time": 834.64
      },
      {
        "act": "Yeah.",
        "ae_type": "Statement",
        "end_time": 839.0,
        "speaker_id": "C",
        "start_time": 838.64
      },
      {
        "act": "Mm, yeah, the age gap.",
        "ae_type": "Statement",
        "end_time": 843.24,
        "speaker_id": "B",
        "start_time": 841.2
      },
      {
        "act": "Yeah, what it just needs to be as long as it's sort of self-intuitive and you can can work out what everything's doing, 'cause I mean, menus on sort of new phones now they've sort of got all these pictures and stuff which makes it fairly obvious what you're trying to do.",
        "ae_type": "Statement",
        "end_time": 861.94,
        "speaker_id": "C",
        "start_time": 843.73
      },
      {
        "act": "I don't know, I d I don't like the, you know the new phones that have kind of got a Windows-based running system.",
        "ae_type": "Statement",
        "end_time": 871.74,
        "speaker_id": "B",
        "start_time": 864.3
      },
      {
        "act": "I find it really confusing, I kept getting lost in the phone, I di I've not got a new one but uh my friend got a new one and I was trying to do things with it and I just kept getting lost, but that's just me.",
        "ae_type": "Statement",
        "end_time": 885.17,
        "speaker_id": "B",
        "start_time": 872.95
      },
      {
        "act": "Right.",
        "ae_type": "Statement",
        "end_time": 878.8,
        "speaker_id": "D",
        "start_time": 878.36
      },
      {
        "act": "Yeah, I don't I don't know how for twenty fi, or twelve Euros fifty how much of a excellent screen you could get, you'd you'd have to sort of keep it down to a black and white L_C_D_ thing anyway, I'd assume.",
        "ae_type": "Weak statement",
        "end_time": 899.31,
        "speaker_id": "C",
        "start_time": 885.18
      },
      {
        "act": "Yeah.",
        "ae_type": "Statement",
        "end_time": 894.31,
        "speaker_id": "B",
        "start_time": 893.63
      },
      {
        "act": "Is it possible that that for the older generation you could have like an extra button that you press for large print like you do in large print books? Obviously it displays less on the screen, it displays less on the screen but as long as they can read it that's the main thing.",
        "ae_type": "Yes/No issue",
        "end_time": 911.78,
        "speaker_id": "D",
        "start_time": 898.71
      },
      {
        "act": "Okay.",
        "ae_type": "Statement",
        "end_time": 905.7,
        "speaker_id": "A",
        "start_time": 905.32
      },
      {
        "act": "Teletext has got that option as well.",
        "ae_type": "Statement",
        "end_time": 907.5,
        "speaker_id": "B",
        "start_time": 905.77
      },
      {
        "act": "Yeah.",
        "ae_type": "Statement",
        "end_time": 912.35,
        "speaker_id": "B",
        "start_time": 911.86
      }
    ]
  ],
  "da": {
    "types": {
      "Assess": 59,
      "Backchannel": 94,
      "Be-Positive": 14,
      "Comment-About-Understanding": 7,
      "Elicit-Assessment": 2,
      "Elicit-Comment-Understanding": 1,
      "Elicit-Inform": 16,
      "Elicit-Offer-Or-Suggestion": 4,
      "Fragment": 42,
      "Inform": 177,
      "Offer": 12,
      "Other": 11,
      "Stall": 8,
      "Suggest": 22
    }
  },
  "dialog_acts": 469,
  "ext_sentense_count": 53,
  "ext_sentense_da_count": 82,
  "ext_summ": {
    "types": {
      "Assess": 4,
      "Be-Positive": 1,
      "Elicit-Inform": 2,
      "Elicit-Offer-Or-Suggestion": 2,
      "Inform": 37,
      "Offer": 2,
      "Suggest": 5
    }
  },
  "segmants": 260
}