[
  {
    "acts": [
      {
        "act": "Hmm hmm hmm.",
        "end_time": 1.76,
        "start_time": 0.37
      },
      {
        "act": "Are we we're not allowed to dim the lights so people can see that a bit better?",
        "end_time": 14.53,
        "start_time": 10.99
      },
      {
        "act": "Yeah.",
        "end_time": 18.15,
        "start_time": 17.88
      },
      {
        "act": "Okay, that's fine. Am I supposed to be standing up there?",
        "end_time": 23.81,
        "start_time": 18.87
      },
      {
        "act": "So we've got both of these clipped on?",
        "end_time": 26.83,
        "start_time": 25.15
      },
      {
        "act": "Okay.",
        "end_time": 25.6,
        "start_time": 25.18
      },
      {
        "act": "She gonna answer me or not?",
        "end_time": 30.48,
        "start_time": 29.12
      },
      {
        "act": "Yeah, I've got",
        "end_time": 31.98,
        "start_time": 29.86
      },
      {
        "act": "Right, both of them, okay.",
        "end_time": 33.39,
        "start_time": 31.3
      },
      {
        "act": "Yes.",
        "end_time": 34.72,
        "start_time": 34.26
      },
      {
        "act": "God.",
        "end_time": 43.29,
        "start_time": 42.63
      },
      {
        "act": "Jesus, it's gonna fall off.",
        "end_time": 53.18,
        "start_time": 49.75
      },
      {
        "act": "Okay. Yep, yep. Okay.",
        "end_time": 72.06,
        "start_time": 63.81
      },
      {
        "act": "Okay. Hello everybody. Um I'm Sarah, the Project Manager and this is our first meeting, surprisingly enough. Okay, this is our agenda, um",
        "end_time": 94.62,
        "start_time": 80.49
      },
      {
        "act": "Tu tu tu tu Hi, good morning.",
        "end_time": 84.03,
        "start_time": 80.5
      },
      {
        "act": "we will do some stuff, get to know each other a bit better to feel more comfortable with each other. Um then we'll go do tool training, talk about the project plan, discuss our own ideas and everything um and we've got twenty five minutes to do that, as far as I can understand.",
        "end_time": 115.89,
        "start_time": 95.68
      }
    ],
    "other_description": null,
    "topic": "opening"
  },
  {
    "acts": [
      {
        "act": "Now, we're developing a remote control which you probably already know. Um, we want it to be original, something that's uh people haven't thought of, that's not out in the shops, um, trendy, appealing to a wide market, but you know, not a hunk of metal, and user-friendly, grannies to kids, maybe even pooches should be able to use it. Okay, um, first is the functional design, um this is where we all go off and do our individual work, um what needs need to be fulfilled by the product, um what effects the product has to have and how it's actually going to do that. Um, conceptual design, what we're thinking, how it's gonna go and then the detailed design, how we're actually gonna put it into practice and make it work.",
        "end_time": 167.8,
        "start_time": 117.62
      },
      {
        "act": "'Kay.",
        "end_time": 168.88,
        "start_time": 168.79
      }
    ],
    "other_description": null,
    "topic": "project specs and roles of participants"
  },
  {
    "acts": [
      {
        "act": "Okay, right. We're gonna practice with the pens and draw our favourite animal on the white board, I'll go first, and um sum up the characteristics of that animal. So",
        "end_time": 185.8,
        "start_time": 170.38
      },
      {
        "act": "Oops.",
        "end_time": 188.43,
        "start_time": 188.28
      },
      {
        "act": "Okay, I'll leave space for everyone else. Um What's missing? We're running out of blue. Okay. I'm not gonna ask you to guess, I'm going to tell you that's supposed to be a tiger.",
        "end_time": 250.6,
        "start_time": 188.83
      },
      {
        "act": "Mm.",
        "end_time": 252.56,
        "start_time": 252.48
      },
      {
        "act": "And I see them as majestic,",
        "end_time": 257.24,
        "start_time": 254.53
      },
      {
        "act": "Oh sorry. Mm-hmm.",
        "end_time": 258.64,
        "start_time": 255.91
      },
      {
        "act": "and independent, and proud. Now, who would like to go next? 'Kay.",
        "end_time": 275.8,
        "start_time": 259.89
      },
      {
        "act": "Yeah, me.",
        "end_time": 275.45,
        "start_time": 275.09
      },
      {
        "act": "Cat. Where did this come from?",
        "end_time": 286.61,
        "start_time": 279.18
      },
      {
        "act": "Is that your lapel then? There you go.",
        "end_time": 290.1,
        "start_time": 287.57
      },
      {
        "act": "Uh, yep. Thank you. Uh, maybe you can guess what I'm trying to make?",
        "end_time": 296.02,
        "start_time": 289.09
      },
      {
        "act": "A kind of dog?",
        "end_time": 307.2,
        "start_time": 306.38
      },
      {
        "act": "Yep. It's actually sitting, so it's sitting, it's not standing. Okay, I see it as one thing it's very supportive.",
        "end_time": 321.86,
        "start_time": 309.22
      },
      {
        "act": "It's sitting down.",
        "end_time": 317.4,
        "start_time": 316.65
      },
      {
        "act": "Sorry? Uh.",
        "end_time": 318.62,
        "start_time": 315.85
      },
      {
        "act": "It's your best friend and your you can talk to a dog, it can be your best friend, it doesn't discriminate between you, based on what you are. Second it's loyal and third thing it's got intuition. dogs can som sometimes can make out between a thief and a person so basically these are the three unique features I think belong to a dog. Thank you.",
        "end_time": 351.47,
        "start_time": 324.13
      },
      {
        "act": "Mm-hmm.",
        "end_time": 345.36,
        "start_time": 344.91
      },
      {
        "act": "Okay, thank you.",
        "end_time": 351.09,
        "start_time": 350.01
      },
      {
        "act": "Yeah I'll have a go.",
        "end_time": 355.55,
        "start_time": 353.48
      },
      {
        "act": "Okay. Sorry.",
        "end_time": 356.9,
        "start_time": 354.11
      },
      {
        "act": "Please, please leave me a space at the bottom, I'm little, you can get to the top, with standing on a chair.",
        "end_time": 362.14,
        "start_time": 356.51
      },
      {
        "act": "Thanks.",
        "end_time": 357.37,
        "start_time": 356.98
      },
      {
        "act": "Alright, okay. Well since you guys have chosen the ones I wanted to do, I'll have to have to go for something a bit random.",
        "end_time": 367.65,
        "start_time": 359.11
      },
      {
        "act": "Does it look like a dog actually?",
        "end_time": 367.84,
        "start_time": 365.93
      },
      {
        "act": "Okay.",
        "end_time": 366.01,
        "start_time": 364.81
      },
      {
        "act": "And also, my drawing skill isn't that great so, yeah.",
        "end_time": 375.29,
        "start_time": 371.43
      },
      {
        "act": "Well, as you can see, the quality of the work today is um",
        "end_time": 376.83,
        "start_time": 373.84
      },
      {
        "act": "Mm.",
        "end_time": 375.43,
        "start_time": 375.08
      },
      {
        "act": "I think it's outstandingly good.",
        "end_time": 378.94,
        "start_time": 376.8
      },
      {
        "act": "Okay, now I'm gonna have to change what is was originally gonna be because that looks like a beak now, so.",
        "end_time": 384.48,
        "start_time": 379.6
      },
      {
        "act": "Yeah, it can be a crocodile, it can be a crocodile. Well it was it was an at first firstly it was an attempt at a T_ Rex and then it sort of changed into a pelican but it can be a crocodile now actually.",
        "end_time": 406.27,
        "start_time": 394.38
      },
      {
        "act": "Crocodile?",
        "end_time": 391.74,
        "start_time": 391.13
      },
      {
        "act": "Gonna be a bird. Is it gonna be it's gonna be a bird.",
        "end_time": 399.8,
        "start_time": 393.99
      },
      {
        "act": "O",
        "end_time": 403.35,
        "start_time": 403.24
      },
      {
        "act": "That's lovely.",
        "end_time": 420.95,
        "start_time": 420.11
      },
      {
        "act": "Yeah and uh I'll have to think on the spot of uh things that it is. Um",
        "end_time": 426.55,
        "start_time": 421.2
      },
      {
        "act": "Beauti that's",
        "end_time": 422.26,
        "start_time": 421.44
      },
      {
        "act": "uh scary, uh strong, yeah that's about it I think.",
        "end_time": 441.99,
        "start_time": 428.12
      },
      {
        "act": "Okay it's fine.",
        "end_time": 441.77,
        "start_time": 439.85
      },
      {
        "act": "Okay. Um, I'm very impressed with your artistic skills, mine's are dreadful. Oops this is now coming apart, let me just put the top in.",
        "end_time": 450.85,
        "start_time": 441.59
      },
      {
        "act": "Uh uh Wo",
        "end_time": 451.69,
        "start_time": 445.23
      },
      {
        "act": "I hope that clicks in, I'll just I'll hold it on, okay.",
        "end_time": 456.94,
        "start_time": 454.0
      },
      {
        "act": "Oops, oh dear, what happened there?",
        "end_time": 460.57,
        "start_time": 457.97
      },
      {
        "act": "Technical help.",
        "end_time": 462.16,
        "start_time": 461.09
      },
      {
        "act": "Hopefully that'll stay on, two-handed version. Okay, uh",
        "end_time": 470.42,
        "start_time": 465.38
      },
      {
        "act": "Hmm. Okay.",
        "end_time": 468.7,
        "start_time": 465.48
      },
      {
        "act": "Again this is off the top of my head, I was gonna do a big cat too, um.",
        "end_time": 479.35,
        "start_time": 474.41
      },
      {
        "act": "Uh",
        "end_time": 477.64,
        "start_time": 476.71
      },
      {
        "act": "Oh dear, it doesn't look what like what I want it to be.",
        "end_time": 484.68,
        "start_time": 481.26
      },
      {
        "act": "Hmm.",
        "end_time": 481.66,
        "start_time": 481.27
      },
      {
        "act": "S",
        "end_time": 484.72,
        "start_time": 484.48
      },
      {
        "act": "Uh.",
        "end_time": 487.71,
        "start_time": 487.1
      },
      {
        "act": "Uh",
        "end_time": 487.82,
        "start_time": 487.43
      },
      {
        "act": "It's not a vampire bat honestly.",
        "end_time": 491.41,
        "start_time": 488.77
      },
      {
        "act": "Okay, yeah.",
        "end_time": 491.34,
        "start_time": 489.88
      },
      {
        "act": "Uh and somewhere there's a body behind. That's my dreadful that's the worst yet, that's it's meant to be an eagle you can tell it's a flying animal could have been a seagull, I never thought of a seagull. An eagle, um again I'm thinking on my feet goodness. I suppose they're all so independent, I'd put that one down again. Da dum um.",
        "end_time": 518.66,
        "start_time": 492.9
      },
      {
        "act": "Okay, some sort of bird.",
        "end_time": 499.98,
        "start_time": 497.4
      },
      {
        "act": "A seagu right, not a seagull.",
        "end_time": 504.66,
        "start_time": 501.19
      },
      {
        "act": "Ah eagle, right okay.",
        "end_time": 503.22,
        "start_time": 501.76
      },
      {
        "act": "Eagle, okay.",
        "end_time": 502.67,
        "start_time": 501.78
      },
      {
        "act": "They're good at golf.",
        "end_time": 520.95,
        "start_time": 519.87
      },
      {
        "act": "Indepen independent, right, did you say they're good at golf? Are they? Oh. Oh right, okay, I'm not good at golf. I'd say they're quite free-spirited, flying around everywhere, doing their own thing.",
        "end_time": 536.6,
        "start_time": 520.28
      },
      {
        "act": "Eagle.",
        "end_time": 525.96,
        "start_time": 525.5
      },
      {
        "act": "Yeah, no yeah, an eagle.",
        "end_time": 528.63,
        "start_time": 524.31
      },
      {
        "act": "And uh, birds of prey aren't they, oh dear, intrepid. I'll put that, intrepid.",
        "end_time": 549.53,
        "start_time": 541.43
      },
      {
        "act": "Mm-hmm.",
        "end_time": 545.64,
        "start_time": 545.31
      },
      {
        "act": "There we go, hope that pen's gonna be okay.",
        "end_time": 556.77,
        "start_time": 553.66
      },
      {
        "act": "That's lovely.",
        "end_time": 555.15,
        "start_time": 554.48
      },
      {
        "act": "Whoops.",
        "end_time": 559.33,
        "start_time": 558.67
      },
      {
        "act": "Okay. That was fun, right.",
        "end_time": 565.46,
        "start_time": 561.11
      }
    ],
    "other_description": null,
    "topic": "drawing exercise"
  },
  {
    "acts": [
      {
        "act": "Um finance-wise, we've got a selling price at twenty five Euros, which I don't actually know what that is in Pounds, at all. Any ideas?",
        "end_time": 575.32,
        "start_time": 565.46
      },
      {
        "act": "It's about mm, mm yeah.",
        "end_time": 577.66,
        "start_time": 575.11
      },
      {
        "act": "Seventeen.",
        "end_time": 577.21,
        "start_time": 576.51
      },
      {
        "act": "One point four or something like that. One point four Euro would make a Pound or something like that.",
        "end_time": 581.5,
        "start_time": 576.76
      },
      {
        "act": "Yeah, yeah, something like that, so that yeah about seventeen, seventeen Pounds, something like that.",
        "end_time": 587.57,
        "start_time": 580.85
      },
      {
        "act": "Yeah.",
        "end_time": 582.92,
        "start_time": 582.6
      },
      {
        "act": "D fifteen? Seventeen. Okay, that's expensive.",
        "end_time": 587.98,
        "start_time": 583.85
      },
      {
        "act": "Seventeen Pounds. Should we be making notes of this? We can just refer to this later can't we? Yeah, okay.",
        "end_time": 592.28,
        "start_time": 584.88
      },
      {
        "act": "But",
        "end_time": 591.19,
        "start_time": 590.86
      },
      {
        "act": "I think so, I think so, I'll be able to um pull it up, or I could put it in the shared folder or something.",
        "end_time": 595.93,
        "start_time": 590.98
      },
      {
        "act": "Okay.",
        "end_time": 594.27,
        "start_time": 593.81
      },
      {
        "act": "Havi having said that though, if you wanna get one of those the the ones on the market at the moment they're s they're about twenty pounds anyway. So, it'd still be yeah, we had to buy one.",
        "end_time": 608.09,
        "start_time": 594.19
      },
      {
        "act": "Right.",
        "end_time": 604.22,
        "start_time": 603.51
      },
      {
        "act": "Really?",
        "end_time": 604.22,
        "start_time": 603.88
      },
      {
        "act": "So",
        "end_time": 606.02,
        "start_time": 605.84
      },
      {
        "act": "Mm.",
        "end_time": 607.02,
        "start_time": 606.66
      },
      {
        "act": "so I suppose later it depends if we want to undercut the price, we d or or is it going to make our product look a cheapie-cheapie option?",
        "end_time": 613.93,
        "start_time": 608.09
      },
      {
        "act": "I think Yeah, um production cost's at twelve fifty, so",
        "end_time": 617.82,
        "start_time": 608.13
      },
      {
        "act": "Hmm.",
        "end_time": 614.89,
        "start_time": 614.07
      },
      {
        "act": "Okay, pretty huge margin.",
        "end_time": 619.59,
        "start_time": 617.54
      },
      {
        "act": "half of the selling price is taken up by building it. Um, and profit aim is fifty million Euros, which is uh",
        "end_time": 629.37,
        "start_time": 619.13
      },
      {
        "act": "Yeah.",
        "end_time": 622.16,
        "start_time": 621.46
      },
      {
        "act": "Mm. Mm-hmm. In our first year?",
        "end_time": 631.2,
        "start_time": 622.02
      },
      {
        "act": "Yi yes, um yeah, I presume so. Um",
        "end_time": 637.07,
        "start_time": 631.29
      },
      {
        "act": "Mm-hmm.",
        "end_time": 635.88,
        "start_time": 635.54
      },
      {
        "act": "So then",
        "end_time": 637.0,
        "start_time": 636.39
      },
      {
        "act": "You've got market range international and you did say earlier it's got to be a um accessible and usable by sort of all age groups just t we're not focusing on business market, any particular thing, it's everyone user-friendly to everyone. Okay.",
        "end_time": 651.49,
        "start_time": 638.1
      },
      {
        "act": "Mm-hmm. No, yeah.",
        "end_time": 650.29,
        "start_time": 645.18
      },
      {
        "act": "Big target group.",
        "end_time": 655.4,
        "start_time": 653.41
      },
      {
        "act": "So yes, yes, I don't think we have to I don't think it's a case of worrying about different languages and things like that, um making that a key point, just that it's going to be in the international market like Australia, America, things like that. Okay.",
        "end_time": 670.24,
        "start_time": 653.57
      },
      {
        "act": "No. Mm.",
        "end_time": 666.94,
        "start_time": 661.85
      }
    ],
    "other_description": null,
    "topic": "project budget"
  },
  {
    "acts": [
      {
        "act": "What are your experiences with remote controls? I mean I've got we got um we had three videos, a T_V_ and a sort of amp thing all set up so we got one of the universal remote controls, um that you programme each of your things into, but that kept losing the signals so we'd have to re-programme it every now and again. I think it was quite a cheapie as well, so that might have had something to do with it, but that was quite good, the fact that you could",
        "end_time": 704.72,
        "start_time": 675.2
      },
      {
        "act": "Mm-hmm.",
        "end_time": 687.56,
        "start_time": 687.25
      },
      {
        "act": "Yeah.",
        "end_time": 688.44,
        "start_time": 688.13
      },
      {
        "act": "Alright.",
        "end_time": 691.89,
        "start_time": 691.12
      },
      {
        "act": "Yeah.",
        "end_time": 692.13,
        "start_time": 691.23
      },
      {
        "act": "Yeah, that c",
        "end_time": 692.22,
        "start_time": 691.49
      },
      {
        "act": "Mm-hmm.",
        "end_time": 701.69,
        "start_time": 701.09
      },
      {
        "act": "Yeah uh. Use all the ones at the same time.",
        "end_time": 706.72,
        "start_time": 701.1
      },
      {
        "act": "You didn't have six remote controls sitting in front of you.",
        "end_time": 708.91,
        "start_time": 705.96
      },
      {
        "act": "Right.",
        "end_time": 708.55,
        "start_time": 708.07
      },
      {
        "act": "Okay, you wanna integrate everything into one like",
        "end_time": 710.93,
        "start_time": 708.61
      },
      {
        "act": "Yeah, 'cause you",
        "end_time": 713.24,
        "start_time": 711.24
      },
      {
        "act": "Mm-hmm. My experience has only been being given the remote control with the object I buy, not doing any tampering with it and programming, using it to programme T_V_ and uh uh videos and things. But basically on, off, volume up and down, channel one, two, th that basic functions, I don't think I could go any further with it than that, so, I suppose it's got to be something usable by someone like me as well.",
        "end_time": 736.05,
        "start_time": 711.88
      },
      {
        "act": "Okay.",
        "end_time": 712.72,
        "start_time": 712.33
      },
      {
        "act": "Mm. Yeah, the main that's the main stuff anyway, I mean and you don't want to I hate I hate looking at a control and seeing a million tiny little buttons with tiny little words saying what they all do and just sitting there searching for the teletext button or something like that.",
        "end_time": 751.76,
        "start_time": 727.67
      },
      {
        "act": "Mm-hmm. Mm.",
        "end_time": 746.84,
        "start_time": 737.29
      },
      {
        "act": "Yeah.",
        "end_time": 747.95,
        "start_time": 747.66
      },
      {
        "act": "Mm. And symbols that you don't necessarily understand, symbols you're meant to understand that you don't.",
        "end_time": 755.29,
        "start_time": 749.82
      },
      {
        "act": "Yeah. Um.",
        "end_time": 755.92,
        "start_time": 752.59
      },
      {
        "act": "So simplification of symbols you could think of.",
        "end_time": 758.06,
        "start_time": 755.18
      },
      {
        "act": "When they're when you've got the main things on the front of it and a section opens up or something to the other functions where you can do sound or options kind of recording, things like that inside it. 'Cause it doesn't make when you pick it up it doesn't make it really complicated to look at, it's obvious what you're doing, um.",
        "end_time": 779.79,
        "start_time": 757.43
      },
      {
        "act": "Oh yeah. Mm-hmm. Mm. Mm-hmm.",
        "end_time": 777.65,
        "start_time": 768.52
      },
      {
        "act": "Mm.",
        "end_time": 778.66,
        "start_time": 777.92
      },
      {
        "act": "Actually that just raises a point, I wonder what our design people think, but you know on a mobile phone, you can press a key and it gives you a menu, it's got a menu display, I wonder if incorporating that into the design of a remote control might be useful, so you've got a little L_C_D_ display.",
        "end_time": 794.48,
        "start_time": 779.78
      },
      {
        "act": "Mm-hmm. Menu, alright.",
        "end_time": 787.74,
        "start_time": 784.99
      },
      {
        "act": "Yeah.",
        "end_time": 792.62,
        "start_time": 792.17
      },
      {
        "act": "Uh uh Right, I was thinking on the same lines you, instead of having too many b buttons and make it complicated for the user, may h maybe have an L_C_D_ di display or something like that, like a mobile, yeah and with menus. And if it's s somewhat similar to what you have on mobile phone, people might find it easier to browse and navigate also maybe.",
        "end_time": 812.03,
        "start_time": 792.89
      },
      {
        "act": "With menus, yeah, yeah. Yeah.",
        "end_time": 811.49,
        "start_time": 803.8
      },
      {
        "act": "What about the older generation? What about granny and grandads?",
        "end_time": 815.09,
        "start_time": 812.35
      },
      {
        "act": "You mean to save it lesser number.",
        "end_time": 818.96,
        "start_time": 816.27
      },
      {
        "act": "Um, my grandad can answer his mobile phone, but he couldn't even dream of texting or something like that.",
        "end_time": 823.63,
        "start_time": 816.15
      },
      {
        "act": "Yeah.",
        "end_time": 820.26,
        "start_time": 819.96
      },
      {
        "act": "Mm-hmm. Mm-hmm. Can he programme his remote control or is it basic with that too?",
        "end_time": 827.97,
        "start_time": 821.35
      },
      {
        "act": "Right.",
        "end_time": 826.35,
        "start_time": 826.06
      },
      {
        "act": "I don't think they tape things, I don't think they use",
        "end_time": 831.44,
        "start_time": 828.12
      },
      {
        "act": "Yeah, my grandad's actually better than me at using teletext, so.",
        "end_time": 834.05,
        "start_time": 829.37
      },
      {
        "act": "Right. Right. So that's a problem regardless of of any design modifications you you come up with, that's gonna be a problem anyway with the older generation perhaps, and that's another issue how we tackle that.",
        "end_time": 844.64,
        "start_time": 830.05
      },
      {
        "act": "Yeah.",
        "end_time": 839.0,
        "start_time": 838.64
      },
      {
        "act": "Mm, yeah, the age gap.",
        "end_time": 843.24,
        "start_time": 841.2
      },
      {
        "act": "Yeah, what it just needs to be as long as it's sort of self-intuitive and you can can work out what everything's doing, 'cause I mean, menus on sort of new phones now they've sort of got all these pictures and stuff which makes it fairly obvious what you're trying to do.",
        "end_time": 861.94,
        "start_time": 843.73
      },
      {
        "act": "Mm.",
        "end_time": 862.76,
        "start_time": 862.33
      },
      {
        "act": "Mm-hmm.",
        "end_time": 863.53,
        "start_time": 863.21
      },
      {
        "act": "I don't know, I d I don't like the, you know the new phones that have kind of got a Windows-based running system.",
        "end_time": 871.74,
        "start_time": 864.3
      },
      {
        "act": "But I don't know how Oh yeah.",
        "end_time": 870.69,
        "start_time": 864.43
      },
      {
        "act": "Mm-hmm.",
        "end_time": 872.59,
        "start_time": 872.2
      },
      {
        "act": "I find it really confusing, I kept getting lost in the phone, I di I've not got a new one but uh my friend got a new one and I was trying to do things with it and I just kept getting lost, but",
        "end_time": 883.24,
        "start_time": 872.95
      },
      {
        "act": "Right.",
        "end_time": 878.8,
        "start_time": 878.36
      },
      {
        "act": "that's just me.",
        "end_time": 885.17,
        "start_time": 884.38
      },
      {
        "act": "Yeah, I don't I don't know how for twenty fi, or twelve Euros fifty how much of a excellent screen you could get, you'd you'd have to sort of keep it down to a black and white L_C_D_ thing anyway, I'd assume.",
        "end_time": 899.31,
        "start_time": 885.18
      },
      {
        "act": "Yeah.",
        "end_time": 894.31,
        "start_time": 893.63
      },
      {
        "act": "Mm-hmm. Is it possible that that for the older generation you could have like an extra button that you press for large print like you do in large print books? Obviously it displays less on the screen, it displays less on the screen but as long as they can read it that's the main thing.",
        "end_time": 911.78,
        "start_time": 895.43
      },
      {
        "act": "Okay.",
        "end_time": 905.7,
        "start_time": 905.32
      },
      {
        "act": "Teletext has got that option as well. Yeah. Or what about kind of a dual function? In that you've got the basic buttons just for your play, volume, programme things and also and then a menu to go into with obvious pictures, obvious symbols and that's where you control recording and things like that.",
        "end_time": 934.88,
        "start_time": 905.77
      },
      {
        "act": "Mm-hmm. Yeah. Mm-hmm. Mm. The other thing is, just ch chucking into mobile phone f design features again, it could have a flip top remote control so that when you flip over the top, your screen is you can have a bigger screen in the the flip over.",
        "end_time": 947.56,
        "start_time": 923.65
      },
      {
        "act": "Mm-hmm.",
        "end_time": 945.84,
        "start_time": 945.43
      },
      {
        "act": "Mm, okay.",
        "end_time": 946.66,
        "start_time": 946.04
      },
      {
        "act": "I think that's a cost thing, I don't I don't know how much we're gonna know about",
        "end_time": 953.06,
        "start_time": 948.48
      },
      {
        "act": "S",
        "end_time": 949.09,
        "start_time": 948.6
      },
      {
        "act": "Y",
        "end_time": 950.21,
        "start_time": 949.9
      },
      {
        "act": "It might it might save a b bit of space, it's i instead of looking bulky, it might look small. But it might have its cost implications.",
        "end_time": 959.24,
        "start_time": 950.91
      },
      {
        "act": "Yeah? Mm-hmm.",
        "end_time": 955.27,
        "start_time": 951.06
      },
      {
        "act": "Yes, no that's important.",
        "end_time": 958.07,
        "start_time": 956.02
      },
      {
        "act": "Yeah, like smaller.",
        "end_time": 958.6,
        "start_time": 956.78
      },
      {
        "act": "Yeah.",
        "end_time": 957.6,
        "start_time": 957.25
      },
      {
        "act": "Okay.",
        "end_time": 960.29,
        "start_time": 959.48
      },
      {
        "act": "And there's no reason we need to make it look as fashionable and stylish as a mobile phone, it can still be lightweight plastic, you know? Something that's easily moulded and produced. Sorry I'm treading on your territory guys.",
        "end_time": 972.45,
        "start_time": 959.69
      },
      {
        "act": "Mm.",
        "end_time": 965.57,
        "start_time": 965.1
      },
      {
        "act": "Right.",
        "end_time": 966.48,
        "start_time": 966.22
      },
      {
        "act": "Yeah.",
        "end_time": 969.23,
        "start_time": 968.84
      },
      {
        "act": "No uh uh",
        "end_time": 971.68,
        "start_time": 970.68
      }
    ],
    "other_description": null,
    "topic": "look and usability"
  },
  {
    "acts": [
      {
        "act": "Um, right, okay we've got half an hour before the next meeting, so we're all gonna go off and do our individual things. Um I think that's probably about it and then we'll come back and liaise again and I get to do another fantastic PowerPoint presentation.",
        "end_time": 989.51,
        "start_time": 972.92
      },
      {
        "act": "Yeah.",
        "end_time": 988.8,
        "start_time": 985.49
      }
    ],
    "other_description": null,
    "topic": "closing"
  },
  {
    "acts": [
      {
        "act": "Just just a quick thing about the um about what you're saying about the uh does does it need to be fashionable? The sort of I I had a quick look at the company website and it's like the the uh we put the fashion into electronics, so I think think the whole design thing might be qui I mean you don't you you can still have plastic and it'd look quite good but",
        "end_time": 1014.64,
        "start_time": 988.8
      },
      {
        "act": "Sure.",
        "end_time": 991.47,
        "start_time": 991.07
      },
      {
        "act": "Ah right.",
        "end_time": 1005.74,
        "start_time": 1005.06
      },
      {
        "act": "Okay.",
        "end_time": 1006.25,
        "start_time": 1005.79
      },
      {
        "act": "Okay.",
        "end_time": 1006.44,
        "start_time": 1005.86
      },
      {
        "act": "Okay. Sure b y yeah. But yeah, I mean it doesn't have to be that, you know th that was my main point, we don't have to use metal, I don't know if using plastic does make it cheaper, I presume it would. Yeah, yeah, yeah.",
        "end_time": 1024.41,
        "start_time": 1006.9
      },
      {
        "act": "Yeah.",
        "end_time": 1018.91,
        "start_time": 1018.54
      },
      {
        "act": "Mm.",
        "end_time": 1020.49,
        "start_time": 1019.99
      },
      {
        "act": "Yeah. Yeah.",
        "end_time": 1022.96,
        "start_time": 1022.0
      },
      {
        "act": "I would it would probably.",
        "end_time": 1023.99,
        "start_time": 1022.32
      },
      {
        "act": "Right. Okay.",
        "end_time": 1037.95,
        "start_time": 1032.93
      },
      {
        "act": "I mean there's Sky remote controls and everything. They're kind of moulded and look a bit different, and the Telewest remote controls are silver plastic, which looks a bit smarter, so yeah I guess that's stuff we can think about.",
        "end_time": 1038.65,
        "start_time": 1025.04
      }
    ],
    "other_description": null,
    "topic": "look and usability"
  },
  {
    "acts": [
      {
        "act": "Okay, so let's break it up there.",
        "end_time": 1041.56,
        "start_time": 1038.65
      },
      {
        "act": "'Kay.",
        "end_time": 1042.3,
        "start_time": 1042.19
      },
      {
        "act": "Okay? So, see you in half an hour.",
        "end_time": 1044.16,
        "start_time": 1042.4
      },
      {
        "act": "Okay.",
        "end_time": 1043.43,
        "start_time": 1042.58
      },
      {
        "act": "Do we go back to our room? Yep?",
        "end_time": 1048.48,
        "start_time": 1046.42
      },
      {
        "act": "I think so, yeah.",
        "end_time": 1049.04,
        "start_time": 1047.76
      },
      {
        "act": "Mm, yeah.",
        "end_time": 1048.38,
        "start_time": 1048.05
      }
    ],
    "other_description": null,
    "topic": "closing"
  }
]