[
  {
    "segments": [
      {
        "end_time": 443.552,
        "segment": "Um then the case material itself, so it can be uh uh either plastic or latex, uh rubber, wood, or titanium. And th for each of them you have uh cases where for example titanium, you can't use it for if you if we're choosing a double curved case, we can't choose titanium. And if we are choosing um solar cells then we can't choose latex for the case material, so we just have to take that into account. But if we're choosing just the flat case then we can go for anything. And I think we discussed earlier on the R_ S_ I_ problem thing, so we could uh",
        "start_time": 398.24
      },
      {
        "end_time": 451.12,
        "segment": "So that might be an idea of using the rubber, but then it should, you know yeah.",
        "start_time": 443.155
      },
      {
        "end_time": 445.742,
        "segment": "Yeah.",
        "start_time": 445.212
      },
      {
        "end_time": 450.848,
        "segment": "Let's have a squeezable remote.",
        "start_time": 448.24
      },
      {
        "end_time": 453.924,
        "segment": "Yeah. And also it doesn't break as easily maybe, I dunno",
        "start_time": 450.0
      },
      {
        "end_time": 464.275,
        "segment": "when a T_V_ programme's got one watching the match and your team's just lost, you can fuzz it across the room and it'll bounce off the wall back at you. Yeah, I like that idea.",
        "start_time": 453.584
      },
      {
        "end_time": 0.0,
        "segment": false,
        "start_time": 99999999.99
      },
      {
        "end_time": 0.0,
        "segment": false,
        "start_time": 99999999.99
      },
      {
        "end_time": 466.131,
        "segment": "Yeah. Mm.",
        "start_time": 461.216
      },
      {
        "end_time": 470.74,
        "segment": "So rubber would be Okay.",
        "start_time": 467.368
      },
      {
        "end_time": 471.116,
        "segment": "I think rubber's",
        "start_time": 470.096
      },
      {
        "end_time": 476.528,
        "segment": "Rubber, we're all we're all going we're all liking that idea? You think you can market that?",
        "start_time": 472.188
      },
      {
        "end_time": 481.864,
        "segment": "But after my after my fashion thing, I think you'll realise that rubber is more",
        "start_time": 476.112
      },
      {
        "end_time": 485.616,
        "segment": "Uh s so if d okay.",
        "start_time": 482.087
      },
      {
        "end_time": 486.106,
        "segment": "Ooh, we like rubber, ooh.",
        "start_time": 482.066
      },
      {
        "end_time": 486.656,
        "segment": "People.",
        "start_time": 483.898
      },
      {
        "end_time": 504.602,
        "segment": "And then there are the push-buttons, so you can have basic push-buttons or a scroll-wheels, like you have on a mouse, um or you could have um L_C_D_, which gives you a display. Um scroll buttons, as well.",
        "start_time": 487.008
      },
      {
        "end_time": 506.972,
        "segment": "Uh-huh.",
        "start_time": 506.298
      },
      {
        "end_time": 523.784,
        "segment": "So if you use a rubber double curved case, you must use rubber push-buttons. So if we're going for rubber then we have to decide for the case. Um and if we choose double curved then we have to go for rubber push-buttons. So it's a constraint.",
        "start_time": 506.976
      },
      {
        "end_time": 526.656,
        "segment": "Well, we're gonna go with I think we've decided that it's gonna be a rubber case so",
        "start_time": 522.805
      },
      {
        "end_time": 536.56,
        "segment": "Yeah, but is it a double curved one or not? If it's not a double curved, then we've got the choice for the push-buttons, if it's a double curve, we've gotta go for rubber push-buttons. If that makes sense.",
        "start_time": 525.926
      },
      {
        "end_time": 540.992,
        "segment": "push buttons instead of the wheel?",
        "start_time": 537.755
      },
      {
        "end_time": 542.528,
        "segment": "Yeah..",
        "start_time": 541.024
      },
      {
        "end_time": 561.619,
        "segment": "If it's rubber, isn't it malleable anyway, it doesn't matter if it's double I mean isn't a rubber case, mean it's completely flexed, I mean, it it flexes to whatever they want it to? Mean so what's the difference between a normal rubber case and a rubble doub double rubber double curved case?",
        "start_time": 541.584
      },
      {
        "end_time": 558.3,
        "segment": "rubble double double.",
        "start_time": 555.024
      },
      {
        "end_time": 560.253,
        "segment": "No, but na le you see, you've got, okay, the energy that's one thing,",
        "start_time": 555.808
      },
      {
        "end_time": 561.712,
        "segment": "I'll have a Big Mac, please.",
        "start_time": 559.296
      },
      {
        "end_time": 592.304,
        "segment": "then you have the case is uh, whether it's flat or curved. And that's we don't care if it's rub rubber or not, but then we've decided that we going for rubber for the case material. So if we've chosen rub rubber and if now we have the choice for the case whether it's flat, single curved or double curved. And I'm just saying if it if we choose it to be double curved then we need to go I dunno why, but we need to go for uh rubber push-buttons.",
        "start_time": 561.388
      },
      {
        "end_time": 593.696,
        "segment": "Okay.",
        "start_time": 593.312
      },
      {
        "end_time": 600.916,
        "segment": "So, either I dunno we just need to decide on the on the case.",
        "start_time": 593.616
      },
      {
        "end_time": 601.469,
        "segment": "Let's have rubber push buttons, hey.",
        "start_time": 599.792
      },
      {
        "end_time": 604.736,
        "segment": "Okay. Go rubber. Go rubber the whole way.",
        "start_time": 601.68
      }
    ],
    "type": "Rubber remote"
  },
  {
    "segments": [
      {
        "end_time": 745.696,
        "segment": "What about the just developed uh sample sensor?",
        "start_time": 743.2
      },
      {
        "end_time": 745.247,
        "segment": "I think push-buttons is",
        "start_time": 743.92
      },
      {
        "end_time": 748.304,
        "segment": "What about what?",
        "start_time": 747.671
      },
      {
        "end_time": 752.844,
        "segment": "G there, the sample sensor, sample speaker thing.",
        "start_time": 748.816
      },
      {
        "end_time": 751.76,
        "segment": "Well",
        "start_time": 751.174
      },
      {
        "end_time": 755.136,
        "segment": "Well, what do we need a speaker for in a remote control unit?",
        "start_time": 752.452
      },
      {
        "end_time": 761.428,
        "segment": "Mm, I dunno. Be cool. Channel two.",
        "start_time": 755.664
      },
      {
        "end_time": 765.68,
        "segment": "It'd be it'd be cool, but they are saying they've just developed it, I'm just guessing. But it's gonna be the most expensive option, probably and",
        "start_time": 758.768
      },
      {
        "end_time": 760.0,
        "segment": "Yeah.",
        "start_time": 759.496
      },
      {
        "end_time": 763.645,
        "segment": "S",
        "start_time": 763.022
      },
      {
        "end_time": 774.222,
        "segment": "Th the the speech recognition um option is it doesn't seem really very promising for us uh, 'cause uh",
        "start_time": 766.256
      },
      {
        "end_time": 776.487,
        "segment": "Yeah. It's not something that we wanna t go into with this product.",
        "start_time": 772.768
      },
      {
        "end_time": 817.103,
        "segment": "The yeah the example that they're already using it for is with the coffee machine, where, basically, you can program a sample wi um That when you say something it will give a response, and you program the response as well. Just uh clips of tha that you record yourself. So you can program your coffee-maker that when you say, good morning, to it it says, hello Rick, or whatever. But, I mean, it's not it would be one thing if it was speech recognition where you say something and it turns the T_V_ on like, turn the T_V_ on, and i turns comes on, but it's not that. It just gives you a it just gives you a verbal response. So, yeah, I mean, like what's the point of saying, Hello remote, I mean, hello, how how are you? Yeah, if you're really lonely, it is it's",
        "start_time": 775.526
      },
      {
        "end_time": 798.667,
        "segment": "Yeah.",
        "start_time": 796.112
      },
      {
        "end_time": 798.48,
        "segment": "Hm.",
        "start_time": 797.986
      },
      {
        "end_time": 809.37,
        "segment": "Oh, it just gives an answer. Oh, then then",
        "start_time": 805.184
      },
      {
        "end_time": 813.249,
        "segment": "Yeah. Yeah.",
        "start_time": 809.888
      },
      {
        "end_time": 815.051,
        "segment": "I thought I thought it was when they said",
        "start_time": 812.416
      },
      {
        "end_time": 817.459,
        "segment": "Just if you are really lonely, maybe.",
        "start_time": 812.797
      },
      {
        "end_time": 829.364,
        "segment": "I thought when they said, voice recognition, they meant um like, channel five, and it will change. Like you talk to it. Can I have channel five? Oh, then forget about it. Oh right okay.",
        "start_time": 816.27
      },
      {
        "end_time": 823.31,
        "segment": "Channel five. And then it switches on.",
        "start_time": 820.416
      },
      {
        "end_time": 830.336,
        "segment": "No, tha that w that w that would be more promising. It it's just a remote that talks to you. Uh. I mean to certain cues.",
        "start_time": 822.08
      },
      {
        "end_time": 825.269,
        "segment": "Yeah.",
        "start_time": 824.591
      },
      {
        "end_time": 0.0,
        "segment": false,
        "start_time": 99999999.99
      },
      {
        "end_time": 831.76,
        "segment": "Yeah. Yeah. Yeah.",
        "start_time": 827.012
      }
    ],
    "type": "Sample sensor"
  },
  {
    "segments": [
      {
        "end_time": 1449.984,
        "segment": "That's why I was thinking, Bluetooth, 'cause if you like put up Bluetooth, and it's like a Bluetooth remote control, everybody's gonna like, oh, 'cause Bluetooth is the in thing nowadays, like it really is, like people and um when it comes to marketing like that's what people go for, they don't really care whether, you know, at the end of the day whether it works properly or not.",
        "start_time": 1428.944
      },
      {
        "end_time": 1456.448,
        "segment": "Of course, they do. One hundred per cent, that's your first thing, you go, oh I'm not gonna buy that, 'cause I dunno if it works or not.",
        "start_time": 1450.256
      },
      {
        "end_time": 1463.216,
        "segment": "Well, they do, but it's like it's not Yeah, but it looks good. If it looks good and it's it can just be there for decoration.",
        "start_time": 1450.932
      },
      {
        "end_time": 1467.12,
        "segment": "Okay, well, what do you two think about this?",
        "start_time": 1463.136
      },
      {
        "end_time": 1470.928,
        "segment": "So is is the advantage of Bluetooth that you can just like synchronise it with other",
        "start_time": 1467.2
      },
      {
        "end_time": 1468.976,
        "segment": "But like",
        "start_time": 1467.99
      },
      {
        "end_time": 1472.545,
        "segment": "electronics?",
        "start_time": 1471.607
      },
      {
        "end_time": 1473.921,
        "segment": "Yeah, what I don't understand what m",
        "start_time": 1471.68
      },
      {
        "end_time": 1475.184,
        "segment": "You could always insert, yeah.",
        "start_time": 1472.867
      },
      {
        "end_time": 1476.72,
        "segment": "Yeah, that's basically what it allows you to do, right?",
        "start_time": 1475.104
      },
      {
        "end_time": 1482.064,
        "segment": "Yeah, and it this is just gonna all this is being used for is your television.",
        "start_time": 1476.96
      },
      {
        "end_time": 1485.988,
        "segment": "Yeah, but, I mean, people like",
        "start_time": 1482.752
      },
      {
        "end_time": 1491.273,
        "segment": "It would that would mean you'd need a television that has Bluetooth in it, which no no television does, does it?",
        "start_time": 1485.248
      },
      {
        "end_time": 1500.736,
        "segment": "Well, if you're looking at if you looking at something that's going to be bought by people, you have to make it new, you have to make it state of the art.",
        "start_time": 1489.268
      },
      {
        "end_time": 1490.916,
        "segment": "Well",
        "start_time": 1489.537
      },
      {
        "end_time": 1501.408,
        "segment": "That would mean we'd have to make a television as well.",
        "start_time": 1498.928
      },
      {
        "end_time": 1519.12,
        "segment": "Bluetooth would, for example, enable you, I think, to um um connect for example you if you get a w call on your mobile phone, but your mobile phone is downstairs or something, you would get on your television you're being called by this person right now. Things like that.",
        "start_time": 1503.467
      },
      {
        "end_time": 1523.04,
        "segment": "No, that would be your telephone in with your television.",
        "start_time": 1519.168
      },
      {
        "end_time": 1525.648,
        "segment": "Yeah, the that wouldn't be the remote so much, I mean",
        "start_time": 1522.96
      },
      {
        "end_time": 1524.196,
        "segment": "No i",
        "start_time": 1522.81
      },
      {
        "end_time": 1526.016,
        "segment": "Yeah, and i",
        "start_time": 1523.981
      },
      {
        "end_time": 1529.696,
        "segment": "No, but if you get Bluetooth on the remote, you'd be able to",
        "start_time": 1525.648
      },
      {
        "end_time": 1539.552,
        "segment": "Nah, the televi the television would have to be a Bluetooth compatible, basically. An and there is no there is no such thing.",
        "start_time": 1530.224
      },
      {
        "end_time": 1538.832,
        "segment": "I with the television, yeah. I was just trying to find an advantage. Wha what w what advantage would you get for the",
        "start_time": 1530.997
      },
      {
        "end_time": 1536.144,
        "segment": "Mm.",
        "start_time": 1535.808
      },
      {
        "end_time": 1567.824,
        "segment": "Well, it doesn't Like it doesn't have to be, you know, Bluetooth, that was just an idea, but like it needs do something that, you know, is new. Whether it's a battery it could be something really really minor, you know, like but I think we are really keeping to what is already out there, and people've already seen it, people've already got it. If we want something new, we need to move away from what we already have",
        "start_time": 1536.848
      },
      {
        "end_time": 1564.525,
        "segment": "Okay.",
        "start_time": 1563.888
      },
      {
        "end_time": 1572.224,
        "segment": "and um just go creative.",
        "start_time": 1569.136
      }
    ],
    "type": "Bluetooth"
  },
  {
    "segments": [
      {
        "end_time": 1804.16,
        "segment": "really different colours basically. Okay, sor I sorry, I used the wrong word, what do you associate with the mate the material that material? Um Um like I'm just thinking bright colours.",
        "start_time": 1786.739
      },
      {
        "end_time": 0.0,
        "segment": false,
        "start_time": 99999999.99
      },
      {
        "end_time": 1805.376,
        "segment": "Yeah.",
        "start_time": 1805.072
      },
      {
        "end_time": 1809.28,
        "segment": "Bright natural colours, nothing too",
        "start_time": 1805.312
      },
      {
        "end_time": 1813.712,
        "segment": "Bright, but not too bright.",
        "start_time": 1810.688
      },
      {
        "end_time": 1822.407,
        "segment": "Bright, but too not yeah. Like no lime green or bright yellow or bright pink. Wanna make it different colours so anybody can choo like like",
        "start_time": 1811.408
      },
      {
        "end_time": 1813.243,
        "segment": "Yeah.",
        "start_time": 1812.649
      },
      {
        "end_time": 1827.792,
        "segment": "Like the volume buttons should be the all the same colour and the d and the the channel buttons should be one colour and stuff like that, do you mean?",
        "start_time": 1820.512
      },
      {
        "end_time": 1825.319,
        "segment": "Mm.",
        "start_time": 1824.804
      },
      {
        "end_time": 1832.944,
        "segment": "Yeah. And on the back of it have the logo.",
        "start_time": 1827.744
      },
      {
        "end_time": 1837.872,
        "segment": "Okay, what?",
        "start_time": 1836.032
      },
      {
        "end_time": 1838.912,
        "segment": "Yeah.",
        "start_time": 1838.528
      },
      {
        "end_time": 1840.048,
        "segment": "Sure.",
        "start_time": 1839.744
      },
      {
        "end_time": 1840.812,
        "segment": "Why not?",
        "start_time": 1840.374
      },
      {
        "end_time": 1842.096,
        "segment": "Okay.",
        "start_time": 1841.632
      },
      {
        "end_time": 1863.312,
        "segment": "The one thing I'm wondering about, I hope that we're not going like too much down a gimmicky road of of having I mean if somebody go goes into the store they're gonna see like three or four normal remotes, and then a big spongy pink t tomato uh remote. I mean what are ninety per cent of people gonna take?",
        "start_time": 1843.808
      },
      {
        "end_time": 1851.015,
        "segment": "Tha Yeah, I mean we that's we we",
        "start_time": 1843.764
      },
      {
        "end_time": 0.0,
        "segment": false,
        "start_time": 99999999.99
      },
      {
        "end_time": 1858.389,
        "segment": "Yeah.",
        "start_time": 1857.578
      },
      {
        "end_time": 0.0,
        "segment": false,
        "start_time": 99999999.99
      },
      {
        "end_time": 1864.242,
        "segment": "This is the remote control tomato.",
        "start_time": 1859.184
      },
      {
        "end_time": 1885.584,
        "segment": "Well I can say in this country, you'll get, you know, lots of people wanting something really funky and cool. Like and kids will be walking in with their parents saying, Mummy I wanna buy that one. And uh parents will see the will see the pro as well, because it's um",
        "start_time": 1861.392
      },
      {
        "end_time": 0.0,
        "segment": false,
        "start_time": 99999999.99
      },
      {
        "end_time": 1895.424,
        "segment": "like kids won't break it, it's not breakable if you throw it around. Especially with younger kids, you know they can pick it up and and",
        "start_time": 1887.008
      },
      {
        "end_time": 1892.048,
        "segment": "Yeah.",
        "start_time": 1891.632
      },
      {
        "end_time": 1901.208,
        "segment": "Yeah. The only thing is is that really small kids might chew on it, but",
        "start_time": 1897.248
      },
      {
        "end_time": 1903.216,
        "segment": "Well, it's it's gotta be chew proof.",
        "start_time": 1900.96
      },
      {
        "end_time": 0.0,
        "segment": false,
        "start_time": 99999999.99
      },
      {
        "end_time": 1925.696,
        "segment": "Yeah. So so it's rea it's quite it's quite like um user friendly and also for different families, like like family use as well, so for little kids and for old ki like teenagers will like it, I think. Especially maybe younger girls if it's in pink they'll be like pink remote control for their room something.",
        "start_time": 1903.679
      },
      {
        "end_time": 0.0,
        "segment": false,
        "start_time": 99999999.99
      },
      {
        "end_time": 1907.232,
        "segment": "I'm gonna write that down.",
        "start_time": 1904.432
      },
      {
        "end_time": 0.0,
        "segment": false,
        "start_time": 99999999.99
      },
      {
        "end_time": 0.0,
        "segment": false,
        "start_time": 99999999.99
      },
      {
        "end_time": 0.0,
        "segment": false,
        "start_time": 99999999.99
      },
      {
        "end_time": 1935.28,
        "segment": "So, what are you saying, maybe we should market it in different colours for different so we could do like the pink range, the blue range, the green range, the",
        "start_time": 1926.96
      },
      {
        "end_time": 1930.544,
        "segment": "Yeah.",
        "start_time": 1930.176
      },
      {
        "end_time": 1933.314,
        "segment": "That's yeah.",
        "start_time": 1931.609
      },
      {
        "end_time": 1932.468,
        "segment": "Mm.",
        "start_time": 1931.746
      },
      {
        "end_time": 1957.184,
        "segment": "So like you walk in, you're like, oh I like that remote control, because it's so bright, and then, and then the shop assistant comes up and says, oh what colour would you like? and then they go like, oh I can choose the colour wow. So it puts, I think, even the customer into more control over what they're buying instead of, you've got all colour it's either that or nothing. So they also get to pick. Well, personally I like walking into a shop and choosing a colour.",
        "start_time": 1935.2
      },
      {
        "end_time": 1967.006,
        "segment": "Yeah I mean, that that seems to work well with for products like iPod, where, you know, you have a variety of colours, that people feel like they're customising it when they buy it, even, you know, just just by the fact of choosing.",
        "start_time": 1957.312
      },
      {
        "end_time": 1961.528,
        "segment": "It's um Yeah.",
        "start_time": 1958.074
      },
      {
        "end_time": 1961.844,
        "segment": "Mm.",
        "start_time": 1961.022
      },
      {
        "end_time": 1966.16,
        "segment": "Mm. D you've got the",
        "start_time": 1963.512
      },
      {
        "end_time": 1974.56,
        "segment": "Although I'd be curious to see how many uh You know, there are some colours that I wouldn I would never choose, and I would be curious how many people choose that colour.",
        "start_time": 1964.944
      },
      {
        "end_time": 1974.448,
        "segment": "Right.",
        "start_time": 1974.064
      },
      {
        "end_time": 1980.64,
        "segment": "Well that's that can be down to bit of market researching you know, if that's easy enough to find out what colours are more popular.",
        "start_time": 1974.56
      },
      {
        "end_time": 1977.93,
        "segment": "Mm.",
        "start_time": 1977.281
      },
      {
        "end_time": 1978.208,
        "segment": "Yeah.",
        "start_time": 1977.853
      },
      {
        "end_time": 1983.462,
        "segment": "And produce less of the silly colours, maybe.",
        "start_time": 1980.297
      }
    ],
    "type": "Remote color"
  }
]