{
  "abs_summ": {
    "abs_summs_count": 21,
    "ext_summs_count": 119
  },
  "ap": [
    [
      {
        "act": "Is uh everyone ready?",
        "end_time": 91.72,
        "is_in_ext_summ": false,
        "start_time": 83.83
      },
      {
        "act": "Yeah.",
        "end_time": 87.4,
        "is_in_ext_summ": false,
        "start_time": 87.19
      },
      {
        "act": "Yeah.",
        "end_time": 89.55,
        "is_in_ext_summ": false,
        "start_time": 88.9
      },
      {
        "act": "Almost.",
        "end_time": 89.91,
        "is_in_ext_summ": false,
        "start_time": 89.08
      },
      {
        "act": "Okay,",
        "end_time": 91.98,
        "is_in_ext_summ": false,
        "start_time": 91.72
      },
      {
        "act": "we c we can hold on for a minute.",
        "end_time": 93.67,
        "is_in_ext_summ": false,
        "start_time": 91.98
      }
    ],
    [
      {
        "act": "I figured with the spam thing, if you can't beat it, join in.",
        "end_time": 126.18,
        "is_in_ext_summ": false,
        "start_time": 120.78
      },
      {
        "act": "That's the kind of spam that everybody likes to receive.",
        "end_time": 128.55,
        "is_in_ext_summ": false,
        "start_time": 126.32
      }
    ],
    [
      {
        "act": "Mm 'kay.",
        "end_time": 142.11,
        "is_in_ext_summ": false,
        "start_time": 141.93
      },
      {
        "act": "Are you ready?",
        "end_time": 145.26,
        "is_in_ext_summ": false,
        "start_time": 143.26
      }
    ],
    [
      {
        "act": "Um yeah, we're gonna hear your uh th three little presentations,",
        "end_time": 225.11,
        "is_in_ext_summ": false,
        "start_time": 218.25
      },
      {
        "act": "Do you have any preference uh of order?",
        "end_time": 233.0,
        "is_in_ext_summ": false,
        "start_time": 231.13
      },
      {
        "act": "o I'd like to hear who's g who's on the um from from uh Catherine actually first.",
        "end_time": 249.87,
        "is_in_ext_summ": false,
        "start_time": 241.36
      }
    ],
    [
      {
        "act": "what I'd like to hear about is uh if we've finally decided on um what sort of energy we're gonna be using and",
        "end_time": 258.25,
        "is_in_ext_summ": false,
        "start_time": 250.39
      },
      {
        "act": "Batteries.",
        "end_time": 256.92,
        "is_in_ext_summ": false,
        "start_time": 256.34
      },
      {
        "act": "I think she is still finishing her.",
        "end_time": 261.23,
        "is_in_ext_summ": false,
        "start_time": 258.41
      },
      {
        "act": "No no no no, it's fine I'm just preparing.",
        "end_time": 261.25,
        "is_in_ext_summ": false,
        "start_time": 259.73
      }
    ],
    [
      {
        "act": "yeah, let's let's hear from you first.",
        "end_time": 263.82,
        "is_in_ext_summ": false,
        "start_time": 262.03
      },
      {
        "act": "Okay.",
        "end_time": 266.46,
        "is_in_ext_summ": false,
        "start_time": 263.48
      }
    ],
    [
      {
        "act": "Where is that thing?",
        "end_time": 269.61,
        "is_in_ext_summ": false,
        "start_time": 266.46
      },
      {
        "act": "It's here.",
        "end_time": 268.91,
        "is_in_ext_summ": false,
        "start_time": 268.56
      }
    ],
    [
      {
        "act": "if you remember that kind of",
        "end_time": 301.8,
        "is_in_ext_summ": false,
        "start_time": 300.32
      },
      {
        "act": "I don't think any of us remember the fifties.",
        "end_time": 304.8,
        "is_in_ext_summ": false,
        "start_time": 302.61
      }
    ],
    [
      {
        "act": "a hand dynamo which is which was used uh in the fifties for torches,",
        "end_time": 300.32,
        "is_in_ext_summ": true,
        "start_time": 295.45
      },
      {
        "act": "Is it like a crank thing or something.",
        "end_time": 306.84,
        "is_in_ext_summ": false,
        "start_time": 304.66
      },
      {
        "act": "yeah, yeah.",
        "end_time": 306.13,
        "is_in_ext_summ": false,
        "start_time": 305.24
      }
    ],
    [
      {
        "act": "but I'm not sure about that indoors, really, but",
        "end_time": 322.26,
        "is_in_ext_summ": true,
        "start_time": 319.69
      },
      {
        "act": "Well, there's sometimes combinations, I mean, like calculators do combinations of battery with but also using some solar power.",
        "end_time": 329.22,
        "is_in_ext_summ": true,
        "start_time": 322.48
      },
      {
        "act": "Do sol solar panel things, do they have to work from the sun or can they work from a light bulb?",
        "end_time": 334.99,
        "is_in_ext_summ": false,
        "start_time": 330.05
      },
      {
        "act": "I dunno actually.",
        "end_time": 338.13,
        "is_in_ext_summ": false,
        "start_time": 337.14
      },
      {
        "act": "Does anybody know?",
        "end_time": 338.24,
        "is_in_ext_summ": false,
        "start_time": 337.41
      },
      {
        "act": "Uh I think, it has to be on the on the solar energy, but I don't know.",
        "end_time": 342.52,
        "is_in_ext_summ": false,
        "start_time": 339.38
      },
      {
        "act": "I dunno.",
        "end_time": 344.3,
        "is_in_ext_summ": false,
        "start_time": 343.93
      }
    ],
    [
      {
        "act": "So we've got to discuss that.",
        "end_time": 366.26,
        "is_in_ext_summ": false,
        "start_time": 364.77
      },
      {
        "act": "Okay, jolly good.",
        "end_time": 370.58,
        "is_in_ext_summ": false,
        "start_time": 368.82
      }
    ],
    [
      {
        "act": "if you know what I mean, so",
        "end_time": 384.13,
        "is_in_ext_summ": false,
        "start_time": 382.68
      },
      {
        "act": "What's a double curved one?",
        "end_time": 385.91,
        "is_in_ext_summ": false,
        "start_time": 384.58
      },
      {
        "act": "You know, kind of more ergonomic, that kind of suits the palm of your hand, that kind of thing.",
        "end_time": 392.45,
        "is_in_ext_summ": false,
        "start_time": 386.77
      },
      {
        "act": "Okay.",
        "end_time": 394.37,
        "is_in_ext_summ": false,
        "start_time": 393.96
      }
    ],
    [
      {
        "act": "And I think we discussed earlier on the R_ S_ I_ problem thing, so we could uh",
        "end_time": 443.52,
        "is_in_ext_summ": false,
        "start_time": 437.3
      },
      {
        "act": "So that might be an idea of using the rubber,",
        "end_time": 446.8,
        "is_in_ext_summ": true,
        "start_time": 443.46
      },
      {
        "act": "Let's have a squeezable remote.",
        "end_time": 450.59,
        "is_in_ext_summ": false,
        "start_time": 448.32
      },
      {
        "act": "yeah.",
        "end_time": 450.46,
        "is_in_ext_summ": false,
        "start_time": 449.99
      },
      {
        "act": "Yeah.",
        "end_time": 451.08,
        "is_in_ext_summ": false,
        "start_time": 450.02
      }
    ],
    [
      {
        "act": "Yeah, I like that idea.",
        "end_time": 464.0,
        "is_in_ext_summ": false,
        "start_time": 462.82
      },
      {
        "act": "So rubber would be Okay.",
        "end_time": 470.54,
        "is_in_ext_summ": false,
        "start_time": 467.57
      }
    ],
    [
      {
        "act": "You think you can market that?",
        "end_time": 476.49,
        "is_in_ext_summ": false,
        "start_time": 475.41
      },
      {
        "act": "But after my after my fashion thing, I think you'll realise that rubber is more",
        "end_time": 481.11,
        "is_in_ext_summ": false,
        "start_time": 476.13
      },
      {
        "act": "Ooh, we like rubber, ooh.",
        "end_time": 485.09,
        "is_in_ext_summ": false,
        "start_time": 482.15
      },
      {
        "act": "okay.",
        "end_time": 485.58,
        "is_in_ext_summ": false,
        "start_time": 485.11
      }
    ],
    [
      {
        "act": "Um and if we choose double curved then we have to go for rubber push-buttons.",
        "end_time": 522.72,
        "is_in_ext_summ": true,
        "start_time": 517.67
      },
      {
        "act": "Well, we're gonna go with I think we've decided that it's gonna be a rubber case so",
        "end_time": 526.62,
        "is_in_ext_summ": false,
        "start_time": 522.92
      },
      {
        "act": "Yeah, but is it a double curved one or not?",
        "end_time": 528.75,
        "is_in_ext_summ": false,
        "start_time": 526.08
      }
    ],
    [
      {
        "act": "If that makes sense.",
        "end_time": 536.52,
        "is_in_ext_summ": false,
        "start_time": 535.7
      },
      {
        "act": "push buttons instead of the wheel?",
        "end_time": 540.54,
        "is_in_ext_summ": false,
        "start_time": 538.12
      },
      {
        "act": "Yeah..",
        "end_time": 542.4,
        "is_in_ext_summ": false,
        "start_time": 541.04
      }
    ],
    [
      {
        "act": "Mean so what's the difference between a normal rubber case and a rubble doub double rubber double curved case?",
        "end_time": 561.22,
        "is_in_ext_summ": true,
        "start_time": 551.58
      },
      {
        "act": "No, but na le you see, you've got, okay, the energy that's one thing,",
        "end_time": 560.18,
        "is_in_ext_summ": false,
        "start_time": 555.83
      }
    ],
    [
      {
        "act": "we just need to decide on the on the case.",
        "end_time": 600.79,
        "is_in_ext_summ": false,
        "start_time": 597.72
      },
      {
        "act": "Let's have rubber push buttons, hey.",
        "end_time": 601.32,
        "is_in_ext_summ": true,
        "start_time": 599.81
      },
      {
        "act": "Okay.",
        "end_time": 602.5,
        "is_in_ext_summ": false,
        "start_time": 601.7
      },
      {
        "act": "Go rubber. Go rubber the whole way.",
        "end_time": 604.61,
        "is_in_ext_summ": false,
        "start_time": 602.5
      }
    ],
    [
      {
        "act": "is uh, okay, advanced chip on print, which I presume is like one P_C_B_ and that's got all the electronics on one board including the um infra-red sender?",
        "end_time": 680.49,
        "is_in_ext_summ": true,
        "start_time": 666.66
      },
      {
        "act": "The infra-red.",
        "end_time": 679.61,
        "is_in_ext_summ": false,
        "start_time": 679.09
      },
      {
        "act": "Yeah.",
        "end_time": 680.86,
        "is_in_ext_summ": false,
        "start_time": 680.53
      },
      {
        "act": "Right.",
        "end_time": 682.24,
        "is_in_ext_summ": false,
        "start_time": 681.59
      }
    ],
    [
      {
        "act": "Um what a what alternatives do we have to that?",
        "end_time": 686.96,
        "is_in_ext_summ": false,
        "start_time": 682.24
      },
      {
        "act": "Well, if if it's not chip on print then, I guess, you get different chip components, and you build them separately and doesn't include the infra-red.",
        "end_time": 701.39,
        "is_in_ext_summ": true,
        "start_time": 692.34
      }
    ],
    [
      {
        "act": "Technically speaking, it's not as advanced, but it does the job, too.",
        "end_time": 708.39,
        "is_in_ext_summ": false,
        "start_time": 705.16
      },
      {
        "act": "So, why would we not go for that?",
        "end_time": 713.41,
        "is_in_ext_summ": false,
        "start_time": 709.78
      }
    ],
    [
      {
        "act": "If it's something that's inside the the unit. I it doesn't affects whether the customer's gonna buy it or not.",
        "end_time": 720.96,
        "is_in_ext_summ": true,
        "start_time": 713.41
      },
      {
        "act": "It doesn't, yeah, yeah, yeah.",
        "end_time": 717.38,
        "is_in_ext_summ": false,
        "start_time": 716.31
      },
      {
        "act": "So let's not go for the",
        "end_time": 724.07,
        "is_in_ext_summ": false,
        "start_time": 723.03
      }
    ],
    [
      {
        "act": "so long as it works,",
        "end_time": 726.69,
        "is_in_ext_summ": false,
        "start_time": 725.46
      },
      {
        "act": "Yeah, yeah. I agree.",
        "end_time": 728.94,
        "is_in_ext_summ": false,
        "start_time": 727.38
      }
    ],
    [
      {
        "act": "So it's either um the scroll-wheel or the push-buttons.",
        "end_time": 736.78,
        "is_in_ext_summ": false,
        "start_time": 733.32
      },
      {
        "act": "Yeah.",
        "end_time": 740.17,
        "is_in_ext_summ": false,
        "start_time": 739.92
      },
      {
        "act": "S yeah, push buttons.",
        "end_time": 743.33,
        "is_in_ext_summ": false,
        "start_time": 741.62
      }
    ],
    [
      {
        "act": "What about the just developed uh sample sensor?",
        "end_time": 745.63,
        "is_in_ext_summ": true,
        "start_time": 743.22
      },
      {
        "act": "What about what?",
        "end_time": 748.27,
        "is_in_ext_summ": false,
        "start_time": 747.69
      },
      {
        "act": "G there, the sample sensor, sample speaker thing.",
        "end_time": 752.56,
        "is_in_ext_summ": false,
        "start_time": 748.84
      },
      {
        "act": "Well, what do we need a speaker for in a remote control unit?",
        "end_time": 754.97,
        "is_in_ext_summ": true,
        "start_time": 752.51
      },
      {
        "act": "Mm, I dunno.",
        "end_time": 756.46,
        "is_in_ext_summ": false,
        "start_time": 755.69
      },
      {
        "act": "Be cool.",
        "end_time": 759.35,
        "is_in_ext_summ": false,
        "start_time": 757.77
      },
      {
        "act": "It'd be it'd be cool, but they are saying they've just developed it,",
        "end_time": 762.23,
        "is_in_ext_summ": false,
        "start_time": 759.16
      },
      {
        "act": "I'm just guessing. But it's gonna be the most expensive option, probably and",
        "end_time": 765.65,
        "is_in_ext_summ": true,
        "start_time": 762.23
      },
      {
        "act": "Th the the speech recognition um option is it doesn't seem really very promising for us uh,",
        "end_time": 773.58,
        "is_in_ext_summ": false,
        "start_time": 766.28
      },
      {
        "act": "Yeah.",
        "end_time": 773.6,
        "is_in_ext_summ": false,
        "start_time": 772.79
      },
      {
        "act": "It's not something that we wanna t go into with this product.",
        "end_time": 776.35,
        "is_in_ext_summ": false,
        "start_time": 773.6
      }
    ],
    [
      {
        "act": "but it's not that.",
        "end_time": 804.79,
        "is_in_ext_summ": false,
        "start_time": 804.1
      },
      {
        "act": "Oh, it just gives an answer.",
        "end_time": 806.42,
        "is_in_ext_summ": false,
        "start_time": 805.2
      },
      {
        "act": "a it just gives you a verbal response.",
        "end_time": 808.01,
        "is_in_ext_summ": true,
        "start_time": 805.39
      }
    ],
    [
      {
        "act": "So, yeah, I mean, like what's the point of saying, Hello remote, I mean, hello, how how are you?",
        "end_time": 815.45,
        "is_in_ext_summ": false,
        "start_time": 808.01
      },
      {
        "act": "Just if you are really lonely, maybe.",
        "end_time": 817.15,
        "is_in_ext_summ": false,
        "start_time": 814.2
      },
      {
        "act": "Yeah, if you're really lonely, it is it's",
        "end_time": 817.03,
        "is_in_ext_summ": false,
        "start_time": 815.45
      }
    ],
    [
      {
        "act": "I thought when they said, voice recognition, they meant um like,",
        "end_time": 821.16,
        "is_in_ext_summ": false,
        "start_time": 816.36
      },
      {
        "act": "Channel five. And then it switches on.",
        "end_time": 823.26,
        "is_in_ext_summ": false,
        "start_time": 820.44
      },
      {
        "act": "channel five, and it will change.",
        "end_time": 822.72,
        "is_in_ext_summ": false,
        "start_time": 821.16
      },
      {
        "act": "No,",
        "end_time": 822.59,
        "is_in_ext_summ": false,
        "start_time": 822.1
      },
      {
        "act": "tha that w that w that would be more promising.",
        "end_time": 824.89,
        "is_in_ext_summ": false,
        "start_time": 822.59
      }
    ],
    [
      {
        "act": "It it's just a remote that talks to you.",
        "end_time": 826.96,
        "is_in_ext_summ": false,
        "start_time": 824.89
      },
      {
        "act": "Oh, then forget about it.",
        "end_time": 828.63,
        "is_in_ext_summ": true,
        "start_time": 827.01
      }
    ],
    [
      {
        "act": "So for the energy source, do we go for the battery or the",
        "end_time": 840.26,
        "is_in_ext_summ": false,
        "start_time": 837.1
      },
      {
        "act": "Yeah, I'm fine with the basic battery.",
        "end_time": 844.35,
        "is_in_ext_summ": false,
        "start_time": 842.66
      },
      {
        "act": "Basic battery.",
        "end_time": 845.66,
        "is_in_ext_summ": false,
        "start_time": 844.39
      }
    ],
    [
      {
        "act": "Are you happy with that?",
        "end_time": 852.71,
        "is_in_ext_summ": false,
        "start_time": 851.04
      },
      {
        "act": "Yeah.",
        "end_time": 852.05,
        "is_in_ext_summ": false,
        "start_time": 851.82
      },
      {
        "act": "Okay. So we'll go for the battery.",
        "end_time": 856.18,
        "is_in_ext_summ": false,
        "start_time": 852.71
      }
    ],
    [
      {
        "act": "Then the case, do you want it flat or curved or sing or double curved?",
        "end_time": 863.49,
        "is_in_ext_summ": false,
        "start_time": 858.34
      },
      {
        "act": "We were go we were going with the late with the the R_S_I_ rubber, weren't we?",
        "end_time": 866.61,
        "is_in_ext_summ": false,
        "start_time": 862.36
      },
      {
        "act": "Yeah,",
        "end_time": 866.5,
        "is_in_ext_summ": false,
        "start_time": 866.25
      },
      {
        "act": "so we want it rub rubber double curved.",
        "end_time": 874.48,
        "is_in_ext_summ": true,
        "start_time": 866.5
      },
      {
        "act": "So it will look like something like this.",
        "end_time": 872.77,
        "is_in_ext_summ": false,
        "start_time": 870.62
      }
    ],
    [
      {
        "act": "Okay, so then if we use double curved case, then we have to u choose rubber push-buttons,",
        "end_time": 881.43,
        "is_in_ext_summ": false,
        "start_time": 873.42
      },
      {
        "act": "we're going for the simple buttons.",
        "end_time": 880.34,
        "is_in_ext_summ": false,
        "start_time": 878.77
      },
      {
        "act": "So rubber rubber keys, yeah.",
        "end_time": 881.9,
        "is_in_ext_summ": true,
        "start_time": 880.23
      }
    ],
    [
      {
        "act": "and that's fine?",
        "end_time": 882.0,
        "is_in_ext_summ": false,
        "start_time": 881.43
      },
      {
        "act": "Yeah.",
        "end_time": 882.2,
        "is_in_ext_summ": false,
        "start_time": 881.38
      }
    ],
    [
      {
        "act": "So that's another marketing point that we can use.",
        "end_time": 902.7,
        "is_in_ext_summ": false,
        "start_time": 900.32
      },
      {
        "act": "Well the rubber push-buttons. Don't you have to move your",
        "end_time": 907.12,
        "is_in_ext_summ": false,
        "start_time": 902.92
      },
      {
        "act": "But anything is gonna have buttons.",
        "end_time": 908.56,
        "is_in_ext_summ": false,
        "start_time": 906.53
      }
    ],
    [
      {
        "act": "I thought they would give an option of flat buttons or a",
        "end_time": 917.36,
        "is_in_ext_summ": false,
        "start_time": 914.82
      },
      {
        "act": "You see, you can still get it does you still get repetitive strain injury, whether you are pressing a button or pressing a flat bit of screen.",
        "end_time": 924.78,
        "is_in_ext_summ": false,
        "start_time": 917.75
      }
    ],
    [
      {
        "act": "But the fact that this this rubber i is actually used in these anti-R_S_I_ ps specific",
        "end_time": 940.93,
        "is_in_ext_summ": true,
        "start_time": 933.86
      },
      {
        "act": "Yeah, the rubber's good.",
        "end_time": 941.74,
        "is_in_ext_summ": false,
        "start_time": 941.06
      },
      {
        "act": "We're giving them a way to burn off steam, basically, yeah.",
        "end_time": 944.34,
        "is_in_ext_summ": false,
        "start_time": 942.05
      },
      {
        "act": "Yeah.",
        "end_time": 944.56,
        "is_in_ext_summ": false,
        "start_time": 944.13
      },
      {
        "act": "Yeah, so they can sit there and go like",
        "end_time": 946.58,
        "is_in_ext_summ": false,
        "start_time": 945.06
      },
      {
        "act": "Not that watching T_V_ should be that stressful.",
        "end_time": 949.96,
        "is_in_ext_summ": false,
        "start_time": 947.85
      },
      {
        "act": "And you know, yeah, you can fuzz it across the room and throw it at throw it at your children yeah.",
        "end_time": 956.59,
        "is_in_ext_summ": false,
        "start_time": 949.64
      }
    ],
    [
      {
        "act": "Alright, that's me done.",
        "end_time": 957.8,
        "is_in_ext_summ": false,
        "start_time": 956.88
      },
      {
        "act": "Okay, Gabriel. Let's um let's let's hear from you about the um it's the interface.",
        "end_time": 964.4,
        "is_in_ext_summ": false,
        "start_time": 958.35
      },
      {
        "act": "Alright.",
        "end_time": 960.71,
        "is_in_ext_summ": false,
        "start_time": 960.25
      }
    ],
    [
      {
        "act": "Yeah, some of what I have to say ties into what Catherine was just talking about.",
        "end_time": 969.69,
        "is_in_ext_summ": false,
        "start_time": 965.38
      },
      {
        "act": "Great.",
        "end_time": 970.1,
        "is_in_ext_summ": false,
        "start_time": 969.67
      }
    ],
    [
      {
        "act": "I mean you got that thumb movement that you're constantly doing.",
        "end_time": 1072.68,
        "is_in_ext_summ": false,
        "start_time": 1069.09
      },
      {
        "act": "That does get annoying.",
        "end_time": 1073.32,
        "is_in_ext_summ": false,
        "start_time": 1072.28
      }
    ],
    [
      {
        "act": "it's sort of confusing for the user.",
        "end_time": 1147.59,
        "is_in_ext_summ": false,
        "start_time": 1143.53
      },
      {
        "act": "Do we have an uh example of a good one?",
        "end_time": 1150.17,
        "is_in_ext_summ": false,
        "start_time": 1148.4
      }
    ],
    [
      {
        "act": "Uh this is the example of the giant remote that's impossible to lose.",
        "end_time": 1157.63,
        "is_in_ext_summ": true,
        "start_time": 1147.59
      },
      {
        "act": "Brilliant.",
        "end_time": 1156.17,
        "is_in_ext_summ": false,
        "start_time": 1155.55
      }
    ],
    [
      {
        "act": "And, yeah, that's it for me.",
        "end_time": 1191.16,
        "is_in_ext_summ": false,
        "start_time": 1188.76
      },
      {
        "act": "Okay.",
        "end_time": 1192.2,
        "is_in_ext_summ": false,
        "start_time": 1191.67
      }
    ],
    [
      {
        "act": "The the um the interface type we're going for",
        "end_time": 1205.89,
        "is_in_ext_summ": false,
        "start_time": 1201.9
      },
      {
        "act": "So we're we're not gonna have any sort of display I think uh.",
        "end_time": 1211.96,
        "is_in_ext_summ": true,
        "start_time": 1207.92
      },
      {
        "act": "Just the simple s simple straight set of buttons.",
        "end_time": 1214.63,
        "is_in_ext_summ": false,
        "start_time": 1211.47
      }
    ],
    [
      {
        "act": "it will either have a a lock button like we mentioned or or a cover or something like that.",
        "end_time": 1233.78,
        "is_in_ext_summ": true,
        "start_time": 1229.54
      },
      {
        "act": "Yeah.",
        "end_time": 1233.77,
        "is_in_ext_summ": false,
        "start_time": 1233.3
      }
    ],
    [
      {
        "act": "I guess it's to the point where we need to decide about that.",
        "end_time": 1235.86,
        "is_in_ext_summ": false,
        "start_time": 1233.78
      },
      {
        "act": "Okay,",
        "end_time": 1236.77,
        "is_in_ext_summ": false,
        "start_time": 1236.27
      }
    ],
    [
      {
        "act": "we're not we're just gonna go for something",
        "end_time": 1255.02,
        "is_in_ext_summ": false,
        "start_time": 1253.28
      },
      {
        "act": "Um it seems like we wouldn't wanna make it too busy and too sort of gaudy,",
        "end_time": 1262.51,
        "is_in_ext_summ": true,
        "start_time": 1257.11
      }
    ],
    [
      {
        "act": "like maybe the R_R_ can be yellow, or something like that.",
        "end_time": 1274.3,
        "is_in_ext_summ": false,
        "start_time": 1271.06
      },
      {
        "act": "Yeah. Okay. Okey-dokey.",
        "end_time": 1279.73,
        "is_in_ext_summ": false,
        "start_time": 1274.74
      }
    ],
    [
      {
        "act": "I I guess the fact uh also that we are having a rubber case uh would prevent us from having the cover function that we thought of before.",
        "end_time": 1295.37,
        "is_in_ext_summ": true,
        "start_time": 1285.12
      },
      {
        "act": "Yeah, sure.",
        "end_time": 1297.08,
        "is_in_ext_summ": false,
        "start_time": 1295.86
      }
    ],
    [
      {
        "act": "but uh I think that it should be easy to have a button that just prevents prevents the other uh the other buttons from operating.",
        "end_time": 1312.6,
        "is_in_ext_summ": false,
        "start_time": 1306.11
      },
      {
        "act": "Yeah, the button that just does that, yeah.",
        "end_time": 1310.72,
        "is_in_ext_summ": false,
        "start_time": 1308.45
      }
    ],
    [
      {
        "act": "So that should be simple.",
        "end_time": 1313.39,
        "is_in_ext_summ": false,
        "start_time": 1312.6
      },
      {
        "act": "Cool.",
        "end_time": 1316.22,
        "is_in_ext_summ": false,
        "start_time": 1315.86
      }
    ],
    [
      {
        "act": "So the remote control has to look and feel fancier than the ones that already that we already have.",
        "end_time": 1374.7,
        "is_in_ext_summ": true,
        "start_time": 1369.77
      },
      {
        "act": "Yeah, why should people buy this when they're already got a remote that came with the T_V_?",
        "end_time": 1379.56,
        "is_in_ext_summ": false,
        "start_time": 1375.78
      },
      {
        "act": "Exactly.",
        "end_time": 1380.11,
        "is_in_ext_summ": false,
        "start_time": 1377.85
      }
    ],
    [
      {
        "act": "Um second, uh it should be technologically innovative innovative.",
        "end_time": 1387.0,
        "is_in_ext_summ": true,
        "start_time": 1380.11
      },
      {
        "act": "What's that mean?",
        "end_time": 1389.71,
        "is_in_ext_summ": false,
        "start_time": 1389.03
      },
      {
        "act": "Technologically it should be like um work, basically, I guess. It should work.",
        "end_time": 1399.26,
        "is_in_ext_summ": false,
        "start_time": 1391.28
      },
      {
        "act": "Well it should be it should be maybe cutting edge in some sense,",
        "end_time": 1401.95,
        "is_in_ext_summ": false,
        "start_time": 1399.14
      }
    ],
    [
      {
        "act": "I mean have something that's little more technologically advanced than what's on the market.",
        "end_time": 1405.72,
        "is_in_ext_summ": false,
        "start_time": 1401.95
      },
      {
        "act": "That's new.",
        "end_time": 1404.33,
        "is_in_ext_summ": false,
        "start_time": 1403.75
      },
      {
        "act": "now the trouble is is we've already decided that we're going with the stuff that works already, that's cheap.",
        "end_time": 1411.04,
        "is_in_ext_summ": true,
        "start_time": 1405.46
      },
      {
        "act": "Actually, I mean, these first two points we've already sort of gone away from,",
        "end_time": 1413.79,
        "is_in_ext_summ": false,
        "start_time": 1411.29
      }
    ],
    [
      {
        "act": "And it's it's not technologically innovative either.",
        "end_time": 1424.58,
        "is_in_ext_summ": false,
        "start_time": 1421.73
      },
      {
        "act": "That's why I was thinking, Bluetooth,",
        "end_time": 1430.22,
        "is_in_ext_summ": true,
        "start_time": 1428.96
      }
    ],
    [
      {
        "act": "they don't really care whether, you know, at the end of the day whether it works properly or not.",
        "end_time": 1449.86,
        "is_in_ext_summ": true,
        "start_time": 1443.41
      },
      {
        "act": "Of course, they do.",
        "end_time": 1451.99,
        "is_in_ext_summ": true,
        "start_time": 1450.29
      },
      {
        "act": "Well, they do, but it's like it's not",
        "end_time": 1452.81,
        "is_in_ext_summ": false,
        "start_time": 1451.07
      },
      {
        "act": "One hundred per cent, that's your first thing, you go, oh I'm not gonna buy that, 'cause I dunno if it works or not.",
        "end_time": 1456.32,
        "is_in_ext_summ": false,
        "start_time": 1451.99
      },
      {
        "act": "Yeah, but it looks good.",
        "end_time": 1457.52,
        "is_in_ext_summ": false,
        "start_time": 1456.39
      }
    ],
    [
      {
        "act": "If it looks good and it's it can just be there for decoration.",
        "end_time": 1462.47,
        "is_in_ext_summ": false,
        "start_time": 1457.52
      },
      {
        "act": "Okay, well,",
        "end_time": 1465.48,
        "is_in_ext_summ": false,
        "start_time": 1463.16
      }
    ],
    [
      {
        "act": "what do you two think about this?",
        "end_time": 1467.03,
        "is_in_ext_summ": false,
        "start_time": 1465.48
      },
      {
        "act": "So is is the advantage of Bluetooth that you can just like synchronise it with other",
        "end_time": 1470.86,
        "is_in_ext_summ": true,
        "start_time": 1467.22
      },
      {
        "act": "You could always insert, yeah.",
        "end_time": 1474.47,
        "is_in_ext_summ": false,
        "start_time": 1473.1
      },
      {
        "act": "Yeah, that's basically what it allows you to do,",
        "end_time": 1476.51,
        "is_in_ext_summ": false,
        "start_time": 1475.12
      }
    ],
    [
      {
        "act": "right?",
        "end_time": 1476.69,
        "is_in_ext_summ": false,
        "start_time": 1476.51
      },
      {
        "act": "Yeah,",
        "end_time": 1477.62,
        "is_in_ext_summ": false,
        "start_time": 1477.0
      }
    ],
    [
      {
        "act": "all this is being used for is your television.",
        "end_time": 1482.01,
        "is_in_ext_summ": false,
        "start_time": 1480.04
      },
      {
        "act": "Yeah, but, I mean, people like",
        "end_time": 1485.78,
        "is_in_ext_summ": false,
        "start_time": 1483.17
      }
    ],
    [
      {
        "act": "that would mean you'd need a television that has Bluetooth in it, which no no television does,",
        "end_time": 1490.8,
        "is_in_ext_summ": true,
        "start_time": 1485.7
      },
      {
        "act": "Well, if you're looking at if you looking at something that's going to be bought by people, you have to make it new, you have to make it state of the art.",
        "end_time": 1500.64,
        "is_in_ext_summ": true,
        "start_time": 1489.41
      },
      {
        "act": "That would mean we'd have to make a television as well.",
        "end_time": 1501.33,
        "is_in_ext_summ": false,
        "start_time": 1498.95
      }
    ],
    [
      {
        "act": "Bluetooth would, for example, enable you, I think, to um um connect for example you if you get a w call on your mobile phone, but your mobile phone is downstairs or something, you would get on your television you're being called by this person right now.",
        "end_time": 1517.46,
        "is_in_ext_summ": false,
        "start_time": 1503.52
      },
      {
        "act": "No, that would be your telephone in with your television.",
        "end_time": 1523.01,
        "is_in_ext_summ": false,
        "start_time": 1519.19
      },
      {
        "act": "Yeah, the that wouldn't be the remote so much,",
        "end_time": 1525.2,
        "is_in_ext_summ": false,
        "start_time": 1522.98
      },
      {
        "act": "No i",
        "end_time": 1524.1,
        "is_in_ext_summ": false,
        "start_time": 1523.01
      },
      {
        "act": "No, but if you get Bluetooth on the remote, you'd be able to",
        "end_time": 1529.64,
        "is_in_ext_summ": false,
        "start_time": 1525.67
      },
      {
        "act": "Nah, the televi the television would have to be a Bluetooth compatible, basically.",
        "end_time": 1537.51,
        "is_in_ext_summ": false,
        "start_time": 1530.25
      },
      {
        "act": "I with the television, yeah.",
        "end_time": 1534.03,
        "is_in_ext_summ": false,
        "start_time": 1531.2
      }
    ],
    [
      {
        "act": "If we want something new, we need to move away from what we already have",
        "end_time": 1567.79,
        "is_in_ext_summ": true,
        "start_time": 1564.11
      },
      {
        "act": "Maybe the kinetic mo provision of energy then.",
        "end_time": 1574.26,
        "is_in_ext_summ": false,
        "start_time": 1570.23
      }
    ],
    [
      {
        "act": "It's been done for watches, but I haven't seen that for remotes, yet.",
        "end_time": 1578.96,
        "is_in_ext_summ": false,
        "start_time": 1574.26
      },
      {
        "act": "Okay. Yeah, this that's that's very good.",
        "end_time": 1581.61,
        "is_in_ext_summ": true,
        "start_time": 1578.3
      },
      {
        "act": "And then you can market it.",
        "end_time": 1581.9,
        "is_in_ext_summ": false,
        "start_time": 1580.62
      }
    ],
    [
      {
        "act": "Never have to change a battery again.",
        "end_time": 1584.38,
        "is_in_ext_summ": false,
        "start_time": 1581.9
      },
      {
        "act": "Change the batteries ever again.",
        "end_time": 1584.89,
        "is_in_ext_summ": false,
        "start_time": 1582.79
      },
      {
        "act": "And and this is all tying in very nicely.",
        "end_time": 1588.56,
        "is_in_ext_summ": false,
        "start_time": 1584.29
      }
    ],
    [
      {
        "act": "Th we should encourage people to throw their remote controls about, because it charges itself up by doing it.",
        "end_time": 1599.37,
        "is_in_ext_summ": false,
        "start_time": 1594.49
      },
      {
        "act": "Yeah,",
        "end_time": 1598.43,
        "is_in_ext_summ": false,
        "start_time": 1598.32
      },
      {
        "act": "well, and in little characters you say, yeah, but not too much.",
        "end_time": 1601.76,
        "is_in_ext_summ": false,
        "start_time": 1598.43
      }
    ],
    [
      {
        "act": "Yeah, we can make the squeezing of the rubber be the be the generating like the energy generator.",
        "end_time": 1608.67,
        "is_in_ext_summ": false,
        "start_time": 1603.8
      },
      {
        "act": "Yeah, that's a great idea. Well done.",
        "end_time": 1611.24,
        "is_in_ext_summ": false,
        "start_time": 1607.17
      }
    ],
    [
      {
        "act": "And I think we've all um worked that out.",
        "end_time": 1619.63,
        "is_in_ext_summ": false,
        "start_time": 1616.32
      },
      {
        "act": "we're all about that.",
        "end_time": 1618.06,
        "is_in_ext_summ": false,
        "start_time": 1617.35
      }
    ],
    [
      {
        "act": "Next year's fashion i very much in fruit and vegetables are thm are like the theme for cloths, shoes and furniture.",
        "end_time": 1630.92,
        "is_in_ext_summ": true,
        "start_time": 1621.88
      },
      {
        "act": "Okay, so we could have keys that are like a b like a broccoli key and a uh and an avocado key on them.",
        "end_time": 1646.3,
        "is_in_ext_summ": true,
        "start_time": 1640.04
      },
      {
        "act": "Rubber things.",
        "end_time": 1646.52,
        "is_in_ext_summ": false,
        "start_time": 1645.5
      }
    ],
    [
      {
        "act": "and as it's rubber the feel which is in this year is spongy,",
        "end_time": 1654.69,
        "is_in_ext_summ": true,
        "start_time": 1649.28
      },
      {
        "act": "Well spongy, that's where.",
        "end_time": 1657.87,
        "is_in_ext_summ": false,
        "start_time": 1656.66
      },
      {
        "act": "Yeah, that's great for us.",
        "end_time": 1659.39,
        "is_in_ext_summ": false,
        "start_time": 1658.17
      }
    ],
    [
      {
        "act": "Yeah, we're we're ahead of the game there.",
        "end_time": 1660.98,
        "is_in_ext_summ": true,
        "start_time": 1657.87
      },
      {
        "act": "Yeah.",
        "end_time": 1661.74,
        "is_in_ext_summ": false,
        "start_time": 1661.04
      }
    ],
    [
      {
        "act": "So we're moving in the right direction like",
        "end_time": 1687.37,
        "is_in_ext_summ": false,
        "start_time": 1685.89
      },
      {
        "act": "Alright, yeah, no, this i this is good,",
        "end_time": 1688.6,
        "is_in_ext_summ": false,
        "start_time": 1687.08
      }
    ],
    [
      {
        "act": "right, we're gonna go go back to um going with the kinetic thing,",
        "end_time": 1697.29,
        "is_in_ext_summ": true,
        "start_time": 1690.54
      },
      {
        "act": "Yeah, that's great.",
        "end_time": 1696.57,
        "is_in_ext_summ": false,
        "start_time": 1696.06
      }
    ],
    [
      {
        "act": "and um I'm not sure about the buttons being in the shape of fruit though.",
        "end_time": 1714.15,
        "is_in_ext_summ": true,
        "start_time": 1709.61
      },
      {
        "act": "No vegetables.",
        "end_time": 1717.0,
        "is_in_ext_summ": false,
        "start_time": 1715.91
      },
      {
        "act": "Yeah, I don't know how we incorporate",
        "end_time": 1716.78,
        "is_in_ext_summ": false,
        "start_time": 1715.28
      },
      {
        "act": "We don't have to follow every trend, I guess.",
        "end_time": 1721.62,
        "is_in_ext_summ": false,
        "start_time": 1720.1
      }
    ],
    [
      {
        "act": "Maybe make it like fruity colours or something.",
        "end_time": 1722.89,
        "is_in_ext_summ": true,
        "start_time": 1720.35
      },
      {
        "act": "The power button could be like a big apple or something.",
        "end_time": 1732.43,
        "is_in_ext_summ": true,
        "start_time": 1729.89
      },
      {
        "act": "Well yeah, but Apple would sue you for that.",
        "end_time": 1736.49,
        "is_in_ext_summ": false,
        "start_time": 1734.06
      },
      {
        "act": "Yeah, this is true.",
        "end_time": 1738.05,
        "is_in_ext_summ": false,
        "start_time": 1736.08
      },
      {
        "act": "They don they don't own all images of apples.",
        "end_time": 1740.99,
        "is_in_ext_summ": false,
        "start_time": 1737.8
      },
      {
        "act": "sued the Beatles so",
        "end_time": 1743.08,
        "is_in_ext_summ": false,
        "start_time": 1741.31
      },
      {
        "act": "Okay, we'll make it a uh pomegranate, a big pomegranate.",
        "end_time": 1746.63,
        "is_in_ext_summ": false,
        "start_time": 1743.4
      }
    ],
    [
      {
        "act": "or like are we going yeah it looks slick, but what do what do we mean by slick sort of thing?",
        "end_time": 1771.78,
        "is_in_ext_summ": false,
        "start_time": 1765.18
      },
      {
        "act": "I think, if it's rubber it needs to be",
        "end_time": 1777.59,
        "is_in_ext_summ": false,
        "start_time": 1772.45
      },
      {
        "act": "different.",
        "end_time": 1780.72,
        "is_in_ext_summ": false,
        "start_time": 1779.6
      },
      {
        "act": "I mean you said earlier on i it should be funky.",
        "end_time": 1780.25,
        "is_in_ext_summ": false,
        "start_time": 1777.76
      }
    ],
    [
      {
        "act": "nothing too",
        "end_time": 1809.23,
        "is_in_ext_summ": false,
        "start_time": 1806.43
      },
      {
        "act": "Bright, but not too bright.",
        "end_time": 1812.18,
        "is_in_ext_summ": false,
        "start_time": 1810.71
      },
      {
        "act": "yeah.",
        "end_time": 1813.63,
        "is_in_ext_summ": false,
        "start_time": 1812.36
      }
    ],
    [
      {
        "act": "Like the volume buttons should be the all the same colour and the d and the the channel buttons should be one colour and stuff like that, do you mean?",
        "end_time": 1827.74,
        "is_in_ext_summ": false,
        "start_time": 1820.77
      },
      {
        "act": "Yeah.",
        "end_time": 1828.92,
        "is_in_ext_summ": false,
        "start_time": 1827.76
      }
    ],
    [
      {
        "act": "And on the back of it have the logo.",
        "end_time": 1832.87,
        "is_in_ext_summ": false,
        "start_time": 1828.92
      },
      {
        "act": "Okay,",
        "end_time": 1837.16,
        "is_in_ext_summ": false,
        "start_time": 1836.07
      }
    ],
    [
      {
        "act": "what?",
        "end_time": 1837.7,
        "is_in_ext_summ": false,
        "start_time": 1837.16
      },
      {
        "act": "Yeah.",
        "end_time": 1838.85,
        "is_in_ext_summ": false,
        "start_time": 1838.65
      },
      {
        "act": "Sure.",
        "end_time": 1840.0,
        "is_in_ext_summ": false,
        "start_time": 1839.77
      },
      {
        "act": "Why not?",
        "end_time": 1840.67,
        "is_in_ext_summ": false,
        "start_time": 1840.39
      },
      {
        "act": "Okay.",
        "end_time": 1842.06,
        "is_in_ext_summ": false,
        "start_time": 1841.65
      }
    ],
    [
      {
        "act": "The one thing I'm wondering about, I hope that we're not going like too much down a gimmicky road of of having",
        "end_time": 1849.71,
        "is_in_ext_summ": false,
        "start_time": 1843.84
      },
      {
        "act": "Yeah,",
        "end_time": 1849.54,
        "is_in_ext_summ": false,
        "start_time": 1849.19
      }
    ],
    [
      {
        "act": "I mean what are ninety per cent of people gonna take?",
        "end_time": 1863.14,
        "is_in_ext_summ": false,
        "start_time": 1859.22
      },
      {
        "act": "I can say in this country, you'll get, you know, lots of people wanting something really funky and cool.",
        "end_time": 1871.14,
        "is_in_ext_summ": false,
        "start_time": 1863.78
      }
    ],
    [
      {
        "act": "The only thing is is that really small kids might chew on it, but",
        "end_time": 1900.76,
        "is_in_ext_summ": false,
        "start_time": 1897.64
      },
      {
        "act": "Well, it's it's gotta be chew proof.",
        "end_time": 1903.01,
        "is_in_ext_summ": false,
        "start_time": 1900.98
      },
      {
        "act": "Yeah.",
        "end_time": 1904.29,
        "is_in_ext_summ": false,
        "start_time": 1903.83
      },
      {
        "act": "I'm gonna write that down.",
        "end_time": 1907.13,
        "is_in_ext_summ": false,
        "start_time": 1905.83
      }
    ],
    [
      {
        "act": "Especially maybe younger girls if it's in pink they'll be like pink remote control for their room something.",
        "end_time": 1925.66,
        "is_in_ext_summ": false,
        "start_time": 1920.45
      },
      {
        "act": "So, what are you saying, maybe we should market it in different colours for different",
        "end_time": 1931.27,
        "is_in_ext_summ": false,
        "start_time": 1926.98
      },
      {
        "act": "Yeah.",
        "end_time": 1930.44,
        "is_in_ext_summ": false,
        "start_time": 1930.2
      },
      {
        "act": "That's yeah.",
        "end_time": 1933.22,
        "is_in_ext_summ": false,
        "start_time": 1931.79
      }
    ],
    [
      {
        "act": "so we could do like the pink range, the blue range, the green range, the",
        "end_time": 1935.19,
        "is_in_ext_summ": true,
        "start_time": 1931.27
      },
      {
        "act": "So like you walk in, you're like, oh I like that remote control, because it's so bright, and then, and then the shop assistant comes up and says, oh what colour would you like?",
        "end_time": 1942.32,
        "is_in_ext_summ": false,
        "start_time": 1935.22
      }
    ],
    [
      {
        "act": "Well, personally I like walking into a shop and choosing a colour.",
        "end_time": 1957.04,
        "is_in_ext_summ": false,
        "start_time": 1954.68
      },
      {
        "act": "Yeah I mean, that that seems to work well with for products like iPod,",
        "end_time": 1960.4,
        "is_in_ext_summ": false,
        "start_time": 1957.33
      }
    ],
    [
      {
        "act": "where, you know, you have a variety of colours, that people feel like they're customising it when they buy it, even, you know, just just by the fact of choosing.",
        "end_time": 1966.89,
        "is_in_ext_summ": true,
        "start_time": 1960.4
      },
      {
        "act": "You know, there are some colours that I wouldn I would never choose, and I would be curious how many people choose that colour.",
        "end_time": 1974.52,
        "is_in_ext_summ": false,
        "start_time": 1969.33
      },
      {
        "act": "Well that's that can be down to bit of market researching you know,",
        "end_time": 1977.82,
        "is_in_ext_summ": false,
        "start_time": 1974.58
      }
    ],
    [
      {
        "act": "from you Catherine wi your y y you know you're gonna be working on the the look and feel design.",
        "end_time": 2009.67,
        "is_in_ext_summ": true,
        "start_time": 2004.47
      },
      {
        "act": "Yep.",
        "end_time": 2010.65,
        "is_in_ext_summ": false,
        "start_time": 2010.06
      }
    ],
    [
      {
        "act": "Then basically, you two are gonna be working together on this.",
        "end_time": 2021.82,
        "is_in_ext_summ": true,
        "start_time": 2017.88
      },
      {
        "act": "Alright.",
        "end_time": 2022.85,
        "is_in_ext_summ": false,
        "start_time": 2022.5
      }
    ],
    [
      {
        "act": "You won't be going off to your separate offices.",
        "end_time": 2023.75,
        "is_in_ext_summ": false,
        "start_time": 2021.82
      },
      {
        "act": "Okay.",
        "end_time": 2024.86,
        "is_in_ext_summ": false,
        "start_time": 2024.57
      }
    ],
    [
      {
        "act": "Um and I think you are gonna get a chance to play with some clay.",
        "end_time": 2029.6,
        "is_in_ext_summ": true,
        "start_time": 2025.09
      },
      {
        "act": "Oh right.",
        "end_time": 2030.7,
        "is_in_ext_summ": false,
        "start_time": 2030.3
      },
      {
        "act": "Mm.",
        "end_time": 2032.76,
        "is_in_ext_summ": false,
        "start_time": 2032.32
      }
    ],
    [
      {
        "act": "'Cause at the moment, uh you know, it's it's hard.",
        "end_time": 2043.8,
        "is_in_ext_summ": false,
        "start_time": 2041.31
      },
      {
        "act": "Yeah.",
        "end_time": 2043.69,
        "is_in_ext_summ": false,
        "start_time": 2043.46
      },
      {
        "act": "It is.",
        "end_time": 2044.28,
        "is_in_ext_summ": false,
        "start_time": 2043.83
      }
    ],
    [
      {
        "act": "you know, s some sort of physical something or other.",
        "end_time": 2055.2,
        "is_in_ext_summ": false,
        "start_time": 2052.18
      },
      {
        "act": "That sounds good.",
        "end_time": 2057.84,
        "is_in_ext_summ": false,
        "start_time": 2056.89
      }
    ],
    [
      {
        "act": "'Cause if you don't, you'll I'm sure you'll soon get an e-mail about it.",
        "end_time": 2189.5,
        "is_in_ext_summ": false,
        "start_time": 2186.56
      },
      {
        "act": "Mm, I think we all know what we need to do now.",
        "end_time": 2193.21,
        "is_in_ext_summ": false,
        "start_time": 2191.29
      },
      {
        "act": "This gives you all the details?",
        "end_time": 2194.57,
        "is_in_ext_summ": false,
        "start_time": 2193.26
      }
    ],
    [
      {
        "act": "I got a note saying that you two who are gonna be working together",
        "end_time": 2211.93,
        "is_in_ext_summ": false,
        "start_time": 2207.78
      },
      {
        "act": "Okay,",
        "end_time": 2212.45,
        "is_in_ext_summ": false,
        "start_time": 2212.26
      },
      {
        "act": "I'll stay in here.",
        "end_time": 2213.1,
        "is_in_ext_summ": false,
        "start_time": 2212.45
      }
    ],
    [
      {
        "act": "Does the pay-raise immediately come into effect on our next pay-check, or is that",
        "end_time": 2227.56,
        "is_in_ext_summ": false,
        "start_time": 2223.75
      },
      {
        "act": "Um I think, it's uh, yeah, I think, it's gonna be par part more of a profit sharing on the product.",
        "end_time": 2235.44,
        "is_in_ext_summ": false,
        "start_time": 2228.25
      },
      {
        "act": "So we're buying fut I mean, we're getting futures in the company.",
        "end_time": 2239.04,
        "is_in_ext_summ": false,
        "start_time": 2235.88
      },
      {
        "act": "Yeah, I think i I think that's I think that's the way it's gonna happen at the moment.",
        "end_time": 2242.59,
        "is_in_ext_summ": false,
        "start_time": 2238.12
      },
      {
        "act": "So we really have a incentive to make this remote work.",
        "end_time": 2246.49,
        "is_in_ext_summ": false,
        "start_time": 2243.2
      },
      {
        "act": "Yeah. Yeah.",
        "end_time": 2247.48,
        "is_in_ext_summ": false,
        "start_time": 2246.16
      }
    ],
    [
      {
        "act": "I'd like to share in the coffee machine profits, because that's really doing well.",
        "end_time": 2251.94,
        "is_in_ext_summ": false,
        "start_time": 2248.83
      },
      {
        "act": "I want a share in the space rocket.",
        "end_time": 2254.6,
        "is_in_ext_summ": false,
        "start_time": 2252.15
      }
    ],
    [
      {
        "act": "Did you see that this k that this company we've made a spaceship.",
        "end_time": 2258.57,
        "is_in_ext_summ": false,
        "start_time": 2254.6
      },
      {
        "act": "Yeah.",
        "end_time": 2259.02,
        "is_in_ext_summ": false,
        "start_time": 2257.72
      },
      {
        "act": "This company has its its fingers in a lot of different pots.",
        "end_time": 2262.72,
        "is_in_ext_summ": false,
        "start_time": 2258.64
      },
      {
        "act": "Yeah.",
        "end_time": 2261.36,
        "is_in_ext_summ": false,
        "start_time": 2261.09
      }
    ],
    [
      {
        "act": "I mean, they told you that they wanted whatev our product to represent the the R_R_ brand and and to be immediately noticeable.",
        "end_time": 2295.08,
        "is_in_ext_summ": false,
        "start_time": 2287.31
      },
      {
        "act": "I mean, if you look like at the coffee maker at the at the corporate web page, it's not obvious.",
        "end_time": 2302.11,
        "is_in_ext_summ": false,
        "start_time": 2296.75
      }
    ],
    [
      {
        "act": "but it's doesn't have the colour scheme of of the of the company anywhere on it obviously it's just sil silver and black.",
        "end_time": 2316.27,
        "is_in_ext_summ": false,
        "start_time": 2309.63
      },
      {
        "act": "That's true.",
        "end_time": 2318.68,
        "is_in_ext_summ": false,
        "start_time": 2318.09
      }
    ],
    [
      {
        "act": "Okay. Um I've just had a sign flashing up saying, finish the meeting.",
        "end_time": 2337.34,
        "is_in_ext_summ": false,
        "start_time": 2332.96
      },
      {
        "act": "Okay.",
        "end_time": 2339.67,
        "is_in_ext_summ": false,
        "start_time": 2339.36
      },
      {
        "act": "Right, well, I guess that's us.",
        "end_time": 2352.28,
        "is_in_ext_summ": false,
        "start_time": 2351.1
      },
      {
        "act": "Yeah.",
        "end_time": 2354.88,
        "is_in_ext_summ": false,
        "start_time": 2353.54
      }
    ],
    [
      {
        "act": "So maybe you should go back to your own offices.",
        "end_time": 2361.1,
        "is_in_ext_summ": false,
        "start_time": 2359.27
      },
      {
        "act": "Okay. Right.",
        "end_time": 2365.22,
        "is_in_ext_summ": false,
        "start_time": 2362.48
      }
    ],
    [
      {
        "act": "Are we taking these off?",
        "end_time": 2367.16,
        "is_in_ext_summ": false,
        "start_time": 2366.18
      },
      {
        "act": "Yeah.",
        "end_time": 2369.73,
        "is_in_ext_summ": false,
        "start_time": 2369.4
      }
    ]
  ],
  "ap_meta": {
    "far_than_3s": 13,
    "total": 315,
    "total_sequences": 104,
    "values": [
      [
        3,
        225.11
      ],
      [
        3,
        233.0
      ],
      [
        8,
        300.32
      ],
      [
        13,
        464.0
      ],
      [
        20,
        686.96
      ],
      [
        22,
        717.38
      ],
      [
        24,
        736.78
      ],
      [
        55,
        1424.58
      ],
      [
        69,
        1630.92
      ],
      [
        74,
        1716.78
      ],
      [
        75,
        1722.89
      ],
      [
        79,
        1832.87
      ],
      [
        101,
        2339.67
      ]
    ]
  },
  "args": [
    [
      {
        "act": "uh rubber, wood, or titanium. And th for each of them you have uh cases where for example titanium, you can't use it for if you if we're choosing a double curved case, we can't choose titanium. And if we are choosing um solar cells then we can't choose latex for the case material, so we just have to take that into account. But if we're choosing just the flat case then we can go for anything. And I think we discussed earlier on the R_ S_ I_ problem thing, so we could uh",
        "ae_type": "Statement",
        "end_time": 443.52,
        "speaker_id": "B",
        "start_time": 409.52
      },
      {
        "act": "So that might be an idea of using the rubber, but then it should, you know yeah.",
        "ae_type": "Weak statement",
        "end_time": 450.46,
        "speaker_id": "A",
        "start_time": 443.46
      },
      {
        "act": "Yeah.",
        "ae_type": "Statement",
        "end_time": 445.64,
        "speaker_id": "B",
        "start_time": 445.35
      },
      {
        "act": "Let's have a squeezable remote.",
        "ae_type": "Statement",
        "end_time": 450.59,
        "speaker_id": "C",
        "start_time": 448.32
      },
      {
        "act": "Yeah. And also it doesn't break as easily maybe, I dunno",
        "ae_type": "Statement",
        "end_time": 453.89,
        "speaker_id": "B",
        "start_time": 450.02
      },
      {
        "act": "when a T_V_ programme's got one watching the match and your team's just lost, you can fuzz it across the room and it'll bounce off the wall back at you. Yeah, I like that idea.",
        "ae_type": "Statement",
        "end_time": 464.0,
        "speaker_id": "A",
        "start_time": 453.98
      },
      {
        "act": "Okay.",
        "ae_type": "Statement",
        "end_time": 470.54,
        "speaker_id": "B",
        "start_time": 469.99
      },
      {
        "act": "I think rubber's",
        "ae_type": "Statement",
        "end_time": 471.0,
        "speaker_id": "D",
        "start_time": 470.12
      },
      {
        "act": "Rubber, we're all we're all going we're all liking that idea? You think you can market that?",
        "ae_type": "Yes/No issue",
        "end_time": 476.49,
        "speaker_id": "A",
        "start_time": 472.31
      },
      {
        "act": "But after my after my fashion thing, I think you'll realise that rubber is more",
        "ae_type": "Statement",
        "end_time": 481.11,
        "speaker_id": "D",
        "start_time": 476.13
      },
      {
        "act": "Uh s so if d okay.",
        "ae_type": "Statement",
        "end_time": 485.58,
        "speaker_id": "B",
        "start_time": 482.14
      },
      {
        "act": "Ooh, we like rubber, ooh.",
        "ae_type": "Statement",
        "end_time": 485.09,
        "speaker_id": "A",
        "start_time": 482.15
      },
      {
        "act": "Um scroll buttons, as well.",
        "ae_type": "Statement",
        "end_time": 504.5,
        "speaker_id": "B",
        "start_time": 501.72
      },
      {
        "act": "So if you use a rubber double curved case, you must use rubber push-buttons. So if we're going for rubber then we have to decide for the case. Um and if we choose double curved then we have to go for rubber push-buttons. So it's a constraint.",
        "ae_type": "Statement",
        "end_time": 523.6,
        "speaker_id": "B",
        "start_time": 507.0
      },
      {
        "act": "Well, we're gonna go with I think we've decided that it's gonna be a rubber case so",
        "ae_type": "Statement",
        "end_time": 526.62,
        "speaker_id": "A",
        "start_time": 522.92
      },
      {
        "act": "Yeah, but is it a double curved one or not? If it's not a double curved, then we've got the choice for the push-buttons, if it's a double curve, we've gotta go for rubber push-buttons.",
        "ae_type": "Statement",
        "end_time": 534.3,
        "speaker_id": "B",
        "start_time": 526.08
      },
      {
        "act": "push buttons instead of the wheel?",
        "ae_type": "Yes/No issue",
        "end_time": 540.54,
        "speaker_id": "A",
        "start_time": 538.12
      },
      {
        "act": "Yeah.",
        "ae_type": "Statement",
        "end_time": 542.4,
        "speaker_id": "B",
        "start_time": 541.04
      },
      {
        "act": "If it's rubber, isn't it malleable anyway, it doesn't matter if it's double I mean isn't a rubber case, mean it's completely flexed, I mean, it it flexes to whatever they want it to? Mean so what's the difference between a normal rubber case and a rubble doub double rubber double curved case?",
        "ae_type": "Open issue",
        "end_time": 561.22,
        "speaker_id": "C",
        "start_time": 541.6
      },
      {
        "act": "then you have the case is uh, whether it's flat or curved. And that's we don't care if it's rub rubber or not, but then we've decided that we going for rubber for the case material. So if we've chosen rub rubber and if now we have the choice for the case whether it's flat, single curved or double curved. And I'm just saying if it if we choose it to be double curved then we need to go I dunno why, but we need to go for uh rubber push-buttons.",
        "ae_type": "Statement",
        "end_time": 592.2,
        "speaker_id": "B",
        "start_time": 561.64
      },
      {
        "act": "Okay.",
        "ae_type": "Statement",
        "end_time": 593.65,
        "speaker_id": "C",
        "start_time": 593.37
      },
      {
        "act": "I dunno we just need to decide on the on the case.",
        "ae_type": "Statement",
        "end_time": 600.79,
        "speaker_id": "B",
        "start_time": 597.36
      },
      {
        "act": "Let's have rubber push buttons, hey.",
        "ae_type": "Statement",
        "end_time": 601.32,
        "speaker_id": "A",
        "start_time": 599.81
      },
      {
        "act": "Okay. Go rubber. Go rubber the whole way.",
        "ae_type": "Statement",
        "end_time": 604.61,
        "speaker_id": "C",
        "start_time": 601.7
      }
    ],
    [
      {
        "act": "What about the just developed uh sample sensor?",
        "ae_type": "Open issue",
        "end_time": 745.63,
        "speaker_id": "D",
        "start_time": 743.22
      },
      {
        "act": "I think push-buttons is",
        "ae_type": "Statement",
        "end_time": 745.09,
        "speaker_id": "C",
        "start_time": 743.94
      },
      {
        "act": "What about what?",
        "ae_type": "Open issue",
        "end_time": 748.27,
        "speaker_id": "A",
        "start_time": 747.69
      },
      {
        "act": "G there, the sample sensor, sample speaker thing.",
        "ae_type": "Statement",
        "end_time": 752.56,
        "speaker_id": "D",
        "start_time": 748.84
      },
      {
        "act": "Well, what do we need a speaker for in a remote control unit?",
        "ae_type": "Open issue",
        "end_time": 754.97,
        "speaker_id": "A",
        "start_time": 752.51
      },
      {
        "act": "Mm, I dunno.",
        "ae_type": "Statement",
        "end_time": 756.46,
        "speaker_id": "D",
        "start_time": 755.69
      },
      {
        "act": "It'd be it'd be cool, but they are saying they've just developed it, I'm just guessing. But it's gonna be the most expensive option, probably and",
        "ae_type": "Statement",
        "end_time": 765.65,
        "speaker_id": "B",
        "start_time": 759.16
      },
      {
        "act": "Yeah.",
        "ae_type": "Statement",
        "end_time": 759.97,
        "speaker_id": "C",
        "start_time": 759.68
      },
      {
        "act": "Th the the speech recognition um option is it doesn't seem really very promising for us uh, 'cause uh",
        "ae_type": "Statement",
        "end_time": 774.04,
        "speaker_id": "C",
        "start_time": 766.28
      },
      {
        "act": "Yeah. It's not something that we wanna t go into with this product.",
        "ae_type": "Statement",
        "end_time": 776.35,
        "speaker_id": "A",
        "start_time": 772.79
      },
      {
        "act": "That when you say something it will give a response, and you program the response as well. Just uh clips of tha that you record yourself. So you can program your coffee-maker that when you say, good morning, to it it says, hello Rick, or whatever. But, I mean, it's not it would be one thing if it was speech recognition where you say something and it turns the T_V_ on like, turn the T_V_ on, and i turns comes on, but it's not that. It just gives you a it just gives you a verbal response. So, yeah, I mean, like what's the point of saying, Hello remote, I mean, hello, how how are you? Yeah, if you're really lonely, it is it's",
        "ae_type": "Statement",
        "end_time": 817.03,
        "speaker_id": "C",
        "start_time": 784.12
      },
      {
        "act": "Yeah.",
        "ae_type": "Statement",
        "end_time": 798.51,
        "speaker_id": "A",
        "start_time": 796.13
      },
      {
        "act": "Oh, it just gives an answer.",
        "ae_type": "Statement",
        "end_time": 806.42,
        "speaker_id": "D",
        "start_time": 805.2
      },
      {
        "act": "Yeah.",
        "ae_type": "Statement",
        "end_time": 810.36,
        "speaker_id": "A",
        "start_time": 809.91
      },
      {
        "act": "I thought when they said, voice recognition, they meant um like, channel five, and it will change. Like you talk to it. Can I have channel five? Oh, then forget about it. Oh right okay.",
        "ae_type": "Statement",
        "end_time": 829.27,
        "speaker_id": "D",
        "start_time": 816.36
      },
      {
        "act": "Channel five. And then it switches on.",
        "ae_type": "Statement",
        "end_time": 823.26,
        "speaker_id": "B",
        "start_time": 820.44
      },
      {
        "act": "No, tha that w that w that would be more promising. It it's just a remote that talks to you. Uh. I mean to certain cues.",
        "ae_type": "Statement",
        "end_time": 830.3,
        "speaker_id": "C",
        "start_time": 822.1
      },
      {
        "act": "Yeah.",
        "ae_type": "Statement",
        "end_time": 825.19,
        "speaker_id": "A",
        "start_time": 824.75
      }
    ],
    [
      {
        "act": "at the end of the day whether it works properly or not.",
        "ae_type": "Statement",
        "end_time": 1449.86,
        "speaker_id": "D",
        "start_time": 1447.02
      },
      {
        "act": "Of course, they do. One hundred per cent, that's your first thing, you go, oh I'm not gonna buy that, 'cause I dunno if it works or not.",
        "ae_type": "Statement",
        "end_time": 1456.32,
        "speaker_id": "A",
        "start_time": 1450.29
      },
      {
        "act": "Well, they do, but it's like it's not",
        "ae_type": "Statement",
        "end_time": 1452.81,
        "speaker_id": "D",
        "start_time": 1451.07
      },
      {
        "act": "Yeah, but it looks good. If it looks good and it's it can just be there for decoration.",
        "ae_type": "Statement",
        "end_time": 1462.47,
        "speaker_id": "D",
        "start_time": 1456.39
      },
      {
        "act": "Okay, well, what do you two think about this?",
        "ae_type": "Open issue",
        "end_time": 1467.03,
        "speaker_id": "A",
        "start_time": 1463.16
      },
      {
        "act": "electronics?",
        "ae_type": "Yes/No issue",
        "end_time": 1472.46,
        "speaker_id": "C",
        "start_time": 1471.63
      },
      {
        "act": "Yeah, what I don't understand what m",
        "ae_type": "Statement",
        "end_time": 1473.89,
        "speaker_id": "A",
        "start_time": 1471.7
      },
      {
        "act": "You could always insert, yeah.",
        "ae_type": "Statement",
        "end_time": 1474.47,
        "speaker_id": "D",
        "start_time": 1473.1
      },
      {
        "act": "Yeah, that's basically what it allows you to do, right?",
        "ae_type": "Yes/No issue",
        "end_time": 1476.69,
        "speaker_id": "C",
        "start_time": 1475.12
      },
      {
        "act": "Yeah, and it this is just gonna all this is being used for is your television.",
        "ae_type": "Statement",
        "end_time": 1482.01,
        "speaker_id": "A",
        "start_time": 1477.0
      },
      {
        "act": "Yeah, but, I mean, people like",
        "ae_type": "Statement",
        "end_time": 1485.78,
        "speaker_id": "D",
        "start_time": 1483.17
      },
      {
        "act": "It would that would mean you'd need a television that has Bluetooth in it, which no no television does, does it?",
        "ae_type": "Yes/No issue",
        "end_time": 1491.21,
        "speaker_id": "A",
        "start_time": 1485.27
      },
      {
        "act": "Well, if you're looking at if you looking at something that's going to be bought by people, you have to make it new, you have to make it state of the art.",
        "ae_type": "Statement",
        "end_time": 1500.64,
        "speaker_id": "D",
        "start_time": 1489.41
      },
      {
        "act": "That would mean we'd have to make a television as well.",
        "ae_type": "Statement",
        "end_time": 1501.33,
        "speaker_id": "A",
        "start_time": 1498.95
      },
      {
        "act": "Bluetooth would, for example, enable you, I think, to um um connect for example you if you get a w call on your mobile phone, but your mobile phone is downstairs or something, you would get on your television you're being called by this person right now.",
        "ae_type": "Statement",
        "end_time": 1517.46,
        "speaker_id": "B",
        "start_time": 1503.52
      },
      {
        "act": "No, that would be your telephone in with your television.",
        "ae_type": "Statement",
        "end_time": 1523.01,
        "speaker_id": "A",
        "start_time": 1519.19
      },
      {
        "act": "Yeah, the that wouldn't be the remote so much, I mean",
        "ae_type": "Statement",
        "end_time": 1525.55,
        "speaker_id": "C",
        "start_time": 1522.98
      },
      {
        "act": "No, but if you get Bluetooth on the remote, you'd be able to",
        "ae_type": "Statement",
        "end_time": 1529.64,
        "speaker_id": "B",
        "start_time": 1525.67
      },
      {
        "act": "Nah, the televi the television would have to be a Bluetooth compatible, basically. An and there is no there is no such thing.",
        "ae_type": "Statement",
        "end_time": 1539.52,
        "speaker_id": "A",
        "start_time": 1530.25
      },
      {
        "act": "I with the television, yeah. I was just trying to find an advantage. Wha what w what advantage would you get for the",
        "ae_type": "Statement",
        "end_time": 1538.7,
        "speaker_id": "B",
        "start_time": 1531.2
      },
      {
        "act": "and um just go creative.",
        "ae_type": "Statement",
        "end_time": 1572.19,
        "speaker_id": "D",
        "start_time": 1569.16
      },
      {
        "act": "Okay.",
        "ae_type": "Statement",
        "end_time": 1564.41,
        "speaker_id": "A",
        "start_time": 1564.03
      }
    ],
    [
      {
        "act": "really different colours basically. Okay, sor I sorry, I used the wrong word, what do you associate with the mate the material that material? Um Um like I'm just thinking bright colours.",
        "ae_type": "Statement",
        "end_time": 1804.13,
        "speaker_id": "D",
        "start_time": 1786.82
      },
      {
        "act": "Yeah.",
        "ae_type": "Statement",
        "end_time": 1805.34,
        "speaker_id": "C",
        "start_time": 1805.09
      },
      {
        "act": "Bright natural colours, nothing too",
        "ae_type": "Statement",
        "end_time": 1809.23,
        "speaker_id": "D",
        "start_time": 1805.33
      },
      {
        "act": "Bright, but not too bright.",
        "ae_type": "Statement",
        "end_time": 1812.18,
        "speaker_id": "A",
        "start_time": 1810.71
      },
      {
        "act": "Bright, but too not yeah. Like no lime green or bright yellow or bright pink. Wanna make it different colours so anybody can choo like like",
        "ae_type": "Statement",
        "end_time": 1822.24,
        "speaker_id": "D",
        "start_time": 1811.43
      },
      {
        "act": "Yeah.",
        "ae_type": "Statement",
        "end_time": 1813.15,
        "speaker_id": "C",
        "start_time": 1812.89
      },
      {
        "act": "Like the volume buttons should be the all the same colour and the d and the the channel buttons should be one colour and stuff like that, do you mean?",
        "ae_type": "Yes/No issue",
        "end_time": 1827.74,
        "speaker_id": "A",
        "start_time": 1820.77
      },
      {
        "act": "Yeah. And on the back of it have the logo.",
        "ae_type": "Statement",
        "end_time": 1832.87,
        "speaker_id": "D",
        "start_time": 1827.76
      },
      {
        "act": "Yeah.",
        "ae_type": "Statement",
        "end_time": 1838.85,
        "speaker_id": "B",
        "start_time": 1838.65
      },
      {
        "act": "Sure.",
        "ae_type": "Statement",
        "end_time": 1840.0,
        "speaker_id": "C",
        "start_time": 1839.77
      },
      {
        "act": "Okay.",
        "ae_type": "Statement",
        "end_time": 1842.06,
        "speaker_id": "A",
        "start_time": 1841.65
      },
      {
        "act": "The one thing I'm wondering about, I hope that we're not going like too much down a gimmicky road of of having I mean if somebody go goes into the store they're gonna see like three or four normal remotes, and then a big spongy pink t tomato uh remote. I mean what are ninety per cent of people gonna take?",
        "ae_type": "A/B issue",
        "end_time": 1863.14,
        "speaker_id": "C",
        "start_time": 1843.84
      },
      {
        "act": "Yeah, I mean we that's we we",
        "ae_type": "Statement",
        "end_time": 1850.93,
        "speaker_id": "A",
        "start_time": 1849.19
      },
      {
        "act": "I can say in this country, you'll get, you know, lots of people wanting something really funky and cool.",
        "ae_type": "Statement",
        "end_time": 1871.14,
        "speaker_id": "D",
        "start_time": 1863.78
      },
      {
        "act": "Like and kids will be walking in with their parents saying, Mummy I wanna buy that one. And uh parents will see the will see the pro as well, because it's um like kids won't break it, it's not breakable if you throw it around. Especially with younger kids, you know they can pick it up and and",
        "ae_type": "Statement",
        "end_time": 1895.34,
        "speaker_id": "D",
        "start_time": 1873.04
      },
      {
        "act": "Yeah.",
        "ae_type": "Statement",
        "end_time": 1891.98,
        "speaker_id": "A",
        "start_time": 1891.65
      },
      {
        "act": "Yeah. The only thing is is that really small kids might chew on it, but",
        "ae_type": "Statement",
        "end_time": 1900.76,
        "speaker_id": "D",
        "start_time": 1897.27
      },
      {
        "act": "Well, it's it's gotta be chew proof.",
        "ae_type": "Statement",
        "end_time": 1903.01,
        "speaker_id": "A",
        "start_time": 1900.98
      },
      {
        "act": "Yeah. So so it's rea it's quite it's quite like um user friendly and also for different families, like like family use as well, so for little kids and for old ki like teenagers will like it, I think. Especially maybe younger girls if it's in pink they'll be like pink remote control for their room something.",
        "ae_type": "Statement",
        "end_time": 1925.66,
        "speaker_id": "D",
        "start_time": 1903.83
      },
      {
        "act": "So, what are you saying, maybe we should market it in different colours for different so we could do like the pink range, the blue range, the green range, the",
        "ae_type": "Yes/No issue",
        "end_time": 1935.19,
        "speaker_id": "A",
        "start_time": 1926.98
      },
      {
        "act": "Yeah.",
        "ae_type": "Statement",
        "end_time": 1930.44,
        "speaker_id": "D",
        "start_time": 1930.2
      },
      {
        "act": "That's yeah.",
        "ae_type": "Statement",
        "end_time": 1933.22,
        "speaker_id": "B",
        "start_time": 1931.79
      },
      {
        "act": "So like you walk in, you're like, oh I like that remote control, because it's so bright, and then, and then the shop assistant comes up and says, oh what colour would you like? and then they go like, oh I can choose the colour wow. So it puts, I think, even the customer into more control over what they're buying instead of, you've got all colour it's either that or nothing. So they also get to pick.",
        "ae_type": "Statement",
        "end_time": 1952.71,
        "speaker_id": "D",
        "start_time": 1935.22
      },
      {
        "act": "Well, personally I like walking into a shop and choosing a colour.",
        "ae_type": "Statement",
        "end_time": 1957.04,
        "speaker_id": "D",
        "start_time": 1954.68
      },
      {
        "act": "Yeah I mean, that that seems to work well with for products like iPod, where, you know, you have a variety of colours, that people feel like they're customising it when they buy it, even, you know, just just by the fact of choosing.",
        "ae_type": "Statement",
        "end_time": 1966.89,
        "speaker_id": "C",
        "start_time": 1957.33
      },
      {
        "act": "Yeah.",
        "ae_type": "Statement",
        "end_time": 1961.37,
        "speaker_id": "D",
        "start_time": 1961.06
      },
      {
        "act": "Although I'd be curious to see how many uh You know, there are some colours that I wouldn I would never choose, and I would be curious how many people choose that colour.",
        "ae_type": "Statement",
        "end_time": 1974.52,
        "speaker_id": "B",
        "start_time": 1965.44
      },
      {
        "act": "Right.",
        "ae_type": "Statement",
        "end_time": 1974.41,
        "speaker_id": "C",
        "start_time": 1974.18
      },
      {
        "act": "Well that's that can be down to bit of market researching you know, if that's easy enough to find out what colours are more popular.",
        "ae_type": "Statement",
        "end_time": 1980.53,
        "speaker_id": "A",
        "start_time": 1974.58
      },
      {
        "act": "Yeah.",
        "ae_type": "Statement",
        "end_time": 1978.17,
        "speaker_id": "C",
        "start_time": 1977.96
      },
      {
        "act": "And produce less of the silly colours, maybe.",
        "ae_type": "Weak statement",
        "end_time": 1983.25,
        "speaker_id": "B",
        "start_time": 1980.41
      }
    ]
  ],
  "da": {
    "types": {
      "Assess": 192,
      "Backchannel": 113,
      "Be-Positive": 17,
      "Comment-About-Understanding": 3,
      "Elicit-Assessment": 20,
      "Elicit-Comment-Understanding": 3,
      "Elicit-Inform": 28,
      "Elicit-Offer-Or-Suggestion": 4,
      "Fragment": 59,
      "Inform": 236,
      "Offer": 12,
      "Other": 12,
      "Stall": 54,
      "Suggest": 58
    }
  },
  "dialog_acts": 811,
  "ext_sentense_count": 85,
  "ext_sentense_da_count": 97,
  "ext_summ": {
    "types": {
      "Assess": 20,
      "Elicit-Assessment": 2,
      "Elicit-Inform": 4,
      "Inform": 36,
      "Offer": 3,
      "Suggest": 20
    }
  },
  "segmants": 513
}