{
  "abs_summ": {
    "abs_summs_count": 19,
    "ext_summs_count": 89
  },
  "ap": [
    [
      {
        "act": "Alima.",
        "end_time": 110.38,
        "is_in_ext_summ": false,
        "start_time": 109.98
      },
      {
        "act": "Um Alima,",
        "end_time": 111.08,
        "is_in_ext_summ": false,
        "start_time": 109.8
      },
      {
        "act": ", Alima.",
        "end_time": 112.73,
        "is_in_ext_summ": false,
        "start_time": 111.68
      }
    ],
    [
      {
        "act": "Um I don't know which one of these I have to bring with me.",
        "end_time": 128.79,
        "is_in_ext_summ": false,
        "start_time": 124.82
      },
      {
        "act": "Probably both.",
        "end_time": 130.07,
        "is_in_ext_summ": false,
        "start_time": 129.45
      }
    ],
    [
      {
        "act": "How do you spell your name?",
        "end_time": 153.81,
        "is_in_ext_summ": false,
        "start_time": 152.02
      },
      {
        "act": "A_ L_ I_ M_ A_.",
        "end_time": 154.5,
        "is_in_ext_summ": false,
        "start_time": 153.08
      }
    ],
    [
      {
        "act": "So what are your favourite characteristics?",
        "end_time": 197.4,
        "is_in_ext_summ": false,
        "start_time": 195.91
      },
      {
        "act": "Um. I I like the whole having a shell thing.",
        "end_time": 201.07,
        "is_in_ext_summ": false,
        "start_time": 197.54
      }
    ],
    [
      {
        "act": "Shall we just go around the table?",
        "end_time": 219.63,
        "is_in_ext_summ": false,
        "start_time": 218.4
      },
      {
        "act": "Uh Okay.",
        "end_time": 220.85,
        "is_in_ext_summ": false,
        "start_time": 220.07
      }
    ],
    [
      {
        "act": "shouldn't I",
        "end_time": 241.09,
        "is_in_ext_summ": false,
        "start_time": 240.29
      },
      {
        "act": "No,",
        "end_time": 240.62,
        "is_in_ext_summ": false,
        "start_time": 240.19
      }
    ],
    [
      {
        "act": "you can erase the turtle,",
        "end_time": 241.75,
        "is_in_ext_summ": false,
        "start_time": 240.62
      },
      {
        "act": "it's alright.",
        "end_time": 242.29,
        "is_in_ext_summ": false,
        "start_time": 241.75
      }
    ],
    [
      {
        "act": "Well.",
        "end_time": 278.76,
        "is_in_ext_summ": false,
        "start_time": 278.29
      },
      {
        "act": "It's a whale, yes.",
        "end_time": 281.05,
        "is_in_ext_summ": true,
        "start_time": 279.06
      }
    ],
    [
      {
        "act": "especially, like you know if I'm watching T_V_ I have have to have three separate remote controls of in front of me, you know, one for the T_V_, one for the digital box, one for m the video recorder as well. Um.",
        "end_time": 586.79,
        "is_in_ext_summ": true,
        "start_time": 575.2
      },
      {
        "act": "I agree with having too many remotes around.",
        "end_time": 608.91,
        "is_in_ext_summ": false,
        "start_time": 605.81
      }
    ],
    [
      {
        "act": "And one thing I particularly like is if you are not um sort of moving it around to get it to work with the infra-red.",
        "end_time": 638.34,
        "is_in_ext_summ": false,
        "start_time": 630.21
      },
      {
        "act": "Yeah.",
        "end_time": 638.03,
        "is_in_ext_summ": false,
        "start_time": 637.59
      },
      {
        "act": "Yeah.",
        "end_time": 638.29,
        "is_in_ext_summ": false,
        "start_time": 638.12
      }
    ],
    [
      {
        "act": "or do all remotes require batteries?",
        "end_time": 666.33,
        "is_in_ext_summ": false,
        "start_time": 664.43
      },
      {
        "act": "Um I would imagine all of them,",
        "end_time": 668.12,
        "is_in_ext_summ": false,
        "start_time": 666.65
      }
    ],
    [
      {
        "act": "but it's possible we could use like a lithium battery",
        "end_time": 671.5,
        "is_in_ext_summ": true,
        "start_time": 669.3
      },
      {
        "act": "Yeah,",
        "end_time": 672.19,
        "is_in_ext_summ": false,
        "start_time": 671.94
      }
    ],
    [
      {
        "act": "just has",
        "end_time": 710.72,
        "is_in_ext_summ": false,
        "start_time": 709.65
      },
      {
        "act": "No",
        "end_time": 712.08,
        "is_in_ext_summ": false,
        "start_time": 711.9
      }
    ],
    [
      {
        "act": "'cause you're gonna m need those special functions occasionally.",
        "end_time": 778.92,
        "is_in_ext_summ": false,
        "start_time": 776.1
      },
      {
        "act": "Right.",
        "end_time": 779.1,
        "is_in_ext_summ": false,
        "start_time": 778.8
      }
    ],
    [
      {
        "act": "are we designing a remote control for a television only",
        "end_time": 789.09,
        "is_in_ext_summ": true,
        "start_time": 784.52
      },
      {
        "act": "Good question.",
        "end_time": 790.11,
        "is_in_ext_summ": false,
        "start_time": 789.11
      }
    ],
    [
      {
        "act": "would we even technically be possible to include video recorder functions on it?",
        "end_time": 799.09,
        "is_in_ext_summ": true,
        "start_time": 795.05
      },
      {
        "act": "I don't know that yet.",
        "end_time": 802.86,
        "is_in_ext_summ": false,
        "start_time": 801.3
      }
    ],
    [
      {
        "act": "Um or should we just stick to just stick to having television television related buttons on it?",
        "end_time": 808.29,
        "is_in_ext_summ": true,
        "start_time": 801.8
      },
      {
        "act": "It's a good question. Um.",
        "end_time": 812.08,
        "is_in_ext_summ": false,
        "start_time": 810.4
      }
    ],
    [
      {
        "act": "If it's just a television then that it's a bit simpler,",
        "end_time": 857.2,
        "is_in_ext_summ": true,
        "start_time": 854.42
      },
      {
        "act": "Yeah.",
        "end_time": 860.68,
        "is_in_ext_summ": false,
        "start_time": 860.47
      },
      {
        "act": "It's an idea with the buttons being really.",
        "end_time": 863.19,
        "is_in_ext_summ": false,
        "start_time": 861.52
      }
    ],
    [
      {
        "act": "Mind if we move on?",
        "end_time": 883.97,
        "is_in_ext_summ": false,
        "start_time": 882.79
      },
      {
        "act": "Mm-hmm.",
        "end_time": 884.48,
        "is_in_ext_summ": false,
        "start_time": 884.29
      },
      {
        "act": "'Kay.",
        "end_time": 884.33,
        "is_in_ext_summ": false,
        "start_time": 884.19
      }
    ],
    [
      {
        "act": "What we're gonna be discussing at the next meeting?",
        "end_time": 975.29,
        "is_in_ext_summ": false,
        "start_time": 972.63
      },
      {
        "act": "I haven't gotten an agenda yet,",
        "end_time": 977.55,
        "is_in_ext_summ": false,
        "start_time": 976.01
      },
      {
        "act": "I haven't gotten an agenda yet,",
        "end_time": 977.55,
        "is_in_ext_summ": false,
        "start_time": 976.01
      }
    ],
    [
      {
        "act": "So I'm sure we'll all have more concrete things to contribute next time",
        "end_time": 991.37,
        "is_in_ext_summ": false,
        "start_time": 986.5
      },
      {
        "act": "Yep.",
        "end_time": 991.98,
        "is_in_ext_summ": false,
        "start_time": 991.82
      }
    ],
    [
      {
        "act": "Can you e-mail your slides as well?",
        "end_time": 1008.21,
        "is_in_ext_summ": true,
        "start_time": 1005.96
      },
      {
        "act": "Yes, I yes, I think I can.",
        "end_time": 1011.04,
        "is_in_ext_summ": true,
        "start_time": 1009.26
      },
      {
        "act": "Cool",
        "end_time": 1011.23,
        "is_in_ext_summ": false,
        "start_time": 1011.06
      }
    ],
    [
      {
        "act": "Is that possible?",
        "end_time": 1008.8,
        "is_in_ext_summ": false,
        "start_time": 1008.21
      },
      {
        "act": "Mm-hmm.",
        "end_time": 1012.03,
        "is_in_ext_summ": false,
        "start_time": 1011.04
      }
    ],
    [
      {
        "act": "And you're you're number two,",
        "end_time": 1016.23,
        "is_in_ext_summ": false,
        "start_time": 1013.94
      },
      {
        "act": "I'm two.",
        "end_time": 1016.2,
        "is_in_ext_summ": false,
        "start_time": 1015.7
      }
    ],
    [
      {
        "act": "four?",
        "end_time": 1017.47,
        "is_in_ext_summ": false,
        "start_time": 1016.84
      },
      {
        "act": "I'm four.",
        "end_time": 1017.78,
        "is_in_ext_summ": false,
        "start_time": 1016.96
      }
    ]
  ],
  "ap_meta": {
    "far_than_3s": 2,
    "total": 56,
    "total_sequences": 25,
    "values": [
      [
        8,
        586.79
      ],
      [
        17,
        857.2
      ]
    ]
  },
  "args": [
    [
      {
        "act": "Okay, it seems we have a little bit of a conflict over um to uh combining all the remotes cont together versus having f five different remotes. So um like you said you don't like having all the buttons on one on one remote, and yet you don't wanna have five remotes. So how do we work with that?",
        "ae_type": "Open issue",
        "end_time": 706.71,
        "speaker_id": "A",
        "start_time": 687.94
      },
      {
        "act": "channel changing.",
        "ae_type": "Yes/No issue",
        "end_time": 730.49,
        "speaker_id": "B",
        "start_time": 729.67
      },
      {
        "act": "And maybe that spatially divides it, so it's like if you're looki if you're trying to get the T_V_ on that's, you know, like the top thing on the remote, I dunno if d be vertical or horizontal in terms of how we're gonna make it, but if it's like all the T_V_ stuff was here, then all the V_C_R_ stuff was here, all the whatever else we have programmed into it it's all just in its separate place and not like all the on buttons together, 'cause then you like, I don't even know what I'm turning on.",
        "ae_type": "Statement",
        "end_time": 751.69,
        "speaker_id": "D",
        "start_time": 730.72
      },
      {
        "act": "Yeah.",
        "ae_type": "Statement",
        "end_time": 739.91,
        "speaker_id": "B",
        "start_time": 739.5
      },
      {
        "act": "Yeah, and if um if you'd save the more complicated functions maybe for separate remotes that you wouldn't need to use every day.",
        "ae_type": "Statement",
        "end_time": 760.24,
        "speaker_id": "B",
        "start_time": 751.98
      },
      {
        "act": "Okay, so maybe have like one remote that has the main functions on, off, channel changing, volume, and another rote remote with all the special things. Because that is one thing that um remotes tend to have buttons that the T_V_s no longer have as well. So like you have to have them somewhere, 'cause you're gonna m need those special functions occasionally. Um but not necessarily on the m the normal remote.",
        "ae_type": "Statement",
        "end_time": 783.53,
        "speaker_id": "A",
        "start_time": 761.29
      },
      {
        "act": "Yeah.",
        "ae_type": "Statement",
        "end_time": 768.94,
        "speaker_id": "B",
        "start_time": 768.8
      },
      {
        "act": "Yeah.",
        "ae_type": "Statement",
        "end_time": 774.71,
        "speaker_id": "C",
        "start_time": 774.57
      },
      {
        "act": "Right.",
        "ae_type": "Statement",
        "end_time": 779.1,
        "speaker_id": "B",
        "start_time": 778.8
      }
    ],
    [
      {
        "act": "Can I ask, are we designing a remote control for a television only um, and if if this device is just to be used for the television would we even technically be possible to include video recorder functions on it?",
        "ae_type": "Open issue",
        "end_time": 799.09,
        "speaker_id": "C",
        "start_time": 783.99
      },
      {
        "act": "I don't know that yet.",
        "ae_type": "Statement",
        "end_time": 802.86,
        "speaker_id": "A",
        "start_time": 801.3
      },
      {
        "act": "Um or should we just stick to just stick to having television television related buttons on it?",
        "ae_type": "Yes/No issue",
        "end_time": 808.29,
        "speaker_id": "C",
        "start_time": 801.8
      },
      {
        "act": "I think it's just T_V_, I mean, if it if we're taking it just new product a new television remote control that's not like doesn't say.",
        "ae_type": "Statement",
        "end_time": 826.53,
        "speaker_id": "D",
        "start_time": 816.24
      },
      {
        "act": "Mm yeah.",
        "ae_type": "Statement",
        "end_time": 827.65,
        "speaker_id": "B",
        "start_time": 827.41
      },
      {
        "act": "You know, things might be more advanced than that.",
        "ae_type": "Statement",
        "end_time": 831.04,
        "speaker_id": "D",
        "start_time": 828.63
      },
      {
        "act": "So we should maybe we should assume that i t it's just a television that we're wanting to control.",
        "ae_type": "Weak statement",
        "end_time": 837.74,
        "speaker_id": "C",
        "start_time": 833.0
      },
      {
        "act": "Well, I mean I suppose it would be nice to have playing and record and stop buttons on it for the video recorder as well I I don't know if that works technologically or not.",
        "ae_type": "Statement",
        "end_time": 848.03,
        "speaker_id": "C",
        "start_time": 839.03
      },
      {
        "act": "Yes. I guess we have to define what what we're aiming for. If it's just a television then that it's a bit simpler, 'cause there's less buttons that would even need to be on it.",
        "ae_type": "Statement",
        "end_time": 859.82,
        "speaker_id": "B",
        "start_time": 850.31
      },
      {
        "act": "Yeah.",
        "ae_type": "Statement",
        "end_time": 860.68,
        "speaker_id": "C",
        "start_time": 860.47
      }
    ]
  ],
  "da": {
    "types": {
      "Assess": 38,
      "Backchannel": 40,
      "Be-Negative": 3,
      "Be-Positive": 8,
      "Comment-About-Understanding": 4,
      "Elicit-Assessment": 3,
      "Elicit-Comment-Understanding": 1,
      "Elicit-Inform": 22,
      "Elicit-Offer-Or-Suggestion": 2,
      "Fragment": 16,
      "Inform": 136,
      "Offer": 19,
      "Other": 7,
      "Stall": 28,
      "Suggest": 37
    }
  },
  "dialog_acts": 364,
  "ext_sentense_count": 48,
  "ext_sentense_da_count": 75,
  "ext_summ": {
    "types": {
      "Assess": 4,
      "Be-Positive": 1,
      "Elicit-Assessment": 1,
      "Elicit-Inform": 5,
      "Inform": 19,
      "Offer": 5,
      "Suggest": 13
    }
  },
  "segmants": 168
}