[
  {
    "ar_type": "Option",
    "source": {
      "act": "Okay, we need to talk about our functions and our target group. We need to decide who our target group is. You um in your analysis of different market um of the marketing, you identified that different groups wanted different things or had certain preferences, for example that um that older people didn't really care for um voice recognition, but younger people did. Um and so who are we aiming this at?",
      "ae_type": "Open issue",
      "end_time": 1453.04,
      "speaker_id": "A",
      "start_time": 1427.43
    },
    "target": {
      "act": "Well if we're gonna say that function um fashion we put the fashion in in electronics then you automatically, I think, a sort of younger group that that's who's gonna be attracted to this.",
      "ae_type": "Statement",
      "end_time": 1467.77,
      "speaker_id": "B",
      "start_time": 1456.0
    }
  },
  {
    "ar_type": "Request",
    "source": {
      "act": "Well if we're gonna say that function um fashion we put the fashion in in electronics then you automatically, I think, a sort of younger group that that's who's gonna be attracted to this.",
      "ae_type": "Statement",
      "end_time": 1467.77,
      "speaker_id": "B",
      "start_time": 1456.0
    },
    "target": {
      "act": "Yes, I do think, who's gonna have the money to buy that also, that one?",
      "ae_type": "Yes/No issue",
      "end_time": 1473.08,
      "speaker_id": "D",
      "start_time": 1469.78
    }
  },
  {
    "ar_type": "Positive",
    "source": {
      "act": "Yes, I do think, who's gonna have the money to buy that also, that one?",
      "ae_type": "Yes/No issue",
      "end_time": 1473.08,
      "speaker_id": "D",
      "start_time": 1469.78
    },
    "target": {
      "act": "It's gonna be twenty five Euro remember, so um it has to be avai marketable to um whomever it is.",
      "ae_type": "Statement",
      "end_time": 1480.15,
      "speaker_id": "A",
      "start_time": 1473.49
    }
  },
  {
    "ar_type": "Request",
    "source": {
      "act": "Okay, we need to talk about our functions and our target group. We need to decide who our target group is. You um in your analysis of different market um of the marketing, you identified that different groups wanted different things or had certain preferences, for example that um that older people didn't really care for um voice recognition, but younger people did. Um and so who are we aiming this at?",
      "ae_type": "Open issue",
      "end_time": 1453.04,
      "speaker_id": "A",
      "start_time": 1427.43
    },
    "target": {
      "act": "Is it is it something that's gonna be sold separately from the television or is it something that comes w with a television? 'Cause that would affect the way that we market it.",
      "ae_type": "A/B issue",
      "end_time": 1489.42,
      "speaker_id": "C",
      "start_time": 1481.46
    }
  },
  {
    "ar_type": "Option",
    "source": {
      "act": "Is it is it something that's gonna be sold separately from the television or is it something that comes w with a television? 'Cause that would affect the way that we market it.",
      "ae_type": "A/B issue",
      "end_time": 1489.42,
      "speaker_id": "C",
      "start_time": 1481.46
    },
    "target": {
      "act": "Well at least right now what we're doing is um deciding on just the remote itself, so it will probably be sold separately, twenty five Euro by itself.",
      "ae_type": "Statement",
      "end_time": 1499.79,
      "speaker_id": "A",
      "start_time": 1490.12
    }
  },
  {
    "ar_type": "Positive",
    "source": {
      "act": "Well at least right now what we're doing is um deciding on just the remote itself, so it will probably be sold separately, twenty five Euro by itself.",
      "ae_type": "Statement",
      "end_time": 1499.79,
      "speaker_id": "A",
      "start_time": 1490.12
    },
    "target": {
      "act": "Right, okay.",
      "ae_type": "Statement",
      "end_time": 1498.23,
      "speaker_id": "C",
      "start_time": 1497.62
    }
  },
  {
    "ar_type": "Option",
    "source": {
      "act": "Okay, we need to talk about our functions and our target group. We need to decide who our target group is. You um in your analysis of different market um of the marketing, you identified that different groups wanted different things or had certain preferences, for example that um that older people didn't really care for um voice recognition, but younger people did. Um and so who are we aiming this at?",
      "ae_type": "Open issue",
      "end_time": 1453.04,
      "speaker_id": "A",
      "start_time": 1427.43
    },
    "target": {
      "act": "The only break-down that I was given in terms of age was the voice activation and basically there's a big jump, after thirty five people don't really care if it has voice, so it's like basically fifteen to thirty five that think that that's a good idea. I dunno I'm gonna be given any other numbers broken down in terms of age later, but if that's sort of the only quality that we have that is divided into age then we would wanna stick between the fifteen and thirty five range.",
      "ae_type": "Statement",
      "end_time": 1525.16,
      "speaker_id": "D",
      "start_time": 1500.08
    }
  },
  {
    "ar_type": "Positive",
    "source": {
      "act": "The only break-down that I was given in terms of age was the voice activation and basically there's a big jump, after thirty five people don't really care if it has voice, so it's like basically fifteen to thirty five that think that that's a good idea. I dunno I'm gonna be given any other numbers broken down in terms of age later, but if that's sort of the only quality that we have that is divided into age then we would wanna stick between the fifteen and thirty five range.",
      "ae_type": "Statement",
      "end_time": 1525.16,
      "speaker_id": "D",
      "start_time": 1500.08
    },
    "target": {
      "act": "Yeah, that's probably uh a population w quite a little bit of disposable income for use on technology anyway, so that might be a fairly good target group for us.",
      "ae_type": "Statement",
      "end_time": 1535.05,
      "speaker_id": "B",
      "start_time": 1525.7
    }
  },
  {
    "ar_type": "Positive",
    "source": {
      "act": "Yeah, that's probably uh a population w quite a little bit of disposable income for use on technology anyway, so that might be a fairly good target group for us.",
      "ae_type": "Statement",
      "end_time": 1535.05,
      "speaker_id": "B",
      "start_time": 1525.7
    },
    "target": {
      "act": "Yeah.",
      "ae_type": "Statement",
      "end_time": 1532.73,
      "speaker_id": "C",
      "start_time": 1532.53
    }
  },
  {
    "ar_type": "Positive",
    "source": {
      "act": "Can you like I mean this may be too complicated, but, I wish I had something to explain it, like if it was just a simple, either this way or this way, that had like the main buttons and then you could like pull something out, kind of and like you got the rest the buttons, but the rest of them like went in. Do you know what I'm saying?",
      "ae_type": "Yes/No issue",
      "end_time": 1650.15,
      "speaker_id": "D",
      "start_time": 1635.46
    },
    "target": {
      "act": "Yeah.",
      "ae_type": "Statement",
      "end_time": 1636.16,
      "speaker_id": "C",
      "start_time": 1635.94
    }
  },
  {
    "ar_type": "Elaboration",
    "source": {
      "act": "Can you like I mean this may be too complicated, but, I wish I had something to explain it, like if it was just a simple, either this way or this way, that had like the main buttons and then you could like pull something out, kind of and like you got the rest the buttons, but the rest of them like went in. Do you know what I'm saying?",
      "ae_type": "Yes/No issue",
      "end_time": 1650.15,
      "speaker_id": "D",
      "start_time": 1635.46
    },
    "target": {
      "act": "The remote There are remote controls like that, yeah. Like some T_V_s they have a sort of uh a sliding screen on the remote control of it that hides all the complicated buttons. So if you wanna do something complicated like programme your television or re-tune it, then you you open up this little hatch or or slide the screen down and there's all the all the special buttons.",
      "ae_type": "Statement",
      "end_time": 1670.04,
      "speaker_id": "C",
      "start_time": 1649.1
    }
  },
  {
    "ar_type": "Positive",
    "source": {
      "act": "Can you like I mean this may be too complicated, but, I wish I had something to explain it, like if it was just a simple, either this way or this way, that had like the main buttons and then you could like pull something out, kind of and like you got the rest the buttons, but the rest of them like went in. Do you know what I'm saying?",
      "ae_type": "Yes/No issue",
      "end_time": 1650.15,
      "speaker_id": "D",
      "start_time": 1635.46
    },
    "target": {
      "act": "Kind of pull out of the side.",
      "ae_type": "Statement",
      "end_time": 1651.39,
      "speaker_id": "A",
      "start_time": 1650.25
    }
  },
  {
    "ar_type": "Elaboration",
    "source": {
      "act": "Can you like I mean this may be too complicated, but, I wish I had something to explain it, like if it was just a simple, either this way or this way, that had like the main buttons and then you could like pull something out, kind of and like you got the rest the buttons, but the rest of them like went in. Do you know what I'm saying?",
      "ae_type": "Yes/No issue",
      "end_time": 1650.15,
      "speaker_id": "D",
      "start_time": 1635.46
    },
    "target": {
      "act": "more complicated ones, but 's all still in one.",
      "ae_type": "Statement",
      "end_time": 1688.03,
      "speaker_id": "D",
      "start_time": 1685.76
    }
  },
  {
    "ar_type": "Positive",
    "source": {
      "act": "more complicated ones, but 's all still in one.",
      "ae_type": "Statement",
      "end_time": 1688.03,
      "speaker_id": "D",
      "start_time": 1685.76
    },
    "target": {
      "act": "Yeah.",
      "ae_type": "Statement",
      "end_time": 1674.58,
      "speaker_id": "C",
      "start_time": 1674.32
    }
  },
  {
    "ar_type": "Positive",
    "source": {
      "act": "more complicated ones, but 's all still in one.",
      "ae_type": "Statement",
      "end_time": 1688.03,
      "speaker_id": "D",
      "start_time": 1685.76
    },
    "target": {
      "act": "Yeah, that's a good idea.",
      "ae_type": "Statement",
      "end_time": 1687.41,
      "speaker_id": "B",
      "start_time": 1685.73
    }
  },
  {
    "ar_type": "Positive",
    "source": {
      "act": "more complicated ones, but 's all still in one.",
      "ae_type": "Statement",
      "end_time": 1688.03,
      "speaker_id": "D",
      "start_time": 1685.76
    },
    "target": {
      "act": "I think that's a good idea, yeah.",
      "ae_type": "Statement",
      "end_time": 1688.47,
      "speaker_id": "C",
      "start_time": 1687.33
    }
  },
  {
    "ar_type": "Uncertain",
    "source": {
      "act": "Can you like I mean this may be too complicated, but, I wish I had something to explain it, like if it was just a simple, either this way or this way, that had like the main buttons and then you could like pull something out, kind of and like you got the rest the buttons, but the rest of them like went in. Do you know what I'm saying?",
      "ae_type": "Yes/No issue",
      "end_time": 1650.15,
      "speaker_id": "D",
      "start_time": 1635.46
    },
    "target": {
      "act": "Um we have to be careful that that that doesn't impede um the chip transmitting information, but um that's gonna be mostly technological thing. Um.",
      "ae_type": "Statement",
      "end_time": 1700.72,
      "speaker_id": "A",
      "start_time": 1690.93
    }
  },
  {
    "ar_type": "Positive",
    "source": {
      "act": "Um we have to be careful that that that doesn't impede um the chip transmitting information, but um that's gonna be mostly technological thing. Um.",
      "ae_type": "Statement",
      "end_time": 1700.72,
      "speaker_id": "A",
      "start_time": 1690.93
    },
    "target": {
      "act": "Yeah.",
      "ae_type": "Statement",
      "end_time": 1696.22,
      "speaker_id": "D",
      "start_time": 1695.91
    }
  },
  {
    "ar_type": "Positive",
    "source": {
      "act": "Um we have to be careful that that that doesn't impede um the chip transmitting information, but um that's gonna be mostly technological thing. Um.",
      "ae_type": "Statement",
      "end_time": 1700.72,
      "speaker_id": "A",
      "start_time": 1690.93
    },
    "target": {
      "act": "Good point. Yeah.",
      "ae_type": "Statement",
      "end_time": 1699.2,
      "speaker_id": "B",
      "start_time": 1696.69
    }
  },
  {
    "ar_type": "Positive",
    "source": {
      "act": "Um we have to be careful that that that doesn't impede um the chip transmitting information, but um that's gonna be mostly technological thing. Um.",
      "ae_type": "Statement",
      "end_time": 1700.72,
      "speaker_id": "A",
      "start_time": 1690.93
    },
    "target": {
      "act": "Yeah.",
      "ae_type": "Statement",
      "end_time": 1697.07,
      "speaker_id": "C",
      "start_time": 1696.71
    }
  },
  {
    "ar_type": "Option",
    "source": {
      "act": "Any other essential functions that we need?",
      "ae_type": "Open issue",
      "end_time": 2023.42,
      "speaker_id": "A",
      "start_time": 2021.68
    },
    "target": {
      "act": "Battery? Do we need a long-life battery?",
      "ae_type": "Yes/No issue",
      "end_time": 2027.49,
      "speaker_id": "A",
      "start_time": 2024.98
    }
  },
  {
    "ar_type": "Positive",
    "source": {
      "act": "Battery? Do we need a long-life battery?",
      "ae_type": "Yes/No issue",
      "end_time": 2027.49,
      "speaker_id": "A",
      "start_time": 2024.98
    },
    "target": {
      "act": "Battery battery use. Yeah, but I think that goes in with simplicity and ease of use really.",
      "ae_type": "Statement",
      "end_time": 2031.56,
      "speaker_id": "B",
      "start_time": 2026.47
    }
  },
  {
    "ar_type": "Positive",
    "source": {
      "act": "Battery battery use. Yeah, but I think that goes in with simplicity and ease of use really.",
      "ae_type": "Statement",
      "end_time": 2031.56,
      "speaker_id": "B",
      "start_time": 2026.47
    },
    "target": {
      "act": "Yeah.",
      "ae_type": "Statement",
      "end_time": 2029.36,
      "speaker_id": "D",
      "start_time": 2029.09
    }
  },
  {
    "ar_type": "Positive",
    "source": {
      "act": "Battery battery use. Yeah, but I think that goes in with simplicity and ease of use really.",
      "ae_type": "Statement",
      "end_time": 2031.56,
      "speaker_id": "B",
      "start_time": 2026.47
    },
    "target": {
      "act": "But we might as well.",
      "ae_type": "Statement",
      "end_time": 2033.51,
      "speaker_id": "A",
      "start_time": 2032.84
    }
  },
  {
    "ar_type": "Elaboration",
    "source": {
      "act": "Battery battery use. Yeah, but I think that goes in with simplicity and ease of use really.",
      "ae_type": "Statement",
      "end_time": 2031.56,
      "speaker_id": "B",
      "start_time": 2026.47
    },
    "target": {
      "act": "So you never have to change the battery.",
      "ae_type": "Statement",
      "end_time": 2034.71,
      "speaker_id": "D",
      "start_time": 2032.92
    }
  },
  {
    "ar_type": "Positive",
    "source": {
      "act": "So you never have to change the battery.",
      "ae_type": "Statement",
      "end_time": 2034.71,
      "speaker_id": "D",
      "start_time": 2032.92
    },
    "target": {
      "act": "Yeah.",
      "ae_type": "Statement",
      "end_time": 2034.93,
      "speaker_id": "B",
      "start_time": 2034.71
    }
  },
  {
    "ar_type": "Elaboration",
    "source": {
      "act": "Battery? Do we need a long-life battery?",
      "ae_type": "Yes/No issue",
      "end_time": 2027.49,
      "speaker_id": "A",
      "start_time": 2024.98
    },
    "target": {
      "act": "We should maybe investigate whether it needs a battery at all.",
      "ae_type": "Statement",
      "end_time": 2040.86,
      "speaker_id": "C",
      "start_time": 2038.48
    }
  },
  {
    "ar_type": "Elaboration",
    "source": {
      "act": "We should maybe investigate whether it needs a battery at all.",
      "ae_type": "Statement",
      "end_time": 2040.86,
      "speaker_id": "C",
      "start_time": 2038.48
    },
    "target": {
      "act": "I suspect the remote control does need a battery, but I dunno if you can",
      "ae_type": "Statement",
      "end_time": 2046.08,
      "speaker_id": "C",
      "start_time": 2041.96
    }
  },
  {
    "ar_type": "Positive",
    "source": {
      "act": "I suspect the remote control does need a battery, but I dunno if you can",
      "ae_type": "Statement",
      "end_time": 2046.08,
      "speaker_id": "C",
      "start_time": 2041.96
    },
    "target": {
      "act": "Yeah, I would imagine. Just 'cause it is an electronic device, the",
      "ae_type": "Statement",
      "end_time": 2048.14,
      "speaker_id": "A",
      "start_time": 2044.57
    }
  },
  {
    "ar_type": "Positive",
    "source": {
      "act": "I suspect the remote control does need a battery, but I dunno if you can",
      "ae_type": "Statement",
      "end_time": 2046.08,
      "speaker_id": "C",
      "start_time": 2041.96
    },
    "target": {
      "act": "Yeah.",
      "ae_type": "Statement",
      "end_time": 2045.0,
      "speaker_id": "B",
      "start_time": 2044.62
    }
  },
  {
    "ar_type": "Positive",
    "source": {
      "act": "Yeah, I would imagine. Just 'cause it is an electronic device, the",
      "ae_type": "Statement",
      "end_time": 2048.14,
      "speaker_id": "A",
      "start_time": 2044.57
    },
    "target": {
      "act": "Yeah.",
      "ae_type": "Statement",
      "end_time": 2048.38,
      "speaker_id": "C",
      "start_time": 2048.18
    }
  },
  {
    "ar_type": "Option",
    "source": {
      "act": "We should maybe investigate whether it needs a battery at all.",
      "ae_type": "Statement",
      "end_time": 2040.86,
      "speaker_id": "C",
      "start_time": 2038.48
    },
    "target": {
      "act": "Mm. It I think it does.",
      "ae_type": "Statement",
      "end_time": 2049.64,
      "speaker_id": "B",
      "start_time": 2048.3
    }
  },
  {
    "ar_type": "Elaboration",
    "source": {
      "act": "Mm. It I think it does.",
      "ae_type": "Statement",
      "end_time": 2049.64,
      "speaker_id": "B",
      "start_time": 2048.3
    },
    "target": {
      "act": "I don't I don't think of a way you can operate a chip and convert that much data without without one. But you could maybe have it in a little charging station like a mobile phone, or like a little cradle for your iPod.",
      "ae_type": "Statement",
      "end_time": 2061.98,
      "speaker_id": "B",
      "start_time": 2049.64
    }
  },
  {
    "ar_type": "Positive",
    "source": {
      "act": "I don't I don't think of a way you can operate a chip and convert that much data without without one. But you could maybe have it in a little charging station like a mobile phone, or like a little cradle for your iPod.",
      "ae_type": "Statement",
      "end_time": 2061.98,
      "speaker_id": "B",
      "start_time": 2049.64
    },
    "target": {
      "act": "Yeah, without the energy, yeah.",
      "ae_type": "Statement",
      "end_time": 2056.26,
      "speaker_id": "C",
      "start_time": 2054.6
    }
  },
  {
    "ar_type": "Positive",
    "source": {
      "act": "I don't I don't think of a way you can operate a chip and convert that much data without without one. But you could maybe have it in a little charging station like a mobile phone, or like a little cradle for your iPod.",
      "ae_type": "Statement",
      "end_time": 2061.98,
      "speaker_id": "B",
      "start_time": 2049.64
    },
    "target": {
      "act": "Yeah, that's that's possible. Yeah.",
      "ae_type": "Statement",
      "end_time": 2064.3,
      "speaker_id": "C",
      "start_time": 2062.52
    }
  },
  {
    "ar_type": "Elaboration",
    "source": {
      "act": "I don't I don't think of a way you can operate a chip and convert that much data without without one. But you could maybe have it in a little charging station like a mobile phone, or like a little cradle for your iPod.",
      "ae_type": "Statement",
      "end_time": 2061.98,
      "speaker_id": "B",
      "start_time": 2049.64
    },
    "target": {
      "act": "You could we could maybe do that instead. So you don't ha you got like a rechargeable battery.",
      "ae_type": "Statement",
      "end_time": 2068.32,
      "speaker_id": "B",
      "start_time": 2063.16
    }
  },
  {
    "ar_type": "Positive",
    "source": {
      "act": "You could we could maybe do that instead. So you don't ha you got like a rechargeable battery.",
      "ae_type": "Statement",
      "end_time": 2068.32,
      "speaker_id": "B",
      "start_time": 2063.16
    },
    "target": {
      "act": "Yeah.",
      "ae_type": "Statement",
      "end_time": 2068.88,
      "speaker_id": "C",
      "start_time": 2068.72
    }
  },
  {
    "ar_type": "Elaboration",
    "source": {
      "act": "You could we could maybe do that instead. So you don't ha you got like a rechargeable battery.",
      "ae_type": "Statement",
      "end_time": 2068.32,
      "speaker_id": "B",
      "start_time": 2063.16
    },
    "target": {
      "act": "I dunno, that might contribute to less people losing it too if it it stays in one place",
      "ae_type": "Statement",
      "end_time": 2075.1,
      "speaker_id": "B",
      "start_time": 2070.0
    }
  }
]