[
  {
    "acts": [
      {
        "act": "Good to see you all again. Let's see if that comes up. This is our functional design meeting. Um. Just a sec while my PowerPoint comes up. Et voila. Okay. Mm um we put the fashion in electronics. Let's start. Okay, our agenda today um just check the time, it's twelve thirteen. Um. I'm gonna do an opening, talk about um did you all get the minutes? I e-mailed them to you. I'm also putting 'em them in the shared folder. So um then I we'll talk about our general objectives and have your three presentations. Um I'll talk about the new project requirements I've just received, and then we have to make a decision on our remote control functions. Finally we'll just close. We're starting this meeting at approximately twelve thirteen and we have forty minutes. So",
        "end_time": 109.81,
        "start_time": 50.13
      },
      {
        "act": "Yep.",
        "end_time": 90.06,
        "start_time": 89.55
      },
      {
        "act": "Right.",
        "end_time": 92.08,
        "start_time": 91.75
      }
    ],
    "other_description": null,
    "topic": "opening"
  },
  {
    "acts": [
      {
        "act": "First of all the functional design objectives. Uh we need to keep in mind the user requirement specification, what needs and desires are to be fulfilled, the functions design, what effects the apparatus should have, and the working design, how the apparatus actually works to fulfil its function.",
        "end_time": 128.68,
        "start_time": 111.91
      }
    ],
    "other_description": null,
    "topic": "project specs and roles of participants"
  },
  {
    "acts": [
      {
        "act": "Okay, three presentations, um you can go in any order you choose um.",
        "end_time": 135.26,
        "start_time": 130.83
      },
      {
        "act": "Mm shall we go in the order that you just did it?",
        "end_time": 137.64,
        "start_time": 135.83
      },
      {
        "act": "Sure, please do.",
        "end_time": 138.95,
        "start_time": 138.15
      }
    ],
    "other_description": null,
    "topic": "agenda/equipment issues"
  },
  {
    "acts": [
      {
        "act": "I dunno. How do I hook my screen up?",
        "end_time": 147.68,
        "start_time": 139.19
      },
      {
        "act": "I think, you might have to disconnect Rose.",
        "end_time": 150.56,
        "start_time": 148.13
      },
      {
        "act": "Yes I do. Yeah.",
        "end_time": 162.0,
        "start_time": 149.74
      },
      {
        "act": "Well there's a wee a wee plug just just that one there",
        "end_time": 171.5,
        "start_time": 168.31
      },
      {
        "act": "Where does it go? Mm-hmm. Hmm, I'm not supposed to move this, but",
        "end_time": 174.91,
        "start_time": 169.48
      },
      {
        "act": "Ah that's it, yep.",
        "end_time": 178.86,
        "start_time": 177.96
      },
      {
        "act": "And then you have to press function F_ eight I think it is on your laptop.",
        "end_time": 190.84,
        "start_time": 186.71
      },
      {
        "act": "Function, F_ eight, yeah.",
        "end_time": 190.3,
        "start_time": 189.51
      },
      {
        "act": "Where's function?",
        "end_time": 194.34,
        "start_time": 193.38
      },
      {
        "act": "The blue one, F_N_.",
        "end_time": 195.32,
        "start_time": 193.78
      },
      {
        "act": "No signal.",
        "end_time": 208.01,
        "start_time": 207.22
      },
      {
        "act": "Is it plugged in all the way and you screwed it in and",
        "end_time": 212.41,
        "start_time": 209.14
      },
      {
        "act": "Ah, wait, 's screw in.",
        "end_time": 214.1,
        "start_time": 212.86
      },
      {
        "act": "Yeah. I I think you just have to push it in really hard.",
        "end_time": 216.9,
        "start_time": 212.88
      },
      {
        "act": "Push the screw.",
        "end_time": 215.97,
        "start_time": 215.3
      },
      {
        "act": "That's it.",
        "end_time": 220.37,
        "start_time": 220.08
      },
      {
        "act": "Oh, got it.",
        "end_time": 221.36,
        "start_time": 220.86
      },
      {
        "act": "Mm 'kay. It's taking it a little bit",
        "end_time": 224.58,
        "start_time": 222.41
      },
      {
        "act": "Mm alright I've never attached to anything.",
        "end_time": 227.7,
        "start_time": 222.86
      },
      {
        "act": "Mm, neither have I.",
        "end_time": 228.65,
        "start_time": 227.26
      },
      {
        "act": "'Kay there you go.",
        "end_time": 230.28,
        "start_time": 229.67
      }
    ],
    "other_description": null,
    "topic": "agenda/equipment issues"
  },
  {
    "acts": [
      {
        "act": "Alright, so, I don't know if you guys are able to get access to um the report that was online or if I'm the only one who is.",
        "end_time": 240.17,
        "start_time": 231.28
      },
      {
        "act": "Alright.",
        "end_time": 232.34,
        "start_time": 231.95
      },
      {
        "act": "Alright. So we're just gonna talk a little bit about the functional requirements that people specified when they were asked. Um I guess Real Reaction did some market research. They had a hundred subjects and their usability lab and they watched them watch T_V_ and recorded the frequency that they used particular buttons and the relevance that those buttons had.",
        "end_time": 280.22,
        "start_time": 256.08
      },
      {
        "act": "Hmm.",
        "end_time": 485.69,
        "start_time": 485.31
      }
    ],
    "other_description": null,
    "topic": "marketing expert presentation"
  },
  {
    "acts": [
      {
        "act": "Thank you very much. That was that was great. Um 's move on to the next presentation um on effects. Was that you? Great.",
        "end_time": 500.21,
        "start_time": 489.6
      }
    ],
    "other_description": null,
    "topic": "agenda/equipment issues"
  },
  {
    "acts": [
      {
        "act": "Mm 'kay.",
        "end_time": 491.47,
        "start_time": 491.24
      },
      {
        "act": "Hmm. Yeah, have I unscrewed it?",
        "end_time": 502.92,
        "start_time": 497.99
      },
      {
        "act": "Push. User interface, right. Interface.",
        "end_time": 512.39,
        "start_time": 506.24
      },
      {
        "act": "Here we go.",
        "end_time": 517.23,
        "start_time": 517.02
      },
      {
        "act": "Cheers.",
        "end_time": 518.53,
        "start_time": 518.07
      },
      {
        "act": "Mm-hmm. And I think that's in the shared, if I did it right, if anyone wants to look at it.",
        "end_time": 528.37,
        "start_time": 518.79
      },
      {
        "act": "Mm 'kay, thank you.",
        "end_time": 529.0,
        "start_time": 528.2
      },
      {
        "act": "Okay, great.",
        "end_time": 530.15,
        "start_time": 528.25
      },
      {
        "act": "Okay.",
        "end_time": 564.11,
        "start_time": 563.88
      },
      {
        "act": "Here we go.",
        "end_time": 564.53,
        "start_time": 564.2
      }
    ],
    "other_description": null,
    "topic": "agenda/equipment issues"
  },
  {
    "acts": [
      {
        "act": "Right so I'm gonna talk about the technical technical functions design of the remote control um. We need to start by considering what a remote control actually is. It's a device that allows us to produce certain effects on our television, so i it's basically a communication device. We we tell the remote control what we want to do, it sends a message to the television saying change the channel, change the volume, uh yeah, adjust these settings, adjust the brightness. Um how do we actually go about designing a new television remote control? First thing to do is to come up with the design specifications. We need to know what our final product is gonna be like, so we need a a clear idea of exactly what this product does, uh how it works, and what the end-user is gonna want from this product. Um. Oh, a way I'd suggest that we could go about this is by designing uh several different prototypes of user interfaces for this product, um and then uh trying to get some feedback uh about",
        "end_time": 643.36,
        "start_time": 569.97
      },
      {
        "act": "h how well these particular prototypes work, uh sorta find out what people think of 'em. Um using a remote control is is quite a subjective experience. Um,",
        "end_time": 656.14,
        "start_time": 644.49
      },
      {
        "act": "Hmm.",
        "end_time": 656.22,
        "start_time": 655.49
      },
      {
        "act": "and different different people sort of prefer different things. Um we should remember that remote controls are a a fairly standard piece of equipment. When a users using a remote control, he or she expects the buttons to be in certain places. So in some sense we're gonna we're gonna have to aim for a device which is fairly conventional in design uh so that we're not completely shocking people. But I think within that there is also room for us to introduce novel ideas uh and to make something that's that's perhaps a little bit different, something that stands out. Um also in in designing the user interface we need to consider practicalities. Uh the first of these is is technological ye uh what can we do with the current state of technology as it is. The second is is economic, uh we need to find a balance between features and price. So as you mentioned things like voice recognition would would add to the price uh but it would also im improve the design of the product.",
        "end_time": 717.93,
        "start_time": 657.32
      },
      {
        "act": "Hmm.",
        "end_time": 716.5,
        "start_time": 716.18
      },
      {
        "act": "Um as I said before, remote controls are subjective, different people want want different things. Um personally wa what I want from a remote control is a device that's simple, it it's easy to use, uh it's got big buttons for doing the things I do most often, changing the volume, changing the channel. It it does everything that I need it to uh, as I said before, I'm quite lazy, I don't wanna walk across the room just to adjust my television. I also want something that that looks cool, um and that that feels good, that's ergonomically designed.",
        "end_time": 843.05,
        "start_time": 809.92
      }
    ],
    "other_description": null,
    "topic": "interface specialist presentation"
  },
  {
    "acts": [
      {
        "act": "Mm 'kay. Thank you very much. That was very useful. It's funny to see the drastic difference between those two remotes. Um.",
        "end_time": 856.98,
        "start_time": 848.13
      },
      {
        "act": "Hmm.",
        "end_time": 856.62,
        "start_time": 856.45
      },
      {
        "act": "And neither of them were very pretty, you know?",
        "end_time": 860.14,
        "start_time": 858.1
      },
      {
        "act": "No.",
        "end_time": 860.29,
        "start_time": 859.82
      },
      {
        "act": "Yeah. I think that could be our selling point.",
        "end_time": 862.93,
        "start_time": 860.15
      },
      {
        "act": "Mm.",
        "end_time": 863.84,
        "start_time": 863.11
      },
      {
        "act": "A fashion fashion remote.",
        "end_time": 866.11,
        "start_time": 863.15
      },
      {
        "act": "I think there's there's certainly a market for technology that looks cool. And I think that's that's why companies like Apple've 've 've made a lot of progress.",
        "end_time": 874.1,
        "start_time": 865.46
      },
      {
        "act": "Right.",
        "end_time": 866.17,
        "start_time": 865.53
      },
      {
        "act": "Mm.",
        "end_time": 869.65,
        "start_time": 869.27
      },
      {
        "act": "Mm-hmm.",
        "end_time": 869.72,
        "start_time": 869.37
      }
    ],
    "other_description": null,
    "topic": "chitchat"
  },
  {
    "acts": [
      {
        "act": "Hmm. Right, I really can't see what I'm doing, so does anyone have a",
        "end_time": 877.89,
        "start_time": 872.76
      },
      {
        "act": "Yeah.",
        "end_time": 873.33,
        "start_time": 873.01
      },
      {
        "act": "You there it is.",
        "end_time": 878.78,
        "start_time": 878.08
      },
      {
        "act": "Ah-ha, look at that, showing up already.",
        "end_time": 892.78,
        "start_time": 888.39
      },
      {
        "act": "Lovely.",
        "end_time": 892.9,
        "start_time": 892.25
      },
      {
        "act": "So wait, did it let you go on the Internet or was that just what it let you see?",
        "end_time": 896.08,
        "start_time": 892.32
      },
      {
        "act": "Uh that was just on the d on the company web site, yeah.",
        "end_time": 898.49,
        "start_time": 895.62
      },
      {
        "act": "Okay. 'Cause I was like googling and then I'm like wait it won't let me google.",
        "end_time": 902.34,
        "start_time": 897.36
      },
      {
        "act": "Hmm.",
        "end_time": 900.07,
        "start_time": 899.17
      },
      {
        "act": "Yeah.",
        "end_time": 899.76,
        "start_time": 899.46
      },
      {
        "act": "Alright um No, how do I play again?",
        "end_time": 908.17,
        "start_time": 903.0
      },
      {
        "act": "Um the it's right above Draw. There are three thingy if it's way at the bottom. Under three icons and it's the one that looks like a desk. Yeah, that one. There are Y_s.",
        "end_time": 920.74,
        "start_time": 909.18
      },
      {
        "act": "Ah.",
        "end_time": 915.27,
        "start_time": 915.04
      }
    ],
    "other_description": null,
    "topic": "agenda/equipment issues"
  },
  {
    "acts": [
      {
        "act": "Okay. So this is our working design presentation. Um I had a bit of some issues with this, because I wasn't able to find everything I needed, but I guess that's we're still in early stages. Um so, yeah, this is this. Though th the thing about working design is the what we're trying to do as a working design is figure out how the aparata apparatus can fulfil its function. Um one of the examples that kept coming up for me is that a coffee grinder. It works because it converts electrical energy to grinding the beans and then you put the bean through a filter and that filters out, and then you get coffee at the end that's nice and hot because of the combination of electrical energy and then the other things that are brought in to make it work. Don't know if I'm explaining that very well, but how do I get to the next s ah. So h the method as um working designers figure out what you need to make it fulfil this practical function, what what needs to be done and how do we convert all the elements to make that done. So wha the easiest thing to do is to break down all the points",
        "end_time": 989.62,
        "start_time": 919.86
      },
      {
        "act": "at which you need something to happen. So you make a schematic of the way that the the energy is converted tsh towards this practical function. And then I think the easiest thing to do is gonna be work on each task separately. So um Uh. Uh.",
        "end_time": 1009.57,
        "start_time": 990.79
      },
      {
        "act": "You just press yeah, just click. That'll be fine.",
        "end_time": 1010.35,
        "start_time": 1008.42
      },
      {
        "act": "Um alright. So you have your energy source, your user interface who's controlling the chip, the chip also uses the energy, and the chip through the use of the user interface is gonna control the switch which will work your infra-red bulb, which will then bring the data to the receiver. So hopefully that makes sense for everyone in my kind of garbled way. This is the the parts of the working design that need to be figured out. And personal preferences, besides the fact that I can't spell, we need a long-lasting energy source, people don't wanna be changing it a lot. We need a chip that works well with the user interface, that isn't too complicated.",
        "end_time": 1160.37,
        "start_time": 1121.98
      },
      {
        "act": "There we are.",
        "end_time": 1117.28,
        "start_time": 1115.89
      },
      {
        "act": "Mm-hmm.",
        "end_time": 1143.26,
        "start_time": 1142.66
      },
      {
        "act": "We need a straightforward interface, like Ian was saying, simple, not overwhelming it with information and we need a reliable and clear infra-red signal, so that you're not waving your remote around and having to get frustrated and go do it by hands. So that's pretty much it for the working design.",
        "end_time": 1177.53,
        "start_time": 1161.76
      }
    ],
    "other_description": null,
    "topic": "industrial designer presentation"
  },
  {
    "acts": [
      {
        "act": "Mm-hmm. Excellent. So, um.",
        "end_time": 1197.3,
        "start_time": 1172.68
      },
      {
        "act": "Rose, do you think you can give me a hand with this?",
        "end_time": 1204.69,
        "start_time": 1203.08
      },
      {
        "act": "Yes, absolutely. Ah I can never tell which way to turn these things.",
        "end_time": 1217.84,
        "start_time": 1204.58
      },
      {
        "act": "Yeah.",
        "end_time": 1217.9,
        "start_time": 1217.6
      },
      {
        "act": "Lefty loosey, righty tighty, right? Lefty loosey, righty tighty.",
        "end_time": 1228.41,
        "start_time": 1220.68
      },
      {
        "act": "Yeah.",
        "end_time": 1222.74,
        "start_time": 1222.45
      },
      {
        "act": "What's up?",
        "end_time": 1224.69,
        "start_time": 1224.2
      },
      {
        "act": "Lefty loosey. Uh. Never heard that before, that's good.",
        "end_time": 1232.56,
        "start_time": 1225.25
      },
      {
        "act": "Oh yes.",
        "end_time": 1232.09,
        "start_time": 1231.24
      },
      {
        "act": "I'll think of that every time now.",
        "end_time": 1238.99,
        "start_time": 1237.77
      },
      {
        "act": "It's gonna stick in your head.",
        "end_time": 1240.8,
        "start_time": 1239.66
      },
      {
        "act": "Yeah, that's a good one it'll stick with you.",
        "end_time": 1241.48,
        "start_time": 1239.76
      },
      {
        "act": "Mm 'kay. Um I have nothing on my screen. Just a sec.",
        "end_time": 1264.65,
        "start_time": 1247.33
      },
      {
        "act": "Mm.",
        "end_time": 1265.38,
        "start_time": 1265.3
      },
      {
        "act": "Here we are.",
        "end_time": 1265.78,
        "start_time": 1265.57
      },
      {
        "act": "Ooh, no signal.",
        "end_time": 1267.84,
        "start_time": 1267.07
      },
      {
        "act": "Okay, yeah, it's fine.",
        "end_time": 1268.42,
        "start_time": 1267.57
      }
    ],
    "other_description": null,
    "topic": "agenda/equipment issues"
  },
  {
    "acts": [
      {
        "act": "Okay, requirements. We have a couple new requirements that I was just e-mailed right before the meeting and that we have to keep in in um in mind as we're creating this. We didn't bring it up yet, or at all in the meetings so far, but we're not gonna work with teletext because um well it that's been taken over by the internet, so we're not gonna worry about um we're not gonna worry about that.",
        "end_time": 1289.87,
        "start_time": 1270.42
      },
      {
        "act": "Okay.",
        "end_time": 1275.62,
        "start_time": 1275.19
      },
      {
        "act": "Okay um, well, we're not gonna the management has decided we're not gonna work with that. Um",
        "end_time": 1358.57,
        "start_time": 1352.54
      },
      {
        "act": "Okay um and we're also gonna w like your question earlier um whether this is going to be t for television, video, or etcetera. Just for television. That's what we're focused on. Um otherwise becomes to complex, we wanna get this out um very quickly. We only have a a short amount of time.",
        "end_time": 1378.77,
        "start_time": 1363.18
      },
      {
        "act": "Right.",
        "end_time": 1371.43,
        "start_time": 1371.09
      },
      {
        "act": "'Kay.",
        "end_time": 1379.44,
        "start_time": 1379.26
      },
      {
        "act": "Um and finally there's more marketing, I think, um, our corporate image has to be recognisable. So while we're gonna make it look pretty we need to use our colour and our slogan i in the new design.",
        "end_time": 1391.16,
        "start_time": 1379.89
      },
      {
        "act": "Mm.",
        "end_time": 1387.34,
        "start_time": 1386.87
      },
      {
        "act": "So what's our corporate image like? It's It's kind of yellow colour with uh we put fashion in electronics.",
        "end_time": 1400.19,
        "start_time": 1394.24
      },
      {
        "act": "Looks like, yeah, kind of a yellow and black and we have that the emphasis on the R_s in um mm-hmm.",
        "end_time": 1404.37,
        "start_time": 1398.31
      },
      {
        "act": "It's like double R_. Yeah.",
        "end_time": 1404.86,
        "start_time": 1402.81
      },
      {
        "act": "But it's, yeah, we put the um fashion in electronics. So we gotta keep that in that in mind.",
        "end_time": 1413.88,
        "start_time": 1405.97
      },
      {
        "act": "Okay, so we want something that looks good",
        "end_time": 1416.35,
        "start_time": 1414.54
      },
      {
        "act": "Yep. Yep.",
        "end_time": 1417.44,
        "start_time": 1416.71
      },
      {
        "act": "and is yellow.",
        "end_time": 1418.45,
        "start_time": 1417.69
      },
      {
        "act": "Yeah, or ha maybe some buttons could be yellow. Like, we can we can play around with it a little bit.",
        "end_time": 1424.01,
        "start_time": 1419.42
      },
      {
        "act": "Okay.",
        "end_time": 1422.28,
        "start_time": 1422.04
      },
      {
        "act": "Um.",
        "end_time": 1426.07,
        "start_time": 1425.71
      }
    ],
    "other_description": null,
    "topic": "new requirements"
  },
  {
    "acts": [
      {
        "act": "Okay, we need to talk about our functions and our target group. We need to decide who our target group is. You um in your analysis of different market um of the marketing, you identified that different groups wanted different things or had certain preferences, for example that um that older people didn't really care for um voice recognition, but younger people did. Um and so who are we aiming this at?",
        "end_time": 1453.04,
        "start_time": 1427.43
      },
      {
        "act": "Mm-hmm. Mm-hmm.",
        "end_time": 1448.25,
        "start_time": 1436.67
      },
      {
        "act": "Well if we're gonna say that function um fashion we put the fashion in in electronics then you automatically, I think, a sort of younger group that that's who's gonna be attracted to this.",
        "end_time": 1467.77,
        "start_time": 1456.0
      },
      {
        "act": "Yes, I do think, who's gonna have the money to buy that also, that one?",
        "end_time": 1473.08,
        "start_time": 1469.78
      },
      {
        "act": "Mm-hmm. It's gonna be twenty five Euro remember, so um it has to be avai marketable to um whomever it is.",
        "end_time": 1480.15,
        "start_time": 1472.5
      },
      {
        "act": "Mm-hmm.",
        "end_time": 1480.65,
        "start_time": 1480.43
      },
      {
        "act": "Is it is it something that's gonna be sold separately from the television or is it something that comes w with a television? 'Cause that would affect the way that we market it.",
        "end_time": 1489.42,
        "start_time": 1481.46
      },
      {
        "act": "Well at least right now what we're doing is um deciding on just the remote itself, so it will probably be sold separately, twenty five Euro by itself.",
        "end_time": 1499.79,
        "start_time": 1490.12
      },
      {
        "act": "Right. Right, okay.",
        "end_time": 1498.23,
        "start_time": 1495.22
      },
      {
        "act": "The only break-down that I was given in terms of age was the voice activation and basically there's a big jump, after thirty five people don't really care if it has voice, so it's like basically fifteen to thirty five that think that that's a good idea. I dunno I'm gonna be given any other numbers broken down in terms of age later, but if that's sort of the only quality that we have that is divided into age then we would wanna stick between the fifteen and thirty five range.",
        "end_time": 1525.16,
        "start_time": 1500.08
      },
      {
        "act": "Mm-hmm. Yeah, that's probably uh a population w quite a little bit of disposable income for use on technology anyway, so that might be a fairly good target group for us.",
        "end_time": 1535.05,
        "start_time": 1512.43
      },
      {
        "act": "Yeah.",
        "end_time": 1532.73,
        "start_time": 1532.53
      }
    ],
    "other_description": null,
    "topic": "user target group"
  },
  {
    "acts": [
      {
        "act": "Now, those are that's all specific for speech recognition. Are we gonna use that as one of our functions?",
        "end_time": 1540.53,
        "start_time": 1535.2
      },
      {
        "act": "Um.",
        "end_time": 1543.6,
        "start_time": 1543.16
      },
      {
        "act": "Mm.",
        "end_time": 1544.97,
        "start_time": 1544.78
      },
      {
        "act": "I I would say no, because it's gonna add too much to the price. Especially if we are marketing it as a separate product, people are gonna be paying uh, well, uh we've got a price limit of was it twelve twelve and a half Euros for to produce it? And I wonder if we can get voice recognition into that twelve and a half Euros without having to make too many other compromises.",
        "end_time": 1569.1,
        "start_time": 1546.21
      },
      {
        "act": "Mm-hmm. Mm.",
        "end_time": 1558.98,
        "start_time": 1553.27
      },
      {
        "act": "To produce it, yeah.",
        "end_time": 1561.97,
        "start_time": 1561.08
      },
      {
        "act": "To produce it, yes. Mm.",
        "end_time": 1565.84,
        "start_time": 1561.67
      },
      {
        "act": "But what else are we gonna put, I mean not that I'm really gung-ho about it, I don't know what else you can put in a remote to make it technologically advanced though. So like other than just making it look good, how is it I mean it can look really great and still have the same up-n-down buttons and why's anyone gonna buy a new remote?",
        "end_time": 1585.71,
        "start_time": 1569.65
      },
      {
        "act": "Yeah.",
        "end_time": 1578.61,
        "start_time": 1578.3
      },
      {
        "act": "Hmm. But right. Well but why are we why are we aiming for a technological advancement? Everything we're talking about is ease of use and simple and that doesn't necessarily mean more technology, in fact it could use it could mean, not. If they might be overwhelmed with with remotes that have too many buttons and too much technology.",
        "end_time": 1605.09,
        "start_time": 1579.59
      },
      {
        "act": "Mm-hmm.",
        "end_time": 1594.69,
        "start_time": 1594.32
      },
      {
        "act": "That's a good thing to keep in mind.",
        "end_time": 1597.87,
        "start_time": 1596.27
      },
      {
        "act": "If someone's looking to buy a new remote, don't they want like an upgrade? I dunno.",
        "end_time": 1609.21,
        "start_time": 1605.51
      },
      {
        "act": "Upgrade? Well, we can look for we can look at upgrade or we can look at um user-friendly.",
        "end_time": 1614.7,
        "start_time": 1610.08
      },
      {
        "act": "Yeah, simplification. They could have a crap remote that came with their T_V_ that's just impossible to use, or maybe it broke, or maybe they're just missing it.",
        "end_time": 1623.9,
        "start_time": 1615.08
      },
      {
        "act": "Yeah.",
        "end_time": 1616.62,
        "start_time": 1616.45
      },
      {
        "act": "Simplification, so",
        "end_time": 1617.69,
        "start_time": 1616.56
      },
      {
        "act": "Mm-hmm. Mm-hmm.",
        "end_time": 1623.07,
        "start_time": 1616.6
      },
      {
        "act": "Uh-huh, mm.",
        "end_time": 1626.51,
        "start_time": 1626.03
      },
      {
        "act": "Mm.",
        "end_time": 1689.01,
        "start_time": 1688.82
      },
      {
        "act": "Um we have to be careful that that that doesn't impede um the chip transmitting information, but um that's gonna be mostly technological thing. Um.",
        "end_time": 1700.72,
        "start_time": 1690.93
      },
      {
        "act": "Yeah.",
        "end_time": 1696.22,
        "start_time": 1695.91
      },
      {
        "act": "Good point. Yeah.",
        "end_time": 1699.2,
        "start_time": 1696.69
      },
      {
        "act": "Yeah.",
        "end_time": 1697.07,
        "start_time": 1696.71
      }
    ],
    "other_description": null,
    "topic": "discussion"
  },
  {
    "acts": [
      {
        "act": "Okay um, so what are we emphasising? I what in this project?",
        "end_time": 1709.8,
        "start_time": 1703.73
      },
      {
        "act": "Si simplicity and fashion.",
        "end_time": 1711.54,
        "start_time": 1709.28
      },
      {
        "act": "I think simplicity, fashion.",
        "end_time": 1712.87,
        "start_time": 1711.32
      },
      {
        "act": "Simplicity and fashion.",
        "end_time": 1712.84,
        "start_time": 1711.72
      },
      {
        "act": "Yeah mm.",
        "end_time": 1713.17,
        "start_time": 1712.07
      },
      {
        "act": "Okay, those are very good goals, I think, um that we have to keep in mind in with everything we do. Simplicity and fashion and, yeah, or usability speci however you wanna say that, which includes um an emphasis on making the infra-red very functional, so that you don't have to travel around a lot.",
        "end_time": 1730.7,
        "start_time": 1714.8
      },
      {
        "act": "Mm-hmm.",
        "end_time": 1729.13,
        "start_time": 1728.81
      },
      {
        "act": "Yeah. Yeah.",
        "end_time": 1731.1,
        "start_time": 1729.27
      },
      {
        "act": "Um.",
        "end_time": 1736.07,
        "start_time": 1735.59
      }
    ],
    "other_description": null,
    "topic": "project specs and roles of participants"
  },
  {
    "acts": [
      {
        "act": "So our target group, we're saying, fifteen to thirty five?",
        "end_time": 1772.57,
        "start_time": 1769.59
      },
      {
        "act": "Well, I dunno how useful that number is if we're not doing",
        "end_time": 1775.69,
        "start_time": 1773.28
      },
      {
        "act": "S voice recognition, which I kind of I kind of feel like voice recognition is not necessary in a remote control, like it might be necessary for a T_V_ but not for the remote c, you know. Seems a little bit",
        "end_time": 1786.25,
        "start_time": 1775.84
      },
      {
        "act": "Yeah. Yeah. I don't.",
        "end_time": 1782.11,
        "start_time": 1776.84
      },
      {
        "act": "It's, yeah, it's pretty it's pretty high-tech.",
        "end_time": 1786.85,
        "start_time": 1784.47
      },
      {
        "act": "Mm-mm. Yeah.",
        "end_time": 1788.07,
        "start_time": 1785.15
      },
      {
        "act": "Mm-hmm. Yeah, and it might be too expensive.",
        "end_time": 1789.62,
        "start_time": 1787.83
      },
      {
        "act": "And if the whole idea is you're using a remote then why would you have voice, like you know what I mean and then it's like you wouldn't need a remote you'd just talk to your T_V_.",
        "end_time": 1796.14,
        "start_time": 1789.65
      },
      {
        "act": "Mm-hmm. Yeah.",
        "end_time": 1797.0,
        "start_time": 1793.76
      },
      {
        "act": "It's for, like, the ultimately lazy people, who can't even be bothered to pick up the remote.",
        "end_time": 1801.47,
        "start_time": 1796.88
      },
      {
        "act": "Ooh.",
        "end_time": 1797.8,
        "start_time": 1797.15
      },
      {
        "act": "Yeah.",
        "end_time": 1802.06,
        "start_time": 1801.81
      },
      {
        "act": "Mm yeah. Maybe I mean if I get m more numbers, I'll e-mail you before the next meeting in terms of ages. But this doesn't divide up anything and there was only a hundred subjects also, which isn't, I mean, really isn't that representative, especially if it's a hundred subjects that th they then can subdivide into age groups that means there's very few in each age group, so",
        "end_time": 1822.65,
        "start_time": 1802.35
      },
      {
        "act": "I",
        "end_time": 1803.66,
        "start_time": 1803.47
      },
      {
        "act": "Mm-hmm.",
        "end_time": 1813.39,
        "start_time": 1813.05
      },
      {
        "act": "Mm-hmm. Yeah, but I th I think regardless we're we're aiming for the under sixty five or something.",
        "end_time": 1828.72,
        "start_time": 1813.25
      },
      {
        "act": "Under sixty five, okay, that's a good start. Um.",
        "end_time": 1832.13,
        "start_time": 1828.95
      },
      {
        "act": "Yep.",
        "end_time": 1830.05,
        "start_time": 1829.7
      },
      {
        "act": "I'd say we're uh can we narrow it down to maybe um teenagers and families? 'Cause that would go up to like fifty?",
        "end_time": 1842.14,
        "start_time": 1833.14
      },
      {
        "act": "Or like single professionals or something.",
        "end_time": 1843.2,
        "start_time": 1840.73
      },
      {
        "act": "Twenty to like fifty five.",
        "end_time": 1846.12,
        "start_time": 1843.75
      },
      {
        "act": "Okay, single",
        "end_time": 1844.27,
        "start_time": 1843.76
      },
      {
        "act": "Yeah.",
        "end_time": 1848.25,
        "start_time": 1848.0
      },
      {
        "act": "I dunno.",
        "end_time": 1848.61,
        "start_time": 1848.02
      },
      {
        "act": "It's it's hard to narrow it down.",
        "end_time": 1851.92,
        "start_time": 1850.0
      },
      {
        "act": "It's really hard to figure out right now.",
        "end_time": 1852.81,
        "start_time": 1850.84
      },
      {
        "act": "I think the product appeals across a quite a broad range of ages. I mean, we we said simplicity is is one of the features, so it's going to appeal to people, maybe people who have problems with technology, you know, people who get scared by having lots of buttons, and that might be older people, but then we've also got fashion, which is something that definitely appeals to younger people.",
        "end_time": 1875.58,
        "start_time": 1854.0
      },
      {
        "act": "Mm-hmm. Okay. Mm-hmm.",
        "end_time": 1872.29,
        "start_time": 1857.71
      },
      {
        "act": "Yeah.",
        "end_time": 1875.02,
        "start_time": 1874.67
      },
      {
        "act": "Well maybe we don't have to defi define the target group by the demographic of age, maybe we can define it by like the demographic of",
        "end_time": 1880.78,
        "start_time": 1875.68
      },
      {
        "act": "Right.",
        "end_time": 1879.22,
        "start_time": 1878.92
      },
      {
        "act": "like h t how much money they have to spend or something like that, like, well obviously it has to be someone who owns a television, and like how recently have they bought their television like that sort of thing.",
        "end_time": 1891.74,
        "start_time": 1882.29
      },
      {
        "act": "Yeah. Yeah aim for a an income group.",
        "end_time": 1886.94,
        "start_time": 1884.23
      },
      {
        "act": "That's a good point.",
        "end_time": 1886.02,
        "start_time": 1885.3
      },
      {
        "act": "Mm-hmm. Mm-hmm.",
        "end_time": 1888.9,
        "start_time": 1885.88
      },
      {
        "act": "Yeah. Mm.",
        "end_time": 1892.59,
        "start_time": 1888.9
      },
      {
        "act": "So maybe it's more useful to d d to define objectives like fashion and simplicity than to find specific target group as far as age is because, yeah, things so different will appeal to different people, but",
        "end_time": 1904.97,
        "start_time": 1893.05
      },
      {
        "act": "Yeah, t probably.",
        "end_time": 1898.09,
        "start_time": 1896.66
      },
      {
        "act": "Yeah.",
        "end_time": 1900.73,
        "start_time": 1900.49
      }
    ],
    "other_description": null,
    "topic": "user target group"
  },
  {
    "acts": [
      {
        "act": "Okay. Um oh, there're a couple functions",
        "end_time": 1909.89,
        "start_time": 1906.04
      },
      {
        "act": "Okay, we have to we have about four minutes left to define our functions. So let's do that quickly. Um so we want something to keep it from getting lost.",
        "end_time": 1953.55,
        "start_time": 1945.78
      },
      {
        "act": "Yep.",
        "end_time": 1954.13,
        "start_time": 1953.99
      },
      {
        "act": "Yeah.",
        "end_time": 1954.72,
        "start_time": 1954.45
      },
      {
        "act": "Mm-hmm.",
        "end_time": 2013.58,
        "start_time": 2013.06
      },
      {
        "act": "Yeah. Alright.",
        "end_time": 2019.05,
        "start_time": 2013.73
      },
      {
        "act": "Okay, do it. Any other essential functions that we need?",
        "end_time": 2023.42,
        "start_time": 2020.87
      },
      {
        "act": "Okay. Um 'kay we're gonna conclude now, has everyone said their functions and 'kay.",
        "end_time": 2096.32,
        "start_time": 2090.68
      },
      {
        "act": "Yep.",
        "end_time": 2096.05,
        "start_time": 2095.96
      }
    ],
    "other_description": null,
    "topic": "discussion"
  },
  {
    "acts": [
      {
        "act": "Um after the meeting we're gonna each complete a sks um a questionnaire and a summaries summary. I don't know what summarisation. Um and then we'll have our lunch break. After that we have thirty minutes of individual work. Um I'll make sure to put up um the minutes and the project documentation and including these PowerPoint slides. If everyone could do that as well, that'd be great. Um you each have individual actions, I_ um I_D_ Industrial Design you've your components concept, User Interface, the user interface concept, market trend wa watching. And as as per last time you'll get specific incrat instructions from your personal coach e-mailed to you. And hopefully, I hope, next time you'll be able to access more of the web site that they they seem to tell you that you could.",
        "end_time": 2141.95,
        "start_time": 2097.7
      },
      {
        "act": "Yeah, who knows.",
        "end_time": 2143.52,
        "start_time": 2142.36
      },
      {
        "act": "It's kinda frustrating, but um Be sure to note any frustrations or any um issues that come up in your um in your um summary.",
        "end_time": 2154.86,
        "start_time": 2142.73
      },
      {
        "act": "Okay",
        "end_time": 2157.42,
        "start_time": 2157.05
      },
      {
        "act": "Mm 'kay?",
        "end_time": 2159.15,
        "start_time": 2158.95
      },
      {
        "act": "Sounds good.",
        "end_time": 2160.04,
        "start_time": 2159.46
      },
      {
        "act": "Great seeing y'all.",
        "end_time": 2161.33,
        "start_time": 2160.71
      }
    ],
    "other_description": null,
    "topic": "closing"
  },
  {
    "acts": [
      {
        "act": "It's good.",
        "end_time": 2164.19,
        "start_time": 2163.13
      },
      {
        "act": "Did you um were you able to like put yours in the group folder? Okay.",
        "end_time": 2171.07,
        "start_time": 2166.4
      },
      {
        "act": "Yes, I just did that. Hopefully it is there for people. Yeah?",
        "end_time": 2174.99,
        "start_time": 2169.92
      },
      {
        "act": "Yep.",
        "end_time": 2173.83,
        "start_time": 2173.62
      },
      {
        "act": "Looks like there are um looks like there's a second one kind of of mine that's that I didn't do, it's from like an earlier project, I think so um",
        "end_time": 2185.97,
        "start_time": 2176.5
      },
      {
        "act": "Yeah. Okay.",
        "end_time": 2185.2,
        "start_time": 2181.66
      },
      {
        "act": "Where is that? Yours is",
        "end_time": 2188.8,
        "start_time": 2186.77
      },
      {
        "act": "Under the shared folder, I don't know it might not even be under yours as well. Projects.",
        "end_time": 2193.04,
        "start_time": 2188.85
      },
      {
        "act": "Technical. So in there we have technical functions presentation, working design presentation and the functional requirements. At least that's what I have in.",
        "end_time": 2199.19,
        "start_time": 2190.79
      },
      {
        "act": "I only have three, I just have like our three. Yeah.",
        "end_time": 2201.15,
        "start_time": 2198.67
      },
      {
        "act": "Yeah, that's what I have as well, R Rose So.",
        "end_time": 2202.75,
        "start_time": 2200.4
      },
      {
        "act": "Okay. You don't have mine?",
        "end_time": 2203.76,
        "start_time": 2201.93
      },
      {
        "act": "No, but that's 'cause I think yours is in the e-mail separate, like it's not on the server.",
        "end_time": 2209.19,
        "start_time": 2205.1
      },
      {
        "act": "S",
        "end_time": 2211.15,
        "start_time": 2209.35
      },
      {
        "act": "Yeah.",
        "end_time": 2211.07,
        "start_time": 2210.84
      },
      {
        "act": "Mm.",
        "end_time": 2216.04,
        "start_time": 2215.46
      },
      {
        "act": "But if I open it and then save it, probably will be there. Oh wait, never mind you can't save it to the",
        "end_time": 2221.45,
        "start_time": 2216.31
      },
      {
        "act": "Okay. Well I'll figure that out in the meantime.",
        "end_time": 2227.57,
        "start_time": 2225.26
      },
      {
        "act": "Okay.",
        "end_time": 2228.24,
        "start_time": 2227.94
      },
      {
        "act": "Okay.",
        "end_time": 2228.51,
        "start_time": 2228.26
      },
      {
        "act": "Okay.",
        "end_time": 2229.18,
        "start_time": 2228.98
      }
    ],
    "other_description": null,
    "topic": "agenda/equipment issues"
  }
]