[
  {
    "source": {
      "act": "Just put it on the deskt desktop.",
      "count": 1,
      "end_time": 6.51,
      "start_time": 4.35
    },
    "target": {
      "act": "No",
      "count": 1,
      "end_time": 7.3,
      "start_time": 7.05
    },
    "type": "Support/Possitive Assessment"
  },
  {
    "source": {
      "act": "on the desktop you'll find you should find that there's a project documents link.",
      "count": 1,
      "end_time": 11.59,
      "start_time": 7.3
    },
    "target": {
      "act": "yeah.",
      "count": 1,
      "end_time": 17.52,
      "start_time": 17.17
    },
    "type": "Support/Possitive Assessment"
  },
  {
    "source": {
      "act": "Project documents,",
      "count": 1,
      "end_time": 17.17,
      "start_time": 16.4
    },
    "target": {
      "act": "Yeah. That's it.",
      "count": 1,
      "end_time": 18.57,
      "start_time": 17.49
    },
    "type": "Support/Possitive Assessment"
  },
  {
    "source": {
      "act": "What's your username?",
      "count": 1,
      "end_time": 20.32,
      "start_time": 19.59
    },
    "target": {
      "act": "Your username.",
      "count": 1,
      "end_time": 22.21,
      "start_time": 21.55
    },
    "type": "Objection/Negative Assessment"
  },
  {
    "source": null,
    "target": {
      "act": "Okay.",
      "count": 1,
      "end_time": 40.28,
      "start_time": 39.45
    },
    "type": "Support/Possitive Assessment"
  },
  {
    "source": null,
    "target": {
      "act": "Okay.",
      "count": 1,
      "end_time": 42.83,
      "start_time": 39.62
    },
    "type": "Support/Possitive Assessment"
  },
  {
    "source": null,
    "target": {
      "act": "Um or at l its functionality would have been of limited use.",
      "count": 1,
      "end_time": 125.66,
      "start_time": 122.0
    },
    "type": "Objection/Negative Assessment"
  },
  {
    "source": {
      "act": "Um I'd like to if possible hear from our Marketing Expert first,",
      "count": 1,
      "end_time": 144.53,
      "start_time": 139.98
    },
    "target": {
      "act": "'Kay.",
      "count": 1,
      "end_time": 144.56,
      "start_time": 144.36
    },
    "type": "Support/Possitive Assessment"
  },
  {
    "source": {
      "act": "I'll just load up your presentation from here if you want.",
      "count": 1,
      "end_time": 150.99,
      "start_time": 148.48
    },
    "target": {
      "act": "Sure.",
      "count": 1,
      "end_time": 151.62,
      "start_time": 151.21
    },
    "type": "Support/Possitive Assessment"
  },
  {
    "source": {
      "act": "I'll just do it from here.",
      "count": 1,
      "end_time": 159.76,
      "start_time": 158.85
    },
    "target": {
      "act": "Yep.",
      "count": 1,
      "end_time": 160.59,
      "start_time": 160.27
    },
    "type": "Support/Possitive Assessment"
  },
  {
    "source": {
      "act": "Uh. Is yours the",
      "count": 1,
      "end_time": 164.11,
      "start_time": 161.83
    },
    "target": {
      "act": "Um, try second one maybe.",
      "count": 1,
      "end_time": 168.38,
      "start_time": 166.37
    },
    "type": "Support/Possitive Assessment"
  },
  {
    "source": {
      "act": "Um, try second one maybe.",
      "count": 1,
      "end_time": 168.38,
      "start_time": 166.37
    },
    "target": {
      "act": "yeah maybe.",
      "count": 1,
      "end_time": 175.89,
      "start_time": 175.37
    },
    "type": "Support/Possitive Assessment"
  },
  {
    "source": {
      "act": "Um, try second one maybe.",
      "count": 1,
      "end_time": 168.38,
      "start_time": 166.37
    },
    "target": {
      "act": "Okay, right.",
      "count": 1,
      "end_time": 178.28,
      "start_time": 177.37
    },
    "type": "Support/Possitive Assessment"
  },
  {
    "source": {
      "act": "Try it,",
      "count": 1,
      "end_time": 175.37,
      "start_time": 174.96
    },
    "target": {
      "act": "Oh",
      "count": 1,
      "end_time": 176.33,
      "start_time": 176.2
    },
    "type": "Support/Possitive Assessment"
  },
  {
    "source": {
      "act": "Um, try second one maybe.",
      "count": 1,
      "end_time": 168.38,
      "start_time": 166.37
    },
    "target": {
      "act": "Yeah. Okay.",
      "count": 1,
      "end_time": 178.4,
      "start_time": 176.89
    },
    "type": "Support/Possitive Assessment"
  },
  {
    "source": {
      "act": "do you want me to just cycle through it for you or?",
      "count": 1,
      "end_time": 186.44,
      "start_time": 183.44
    },
    "target": {
      "act": "Oh yeah, that'd be fine, that'd be great.",
      "count": 1,
      "end_time": 188.03,
      "start_time": 186.42
    },
    "type": "Support/Possitive Assessment"
  },
  {
    "source": {
      "act": "Oh yeah, that'd be fine, that'd be great.",
      "count": 1,
      "end_time": 188.03,
      "start_time": 186.42
    },
    "target": {
      "act": "Yeah?",
      "count": 1,
      "end_time": 188.76,
      "start_time": 187.64
    },
    "type": "Support/Possitive Assessment"
  },
  {
    "source": null,
    "target": {
      "act": "they're just not great to use.",
      "count": 1,
      "end_time": 278.61,
      "start_time": 276.37
    },
    "type": "Objection/Negative Assessment"
  },
  {
    "source": null,
    "target": {
      "act": "The voice recognition thing is cool.",
      "count": 1,
      "end_time": 320.89,
      "start_time": 318.31
    },
    "type": "Support/Possitive Assessment"
  },
  {
    "source": {
      "act": "how many different words can you have for a remote control,",
      "count": 1,
      "end_time": 336.27,
      "start_time": 333.97
    },
    "target": {
      "act": "up, down, left, right, channel five, channel seven,",
      "count": 1,
      "end_time": 340.35,
      "start_time": 336.27
    },
    "type": "Support/Possitive Assessment"
  },
  {
    "source": {
      "act": "how many different words can you have for a remote control,",
      "count": 1,
      "end_time": 336.27,
      "start_time": 333.97
    },
    "target": {
      "act": "you can't have that many words.",
      "count": 1,
      "end_time": 342.3,
      "start_time": 340.76
    },
    "type": "Support/Possitive Assessment"
  },
  {
    "source": {
      "act": "Either you have voice recognition by itself,",
      "count": 1,
      "end_time": 401.18,
      "start_time": 399.0
    },
    "target": {
      "act": "which I think is a bit impractical for like night time if you wanna be watching television and you wanna be quiet,",
      "count": 1,
      "end_time": 406.89,
      "start_time": 401.18
    },
    "type": "Objection/Negative Assessment"
  },
  {
    "source": {
      "act": "Either you have voice recognition by itself,",
      "count": 1,
      "end_time": 401.18,
      "start_time": 399.0
    },
    "target": {
      "act": "or I don't know you have a visitor coming round and the remote's only trained for you, it's a bit impractical to have just voice recognition by itself.",
      "count": 1,
      "end_time": 414.18,
      "start_time": 406.89
    },
    "type": "Objection/Negative Assessment"
  },
  {
    "source": {
      "act": "because there are no restrictions on physical size, or shape,",
      "count": 1,
      "end_time": 429.26,
      "start_time": 424.61
    },
    "target": {
      "act": "As long as the voice recognition stuff works, that's that's fine.",
      "count": 1,
      "end_time": 438.42,
      "start_time": 435.33
    },
    "type": "Partial agreement/support"
  },
  {
    "source": null,
    "target": {
      "act": "the voice recognition's fancy,",
      "count": 1,
      "end_time": 447.04,
      "start_time": 445.65
    },
    "type": "Support/Possitive Assessment"
  },
  {
    "source": null,
    "target": {
      "act": "it's cool,",
      "count": 1,
      "end_time": 447.81,
      "start_time": 447.04
    },
    "type": "Support/Possitive Assessment"
  },
  {
    "source": null,
    "target": {
      "act": "it's different,",
      "count": 1,
      "end_time": 448.6,
      "start_time": 447.81
    },
    "type": "Support/Possitive Assessment"
  },
  {
    "source": null,
    "target": {
      "act": "it's radical,",
      "count": 1,
      "end_time": 449.86,
      "start_time": 448.6
    },
    "type": "Support/Possitive Assessment"
  },
  {
    "source": {
      "act": "but is it practical to have a voice recognition system in a remote control,",
      "count": 1,
      "end_time": 460.97,
      "start_time": 457.02
    },
    "target": {
      "act": "I think is a big question.",
      "count": 1,
      "end_time": 462.81,
      "start_time": 460.97
    },
    "type": "Uncertain"
  },
  {
    "source": {
      "act": "it's cool,",
      "count": 1,
      "end_time": 447.81,
      "start_time": 447.04
    },
    "target": {
      "act": "I think it's cool,",
      "count": 1,
      "end_time": 513.43,
      "start_time": 512.53
    },
    "type": "Support/Possitive Assessment"
  },
  {
    "source": {
      "act": "if you could speed it up a bit, yeah.",
      "count": 1,
      "end_time": 515.62,
      "start_time": 513.53
    },
    "target": {
      "act": "I'm sorry?",
      "count": 1,
      "end_time": 515.56,
      "start_time": 515.23
    },
    "type": "Objection/Negative Assessment"
  },
  {
    "source": {
      "act": "I'm sorry?",
      "count": 1,
      "end_time": 515.56,
      "start_time": 515.23
    },
    "target": {
      "act": "If you could uh speed it up a bit please, yeah.",
      "count": 1,
      "end_time": 517.8,
      "start_time": 515.62
    },
    "type": "Support/Possitive Assessment"
  },
  {
    "source": {
      "act": "If you could uh speed it up a bit please, yeah.",
      "count": 1,
      "end_time": 517.8,
      "start_time": 515.62
    },
    "target": {
      "act": "Sure.",
      "count": 1,
      "end_time": 517.61,
      "start_time": 517.28
    },
    "type": "Support/Possitive Assessment"
  },
  {
    "source": {
      "act": "I'm about to end, yeah.",
      "count": 1,
      "end_time": 518.67,
      "start_time": 517.61
    },
    "target": {
      "act": "Cool.",
      "count": 1,
      "end_time": 518.59,
      "start_time": 518.33
    },
    "type": "Support/Possitive Assessment"
  },
  {
    "source": {
      "act": "I think it's cool,",
      "count": 1,
      "end_time": 513.43,
      "start_time": 512.53
    },
    "target": {
      "act": "I think it's cool",
      "count": 1,
      "end_time": 519.53,
      "start_time": 518.67
    },
    "type": "Support/Possitive Assessment"
  },
  {
    "source": null,
    "target": {
      "act": "yeah.",
      "count": 1,
      "end_time": 524.87,
      "start_time": 524.72
    },
    "type": "Support/Possitive Assessment"
  },
  {
    "source": {
      "act": "Hear from the User Interface Designer now I think might be an idea.",
      "count": 1,
      "end_time": 534.24,
      "start_time": 529.26
    },
    "target": {
      "act": "Okay.",
      "count": 1,
      "end_time": 533.77,
      "start_time": 533.28
    },
    "type": "Support/Possitive Assessment"
  },
  {
    "source": {
      "act": "Um, you've got your presentation now,",
      "count": 1,
      "end_time": 537.76,
      "start_time": 534.24
    },
    "target": {
      "act": "Yeah,",
      "count": 1,
      "end_time": 538.03,
      "start_time": 537.66
    },
    "type": "Support/Possitive Assessment"
  },
  {
    "source": {
      "act": "is it?",
      "count": 1,
      "end_time": 539.45,
      "start_time": 539.17
    },
    "target": {
      "act": "yeah.",
      "count": 1,
      "end_time": 539.23,
      "start_time": 539.01
    },
    "type": "Support/Possitive Assessment"
  },
  {
    "source": {
      "act": "it's in the it's in the folder",
      "count": 1,
      "end_time": 539.01,
      "start_time": 538.03
    },
    "target": {
      "act": "Okay.",
      "count": 1,
      "end_time": 540.03,
      "start_time": 539.45
    },
    "type": "Support/Possitive Assessment"
  },
  {
    "source": {
      "act": "where did you get all your in information?",
      "count": 1,
      "end_time": 540.77,
      "start_time": 538.16
    },
    "target": {
      "act": "There was uh a website, uh,",
      "count": 1,
      "end_time": 543.62,
      "start_time": 541.27
    },
    "type": "Support/Possitive Assessment"
  },
  {
    "source": {
      "act": "There was uh a website, uh,",
      "count": 1,
      "end_time": 543.62,
      "start_time": 541.27
    },
    "target": {
      "act": "Oh.",
      "count": 1,
      "end_time": 543.11,
      "start_time": 542.72
    },
    "type": "Support/Possitive Assessment"
  },
  {
    "source": {
      "act": "Technical functions?",
      "count": 1,
      "end_time": 547.85,
      "start_time": 546.09
    },
    "target": {
      "act": "Mm.",
      "count": 1,
      "end_time": 547.86,
      "start_time": 547.71
    },
    "type": "Support/Possitive Assessment"
  },
  {
    "source": null,
    "target": {
      "act": "Okay.",
      "count": 1,
      "end_time": 556.96,
      "start_time": 556.33
    },
    "type": "Support/Possitive Assessment"
  },
  {
    "source": null,
    "target": {
      "act": "the presentation is uh already slightly obsolete",
      "count": 1,
      "end_time": 566.5,
      "start_time": 564.04
    },
    "type": "Objection/Negative Assessment"
  },
  {
    "source": null,
    "target": {
      "act": "and wasn't really satisfied by what I saw I have to say",
      "count": 1,
      "end_time": 593.48,
      "start_time": 589.57
    },
    "type": "Objection/Negative Assessment"
  },
  {
    "source": {
      "act": "On the one hand and this uh this particularly relates to its sort of earliest models where with you know i so so many buttons on it",
      "count": 1,
      "end_time": 625.27,
      "start_time": 616.51
    },
    "target": {
      "act": "it creates a rather user unfriendly interface.",
      "count": 1,
      "end_time": 642.42,
      "start_time": 637.96
    },
    "type": "Objection/Negative Assessment"
  },
  {
    "source": null,
    "target": {
      "act": "Um but uh the pro I think the problem with a lot of the sort of user focused designs that are about is that they sort of make assumptions in advance",
      "count": 1,
      "end_time": 706.24,
      "start_time": 694.3
    },
    "type": "Objection/Negative Assessment"
  },
  {
    "source": null,
    "target": {
      "act": "um I liked Ebenezer's idea of including a joystick in that and uh possibly a sort of fairly minimal number of sort of function buttons,",
      "count": 1,
      "end_time": 744.15,
      "start_time": 736.52
    },
    "type": "Support/Possitive Assessment"
  },
  {
    "source": {
      "act": "if we could hear from our Industrial engineer, or Designer.",
      "count": 1,
      "end_time": 801.32,
      "start_time": 797.96
    },
    "target": {
      "act": "Yeah.",
      "count": 1,
      "end_time": 801.0,
      "start_time": 800.37
    },
    "type": "Support/Possitive Assessment"
  },
  {
    "source": {
      "act": "where do I have to save it?",
      "count": 1,
      "end_time": 809.98,
      "start_time": 809.07
    },
    "target": {
      "act": "If you save it in there we can open it up from here.",
      "count": 1,
      "end_time": 818.65,
      "start_time": 816.59
    },
    "type": "Support/Possitive Assessment"
  },
  {
    "source": {
      "act": "that's it there,",
      "count": 1,
      "end_time": 865.6,
      "start_time": 865.05
    },
    "target": {
      "act": "yeah.",
      "count": 1,
      "end_time": 865.82,
      "start_time": 865.6
    },
    "type": "Support/Possitive Assessment"
  },
  {
    "source": null,
    "target": {
      "act": "Oh right.",
      "count": 1,
      "end_time": 877.77,
      "start_time": 876.52
    },
    "type": "Support/Possitive Assessment"
  },
  {
    "source": {
      "act": "if you go to the next slide then.",
      "count": 1,
      "end_time": 979.51,
      "start_time": 978.04
    },
    "target": {
      "act": "Yeah.",
      "count": 1,
      "end_time": 979.71,
      "start_time": 979.42
    },
    "type": "Support/Possitive Assessment"
  },
  {
    "source": {
      "act": "if you go to the next slide then.",
      "count": 1,
      "end_time": 979.51,
      "start_time": 978.04
    },
    "target": {
      "act": "Oh.",
      "count": 1,
      "end_time": 979.42,
      "start_time": 979.25
    },
    "type": "Support/Possitive Assessment"
  },
  {
    "source": {
      "act": "do we need on the control uh different buttons to decide, or different light bulbs,",
      "count": 1,
      "end_time": 1013.38,
      "start_time": 1007.94
    },
    "target": {
      "act": "Um, I dunno what we should decide on that.",
      "count": 1,
      "end_time": 1017.56,
      "start_time": 1015.09
    },
    "type": "Uncertain"
  },
  {
    "source": {
      "act": "I'm I'm interrupting you.",
      "count": 1,
      "end_time": 1021.58,
      "start_time": 1020.58
    },
    "target": {
      "act": "No,",
      "count": 1,
      "end_time": 1021.91,
      "start_time": 1021.73
    },
    "type": "Support/Possitive Assessment"
  },
  {
    "source": {
      "act": "it's finished, yeah.",
      "count": 1,
      "end_time": 1022.74,
      "start_time": 1021.91
    },
    "target": {
      "act": "yeah?",
      "count": 1,
      "end_time": 1023.88,
      "start_time": 1022.73
    },
    "type": "Support/Possitive Assessment"
  },
  {
    "source": {
      "act": "I hear what the Marketing Expert's saying about um voice activated control.",
      "count": 1,
      "end_time": 1057.06,
      "start_time": 1051.14
    },
    "target": {
      "act": "Cost. Mm.",
      "count": 1,
      "end_time": 1065.39,
      "start_time": 1063.32
    },
    "type": "Objection/Negative Assessment"
  },
  {
    "source": {
      "act": "I hear what the Marketing Expert's saying about um voice activated control.",
      "count": 1,
      "end_time": 1057.06,
      "start_time": 1051.14
    },
    "target": {
      "act": "The power required, um and the ability to the cost, it seems like for uh an embedded system, this could cause us issues.",
      "count": 1,
      "end_time": 1070.28,
      "start_time": 1060.67
    },
    "type": "Objection/Negative Assessment"
  },
  {
    "source": {
      "act": "I hear what the Marketing Expert's saying about um voice activated control.",
      "count": 1,
      "end_time": 1057.06,
      "start_time": 1051.14
    },
    "target": {
      "act": "Um voice activation could be an interesting idea",
      "count": 1,
      "end_time": 1092.61,
      "start_time": 1087.92
    },
    "type": "Support/Possitive Assessment"
  },
  {
    "source": {
      "act": "I hear what the Marketing Expert's saying about um voice activated control.",
      "count": 1,
      "end_time": 1057.06,
      "start_time": 1051.14
    },
    "target": {
      "act": "but I think that our Ind Industrial Designer would probably upon some research say that it's maybe not feasible.",
      "count": 1,
      "end_time": 1101.8,
      "start_time": 1092.61
    },
    "type": "Objection/Negative Assessment"
  },
  {
    "source": null,
    "target": {
      "act": "if we maybe used mobile phones as a good example,",
      "count": 1,
      "end_time": 1145.88,
      "start_time": 1143.1
    },
    "type": "Support/Possitive Assessment"
  },
  {
    "source": {
      "act": "would it be a bit confusing?",
      "count": 1,
      "end_time": 1182.74,
      "start_time": 1181.66
    },
    "target": {
      "act": "Um I think probably for the first couple of hours of using it",
      "count": 1,
      "end_time": 1188.51,
      "start_time": 1183.07
    },
    "type": "Partial agreement/support"
  },
  {
    "source": null,
    "target": {
      "act": "um but you know muscle memory's a wonderful thing, um.",
      "count": 1,
      "end_time": 1192.94,
      "start_time": 1188.51
    },
    "type": "Support/Possitive Assessment"
  },
  {
    "source": {
      "act": "literally um if you can imagine the display maybe slightly larger than um those on a a mobile phone,",
      "count": 1,
      "end_time": 1138.38,
      "start_time": 1129.08
    },
    "target": {
      "act": "And I think and I think that size of uh display was about what I had in mind.",
      "count": 1,
      "end_time": 1199.54,
      "start_time": 1194.24
    },
    "type": "Support/Possitive Assessment"
  },
  {
    "source": {
      "act": "but we should probably try to stick to black and white.",
      "count": 1,
      "end_time": 1214.67,
      "start_time": 1211.81
    },
    "target": {
      "act": "I would agree with you.",
      "count": 1,
      "end_time": 1215.41,
      "start_time": 1214.57
    },
    "type": "Support/Possitive Assessment"
  },
  {
    "source": {
      "act": "Um I mean colour could be a sort of subsequent development",
      "count": 1,
      "end_time": 1223.14,
      "start_time": 1218.14
    },
    "target": {
      "act": "It does nothing extra.",
      "count": 1,
      "end_time": 1232.85,
      "start_time": 1231.73
    },
    "type": "Objection/Negative Assessment"
  },
  {
    "source": {
      "act": "It does nothing extra.",
      "count": 1,
      "end_time": 1232.85,
      "start_time": 1231.73
    },
    "target": {
      "act": "That would be my feeling as well,",
      "count": 1,
      "end_time": 1234.89,
      "start_time": 1233.46
    },
    "type": "Support/Possitive Assessment"
  },
  {
    "source": null,
    "target": {
      "act": "I think we could possibly create quite a useful user interface.",
      "count": 1,
      "end_time": 1238.74,
      "start_time": 1234.89
    },
    "type": "Support/Possitive Assessment"
  },
  {
    "source": null,
    "target": {
      "act": "but the idea of a remote with a menu or and a joystick I think like I h if I was in the habit of buying remote controls then I would want one,",
      "count": 1,
      "end_time": 1250.5,
      "start_time": 1239.63
    },
    "type": "Support/Possitive Assessment"
  },
  {
    "source": {
      "act": "for whom is this intended?",
      "count": 1,
      "end_time": 1263.73,
      "start_time": 1262.53
    },
    "target": {
      "act": "I think it could probably be aimed at most people who've used a mobile.",
      "count": 1,
      "end_time": 1273.34,
      "start_time": 1268.6
    },
    "type": "Support/Possitive Assessment"
  },
  {
    "source": {
      "act": "And that might be just another way of saying try to target most people.",
      "count": 1,
      "end_time": 1277.58,
      "start_time": 1273.34
    },
    "target": {
      "act": "Most people, yeah.",
      "count": 1,
      "end_time": 1277.41,
      "start_time": 1276.64
    },
    "type": "Support/Possitive Assessment"
  },
  {
    "source": {
      "act": "But that does cover a very large section of the people out there.",
      "count": 1,
      "end_time": 1291.59,
      "start_time": 1288.23
    },
    "target": {
      "act": "Sure. I think that's fair yeah.",
      "count": 1,
      "end_time": 1293.54,
      "start_time": 1291.61
    },
    "type": "Support/Possitive Assessment"
  },
  {
    "source": {
      "act": "I imagine as well that the actual L_C_D_ and maybe to a certain extent the joystick as well would be for the additional functionality.",
      "count": 1,
      "end_time": 1303.37,
      "start_time": 1295.21
    },
    "target": {
      "act": "maybe it makes it easy for them to figure out how to um change the channels as in the frequencies and such for reprogramming it.",
      "count": 1,
      "end_time": 1314.68,
      "start_time": 1305.08
    },
    "type": "Support/Possitive Assessment"
  },
  {
    "source": {
      "act": "we go for the nice standard um up and down for and volume control.",
      "count": 1,
      "end_time": 1338.53,
      "start_time": 1333.53
    },
    "target": {
      "act": "I dunno.",
      "count": 1,
      "end_time": 1353.17,
      "start_time": 1352.71
    },
    "type": "Support/Possitive Assessment"
  },
  {
    "source": {
      "act": "maybe we have the fol um the joystick as a separate one for the other functions then,",
      "count": 1,
      "end_time": 1326.3,
      "start_time": 1322.28
    },
    "target": {
      "act": "Mm. I th the thing I like about the uh the uh joystick",
      "count": 1,
      "end_time": 1360.99,
      "start_time": 1352.52
    },
    "type": "Support/Possitive Assessment"
  },
  {
    "source": {
      "act": "maybe we have the fol um the joystick as a separate one for the other functions then,",
      "count": 1,
      "end_time": 1326.3,
      "start_time": 1322.28
    },
    "target": {
      "act": "You can pack all that onto was onto a single control. Um.",
      "count": 1,
      "end_time": 1379.65,
      "start_time": 1375.68
    },
    "type": "Support/Possitive Assessment"
  },
  {
    "source": {
      "act": "if you i if you wanted to access further functions i you you then get to sort of menu navigation.",
      "count": 1,
      "end_time": 1392.13,
      "start_time": 1386.58
    },
    "target": {
      "act": "so this would be a fairly rational way of integra",
      "count": 1,
      "end_time": 1409.89,
      "start_time": 1406.75
    },
    "type": "Support/Possitive Assessment"
  },
  {
    "source": {
      "act": "if you i if you wanted to access further functions i you you then get to sort of menu navigation.",
      "count": 1,
      "end_time": 1392.13,
      "start_time": 1386.58
    },
    "target": {
      "act": "integrating the uh the remote with the device it's controlling. Um",
      "count": 1,
      "end_time": 1416.49,
      "start_time": 1411.3
    },
    "type": "Support/Possitive Assessment"
  },
  {
    "source": null,
    "target": {
      "act": "concern about our market.",
      "count": 1,
      "end_time": 1421.15,
      "start_time": 1418.54
    },
    "type": "Objection/Negative Assessment"
  },
  {
    "source": {
      "act": "Um, if all you're replacing is one of the you know however many remotes you have in your living room, um you know you still need separate remotes for everything else.",
      "count": 1,
      "end_time": 1454.34,
      "start_time": 1443.89
    },
    "target": {
      "act": "I can understand your point,",
      "count": 1,
      "end_time": 1471.91,
      "start_time": 1470.52
    },
    "type": "Support/Possitive Assessment"
  },
  {
    "source": {
      "act": "Um, if all you're replacing is one of the you know however many remotes you have in your living room, um you know you still need separate remotes for everything else.",
      "count": 1,
      "end_time": 1454.34,
      "start_time": 1443.89
    },
    "target": {
      "act": "and I would agree with you,",
      "count": 1,
      "end_time": 1473.37,
      "start_time": 1471.91
    },
    "type": "Support/Possitive Assessment"
  },
  {
    "source": {
      "act": "um would that include um access to say interactive functions on digital or cable?",
      "count": 1,
      "end_time": 1487.22,
      "start_time": 1481.51
    },
    "target": {
      "act": "I would say so, yes,",
      "count": 1,
      "end_time": 1491.18,
      "start_time": 1489.5
    },
    "type": "Support/Possitive Assessment"
  },
  {
    "source": {
      "act": "I would say that the design spec we've been with is for the television only for now.",
      "count": 1,
      "end_time": 1502.95,
      "start_time": 1498.74
    },
    "target": {
      "act": "Mm-hmm.",
      "count": 1,
      "end_time": 1503.02,
      "start_time": 1502.77
    },
    "type": "Support/Possitive Assessment"
  },
  {
    "source": {
      "act": "I would say that the design spec we've been with is for the television only for now.",
      "count": 1,
      "end_time": 1502.95,
      "start_time": 1498.74
    },
    "target": {
      "act": "Hmm. Okay, specifically television.",
      "count": 1,
      "end_time": 1506.7,
      "start_time": 1503.49
    },
    "type": "Support/Possitive Assessment"
  },
  {
    "source": {
      "act": "And until we hear otherwise we should go with just that.",
      "count": 1,
      "end_time": 1505.49,
      "start_time": 1502.95
    },
    "target": {
      "act": "Okay.",
      "count": 1,
      "end_time": 1506.38,
      "start_time": 1506.05
    },
    "type": "Support/Possitive Assessment"
  },
  {
    "source": {
      "act": "So the joystick is just for differentness.",
      "count": 1,
      "end_time": 1513.6,
      "start_time": 1509.4
    },
    "target": {
      "act": "It would be ease of manipulation of certain functions, yes. Um",
      "count": 1,
      "end_time": 1519.8,
      "start_time": 1514.55
    },
    "type": "Partial agreement/support"
  },
  {
    "source": {
      "act": "It would be ease of manipulation of certain functions, yes. Um",
      "count": 1,
      "end_time": 1519.8,
      "start_time": 1514.55
    },
    "target": {
      "act": "Okay.",
      "count": 1,
      "end_time": 1517.58,
      "start_time": 1517.33
    },
    "type": "Support/Possitive Assessment"
  },
  {
    "source": {
      "act": "Um maybe then our market should be T_V_ manufacturers, rather than the public.",
      "count": 1,
      "end_time": 1525.83,
      "start_time": 1520.25
    },
    "target": {
      "act": "There is that possibility, yes.",
      "count": 1,
      "end_time": 1533.95,
      "start_time": 1532.0
    },
    "type": "Uncertain"
  },
  {
    "source": {
      "act": "Um maybe then our market should be T_V_ manufacturers, rather than the public.",
      "count": 1,
      "end_time": 1525.83,
      "start_time": 1520.25
    },
    "target": {
      "act": "However I don't know exactly where we'll be going with that,",
      "count": 1,
      "end_time": 1536.91,
      "start_time": 1534.03
    },
    "type": "Uncertain"
  },
  {
    "source": {
      "act": "where if you whistle, it will beep and you tell you where it is.",
      "count": 1,
      "end_time": 1590.22,
      "start_time": 1586.6
    },
    "target": {
      "act": "Um, I don't know if it's a gimmick or not,",
      "count": 1,
      "end_time": 1584.0,
      "start_time": 1581.3
    },
    "type": "Uncertain"
  },
  {
    "source": {
      "act": "but have any of you ever seen those odd little key rings",
      "count": 1,
      "end_time": 1586.6,
      "start_time": 1584.0
    },
    "target": {
      "act": "Mm, yeah, I've seen them.",
      "count": 1,
      "end_time": 1592.01,
      "start_time": 1590.44
    },
    "type": "Support/Possitive Assessment"
  },
  {
    "source": {
      "act": "Something which you when you press that, it would beep to give its location away, on the remote unit.",
      "count": 1,
      "end_time": 1623.65,
      "start_time": 1617.59
    },
    "target": {
      "act": "Yeah, I think that's a good idea.",
      "count": 1,
      "end_time": 1624.91,
      "start_time": 1623.85
    },
    "type": "Support/Possitive Assessment"
  },
  {
    "source": {
      "act": "Something which you when you press that, it would beep to give its location away, on the remote unit.",
      "count": 1,
      "end_time": 1623.65,
      "start_time": 1617.59
    },
    "target": {
      "act": "And that could be something could um separate us a bit.",
      "count": 1,
      "end_time": 1627.86,
      "start_time": 1623.65
    },
    "type": "Support/Possitive Assessment"
  },
  {
    "source": {
      "act": "Something which you when you press that, it would beep to give its location away, on the remote unit.",
      "count": 1,
      "end_time": 1623.65,
      "start_time": 1617.59
    },
    "target": {
      "act": "Yeah, that's a good idea.",
      "count": 1,
      "end_time": 1626.45,
      "start_time": 1625.73
    },
    "type": "Support/Possitive Assessment"
  },
  {
    "source": {
      "act": "that might be something that we could look into.",
      "count": 1,
      "end_time": 1652.76,
      "start_time": 1649.02
    },
    "target": {
      "act": "Yeah",
      "count": 1,
      "end_time": 1652.87,
      "start_time": 1652.19
    },
    "type": "Support/Possitive Assessment"
  },
  {
    "source": {
      "act": "Something which you when you press that, it would beep to give its location away, on the remote unit.",
      "count": 1,
      "end_time": 1623.65,
      "start_time": 1617.59
    },
    "target": {
      "act": "that could be something that separates us a bit from the market as well.",
      "count": 1,
      "end_time": 1658.17,
      "start_time": 1655.51
    },
    "type": "Support/Possitive Assessment"
  },
  {
    "source": {
      "act": "that could be something that separates us a bit from the market as well.",
      "count": 1,
      "end_time": 1658.17,
      "start_time": 1655.51
    },
    "target": {
      "act": "I think so, yeah.",
      "count": 1,
      "end_time": 1658.53,
      "start_time": 1657.67
    },
    "type": "Support/Possitive Assessment"
  },
  {
    "source": {
      "act": "Should volume be important in the joystick, do you think?",
      "count": 1,
      "end_time": 1701.77,
      "start_time": 1699.28
    },
    "target": {
      "act": "and the up and down for volume,",
      "count": 1,
      "end_time": 1707.7,
      "start_time": 1704.82
    },
    "type": "Support/Possitive Assessment"
  },
  {
    "source": {
      "act": "and the up and down for volume,",
      "count": 1,
      "end_time": 1707.7,
      "start_time": 1704.82
    },
    "target": {
      "act": "Yep.",
      "count": 1,
      "end_time": 1707.45,
      "start_time": 1707.32
    },
    "type": "Support/Possitive Assessment"
  },
  {
    "source": {
      "act": "and volume selection.",
      "count": 1,
      "end_time": 1729.21,
      "start_time": 1728.25
    },
    "target": {
      "act": "Vol Volume selection okay, yep,",
      "count": 1,
      "end_time": 1730.81,
      "start_time": 1727.62
    },
    "type": "Support/Possitive Assessment"
  },
  {
    "source": {
      "act": "and we're gonna say it's dead, the way of the dodo",
      "count": 1,
      "end_time": 1735.45,
      "start_time": 1732.26
    },
    "target": {
      "act": "the teletext we're gambling with,",
      "count": 1,
      "end_time": 1732.26,
      "start_time": 1730.81
    },
    "type": "Uncertain"
  },
  {
    "source": {
      "act": "and we're gonna say it's dead, the way of the dodo",
      "count": 1,
      "end_time": 1735.45,
      "start_time": 1732.26
    },
    "target": {
      "act": "okay okay.",
      "count": 1,
      "end_time": 1734.67,
      "start_time": 1734.07
    },
    "type": "Support/Possitive Assessment"
  },
  {
    "source": {
      "act": "and then what",
      "count": 1,
      "end_time": 1746.52,
      "start_time": 1745.62
    },
    "target": {
      "act": "maybe is it one more button to say that you're using the menu system,",
      "count": 1,
      "end_time": 1751.24,
      "start_time": 1746.52
    },
    "type": "Support/Possitive Assessment"
  },
  {
    "source": {
      "act": "and then what",
      "count": 1,
      "end_time": 1746.52,
      "start_time": 1745.62
    },
    "target": {
      "act": "and with the possibility of pushing down on the joystick to say okay?",
      "count": 1,
      "end_time": 1754.92,
      "start_time": 1751.24
    },
    "type": "Support/Possitive Assessment"
  },
  {
    "source": {
      "act": "maybe is it one more button to say that you're using the menu system,",
      "count": 1,
      "end_time": 1751.24,
      "start_time": 1746.52
    },
    "target": {
      "act": "Actually I would say maybe two two function buttons, the y we're now using the menus button and um and an og and an okay button.",
      "count": 1,
      "end_time": 1773.43,
      "start_time": 1763.56
    },
    "type": "Partial agreement/support"
  },
  {
    "source": {
      "act": "I mean certainly something I've found with the joystick on mo the joysticks on mobile phones is that a lot of the time th the device mistakes you trying to move it in one direction or the other for pushing down for okay.",
      "count": 1,
      "end_time": 1786.37,
      "start_time": 1773.43
    },
    "target": {
      "act": "And that's really irritating.",
      "count": 1,
      "end_time": 1789.37,
      "start_time": 1787.97
    },
    "type": "Objection/Negative Assessment"
  },
  {
    "source": {
      "act": "and have the joystick just controlled by the thumb.",
      "count": 1,
      "end_time": 1808.88,
      "start_time": 1806.82
    },
    "target": {
      "act": "Okay.",
      "count": 1,
      "end_time": 1811.22,
      "start_time": 1809.58
    },
    "type": "Support/Possitive Assessment"
  },
  {
    "source": {
      "act": "and have the joystick just controlled by the thumb.",
      "count": 1,
      "end_time": 1808.88,
      "start_time": 1806.82
    },
    "target": {
      "act": "we're actually that sounds like a rough idea.",
      "count": 1,
      "end_time": 1815.62,
      "start_time": 1813.41
    },
    "type": "Uncertain"
  },
  {
    "source": {
      "act": "Do we incorporate the idea of trying to f locate the remote control again via a beeping noise?",
      "count": 1,
      "end_time": 1821.43,
      "start_time": 1815.62
    },
    "target": {
      "act": "Yeah, think so.",
      "count": 1,
      "end_time": 1822.89,
      "start_time": 1822.04
    },
    "type": "Support/Possitive Assessment"
  },
  {
    "source": {
      "act": "Do we incorporate the idea of trying to f locate the remote control again via a beeping noise?",
      "count": 1,
      "end_time": 1821.43,
      "start_time": 1815.62
    },
    "target": {
      "act": "uh I mean if we only have like two three buttons it might be essential to have to have that",
      "count": 1,
      "end_time": 1830.91,
      "start_time": 1825.48
    },
    "type": "Support/Possitive Assessment"
  },
  {
    "source": {
      "act": "The ability to locate it again.",
      "count": 1,
      "end_time": 1833.49,
      "start_time": 1830.46
    },
    "target": {
      "act": "Yeah.",
      "count": 1,
      "end_time": 1833.22,
      "start_time": 1831.79
    },
    "type": "Support/Possitive Assessment"
  },
  {
    "source": {
      "act": "and what, a basically a small microphone um on the actual unit,",
      "count": 1,
      "end_time": 1846.89,
      "start_time": 1840.9
    },
    "target": {
      "act": "a small speaker you mean.",
      "count": 1,
      "end_time": 1850.91,
      "start_time": 1849.95
    },
    "type": "Objection/Negative Assessment"
  },
  {
    "source": {
      "act": "Sorry?",
      "count": 1,
      "end_time": 1849.49,
      "start_time": 1849.22
    },
    "target": {
      "act": "Speaker",
      "count": 1,
      "end_time": 1852.11,
      "start_time": 1850.98
    },
    "type": "Support/Possitive Assessment"
  },
  {
    "source": {
      "act": "a small speaker you mean.",
      "count": 1,
      "end_time": 1850.91,
      "start_time": 1849.95
    },
    "target": {
      "act": "yeah.",
      "count": 1,
      "end_time": 1852.3,
      "start_time": 1852.11
    },
    "type": "Support/Possitive Assessment"
  },
  {
    "source": {
      "act": "a small speaker you mean.",
      "count": 1,
      "end_time": 1850.91,
      "start_time": 1849.95
    },
    "target": {
      "act": "yeah.",
      "count": 1,
      "end_time": 1852.61,
      "start_time": 1852.04
    },
    "type": "Support/Possitive Assessment"
  },
  {
    "source": {
      "act": "And a light bulb?",
      "count": 1,
      "end_time": 1853.56,
      "start_time": 1852.8
    },
    "target": {
      "act": "No.",
      "count": 1,
      "end_time": 1854.14,
      "start_time": 1853.56
    },
    "type": "Objection/Negative Assessment"
  },
  {
    "source": {
      "act": "To flash.",
      "count": 1,
      "end_time": 1854.74,
      "start_time": 1854.14
    },
    "target": {
      "act": "No.",
      "count": 1,
      "end_time": 1854.98,
      "start_time": 1854.74
    },
    "type": "Objection/Negative Assessment"
  },
  {
    "source": {
      "act": "And a light bulb?",
      "count": 1,
      "end_time": 1853.56,
      "start_time": 1852.8
    },
    "target": {
      "act": "Nah,",
      "count": 1,
      "end_time": 1856.84,
      "start_time": 1856.65
    },
    "type": "Objection/Negative Assessment"
  },
  {
    "source": {
      "act": "And a light bulb?",
      "count": 1,
      "end_time": 1853.56,
      "start_time": 1852.8
    },
    "target": {
      "act": "th e the true fact, considering the cost of an L_E_D_, we could just incorporate it anyway.",
      "count": 1,
      "end_time": 1870.32,
      "start_time": 1864.85
    },
    "type": "Support/Possitive Assessment"
  },
  {
    "source": {
      "act": "th e the true fact, considering the cost of an L_E_D_, we could just incorporate it anyway.",
      "count": 1,
      "end_time": 1870.32,
      "start_time": 1864.85
    },
    "target": {
      "act": "Yeah.",
      "count": 1,
      "end_time": 1870.68,
      "start_time": 1870.3
    },
    "type": "Support/Possitive Assessment"
  },
  {
    "source": {
      "act": "The L_E_D_s can be surprisingly bright now.",
      "count": 1,
      "end_time": 1872.35,
      "start_time": 1870.32
    },
    "target": {
      "act": "Mm-hmm.",
      "count": 1,
      "end_time": 1873.9,
      "start_time": 1873.49
    },
    "type": "Support/Possitive Assessment"
  },
  {
    "source": {
      "act": "th e the true fact, considering the cost of an L_E_D_, we could just incorporate it anyway.",
      "count": 1,
      "end_time": 1870.32,
      "start_time": 1864.85
    },
    "target": {
      "act": "Plus that's a nice wee design touch.",
      "count": 1,
      "end_time": 1876.96,
      "start_time": 1875.35
    },
    "type": "Support/Possitive Assessment"
  },
  {
    "source": {
      "act": "I can give you the frequency, what people what options people use most often,",
      "count": 1,
      "end_time": 1925.8,
      "start_time": 1920.86
    },
    "target": {
      "act": "I guess that's gonna be important in the ts defining the the software side of the interface,",
      "count": 1,
      "end_time": 1930.38,
      "start_time": 1925.8
    },
    "type": "Support/Possitive Assessment"
  },
  {
    "source": {
      "act": "You want the stuff.",
      "count": 1,
      "end_time": 1931.86,
      "start_time": 1931.23
    },
    "target": {
      "act": "yeah",
      "count": 1,
      "end_time": 1932.64,
      "start_time": 1932.23
    },
    "type": "Support/Possitive Assessment"
  },
  {
    "source": {
      "act": "if you could maybe as well see what people think about the idea of this minimalist approach that we've taken,",
      "count": 1,
      "end_time": 1937.47,
      "start_time": 1932.64
    },
    "target": {
      "act": "Okay.",
      "count": 1,
      "end_time": 1941.24,
      "start_time": 1941.0
    },
    "type": "Support/Possitive Assessment"
  },
  {
    "source": {
      "act": "if you could maybe as well see what people think about the idea of this minimalist approach that we've taken,",
      "count": 1,
      "end_time": 1937.47,
      "start_time": 1932.64
    },
    "target": {
      "act": "Okay.",
      "count": 1,
      "end_time": 1945.23,
      "start_time": 1944.93
    },
    "type": "Support/Possitive Assessment"
  },
  {
    "source": {
      "act": "if you could maybe as well see what people think about the idea of this minimalist approach that we've taken,",
      "count": 1,
      "end_time": 1937.47,
      "start_time": 1932.64
    },
    "target": {
      "act": "I don't know how easy that will be within the time frame,",
      "count": 1,
      "end_time": 1947.34,
      "start_time": 1945.23
    },
    "type": "Uncertain"
  },
  {
    "source": {
      "act": "but could be something we could maybe look into.",
      "count": 1,
      "end_time": 1949.21,
      "start_time": 1947.34
    },
    "target": {
      "act": "Sure. Sure.",
      "count": 1,
      "end_time": 1950.6,
      "start_time": 1949.25
    },
    "type": "Support/Possitive Assessment"
  },
  {
    "source": {
      "act": "Sure. Sure.",
      "count": 1,
      "end_time": 1950.6,
      "start_time": 1949.25
    },
    "target": {
      "act": "Okay.",
      "count": 1,
      "end_time": 1952.31,
      "start_time": 1951.37
    },
    "type": "Support/Possitive Assessment"
  },
  {
    "source": {
      "act": "Feel free to email me if you think that uh we've screwed something up and wanna get it rectified as soon as possible.",
      "count": 1,
      "end_time": 1972.7,
      "start_time": 1967.0
    },
    "target": {
      "act": "Sure. 'Kay. Yeah.",
      "count": 1,
      "end_time": 1975.38,
      "start_time": 1973.06
    },
    "type": "Support/Possitive Assessment"
  },
  {
    "source": {
      "act": "Feel free to email me if you think that uh we've screwed something up and wanna get it rectified as soon as possible.",
      "count": 1,
      "end_time": 1972.7,
      "start_time": 1967.0
    },
    "target": {
      "act": "Right.",
      "count": 1,
      "end_time": 1975.25,
      "start_time": 1974.61
    },
    "type": "Support/Possitive Assessment"
  },
  {
    "source": {
      "act": "I should just look at um the speaker, the speaker and an L_E_D_.",
      "count": 1,
      "end_time": 1980.76,
      "start_time": 1975.92
    },
    "target": {
      "act": "Speaker and L_E_D_ for locating, um,",
      "count": 1,
      "end_time": 1983.33,
      "start_time": 1980.78
    },
    "type": "Support/Possitive Assessment"
  },
  {
    "source": {
      "act": "Speaker and L_E_D_ for locating, um,",
      "count": 1,
      "end_time": 1983.33,
      "start_time": 1980.78
    },
    "target": {
      "act": "Yeah,",
      "count": 1,
      "end_time": 1983.98,
      "start_time": 1982.98
    },
    "type": "Support/Possitive Assessment"
  },
  {
    "source": {
      "act": "I should just look at um the speaker, the speaker and an L_E_D_.",
      "count": 1,
      "end_time": 1980.76,
      "start_time": 1975.92
    },
    "target": {
      "act": "Speaker and L_E_D_ for locating, um,",
      "count": 1,
      "end_time": 1983.33,
      "start_time": 1980.78
    },
    "type": "Support/Possitive Assessment"
  },
  {
    "source": {
      "act": "and a transmitter.",
      "count": 1,
      "end_time": 1984.85,
      "start_time": 1983.98
    },
    "target": {
      "act": "Transmitter.",
      "count": 1,
      "end_time": 1984.11,
      "start_time": 1983.38
    },
    "type": "Support/Possitive Assessment"
  },
  {
    "source": {
      "act": "and a transmitter.",
      "count": 1,
      "end_time": 1984.85,
      "start_time": 1983.98
    },
    "target": {
      "act": "transmitter",
      "count": 1,
      "end_time": 1986.26,
      "start_time": 1985.15
    },
    "type": "Support/Possitive Assessment"
  },
  {
    "source": {
      "act": "Um, if we do end up trying to market this to television manufacturers then the um then the transmitter could actually be built into the television.",
      "count": 1,
      "end_time": 1998.51,
      "start_time": 1988.86
    },
    "target": {
      "act": "yep, that's quite true.",
      "count": 1,
      "end_time": 2002.87,
      "start_time": 2001.31
    },
    "type": "Support/Possitive Assessment"
  },
  {
    "source": {
      "act": "makes no difference to the final product of the actual remote control,",
      "count": 1,
      "end_time": 2017.47,
      "start_time": 2014.55
    },
    "target": {
      "act": "so that's good.",
      "count": 1,
      "end_time": 2018.75,
      "start_time": 2017.47
    },
    "type": "Support/Possitive Assessment"
  },
  {
    "source": {
      "act": "isn't it?",
      "count": 1,
      "end_time": 2061.22,
      "start_time": 2060.56
    },
    "target": {
      "act": "it could well be,",
      "count": 1,
      "end_time": 2063.23,
      "start_time": 2062.54
    },
    "type": "Support/Possitive Assessment"
  },
  {
    "source": null,
    "target": {
      "act": "we can just incorporate into the actual plastic on top.",
      "count": 1,
      "end_time": 2071.08,
      "start_time": 2067.86
    },
    "type": "Uncertain"
  },
  {
    "source": {
      "act": "But it might be something you could consider when you're thinking about shapes?",
      "count": 1,
      "end_time": 2078.45,
      "start_time": 2075.91
    },
    "target": {
      "act": "Mm-hmm.",
      "count": 1,
      "end_time": 2080.9,
      "start_time": 2080.4
    },
    "type": "Support/Possitive Assessment"
  },
  {
    "source": {
      "act": "and um possibly the two R_s to signify the company. Rather than real reaction.",
      "count": 1,
      "end_time": 2088.06,
      "start_time": 2081.75
    },
    "target": {
      "act": "Mm. Yeah.",
      "count": 1,
      "end_time": 2088.59,
      "start_time": 2087.55
    },
    "type": "Support/Possitive Assessment"
  },
  {
    "source": {
      "act": "I thought the uh the d the double arc could perhaps uh be the uh the enter button.",
      "count": 1,
      "end_time": 2094.81,
      "start_time": 2088.59
    },
    "target": {
      "act": "Sounds good.",
      "count": 1,
      "end_time": 2097.39,
      "start_time": 2095.91
    },
    "type": "Support/Possitive Assessment"
  },
  {
    "source": {
      "act": "And I'd say that that's us for now.",
      "count": 1,
      "end_time": 2099.82,
      "start_time": 2097.39
    },
    "target": {
      "act": "Okay.",
      "count": 1,
      "end_time": 2100.45,
      "start_time": 2099.82
    },
    "type": "Support/Possitive Assessment"
  }
]