[
  {
    "dialog_act": "we'll start with the minutes of the last meeting.",
    "dialog_act_end_id": 16,
    "dialog_act_start_id": 16,
    "speaker_id": "B",
    "type": {
      "main_type": "Task",
      "sub_type": "Suggest"
    }
  },
  {
    "dialog_act": "discussed the possibility of a macro facility, interac interacting the T_V_ a bit more, um mentioning of bar-code, joystick for user manipulation, um and ergonomics of the remote control as well. Um it's come to my attention the following. Teletext has become outdated due to the populat popularity of the internet. Remote control should only be used for the T_V_. Um due for uh time to market and possibly also cost issues. Um also key is the corporate image should stay recognisable, um f uh your colour and slogan of course is down at the bottom there.",
    "dialog_act_end_id": 26,
    "dialog_act_start_id": 19,
    "speaker_id": "B",
    "type": {
      "main_type": "Task",
      "sub_type": "Inform"
    }
  },
  {
    "dialog_act": "Just to say quickly uh I would have thought that only being used for a television the macro facility may now not be required.",
    "dialog_act_end_id": 28,
    "dialog_act_start_id": 28,
    "speaker_id": "B",
    "type": {
      "main_type": "Task",
      "sub_type": "Inform"
    }
  },
  {
    "dialog_act": "to the point in my opinion anyway that it might not be worth pursuing. Um if anybody disagrees we can uh definitely say so.",
    "dialog_act_end_id": 32,
    "dialog_act_start_id": 31,
    "speaker_id": "B",
    "type": {
      "main_type": "Task",
      "sub_type": "Suggest"
    }
  },
  {
    "dialog_act": "Um I'd like to if possible hear from our Marketing Expert first,",
    "dialog_act_end_id": 34,
    "dialog_act_start_id": 34,
    "speaker_id": "B",
    "type": {
      "main_type": "Task",
      "sub_type": "Suggest"
    }
  },
  {
    "dialog_act": "Functional requirement by me Ebenezer.",
    "dialog_act_end_id": 24,
    "dialog_act_start_id": 24,
    "speaker_id": "C",
    "type": {
      "main_type": "Task",
      "sub_type": "Inform"
    }
  },
  {
    "dialog_act": "we did some research, we asked one hundred people their opinions on remote controls. We asked some uh open ended questions,",
    "dialog_act_end_id": 28,
    "dialog_act_start_id": 26,
    "speaker_id": "C",
    "type": {
      "main_type": "Task",
      "sub_type": "Inform"
    }
  },
  {
    "dialog_act": "and we asked some very specific questions,",
    "dialog_act_end_id": 31,
    "dialog_act_start_id": 31,
    "speaker_id": "C",
    "type": {
      "main_type": "Task",
      "sub_type": "Inform"
    }
  },
  {
    "dialog_act": "Please bear in mind this is only a hundred people, so even when the groups are divided into fifteen to twenty five, twenty five to thirty five, there's only maybe ten people fifteen people in each group.",
    "dialog_act_end_id": 34,
    "dialog_act_start_id": 33,
    "speaker_id": "C",
    "type": {
      "main_type": "Task",
      "sub_type": "Inform"
    }
  },
  {
    "dialog_act": "some the bad stuff we got, remotes are often lost.",
    "dialog_act_end_id": 39,
    "dialog_act_start_id": 38,
    "speaker_id": "C",
    "type": {
      "main_type": "Task",
      "sub_type": "Inform"
    }
  },
  {
    "dialog_act": "Most buttons are not used any more, like you said, teletext is outdated now.",
    "dialog_act_end_id": 43,
    "dialog_act_start_id": 42,
    "speaker_id": "C",
    "type": {
      "main_type": "Task",
      "sub_type": "Inform"
    }
  },
  {
    "dialog_act": "there's just a lot of stuff that no one really uses.",
    "dialog_act_end_id": 49,
    "dialog_act_start_id": 49,
    "speaker_id": "C",
    "type": {
      "main_type": "Task",
      "sub_type": "Inform"
    }
  },
  {
    "dialog_act": "Takes too long to master the remote control. I've seen some remote controls that are big, they have a lot of buttons, you have to hold down more than one key at one time to do something,",
    "dialog_act_end_id": 54,
    "dialog_act_start_id": 51,
    "speaker_id": "C",
    "type": {
      "main_type": "Task",
      "sub_type": "Inform"
    }
  },
  {
    "dialog_act": "Some of the good stuff we got. Between the age of uh fifteen and twenty five, most people would be willing to pay extra for voice recognition software.",
    "dialog_act_end_id": 59,
    "dialog_act_start_id": 58,
    "speaker_id": "C",
    "type": {
      "main_type": "Task",
      "sub_type": "Inform"
    }
  },
  {
    "dialog_act": "um most people want remote controls to be pretty, they want it to be fancy, th they they want it to be different,",
    "dialog_act_end_id": 65,
    "dialog_act_start_id": 63,
    "speaker_id": "C",
    "type": {
      "main_type": "Task",
      "sub_type": "Inform"
    }
  },
  {
    "dialog_act": "Finally, my opinion. The voice recognition thing is cool. And uh voice recognition, the software, open source software exist already. It's a bit sketchy at some times, uh, you're not gonna get good always accurate results, but for a very fixed number of words,",
    "dialog_act_end_id": 72,
    "dialog_act_start_id": 68,
    "speaker_id": "C",
    "type": {
      "main_type": "Other",
      "sub_type": "Offer"
    }
  },
  {
    "dialog_act": "how many different words can you have for a remote control, up, down, left, right, channel five, channel seven,",
    "dialog_act_end_id": 76,
    "dialog_act_start_id": 75,
    "speaker_id": "C",
    "type": {
      "main_type": "Elicit",
      "sub_type": "Elicit-Inform"
    }
  },
  {
    "dialog_act": "For a fixed vocabulary it works quite well. I'm pretty sure people would buy it.",
    "dialog_act_end_id": 81,
    "dialog_act_start_id": 80,
    "speaker_id": "C",
    "type": {
      "main_type": "Task",
      "sub_type": "Inform"
    }
  },
  {
    "dialog_act": "I mean most people use a remote control for switching to channels,",
    "dialog_act_end_id": 84,
    "dialog_act_start_id": 84,
    "speaker_id": "C",
    "type": {
      "main_type": "Task",
      "sub_type": "Inform"
    }
  },
  {
    "dialog_act": "So if you have to say up, up, up, up, if you have to do that all the time, then people might get a bit fed up with that",
    "dialog_act_end_id": 88,
    "dialog_act_start_id": 88,
    "speaker_id": "C",
    "type": {
      "main_type": "Task",
      "sub_type": "Inform"
    }
  },
  {
    "dialog_act": "However, oh, because the voice recognition software exists already, there's no need to spend money on research and development, but this does mean the need for microphones in the in the remote control, which is an unusual feature in my opinion. But if we do have the voice recognition thing, there's a lot of stuff that you can uh get rid of.",
    "dialog_act_end_id": 94,
    "dialog_act_start_id": 90,
    "speaker_id": "C",
    "type": {
      "main_type": "Task",
      "sub_type": "Inform"
    }
  },
  {
    "dialog_act": "there're two options. Either you have voice recognition by itself, which I think is a bit impractical for like night time if you wanna be watching television and you wanna be quiet, or I don't know you have a visitor coming round and the remote's only trained for you, it's a bit impractical to have just voice recognition by itself. So you can have voice recognition and a regular remote. But imagine you got rid of the regular remote part, then you can design the remote to look any way you want it to look,",
    "dialog_act_end_id": 101,
    "dialog_act_start_id": 96,
    "speaker_id": "C",
    "type": {
      "main_type": "Task",
      "sub_type": "Inform"
    }
  },
  {
    "dialog_act": "but is it practical to have a voice recognition system in a remote control,",
    "dialog_act_end_id": 122,
    "dialog_act_start_id": 122,
    "speaker_id": "C",
    "type": {
      "main_type": "Elicit",
      "sub_type": "Elicit-Assessment"
    }
  },
  {
    "dialog_act": "Um, will people will people be willing to wait for the the period that it'll take to train the remote,",
    "dialog_act_end_id": 124,
    "dialog_act_start_id": 124,
    "speaker_id": "C",
    "type": {
      "main_type": "Elicit",
      "sub_type": "Elicit-Inform"
    }
  },
  {
    "dialog_act": "I think a lot of young people will buy the remote control, if they have the money,",
    "dialog_act_end_id": 134,
    "dialog_act_start_id": 134,
    "speaker_id": "C",
    "type": {
      "main_type": "Task",
      "sub_type": "Inform"
    }
  },
  {
    "dialog_act": "but would they return it after a while",
    "dialog_act_end_id": 137,
    "dialog_act_start_id": 137,
    "speaker_id": "C",
    "type": {
      "main_type": "Elicit",
      "sub_type": "Elicit-Inform"
    }
  },
  {
    "dialog_act": "if you could speed it up a bit, yeah.",
    "dialog_act_end_id": 55,
    "dialog_act_start_id": 55,
    "speaker_id": "B",
    "type": {
      "main_type": "Task",
      "sub_type": "Suggest"
    }
  },
  {
    "dialog_act": "I'm about to end, yeah.",
    "dialog_act_end_id": 145,
    "dialog_act_start_id": 145,
    "speaker_id": "C",
    "type": {
      "main_type": "Task",
      "sub_type": "Inform"
    }
  },
  {
    "dialog_act": "this is a brief run through of the um of the technical functions of the remote.",
    "dialog_act_end_id": 8,
    "dialog_act_start_id": 8,
    "speaker_id": "A",
    "type": {
      "main_type": "Task",
      "sub_type": "Inform"
    }
  },
  {
    "dialog_act": "the presentation is uh already slightly obsolete because I had in mind something that would uh be i be aimed at controlling multiple devices",
    "dialog_act_end_id": 11,
    "dialog_act_start_id": 10,
    "speaker_id": "A",
    "type": {
      "main_type": "Task",
      "sub_type": "Assess"
    }
  },
  {
    "dialog_act": "I've looked at looked at a num uh couple of other uh remote control models just for an idea of basic design principles. Um",
    "dialog_act_end_id": 15,
    "dialog_act_start_id": 15,
    "speaker_id": "A",
    "type": {
      "main_type": "Task",
      "sub_type": "Inform"
    }
  },
  {
    "dialog_act": "Um um basically the job of the device is to send commands to an appliance, in this case the television set.",
    "dialog_act_end_id": 18,
    "dialog_act_start_id": 18,
    "speaker_id": "A",
    "type": {
      "main_type": "Task",
      "sub_type": "Inform"
    }
  },
  {
    "dialog_act": "Um and there's two main trends in th in the sort of design practice. On the one hand and this uh this particularly relates to its sort of earliest models where with you know i so so many buttons on it",
    "dialog_act_end_id": 22,
    "dialog_act_start_id": 20,
    "speaker_id": "A",
    "type": {
      "main_type": "Task",
      "sub_type": "Inform"
    }
  },
  {
    "dialog_act": "Um giving you every possible function that the that the device has, the remote control controls.",
    "dialog_act_end_id": 24,
    "dialog_act_start_id": 24,
    "speaker_id": "A",
    "type": {
      "main_type": "Task",
      "sub_type": "Inform"
    }
  },
  {
    "dialog_act": "it creates a rather user unfriendly interface. And on the other hand there's a user focused approach that pares things down to just what what is most likely to get used. Um",
    "dialog_act_end_id": 28,
    "dialog_act_start_id": 26,
    "speaker_id": "A",
    "type": {
      "main_type": "Task",
      "sub_type": "Assess"
    }
  },
  {
    "dialog_act": "and of course there is a certain amount of sort of loss of function here obviously,",
    "dialog_act_end_id": 30,
    "dialog_act_start_id": 30,
    "speaker_id": "A",
    "type": {
      "main_type": "Task",
      "sub_type": "Inform"
    }
  },
  {
    "dialog_act": "And so you go for something that's fairly intuitive to use,",
    "dialog_act_end_id": 33,
    "dialog_act_start_id": 33,
    "speaker_id": "A",
    "type": {
      "main_type": "Task",
      "sub_type": "Inform"
    }
  },
  {
    "dialog_act": "My own view is that we should definitely be going for a user focused design. Um but uh the pro I think the problem with a lot of the sort of user focused designs that are about is that they sort of make assumptions in advance about what uh what a given user's going to uh want mo want to do from want it to do most.",
    "dialog_act_end_id": 37,
    "dialog_act_start_id": 35,
    "speaker_id": "A",
    "type": {
      "main_type": "Task",
      "sub_type": "Suggest"
    }
  },
  {
    "dialog_act": "something that's uh something that is more programmable, that uh perh perhaps has the full range of functions available to it but you can then specify yourself what you're most likely to want.",
    "dialog_act_end_id": 41,
    "dialog_act_start_id": 39,
    "speaker_id": "A",
    "type": {
      "main_type": "Task",
      "sub_type": "Suggest"
    }
  },
  {
    "dialog_act": "um I liked Ebenezer's idea of including a joystick in that and uh possibly a sort of fairly minimal number of sort of function buttons,",
    "dialog_act_end_id": 43,
    "dialog_act_start_id": 43,
    "speaker_id": "A",
    "type": {
      "main_type": "Task",
      "sub_type": "Assess"
    }
  },
  {
    "dialog_act": "you then have some sort of basic display on it so that if you're um sort of cha changing from different modes for the device it'll tell you just exactly what uh you know each direction of the uh of the um joystick's going to do or wha or what each function button's going to do.",
    "dialog_act_end_id": 47,
    "dialog_act_start_id": 46,
    "speaker_id": "A",
    "type": {
      "main_type": "Task",
      "sub_type": "Suggest"
    }
  },
  {
    "dialog_act": "I'm responsible for working design, uh, this is basically the inside going on of the the uh remote control. So we have the energy source, we have the user interface,",
    "dialog_act_end_id": 24,
    "dialog_act_start_id": 21,
    "speaker_id": "D",
    "type": {
      "main_type": "Task",
      "sub_type": "Inform"
    }
  },
  {
    "dialog_act": "Uh the sender will push the button, the chip will respond,",
    "dialog_act_end_id": 27,
    "dialog_act_start_id": 26,
    "speaker_id": "D",
    "type": {
      "main_type": "Task",
      "sub_type": "Inform"
    }
  },
  {
    "dialog_act": "Do we need uh many buttons, or do we need l many light bulbs",
    "dialog_act_end_id": 33,
    "dialog_act_start_id": 32,
    "speaker_id": "D",
    "type": {
      "main_type": "Elicit",
      "sub_type": "Elicit-Assessment"
    }
  },
  {
    "dialog_act": "Um, the joystick is another thing, if we were gonna add that, um, there'd be more components to deal with that.",
    "dialog_act_end_id": 38,
    "dialog_act_start_id": 37,
    "speaker_id": "D",
    "type": {
      "main_type": "Task",
      "sub_type": "Inform"
    }
  },
  {
    "dialog_act": "you have the energy source obviously connected to the chip,",
    "dialog_act_end_id": 53,
    "dialog_act_start_id": 53,
    "speaker_id": "D",
    "type": {
      "main_type": "Task",
      "sub_type": "Inform"
    }
  },
  {
    "dialog_act": "You have the switch turn it on, infrared bulb, uh will contact the T_V_",
    "dialog_act_end_id": 56,
    "dialog_act_start_id": 55,
    "speaker_id": "D",
    "type": {
      "main_type": "Task",
      "sub_type": "Inform"
    }
  },
  {
    "dialog_act": "do we need on the control uh different buttons to decide, or different light bulbs,",
    "dialog_act_end_id": 59,
    "dialog_act_start_id": 59,
    "speaker_id": "D",
    "type": {
      "main_type": "Elicit",
      "sub_type": "Elicit-Assessment"
    }
  },
  {
    "dialog_act": "Um, I dunno what we should decide on that.",
    "dialog_act_end_id": 61,
    "dialog_act_start_id": 61,
    "speaker_id": "D",
    "type": {
      "main_type": "Task",
      "sub_type": "Assess"
    }
  },
  {
    "dialog_act": "I hear what the Marketing Expert's saying about um voice activated control. However I've got a couple of worries about that. The power required, um and the ability to the cost, it seems like for uh an embedded system, this could cause us issues.",
    "dialog_act_end_id": 98,
    "dialog_act_start_id": 96,
    "speaker_id": "B",
    "type": {
      "main_type": "Task",
      "sub_type": "Inform"
    }
  },
  {
    "dialog_act": "Um voice activation could be an interesting idea but I think that our Ind Industrial Designer would probably upon some research say that it's maybe not feasible.",
    "dialog_act_end_id": 104,
    "dialog_act_start_id": 103,
    "speaker_id": "B",
    "type": {
      "main_type": "Task",
      "sub_type": "Assess"
    }
  },
  {
    "dialog_act": "however the idea of a joystick and then maybe an L_C_D_ which has been kind of put forward so far,",
    "dialog_act_end_id": 106,
    "dialog_act_start_id": 106,
    "speaker_id": "B",
    "type": {
      "main_type": "Task",
      "sub_type": "Inform"
    }
  },
  {
    "dialog_act": "but if you can control almost all of the functionality from the display, I don't know how much power an L_C_D_ would take,",
    "dialog_act_end_id": 109,
    "dialog_act_start_id": 109,
    "speaker_id": "B",
    "type": {
      "main_type": "Task",
      "sub_type": "Inform"
    }
  },
  {
    "dialog_act": "literally um if you can imagine the display maybe slightly larger than um those on a a mobile phone, something where you can read an an um fair amount of information, traverse maybe quite a few menus,",
    "dialog_act_end_id": 114,
    "dialog_act_start_id": 112,
    "speaker_id": "B",
    "type": {
      "main_type": "Task",
      "sub_type": "Suggest"
    }
  },
  {
    "dialog_act": "Um and then we could have like say the common buttons as you say, volume control, changing channels",
    "dialog_act_end_id": 119,
    "dialog_act_start_id": 119,
    "speaker_id": "B",
    "type": {
      "main_type": "Task",
      "sub_type": "Suggest"
    }
  },
  {
    "dialog_act": "I I was thinking that the remote the um sort of default functions for the joystick would be up and down for uh volume, left and right for channels.",
    "dialog_act_end_id": 60,
    "dialog_act_start_id": 60,
    "speaker_id": "A",
    "type": {
      "main_type": "Task",
      "sub_type": "Suggest"
    }
  },
  {
    "dialog_act": "Do you think that people will get mixed up,",
    "dialog_act_end_id": 68,
    "dialog_act_start_id": 68,
    "speaker_id": "D",
    "type": {
      "main_type": "Elicit",
      "sub_type": "Elicit-Assessment"
    }
  },
  {
    "dialog_act": "they'll be looking at this screen and that screen",
    "dialog_act_end_id": 71,
    "dialog_act_start_id": 71,
    "speaker_id": "D",
    "type": {
      "main_type": "Task",
      "sub_type": "Inform"
    }
  },
  {
    "dialog_act": "Um I think probably for the first couple of hours of using it",
    "dialog_act_end_id": 61,
    "dialog_act_start_id": 61,
    "speaker_id": "A",
    "type": {
      "main_type": "Task",
      "sub_type": "Assess"
    }
  },
  {
    "dialog_act": "but we should probably try to stick to black and white. Si si simply to keep m keep the unit cost down.",
    "dialog_act_end_id": 67,
    "dialog_act_start_id": 66,
    "speaker_id": "A",
    "type": {
      "main_type": "Task",
      "sub_type": "Suggest"
    }
  },
  {
    "dialog_act": "but I think we don't have a specific audience,",
    "dialog_act_end_id": 166,
    "dialog_act_start_id": 166,
    "speaker_id": "C",
    "type": {
      "main_type": "Task",
      "sub_type": "Inform"
    }
  },
  {
    "dialog_act": "like what is our target audience,",
    "dialog_act_end_id": 168,
    "dialog_act_start_id": 168,
    "speaker_id": "C",
    "type": {
      "main_type": "Elicit",
      "sub_type": "Elicit-Offer-Or-Suggestion"
    }
  },
  {
    "dialog_act": "I think it could probably be aimed at most people who've used a mobile.",
    "dialog_act_end_id": 129,
    "dialog_act_start_id": 129,
    "speaker_id": "B",
    "type": {
      "main_type": "Task",
      "sub_type": "Suggest"
    }
  },
  {
    "dialog_act": "Um, if we are if we were to follow that avenue, we might be s you know um we're kind of almost relying on their experience with a mobile phone I suppose.",
    "dialog_act_end_id": 131,
    "dialog_act_start_id": 131,
    "speaker_id": "B",
    "type": {
      "main_type": "Task",
      "sub_type": "Inform"
    }
  },
  {
    "dialog_act": "I imagine as well that the actual L_C_D_ and maybe to a certain extent the joystick as well would be for the additional functionality.",
    "dialog_act_end_id": 134,
    "dialog_act_start_id": 134,
    "speaker_id": "B",
    "type": {
      "main_type": "Task",
      "sub_type": "Suggest"
    }
  },
  {
    "dialog_act": "Um and you can still have the main buttons that allow the people to turn the machine on and off, d up and down,",
    "dialog_act_end_id": 137,
    "dialog_act_start_id": 137,
    "speaker_id": "B",
    "type": {
      "main_type": "Task",
      "sub_type": "Suggest"
    }
  },
  {
    "dialog_act": "maybe we have the fol um the joystick as a separate one for the other functions then, that there's just a a small number of as you were saying uh buttons that have already been defined.",
    "dialog_act_end_id": 141,
    "dialog_act_start_id": 140,
    "speaker_id": "B",
    "type": {
      "main_type": "Task",
      "sub_type": "Suggest"
    }
  },
  {
    "dialog_act": "we go for the nice standard um up and down for and volume control.",
    "dialog_act_end_id": 143,
    "dialog_act_start_id": 143,
    "speaker_id": "B",
    "type": {
      "main_type": "Task",
      "sub_type": "Suggest"
    }
  },
  {
    "dialog_act": "if you i if you wanted to access further functions i you you then get to sort of menu navigation. I mean with things like ch with things like tuning and channels um you know adjusting brightn uh brightness and fiddly things that no one really bothers with, most T_V_s these days actually have menus anyway",
    "dialog_act_end_id": 85,
    "dialog_act_start_id": 84,
    "speaker_id": "A",
    "type": {
      "main_type": "Task",
      "sub_type": "Suggest"
    }
  },
  {
    "dialog_act": "I mean most of the uh of the replacement remote market is sort of remote control rationalisation.",
    "dialog_act_end_id": 90,
    "dialog_act_start_id": 90,
    "speaker_id": "A",
    "type": {
      "main_type": "Task",
      "sub_type": "Inform"
    }
  },
  {
    "dialog_act": "you want one wo y you want one that'll do the job of all of them.",
    "dialog_act_end_id": 92,
    "dialog_act_start_id": 92,
    "speaker_id": "A",
    "type": {
      "main_type": "Task",
      "sub_type": "Inform"
    }
  },
  {
    "dialog_act": "this is a requirement that we have to stick to I'm afraid,",
    "dialog_act_end_id": 152,
    "dialog_act_start_id": 152,
    "speaker_id": "B",
    "type": {
      "main_type": "Task",
      "sub_type": "Inform"
    }
  },
  {
    "dialog_act": "um would that include um access to say interactive functions on digital or cable?",
    "dialog_act_end_id": 99,
    "dialog_act_start_id": 99,
    "speaker_id": "A",
    "type": {
      "main_type": "Elicit",
      "sub_type": "Elicit-Inform"
    }
  },
  {
    "dialog_act": "I would say so, yes,",
    "dialog_act_end_id": 162,
    "dialog_act_start_id": 162,
    "speaker_id": "B",
    "type": {
      "main_type": "Task",
      "sub_type": "Inform"
    }
  },
  {
    "dialog_act": "I would say that the design spec we've been with is for the television only for now.",
    "dialog_act_end_id": 166,
    "dialog_act_start_id": 166,
    "speaker_id": "B",
    "type": {
      "main_type": "Task",
      "sub_type": "Inform"
    }
  },
  {
    "dialog_act": "Um maybe then our market should be T_V_ manufacturers, rather than the public.",
    "dialog_act_end_id": 104,
    "dialog_act_start_id": 104,
    "speaker_id": "A",
    "type": {
      "main_type": "Task",
      "sub_type": "Suggest"
    }
  },
  {
    "dialog_act": "However I don't know exactly where we'll be going with that,",
    "dialog_act_end_id": 174,
    "dialog_act_start_id": 174,
    "speaker_id": "B",
    "type": {
      "main_type": "Task",
      "sub_type": "Assess"
    }
  },
  {
    "dialog_act": "It's just, the way I figure it, twelve point five Euros per unit, we have to sell at least like three million or something like that,",
    "dialog_act_end_id": 189,
    "dialog_act_start_id": 189,
    "speaker_id": "C",
    "type": {
      "main_type": "Task",
      "sub_type": "Inform"
    }
  },
  {
    "dialog_act": "something else that you brought up was uh the ability to lose a remote,",
    "dialog_act_end_id": 181,
    "dialog_act_start_id": 181,
    "speaker_id": "B",
    "type": {
      "main_type": "Task",
      "sub_type": "Inform"
    }
  },
  {
    "dialog_act": "but have any of you ever seen those odd little key rings",
    "dialog_act_end_id": 184,
    "dialog_act_start_id": 184,
    "speaker_id": "B",
    "type": {
      "main_type": "Elicit",
      "sub_type": "Elicit-Inform"
    }
  },
  {
    "dialog_act": "where if you whistle, it will beep and you tell you where it is.",
    "dialog_act_end_id": 186,
    "dialog_act_start_id": 186,
    "speaker_id": "B",
    "type": {
      "main_type": "Task",
      "sub_type": "Inform"
    }
  },
  {
    "dialog_act": "I had one of those,",
    "dialog_act_end_id": 196,
    "dialog_act_start_id": 196,
    "speaker_id": "C",
    "type": {
      "main_type": "Task",
      "sub_type": "Inform"
    }
  },
  {
    "dialog_act": "because it it went off all the time accidentally.",
    "dialog_act_end_id": 198,
    "dialog_act_start_id": 198,
    "speaker_id": "C",
    "type": {
      "main_type": "Task",
      "sub_type": "Inform"
    }
  },
  {
    "dialog_act": "the other option of course is that um the",
    "dialog_act_end_id": 188,
    "dialog_act_start_id": 188,
    "speaker_id": "B",
    "type": {
      "main_type": "Task",
      "sub_type": "Suggest"
    }
  },
  {
    "dialog_act": "The clapping one.",
    "dialog_act_end_id": 199,
    "dialog_act_start_id": 199,
    "speaker_id": "C",
    "type": {
      "main_type": "Task",
      "sub_type": "Suggest"
    }
  },
  {
    "dialog_act": "Um digital telephones, uh for example, one unit has",
    "dialog_act_end_id": 191,
    "dialog_act_start_id": 191,
    "speaker_id": "B",
    "type": {
      "main_type": "Minor",
      "sub_type": "Fragment"
    }
  },
  {
    "dialog_act": "somewhere where there's a button,",
    "dialog_act_end_id": 193,
    "dialog_act_start_id": 193,
    "speaker_id": "B",
    "type": {
      "main_type": "Task",
      "sub_type": "Inform"
    }
  },
  {
    "dialog_act": "of course you have to have that base unit,",
    "dialog_act_end_id": 192,
    "dialog_act_start_id": 192,
    "speaker_id": "B",
    "type": {
      "main_type": "Task",
      "sub_type": "Inform"
    }
  },
  {
    "dialog_act": "but maybe it's a button that you attach to the T_V_. Something which you when you press that, it would beep to give its location away, on the remote unit.",
    "dialog_act_end_id": 195,
    "dialog_act_start_id": 194,
    "speaker_id": "B",
    "type": {
      "main_type": "Task",
      "sub_type": "Suggest"
    }
  },
  {
    "dialog_act": "again say what, it would be a small transmitter, um watch battery type scenario I would say,",
    "dialog_act_end_id": 198,
    "dialog_act_start_id": 198,
    "speaker_id": "B",
    "type": {
      "main_type": "Task",
      "sub_type": "Suggest"
    }
  },
  {
    "dialog_act": "that might be something that we could look into.",
    "dialog_act_end_id": 200,
    "dialog_act_start_id": 200,
    "speaker_id": "B",
    "type": {
      "main_type": "Task",
      "sub_type": "Suggest"
    }
  },
  {
    "dialog_act": "that could be something that separates us a bit from the market as well.",
    "dialog_act_end_id": 205,
    "dialog_act_start_id": 205,
    "speaker_id": "B",
    "type": {
      "main_type": "Task",
      "sub_type": "Assess"
    }
  },
  {
    "dialog_act": "do we go for a small joystick that would operate say changing channels, up and down,",
    "dialog_act_end_id": 215,
    "dialog_act_start_id": 215,
    "speaker_id": "B",
    "type": {
      "main_type": "Elicit",
      "sub_type": "Elicit-Assessment"
    }
  },
  {
    "dialog_act": "Um we have to decide exactly what we're going to do with the remote.",
    "dialog_act_end_id": 208,
    "dialog_act_start_id": 208,
    "speaker_id": "B",
    "type": {
      "main_type": "Task",
      "sub_type": "Suggest"
    }
  },
  {
    "dialog_act": "and then, what, another button that would say that it's now being used to manoeuvre round the L_C_D_.",
    "dialog_act_end_id": 216,
    "dialog_act_start_id": 216,
    "speaker_id": "B",
    "type": {
      "main_type": "Elicit",
      "sub_type": "Elicit-Assessment"
    }
  },
  {
    "dialog_act": "Should volume be important in the joystick, do you think?",
    "dialog_act_end_id": 77,
    "dialog_act_start_id": 77,
    "speaker_id": "D",
    "type": {
      "main_type": "Elicit",
      "sub_type": "Elicit-Offer-Or-Suggestion"
    }
  },
  {
    "dialog_act": "We could use say the left and right for changing channels",
    "dialog_act_end_id": 217,
    "dialog_act_start_id": 217,
    "speaker_id": "B",
    "type": {
      "main_type": "Task",
      "sub_type": "Suggest"
    }
  },
  {
    "dialog_act": "we could maybe even go as far as saying power button, small joystick, L_C_D_,",
    "dialog_act_end_id": 228,
    "dialog_act_start_id": 228,
    "speaker_id": "B",
    "type": {
      "main_type": "Task",
      "sub_type": "Suggest"
    }
  },
  {
    "dialog_act": "and with the possibility of pushing down on the joystick to say okay?",
    "dialog_act_end_id": 231,
    "dialog_act_start_id": 231,
    "speaker_id": "B",
    "type": {
      "main_type": "Task",
      "sub_type": "Suggest"
    }
  },
  {
    "dialog_act": "Actually I would say maybe two two function buttons, the y we're now using the menus button and um and an og and an okay button. I mean certainly something I've found with the joystick on mo the joysticks on mobile phones is that a lot of the time th the device mistakes you trying to move it in one direction or the other for pushing down for okay.",
    "dialog_act_end_id": 117,
    "dialog_act_start_id": 116,
    "speaker_id": "A",
    "type": {
      "main_type": "Task",
      "sub_type": "Assess"
    }
  },
  {
    "dialog_act": "The o the o the other dis design constraint I think we should bear in mind is that people are you know very much used to using a remote control one handedly,",
    "dialog_act_end_id": 120,
    "dialog_act_start_id": 120,
    "speaker_id": "A",
    "type": {
      "main_type": "Task",
      "sub_type": "Inform"
    }
  },
  {
    "dialog_act": "Do we incorporate the idea of trying to f locate the remote control again via a beeping noise?",
    "dialog_act_end_id": 239,
    "dialog_act_start_id": 239,
    "speaker_id": "B",
    "type": {
      "main_type": "Elicit",
      "sub_type": "Elicit-Assessment"
    }
  },
  {
    "dialog_act": "Yeah, think so.",
    "dialog_act_end_id": 80,
    "dialog_act_start_id": 80,
    "speaker_id": "D",
    "type": {
      "main_type": "Task",
      "sub_type": "Assess"
    }
  },
  {
    "dialog_act": "So that would require a um transmitter maybe attached to the T_V_,",
    "dialog_act_end_id": 242,
    "dialog_act_start_id": 242,
    "speaker_id": "B",
    "type": {
      "main_type": "Task",
      "sub_type": "Inform"
    }
  },
  {
    "dialog_act": "and what, a basically a small microphone um on the actual unit,",
    "dialog_act_end_id": 244,
    "dialog_act_start_id": 244,
    "speaker_id": "B",
    "type": {
      "main_type": "Task",
      "sub_type": "Inform"
    }
  },
  {
    "dialog_act": "Light bulb as well,",
    "dialog_act_end_id": 81,
    "dialog_act_start_id": 81,
    "speaker_id": "D",
    "type": {
      "main_type": "Task",
      "sub_type": "Suggest"
    }
  },
  {
    "dialog_act": "a small speaker you mean.",
    "dialog_act_end_id": 124,
    "dialog_act_start_id": 124,
    "speaker_id": "A",
    "type": {
      "main_type": "Task",
      "sub_type": "Assess"
    }
  },
  {
    "dialog_act": "th e the true fact, considering the cost of an L_E_D_, we could just incorporate it anyway.",
    "dialog_act_end_id": 254,
    "dialog_act_start_id": 254,
    "speaker_id": "B",
    "type": {
      "main_type": "Task",
      "sub_type": "Assess"
    }
  },
  {
    "dialog_act": "you could go for quite an interesting design.",
    "dialog_act_end_id": 258,
    "dialog_act_start_id": 258,
    "speaker_id": "B",
    "type": {
      "main_type": "Task",
      "sub_type": "Suggest"
    }
  },
  {
    "dialog_act": "something that can make it stand out slightly.",
    "dialog_act_end_id": 264,
    "dialog_act_start_id": 264,
    "speaker_id": "B",
    "type": {
      "main_type": "Task",
      "sub_type": "Inform"
    }
  },
  {
    "dialog_act": "Feel free to email me if you think that uh we've screwed something up and wanna get it rectified as soon as possible.",
    "dialog_act_end_id": 278,
    "dialog_act_start_id": 278,
    "speaker_id": "B",
    "type": {
      "main_type": "Task",
      "sub_type": "Suggest"
    }
  },
  {
    "dialog_act": "I should just look at um the speaker, the speaker and an L_E_D_.",
    "dialog_act_end_id": 92,
    "dialog_act_start_id": 92,
    "speaker_id": "D",
    "type": {
      "main_type": "Elicit",
      "sub_type": "Elicit-Assessment"
    }
  },
  {
    "dialog_act": "Um, if we do end up trying to market this to television manufacturers then the um then the transmitter could actually be built into the television.",
    "dialog_act_end_id": 133,
    "dialog_act_start_id": 133,
    "speaker_id": "A",
    "type": {
      "main_type": "Task",
      "sub_type": "Suggest"
    }
  },
  {
    "dialog_act": "um, user interface, we also need to maybe get the slogan in here,",
    "dialog_act_end_id": 292,
    "dialog_act_start_id": 292,
    "speaker_id": "B",
    "type": {
      "main_type": "Task",
      "sub_type": "Inform"
    }
  },
  {
    "dialog_act": "the slogan's we put the fashion in electronics,",
    "dialog_act_end_id": 100,
    "dialog_act_start_id": 100,
    "speaker_id": "D",
    "type": {
      "main_type": "Task",
      "sub_type": "Inform"
    }
  },
  {
    "dialog_act": "we can just incorporate into the actual plastic on top.",
    "dialog_act_end_id": 304,
    "dialog_act_start_id": 304,
    "speaker_id": "B",
    "type": {
      "main_type": "Task",
      "sub_type": "Suggest"
    }
  },
  {
    "dialog_act": "But it might be something you could consider when you're thinking about shapes?",
    "dialog_act_end_id": 306,
    "dialog_act_start_id": 306,
    "speaker_id": "B",
    "type": {
      "main_type": "Task",
      "sub_type": "Suggest"
    }
  },
  {
    "dialog_act": "and um possibly the two R_s to signify the company. Rather than real reaction.",
    "dialog_act_end_id": 308,
    "dialog_act_start_id": 308,
    "speaker_id": "B",
    "type": {
      "main_type": "Task",
      "sub_type": "Suggest"
    }
  }
]