[
  {
    "end_time": 121.696,
    "segment": "Mm.",
    "speaker_id": "A",
    "start_time": 121.168
  },
  {
    "end_time": 533.843,
    "segment": "Okay.",
    "speaker_id": "A",
    "start_time": 533.191
  },
  {
    "end_time": 539.266,
    "segment": "Yeah, it's in the it's in the folder yeah.",
    "speaker_id": "A",
    "start_time": 537.568
  },
  {
    "end_time": 548.08,
    "segment": "Mm.",
    "speaker_id": "A",
    "start_time": 547.664
  },
  {
    "end_time": 575.68,
    "segment": "Okay, this is a brief run through of the um of the technical functions of the remote. As um is uh the the the presentation is uh already slightly obsolete because I had in mind something that would uh be i be aimed at controlling multiple devices but uh there's still stuff of relevance, so",
    "speaker_id": "A",
    "start_time": 557.008
  },
  {
    "end_time": 588.368,
    "segment": "press on. I've looked at looked at a num uh couple of other uh remote control models just for an idea of basic design principles. Um",
    "speaker_id": "A",
    "start_time": 576.928
  },
  {
    "end_time": 598.048,
    "segment": "and wasn't really satisfied by what I saw I have to say so this is more sort of springboard for uh how these could be improved on.",
    "speaker_id": "A",
    "start_time": 589.552
  },
  {
    "end_time": 650.48,
    "segment": "Um um basically the job of the device is to send commands to an appliance, in this case the television set. Um to save you getting off your backside. Um and there's two main trends in th in the sort of design practice. On the one hand and this uh this particularly relates to its sort of earliest models where with you know i so so many buttons on it so about the size of the television set. Um giving you every possible function that the that the device has, the remote control controls. And most of these functions are not going to be used, it creates a rather user unfriendly interface. And on the other hand there's a user focused approach that pares things down to just what what is most likely to get used. Um",
    "speaker_id": "A",
    "start_time": 599.12
  },
  {
    "end_time": 679.959,
    "segment": "With uh a and a and of course there is a certain amount of sort of loss of function here obviously, but mostly that's relatively peripheral functions. And so you go for something that's fairly intuitive to use, and um well f the for the most part for T_V_ remote it's uh tha that would be channel control and volume. Um and if you if you if you are wanting to incorporate uh control of a D_V_ D_V_D_ or uh",
    "speaker_id": "A",
    "start_time": 651.584
  },
  {
    "end_time": 688.496,
    "segment": "V_C_R_ presumably into that then there's a play, pause, stop, rewind, fast-forward, record, so forth. Um.",
    "speaker_id": "A",
    "start_time": 680.921
  },
  {
    "end_time": 717.008,
    "segment": "My own view is that we should definitely be going for a user focused design. Um but uh the pro I think the problem with a lot of the sort of user focused designs that are about is that they sort of make assumptions in advance about what uh what a given user's going to uh want mo want to do from want it to do most. So, something that's uh",
    "speaker_id": "A",
    "start_time": 690.24
  },
  {
    "end_time": 729.634,
    "segment": "something that is more programmable, that uh perh perhaps has the full range of functions available to it but you can then specify yourself what you're most likely to want.",
    "speaker_id": "A",
    "start_time": 718.016
  },
  {
    "end_time": 757.632,
    "segment": "Um so that those are then immediately accessible through fairly minimal number of controls, um I liked Ebenezer's idea of including a joystick in that and uh possibly a sort of fairly minimal number of sort of function buttons, and have a disp you then have some sort of basic display on it so that if you're um sort of cha changing from different modes for the device it'll tell you just exactly what uh you know each direction of the uh",
    "speaker_id": "A",
    "start_time": 730.592
  },
  {
    "end_time": 791.136,
    "segment": "of the um joystick's going to do or wha or what each function button's going to do. Um, this is actually a again slightly taking inspiration off of uh games controllers, you know the Playstation control where you have four basic function buttons that are just marked with um distinctive uh geometrical shapes but the and then dependent on what you're doing with it what game and so on um those uh those functions are then sort of further specified. And so it's taking taking the lead from that.",
    "speaker_id": "A",
    "start_time": 760.352
  },
  {
    "end_time": 792.771,
    "segment": "Um.",
    "speaker_id": "A",
    "start_time": 792.264
  },
  {
    "end_time": 796.049,
    "segment": "That's it.",
    "speaker_id": "A",
    "start_time": 793.627
  },
  {
    "end_time": 1105.026,
    "segment": "Mm.",
    "speaker_id": "A",
    "start_time": 1103.088
  },
  {
    "end_time": 1139.419,
    "segment": "Mm.",
    "speaker_id": "A",
    "start_time": 1138.325
  },
  {
    "end_time": 1161.036,
    "segment": "Mm.",
    "speaker_id": "A",
    "start_time": 1160.175
  },
  {
    "end_time": 1172.112,
    "segment": "I I was thinking that the remote the um sort of default functions for the joystick would be up and down for uh volume, left and right for channels.",
    "speaker_id": "A",
    "start_time": 1163.312
  },
  {
    "end_time": 1192.976,
    "segment": "Um I think probably for the first couple of hours of using it um but you know muscle memory's a wonderful thing, um.",
    "speaker_id": "A",
    "start_time": 1183.008
  },
  {
    "end_time": 1200.928,
    "segment": "And I think and I think that size of uh display was about what I had in mind. Um though",
    "speaker_id": "A",
    "start_time": 1194.224
  },
  {
    "end_time": 1217.616,
    "segment": "I mean I w I would say that uh we could probably probably be required to um mo most of the mobile phone displays you see these days are colour but we should probably try to stick to black and white. Si si simply to keep m keep the unit cost down.",
    "speaker_id": "A",
    "start_time": 1201.936
  },
  {
    "end_time": 1233.181,
    "segment": "Um I mean colour could be a sort of subsequent development but uh you know cost a bit of extra money f w w w w w once everyone's got the first, you know, oh colour's out, we'll have to replace it won't we. It does nothing extra.",
    "speaker_id": "A",
    "start_time": 1218.123
  },
  {
    "end_time": 1278.569,
    "segment": "Mm.",
    "speaker_id": "A",
    "start_time": 1277.399
  },
  {
    "end_time": 1293.808,
    "segment": "Mm.",
    "speaker_id": "A",
    "start_time": 1292.984
  },
  {
    "end_time": 1368.752,
    "segment": "Mm. I th the thing I like about the uh the uh joystick is that uh you you you then basically you can then basically put it I mean for for T_ T_ for T_V_ remote alone, you could put",
    "speaker_id": "A",
    "start_time": 1352.48
  },
  {
    "end_time": 1379.68,
    "segment": "um I mean there are like I say the the the main things people do with a T_V_ remote control is the volume and the channel. You can pack all that onto was onto a single control. Um.",
    "speaker_id": "A",
    "start_time": 1369.824
  },
  {
    "end_time": 1385.168,
    "segment": "But uh but the but then o uh obviously if uh",
    "speaker_id": "A",
    "start_time": 1380.832
  },
  {
    "end_time": 1410.144,
    "segment": "you know if you i if you wanted to access further functions i you you then get to sort of menu navigation. I mean with things like ch with things like tuning and channels um you know adjusting brightn uh brightness and fiddly things that no one really bothers with, most T_V_s these days actually have menus anyway so this would be a fairly rational way of integra",
    "speaker_id": "A",
    "start_time": 1386.4
  },
  {
    "end_time": 1416.528,
    "segment": "integrating the uh the remote with the device it's controlling. Um",
    "speaker_id": "A",
    "start_time": 1411.28
  },
  {
    "end_time": 1426.16,
    "segment": "concern about our market. Um, if we are I mean most of the uh",
    "speaker_id": "A",
    "start_time": 1417.76
  },
  {
    "end_time": 1457.947,
    "segment": "of the replacement remote market is sort of remote control rationalisation. Um, you've got twenty different devices in your living room, you want one wo y you want one that'll do the job of all of them. Um, if all you're replacing is one of the you know however many remotes you have in your living room, um you know you still need separate remotes for everything else. I just think that uh possibly mm.",
    "speaker_id": "A",
    "start_time": 1427.152
  },
  {
    "end_time": 1462.596,
    "segment": "Mm.",
    "speaker_id": "A",
    "start_time": 1461.952
  },
  {
    "end_time": 1469.344,
    "segment": "Mm.",
    "speaker_id": "A",
    "start_time": 1468.816
  },
  {
    "end_time": 1487.258,
    "segment": "Does that um would that include um access to say interactive functions on digital or cable?",
    "speaker_id": "A",
    "start_time": 1480.288
  },
  {
    "end_time": 1503.056,
    "segment": "Mm-hmm.",
    "speaker_id": "A",
    "start_time": 1502.736
  },
  {
    "end_time": 1506.713,
    "segment": "Okay.",
    "speaker_id": "A",
    "start_time": 1505.674
  },
  {
    "end_time": 1514.688,
    "segment": "Mm.",
    "speaker_id": "A",
    "start_time": 1514.32
  },
  {
    "end_time": 1519.17,
    "segment": "Just a thought.",
    "speaker_id": "A",
    "start_time": 1518.176
  },
  {
    "end_time": 1525.888,
    "segment": "Um maybe then our market should be T_V_ manufacturers, rather than the public.",
    "speaker_id": "A",
    "start_time": 1520.112
  },
  {
    "end_time": 1530.048,
    "segment": "Try and sell it t sell it to them to supply with",
    "speaker_id": "A",
    "start_time": 1527.6
  },
  {
    "end_time": 1532.703,
    "segment": "um",
    "speaker_id": "A",
    "start_time": 1531.792
  },
  {
    "end_time": 1592.396,
    "segment": "Mm, yeah, I've seen them.",
    "speaker_id": "A",
    "start_time": 1590.156
  },
  {
    "end_time": 1617.248,
    "segment": "Mm.",
    "speaker_id": "A",
    "start_time": 1616.573
  },
  {
    "end_time": 1625.008,
    "segment": "Yeah, I think that's a good idea.",
    "speaker_id": "A",
    "start_time": 1623.325
  },
  {
    "end_time": 1679.615,
    "segment": "Mm.",
    "speaker_id": "A",
    "start_time": 1678.657
  },
  {
    "end_time": 1696.256,
    "segment": "Mm yeah.",
    "speaker_id": "A",
    "start_time": 1695.328
  },
  {
    "end_time": 1698.928,
    "segment": "Yeah, I think that's",
    "speaker_id": "A",
    "start_time": 1697.439
  },
  {
    "end_time": 1703.549,
    "segment": "Yeah.",
    "speaker_id": "A",
    "start_time": 1702.079
  },
  {
    "end_time": 1707.022,
    "segment": "For volume.",
    "speaker_id": "A",
    "start_time": 1706.272
  },
  {
    "end_time": 1760.737,
    "segment": "Actually how",
    "speaker_id": "A",
    "start_time": 1759.904
  },
  {
    "end_time": 1786.4,
    "segment": "Actually I would say maybe two two function buttons, the y we're now using the menus button and um and an og and an okay button. I mean certainly something I've found with the joystick on mo the joysticks on mobile phones is that a lot of the time th the device mistakes you trying to move it in one direction or the other for pushing down for okay.",
    "speaker_id": "A",
    "start_time": 1763.056
  },
  {
    "end_time": 1789.408,
    "segment": "Or vice versa. And that's really irritating.",
    "speaker_id": "A",
    "start_time": 1786.803
  },
  {
    "end_time": 1808.912,
    "segment": "The o the o the other dis design constraint I think we should bear in mind is that people are you know very much used to using a remote control one handedly, um, so we need to make sure that e even with the joystick, you know something that can just sit comfortably in the palm of the hand and have the joystick just controlled by the thumb.",
    "speaker_id": "A",
    "start_time": 1790.976
  },
  {
    "end_time": 1850.944,
    "segment": "Oh. So so a small speaker you mean.",
    "speaker_id": "A",
    "start_time": 1848.321
  },
  {
    "end_time": 1877.059,
    "segment": "Mm-hmm. Blue ones particularly. Plus that's a nice wee design touch.",
    "speaker_id": "A",
    "start_time": 1873.456
  },
  {
    "end_time": 1888.62,
    "segment": "Mm-hmm.",
    "speaker_id": "A",
    "start_time": 1888.144
  },
  {
    "end_time": 1900.016,
    "segment": "Mm-hmm.",
    "speaker_id": "A",
    "start_time": 1899.488
  },
  {
    "end_time": 1998.56,
    "segment": "Actually one one wee thought about that. Um, if we do end up trying to market this to television manufacturers then the um then the transmitter could actually be built into the television.",
    "speaker_id": "A",
    "start_time": 1986.224
  },
  {
    "end_time": 2011.099,
    "segment": "Yeah.",
    "speaker_id": "A",
    "start_time": 2010.688
  },
  {
    "end_time": 2015.492,
    "segment": "Mm-hmm.",
    "speaker_id": "A",
    "start_time": 2015.136
  },
  {
    "end_time": 2024.816,
    "segment": "Mm-hmm.",
    "speaker_id": "A",
    "start_time": 2024.4
  },
  {
    "end_time": 2036.944,
    "segment": "You know I think I mean if it w if we get a major television manufacturer to say y oh yeah we'll have that, save us the bother, then that's you know vast amounts of sales. Quite quickly.",
    "speaker_id": "A",
    "start_time": 2026.116
  },
  {
    "end_time": 2071.859,
    "segment": "Mm.",
    "speaker_id": "A",
    "start_time": 2070.845
  },
  {
    "end_time": 2080.977,
    "segment": "Mm-hmm.",
    "speaker_id": "A",
    "start_time": 2080.179
  },
  {
    "end_time": 2083.872,
    "segment": "Mm-hmm.",
    "speaker_id": "A",
    "start_time": 2083.552
  },
  {
    "end_time": 2095.17,
    "segment": "Mm. Yeah. I thought the uh the d the double arc could perhaps uh be the uh the enter button.",
    "speaker_id": "A",
    "start_time": 2087.315
  },
  {
    "end_time": 2098.737,
    "segment": ".",
    "speaker_id": "A",
    "start_time": 2097.596
  },
  {
    "end_time": 11.776,
    "segment": "No on the desktop you'll find you should find that there's a project documents link.",
    "speaker_id": "B",
    "start_time": 7.024
  },
  {
    "end_time": 19.648,
    "segment": "A well actually just there. Yeah. That's it. If you dump it in there.",
    "speaker_id": "B",
    "start_time": 15.133
  },
  {
    "end_time": 22.592,
    "segment": "Your username.",
    "speaker_id": "B",
    "start_time": 21.312
  },
  {
    "end_time": 54.912,
    "segment": "Okay. Excellent. Right. Hopefully that's us ready to uh to go. So. Functional design meeting. We'll have to flesh out some of the uh stuff. Um",
    "speaker_id": "B",
    "start_time": 39.433
  },
  {
    "end_time": 91.408,
    "segment": "we'll start with the minutes of the last meeting. Not a lot thankfully to say. We introduced ourselves, discussed the possibility of a macro facility, interac interacting the T_V_ a bit more, um mentioning of bar-code, joystick for user manipulation, um and ergonomics of the remote control as well. Um it's come to my attention the following. Teletext has become outdated due to the populat popularity of the internet. Remote control should only be used for the T_V_. Um",
    "speaker_id": "B",
    "start_time": 56.608
  },
  {
    "end_time": 151.072,
    "segment": "due for uh time to market and possibly also cost issues. Um also key is the corporate image should stay recognisable, um f uh your colour and slogan of course is down at the bottom there. Um. Now. Just to say quickly uh I would have thought that only being used for a television the macro facility may now not be required. Um or at l its functionality would have been of limited use. So to the point in my opinion anyway that it might not be worth pursuing. Um if anybody disagrees we can uh definitely say so. Um and hopefully we'll just crack on and we'll get everything going. Um I'd like to if possible hear from our Marketing Expert first, to help us gain an idea of where we're going to go. So um I'll just load up your presentation from here if you want.",
    "speaker_id": "B",
    "start_time": 92.784
  },
  {
    "end_time": 164.224,
    "segment": "Yep. Sorry. Uh. Is yours the",
    "speaker_id": "B",
    "start_time": 160.208
  },
  {
    "end_time": 178.432,
    "segment": "Oh sorry. Okay, right.",
    "speaker_id": "B",
    "start_time": 176.144
  },
  {
    "end_time": 186.496,
    "segment": "Uh if you that's all right. If you do you want me to just cycle through it for you or?",
    "speaker_id": "B",
    "start_time": 180.909
  },
  {
    "end_time": 188.976,
    "segment": "Yeah?",
    "speaker_id": "B",
    "start_time": 187.616
  },
  {
    "end_time": 194.016,
    "segment": "Okay.",
    "speaker_id": "B",
    "start_time": 192.716
  },
  {
    "end_time": 227.899,
    "segment": "Okay.",
    "speaker_id": "B",
    "start_time": 227.368
  },
  {
    "end_time": 317.362,
    "segment": "Yep.",
    "speaker_id": "B",
    "start_time": 316.566
  },
  {
    "end_time": 439.888,
    "segment": "Okay, yep.",
    "speaker_id": "B",
    "start_time": 438.864
  },
  {
    "end_time": 502.708,
    "segment": "Mm-hmm.",
    "speaker_id": "B",
    "start_time": 501.735
  },
  {
    "end_time": 511.425,
    "segment": "If you could uh",
    "speaker_id": "B",
    "start_time": 510.273
  },
  {
    "end_time": 518.752,
    "segment": "sor if you could speed it up a bit, yeah. If you could uh speed it up a bit please, yeah. Sorry. Cool.",
    "speaker_id": "B",
    "start_time": 512.368
  },
  {
    "end_time": 526.848,
    "segment": "Okay. Excellent. Right. Um.",
    "speaker_id": "B",
    "start_time": 523.982
  },
  {
    "end_time": 540.194,
    "segment": "Hear from the User Interface Designer now I think might be an idea. Um, you've got your presentation now, is it on the is it? Okay.",
    "speaker_id": "B",
    "start_time": 529.236
  },
  {
    "end_time": 549.006,
    "segment": "Technical functions? No. Yeah.",
    "speaker_id": "B",
    "start_time": 543.53
  },
  {
    "end_time": 557.072,
    "segment": "Okay.",
    "speaker_id": "B",
    "start_time": 556.31
  },
  {
    "end_time": 576.928,
    "segment": "Okay.",
    "speaker_id": "B",
    "start_time": 575.6
  },
  {
    "end_time": 793.696,
    "segment": "Okay. Yeah.",
    "speaker_id": "B",
    "start_time": 792.204
  },
  {
    "end_time": 801.456,
    "segment": "Right. Um, if we could hear from our Industrial engineer, or Designer.",
    "speaker_id": "B",
    "start_time": 794.832
  },
  {
    "end_time": 818.736,
    "segment": "If you look on the desktop you'll find that there's a link to the project folder, or project documents. If you save it in there we can open it up from here.",
    "speaker_id": "B",
    "start_time": 809.984
  },
  {
    "end_time": 857.28,
    "segment": "Are you finding it okay or?",
    "speaker_id": "B",
    "start_time": 855.491
  },
  {
    "end_time": 879.884,
    "segment": "Okay.",
    "speaker_id": "B",
    "start_time": 879.112
  },
  {
    "end_time": 945.96,
    "segment": "Mm-hmm.",
    "speaker_id": "B",
    "start_time": 944.918
  },
  {
    "end_time": 968.08,
    "segment": "Okay.",
    "speaker_id": "B",
    "start_time": 966.624
  },
  {
    "end_time": 979.902,
    "segment": "Oh. Yeah.",
    "speaker_id": "B",
    "start_time": 978.903
  },
  {
    "end_time": 987.664,
    "segment": "Ah, don't worry about it at all mate.",
    "speaker_id": "B",
    "start_time": 984.983
  },
  {
    "end_time": 1037.408,
    "segment": "Okay. Well. Oh sorry, I'm I'm interrupting you. Are you is it yeah? Okay. Right. Um, right we can probably skip that for now. So, we've had some stuff put forward, um",
    "speaker_id": "B",
    "start_time": 1018.3
  },
  {
    "end_time": 1041.697,
    "segment": "along with the new user requirements,",
    "speaker_id": "B",
    "start_time": 1038.528
  },
  {
    "end_time": 1049.728,
    "segment": "um we've had a lot of kind of input I'd say so far. Um",
    "speaker_id": "B",
    "start_time": 1044.976
  },
  {
    "end_time": 1111.952,
    "segment": "I hear what the Marketing Expert's saying about um voice activated control. However I've got a couple of worries about that. The power required, um and the ability to the cost, it seems like for uh an embedded system, this could cause us issues. Um for example you see that there's fairly robust services on uh computers via uh via voice, I_B_M_ do um drag and dictate, but these require a lot of memory and usually um state quite advanced processor requirements. Um voice activation could be an interesting idea but I think that our Ind Industrial Designer would probably upon some research say that it's maybe not feasible. Um that's just my view right now, however the idea of a joystick and then maybe an L_C_D_ which has been kind of put forward so far, it's almost like having a small",
    "speaker_id": "B",
    "start_time": 1051.04
  },
  {
    "end_time": 1124.336,
    "segment": "T_ not T_V_ to say, but if you can control almost all of the functionality from the display, I don't know how much power an L_C_D_ would take, but it might be quite low?",
    "speaker_id": "B",
    "start_time": 1113.408
  },
  {
    "end_time": 1163.2,
    "segment": "Well literally um if you can imagine the display maybe slightly larger than um those on a a mobile phone, something where you can read an an um fair amount of information, traverse maybe quite a few menus, if we maybe used mobile phones as a good example, they usually incorporate they have the keypad, and then evr all the other functionality is usually associated inside by traversing around. That could be one possibility. Um and then we could have like say the common buttons as you say, volume control, changing channels",
    "speaker_id": "B",
    "start_time": 1128.847
  },
  {
    "end_time": 1173.933,
    "segment": "We",
    "speaker_id": "B",
    "start_time": 1173.168
  },
  {
    "end_time": 1216.73,
    "segment": "I would agree with you.",
    "speaker_id": "B",
    "start_time": 1213.476
  },
  {
    "end_time": 1241.76,
    "segment": "Mm-hmm. That would be my feeling as well, I think we could possibly create quite a useful user interface. Um now I mean I don't sorry, go for it.",
    "speaker_id": "B",
    "start_time": 1230.24
  },
  {
    "end_time": 1291.664,
    "segment": "I think it could probably be aimed at most people who've used a mobile. And that might be just another way of saying try to target most people. Um, if we are if we were to follow that avenue, we might be s you know um we're kind of almost relying on their experience with a mobile phone I suppose. But that does cover a very large section of the people out there.",
    "speaker_id": "B",
    "start_time": 1268.224
  },
  {
    "end_time": 1353.216,
    "segment": "Um, I mean I imagine as well that the actual L_C_D_ and maybe to a certain extent the joystick as well would be for the additional functionality. Which maybe doesn't get used as often, maybe it makes it easy for them to figure out how to um change the channels as in the frequencies and such for reprogramming it. Um and you can still have the main buttons that allow the people to turn the machine on and off, d up and down, it depends, I mean maybe we have the fol um the joystick as a separate one for the other functions then, that there's just a a small number of as you were saying uh buttons that have already been defined. So like we go for the nice standard um up and down for and volume control. So that literally anybody can come along, pick up the remote and still know what do do. And they can completely ignore most of the functionality which would be for say the o actual owner of the the T_V_ and who would normally use the unit. I dunno.",
    "speaker_id": "B",
    "start_time": 1293.104
  },
  {
    "end_time": 1380.064,
    "segment": "Mm-hmm.",
    "speaker_id": "B",
    "start_time": 1378.56
  },
  {
    "end_time": 1407.657,
    "segment": "Mm-hmm.",
    "speaker_id": "B",
    "start_time": 1405.376
  },
  {
    "end_time": 1444.672,
    "segment": "Mm-hmm.",
    "speaker_id": "B",
    "start_time": 1443.447
  },
  {
    "end_time": 1479.984,
    "segment": "Well this is a requirement that we have to stick to I'm afraid, this isn't one that I've just arbitrarily decided on. So um this is this is one of the solid ones that has to be obeyed, for now. So I can understand your point, and I would agree with you, but this is our design spec for now. 'Fraid to say. Um",
    "speaker_id": "B",
    "start_time": 1455.6
  },
  {
    "end_time": 1505.552,
    "segment": "I would say so, yes, because then we have to be able to control the remote boxes, and that is a separate unit. Um I think that it I would say that the design spec we've been with is for the television only for now. And until we hear otherwise we should go with just that.",
    "speaker_id": "B",
    "start_time": 1489.48
  },
  {
    "end_time": 1509.996,
    "segment": "Okay. Maybe we'll hear differently, but for now",
    "speaker_id": "B",
    "start_time": 1506.624
  },
  {
    "end_time": 1519.984,
    "segment": "It would be ease of manipulation of certain functions, yes. Um",
    "speaker_id": "B",
    "start_time": 1514.533
  },
  {
    "end_time": 1544.832,
    "segment": "There is that possibility, yes. B However I don't know exactly where we'll be going with that, but it might not even be the avenue of the Marketing Expert, that might be sales, who are not in this meeting.",
    "speaker_id": "B",
    "start_time": 1531.951
  },
  {
    "end_time": 1550.384,
    "segment": "Mm-hmm.",
    "speaker_id": "B",
    "start_time": 1549.552
  },
  {
    "end_time": 1563.52,
    "segment": "Mm-hmm.",
    "speaker_id": "B",
    "start_time": 1562.656
  },
  {
    "end_time": 1590.288,
    "segment": "Well, something else that you brought up was uh the ability to lose a remote, which as you said you've done, in fact we've probably all done. Um, I don't know if it's a gimmick or not, but have any of you ever seen those odd little key rings where if you whistle, it will beep and you tell you where it is.",
    "speaker_id": "B",
    "start_time": 1572.749
  },
  {
    "end_time": 1593.152,
    "segment": "Um.",
    "speaker_id": "B",
    "start_time": 1592.544
  },
  {
    "end_time": 1603.392,
    "segment": "Well the other option of course is that um the well I was going to say clapping, um",
    "speaker_id": "B",
    "start_time": 1597.312
  },
  {
    "end_time": 1658.23,
    "segment": "Um digital telephones, uh for example, one unit has of course you have to have that base unit, somewhere where there's a button, but maybe it's a button that you attach to the T_V_. Something which you when you press that, it would beep to give its location away, on the remote unit. And that could be something could um separate us a bit. And that way, because we're attaching what would be a small button to the T_V_, again say what, it would be a small transmitter, um watch battery type scenario I would say, or something that if it was problems enough you could actually even just um I don't power that might be something that we could look into. Yep. Yeah, it's uh putting a lot on your shoulders there, so I mean that could be something that separates us a bit from the market as well.",
    "speaker_id": "B",
    "start_time": 1605.232
  },
  {
    "end_time": 1662.064,
    "segment": "So.",
    "speaker_id": "B",
    "start_time": 1661.079
  },
  {
    "end_time": 1675.28,
    "segment": "To go on from here. Um we have to decide exactly what we're going to do with the remote. Before we leave this meeting, it would be best to say this is what we're going this is the design we're gonna try and get, this is how we're gonna make ourselves look unique.",
    "speaker_id": "B",
    "start_time": 1663.248
  },
  {
    "end_time": 1694.512,
    "segment": "Do we go for maybe a remote contro uh sorry, we're gonna go for a remote control obviously, do we go for a small joystick that would operate say changing channels, up and down, and then, what, another button that would say that it's now being used to manoeuvre round the L_C_D_.",
    "speaker_id": "B",
    "start_time": 1678.566
  },
  {
    "end_time": 1708.144,
    "segment": "We could use say the left and right for changing channels and the up and down for volume, and",
    "speaker_id": "B",
    "start_time": 1701.648
  },
  {
    "end_time": 1714.112,
    "segment": "Okay.",
    "speaker_id": "B",
    "start_time": 1713.206
  },
  {
    "end_time": 1720.896,
    "segment": "Mm-hmm.",
    "speaker_id": "B",
    "start_time": 1719.968
  },
  {
    "end_time": 1728.256,
    "segment": "Vol",
    "speaker_id": "B",
    "start_time": 1727.6
  },
  {
    "end_time": 1735.728,
    "segment": "Volume selection okay, yep, the teletext we're gambling with, and we're gonna say it's dead, the way of the dodo",
    "speaker_id": "B",
    "start_time": 1729.28
  },
  {
    "end_time": 1755.04,
    "segment": "So we well, sorry, we could maybe even go as far as saying power button, small joystick, L_C_D_, and then what maybe is it one more button to say that you're using the menu system, and with the possibility of pushing down on the joystick to say okay?",
    "speaker_id": "B",
    "start_time": 1736.928
  },
  {
    "end_time": 1763.136,
    "segment": "So we're having very very few buttons involved, but navigation around a menu for most things.",
    "speaker_id": "B",
    "start_time": 1756.096
  },
  {
    "end_time": 1774.016,
    "segment": "Okay.",
    "speaker_id": "B",
    "start_time": 1773.392
  },
  {
    "end_time": 1788.064,
    "segment": "Okay.",
    "speaker_id": "B",
    "start_time": 1786.656
  },
  {
    "end_time": 1792.896,
    "segment": "Um",
    "speaker_id": "B",
    "start_time": 1789.696
  },
  {
    "end_time": 1821.632,
    "segment": "Okay. So um we're actually that sounds like a rough idea. Do we incorporate the idea of trying to f locate the remote control again via a beeping noise?",
    "speaker_id": "B",
    "start_time": 1808.848
  },
  {
    "end_time": 1824.504,
    "segment": "Do you mind looking?",
    "speaker_id": "B",
    "start_time": 1823.062
  },
  {
    "end_time": 1849.6,
    "segment": "The ability to locate it again. So that would require a um transmitter maybe attached to the T_V_, just so that it says find me, and what, a basically a small microphone um on the actual unit, can maybe hide it in the base. Sorry?",
    "speaker_id": "B",
    "start_time": 1829.915
  },
  {
    "end_time": 1852.768,
    "segment": "Some speaker, sorry, yeah.",
    "speaker_id": "B",
    "start_time": 1850.801
  },
  {
    "end_time": 1856.672,
    "segment": "Um",
    "speaker_id": "B",
    "start_time": 1855.168
  },
  {
    "end_time": 1863.388,
    "segment": "E us we might be better with the sound possibly we could maybe incorporate",
    "speaker_id": "B",
    "start_time": 1857.931
  },
  {
    "end_time": 1872.496,
    "segment": "th e the true fact, considering the cost of an L_E_D_, we could just incorporate it anyway. The L_E_D_s can be surprisingly bright now.",
    "speaker_id": "B",
    "start_time": 1864.832
  },
  {
    "end_time": 1874.736,
    "segment": "Um.",
    "speaker_id": "B",
    "start_time": 1873.728
  },
  {
    "end_time": 1890.32,
    "segment": "So by the sounds of it, with what we're suggesting so far, your design um the user interface is still quite open, you could go for quite an interesting design. Because we're only going to have a very few key and you've got",
    "speaker_id": "B",
    "start_time": 1876.352
  },
  {
    "end_time": 1915.632,
    "segment": "you know a small L_C_D_, joystick, e I think it leaves you open to a a potential wide range of shapes, something that can make it stand out slightly. Um if you could look into what we've suggested so far, the feasibility of um small transmitter, um and such, maybe if an L_C_D_ screen requires too much power, or such.",
    "speaker_id": "B",
    "start_time": 1891.552
  },
  {
    "end_time": 1920.288,
    "segment": "Ebenezer, um, Marketing Expert",
    "speaker_id": "B",
    "start_time": 1916.64
  },
  {
    "end_time": 1949.296,
    "segment": "If, yeah if you could maybe as well see what people think about the idea of this minimalist approach that we've taken, where of a joystick to control the very basic functions, and then the idea of manipulating it like you would a mobile. I don't know how easy that will be within the time frame, but could be something we could maybe look into.",
    "speaker_id": "B",
    "start_time": 1931.09
  },
  {
    "end_time": 1960.24,
    "segment": "Okay. Um any last comments that anybody would like to put forward? Anything that they think has been missed out. Bit of a wide open question there of course.",
    "speaker_id": "B",
    "start_time": 1951.312
  },
  {
    "end_time": 1972.896,
    "segment": "Feel free to email me if you think that uh we've screwed something up and wanna get it rectified as soon as possible.",
    "speaker_id": "B",
    "start_time": 1966.4
  },
  {
    "end_time": 1975.856,
    "segment": "Right.",
    "speaker_id": "B",
    "start_time": 1974.144
  },
  {
    "end_time": 1983.44,
    "segment": "Speaker and L_E_D_ for locating, um,",
    "speaker_id": "B",
    "start_time": 1980.192
  },
  {
    "end_time": 1986.304,
    "segment": "transmitter",
    "speaker_id": "B",
    "start_time": 1985.024
  },
  {
    "end_time": 2002.928,
    "segment": "getting the external power source, yep, that's quite true.",
    "speaker_id": "B",
    "start_time": 1999.566
  },
  {
    "end_time": 2021.152,
    "segment": "Um, and something that we can can easily be adopted at the last minute as well I'd say. The electronics could be s either placed externally or internally, makes no difference to the final product of the actual remote control, so that's good. Uses maybe gives us a new potential market.",
    "speaker_id": "B",
    "start_time": 2004.144
  },
  {
    "end_time": 2026.528,
    "segment": "'Kay.",
    "speaker_id": "B",
    "start_time": 2025.327
  },
  {
    "end_time": 2051.44,
    "segment": "Oh, one thing that we've almost not talked about at all, my apologies for that, um, user interface, we also need to maybe get the slogan in here, um it's, I'm pointing at my laptop, what in God",
    "speaker_id": "B",
    "start_time": 2037.714
  },
  {
    "end_time": 2056.608,
    "segment": "Real reaction, and such. So um",
    "speaker_id": "B",
    "start_time": 2053.088
  },
  {
    "end_time": 2058.953,
    "segment": "Oh, sorry.",
    "speaker_id": "B",
    "start_time": 2058.24
  },
  {
    "end_time": 2078.496,
    "segment": "My apologies. No it could well be, I've probably missed that. Um, I think that's l almost the last minute thing we can just incorporate into the actual plastic on top. So I'm not too concerned a that we haven't gone into depth about that. But it might be something you could consider when you're thinking about shapes?",
    "speaker_id": "B",
    "start_time": 2061.56
  },
  {
    "end_time": 2088.352,
    "segment": "In fact we might like to put a slogan on, and um possibly the two R_s to signify the company. Rather than real reaction.",
    "speaker_id": "B",
    "start_time": 2079.888
  },
  {
    "end_time": 2100.48,
    "segment": "Sounds good. And I'd say that that's us for now. Okay.",
    "speaker_id": "B",
    "start_time": 2095.809
  },
  {
    "end_time": 6.752,
    "segment": "Just put it on the deskt desktop.",
    "speaker_id": "C",
    "start_time": 4.304
  },
  {
    "end_time": 17.552,
    "segment": "Project documents, yeah.",
    "speaker_id": "C",
    "start_time": 16.384
  },
  {
    "end_time": 20.368,
    "segment": "What's your username?",
    "speaker_id": "C",
    "start_time": 19.568
  },
  {
    "end_time": 23.92,
    "segment": "What's your username and password?",
    "speaker_id": "C",
    "start_time": 22.464
  },
  {
    "end_time": 29.536,
    "segment": "Mm-hmm.",
    "speaker_id": "C",
    "start_time": 29.072
  },
  {
    "end_time": 34.864,
    "segment": "Sorry.",
    "speaker_id": "C",
    "start_time": 34.432
  },
  {
    "end_time": 40.354,
    "segment": "Okay.",
    "speaker_id": "C",
    "start_time": 39.408
  },
  {
    "end_time": 42.24,
    "segment": "There we go.",
    "speaker_id": "C",
    "start_time": 41.792
  },
  {
    "end_time": 144.714,
    "segment": "'Kay.",
    "speaker_id": "C",
    "start_time": 144.154
  },
  {
    "end_time": 151.664,
    "segment": "Sure.",
    "speaker_id": "C",
    "start_time": 151.008
  },
  {
    "end_time": 159.792,
    "segment": "Um, sh would you like to I'll just do it from here.",
    "speaker_id": "C",
    "start_time": 154.944
  },
  {
    "end_time": 168.416,
    "segment": "Um, try second one maybe.",
    "speaker_id": "C",
    "start_time": 166.192
  },
  {
    "end_time": 175.92,
    "segment": "Try it, yeah maybe.",
    "speaker_id": "C",
    "start_time": 174.896
  },
  {
    "end_time": 181.552,
    "segment": "Yeah. Okay. Oh, I thought I put in my last name, I guess not, but.",
    "speaker_id": "C",
    "start_time": 176.622
  },
  {
    "end_time": 184.192,
    "segment": "Okay.",
    "speaker_id": "C",
    "start_time": 182.816
  },
  {
    "end_time": 192.273,
    "segment": "Oh yeah, that'd be fine, that'd be great. Okay. Functional requirement by me Ebenezer.",
    "speaker_id": "C",
    "start_time": 186.368
  },
  {
    "end_time": 228.033,
    "segment": "Okay, so um we did some research, we asked one hundred people their opinions on remote controls. We asked some uh open ended questions, just, what are your opinions on the remote control, got a lot of re responses, and we asked some very specific questions, and we got a lot of good feedback. Please bear in mind this is only a hundred people, so even when the groups are divided into fifteen to twenty five, twenty five to thirty five, there's only maybe ten people fifteen people in each group. Okay.",
    "speaker_id": "C",
    "start_time": 194.016
  },
  {
    "end_time": 265.148,
    "segment": "So we got some the bad stuff we got, remotes are often lost. I often lose my remote control, the back of the couch, some place, and even if it's not lost permanently, it takes me a few minutes to find it. Most buttons are not used any more, like you said, teletext is outdated now. I remember trying to load a D_V_D_ player recently, and there were so many buttons, it took me I don't know maybe ten minutes to to go through each button, 'cause you have to press the shift button to access the yellow buttons, you know there's just a lot of stuff that no one really uses. And if they do, not very often.",
    "speaker_id": "C",
    "start_time": 229.088
  },
  {
    "end_time": 316.336,
    "segment": "Takes too long to master the remote control. I've seen some remote controls that are big, they have a lot of buttons, you have to hold down more than one key at one time to do something, they're just not great to use. We just got a lot of bad complaints about remote controls, people do not like remote controls. Some of the good stuff we got. Between the age of uh fifteen and twenty five, most people would be willing to pay extra for voice recognition software. Now don't get excited yet, I've got more to say on that. Most people'd be willing to pay for that um most people want remote controls to be pretty, they want it to be fancy, th they they want it to be different, everybody has a white remote control with black buttons, and a red button and a green button, not everybody wants that. Finally, my opinion.",
    "speaker_id": "C",
    "start_time": 266.288
  },
  {
    "end_time": 373.712,
    "segment": "The voice recognition thing is cool. And uh voice recognition, the software, open source software exist already. It's a bit sketchy at some times, uh, you're not gonna get good always accurate results, but for a very fixed number of words, you know you have, how many different words can you have for a remote control, up, down, left, right, channel five, channel seven, you know, how many, you can't have that many words. For a fixed vocabulary it works quite well. I'm pretty sure people would buy it. But after a while people may wanna return it, because if you have to to say som I mean most people use a remote control for switching to channels, and they say they do that about ninety eight percent of the time. Using the remote control, ninety eight percent of the time for changing channels, and that's for flickering through channels. So if you have to say up, up, up, up, if you have to do that all the time, then people might get a bit fed up with that and they may return it.",
    "speaker_id": "C",
    "start_time": 318.288
  },
  {
    "end_time": 386.577,
    "segment": "However, oh, because the voice recognition software exists already, there's no need to spend money on research and development, but this does mean the need for microphones in the",
    "speaker_id": "C",
    "start_time": 374.384
  },
  {
    "end_time": 438.464,
    "segment": "in the remote control, which is an unusual feature in my opinion. But if we do have the voice recognition thing, there's a lot of stuff that you can uh get rid of. See, you could there're two options. Either you have voice recognition by itself, which I think is a bit impractical for like night time if you wanna be watching television and you wanna be quiet, or I don't know you have a visitor coming round and the remote's only trained for you, it's a bit impractical to have just voice recognition by itself. So you can have voice recognition and a regular remote. But imagine you got rid of the regular remote part, then you can design the remote to look any way you want it to look, because there are no restrictions on physical size, or shape, it it could be as fancy as you want it to be, you know, it could be like a lollipop or something like that, something weird like that. As long as the voice recognition stuff works, that's that's fine.",
    "speaker_id": "C",
    "start_time": 387.616
  },
  {
    "end_time": 464.128,
    "segment": "So we have the three birds, we have the design, that we have the the fancy bit, right, the voice recognition's fancy, it's cool, it's different, it's radical, so, and then we have an extra bit I don't remember so I'm pretty sure people will buy the remote, but is it practical to have a voice recognition system in a remote control, I think is a big question. Um, will people",
    "speaker_id": "C",
    "start_time": 439.808
  },
  {
    "end_time": 513.472,
    "segment": "will people be willing to wait for the the period that it'll take to train the remote, 'cause I think it will the remote will uh get better over time with the same user user, but for the first week or for the first two weeks are you willing to wait, are you willing to have a bad remote control. And uh what if you have visitors come round, they stay the night, they wanna use the T_V_, they can't use the remote because they speak differently to you. Um, how do you account for regional accents and stuff like that. Uh, will people return the remote control, I think a lot of young people will buy the remote control, if they have the money, you know, so, do our audience have the money, but would they return it after a while because it's not as fast as pressing a button, it's not a practical. So. These are things I think we should consider. I think it's cool,",
    "speaker_id": "C",
    "start_time": 465.456
  },
  {
    "end_time": 515.632,
    "segment": "I'm sorry?",
    "speaker_id": "C",
    "start_time": 515.072
  },
  {
    "end_time": 519.568,
    "segment": "Sure. I'm about to end, yeah. I think it's cool",
    "speaker_id": "C",
    "start_time": 517.105
  },
  {
    "end_time": 523.344,
    "segment": "but there are definitely some considerations.",
    "speaker_id": "C",
    "start_time": 520.624
  },
  {
    "end_time": 524.96,
    "segment": "So, yeah.",
    "speaker_id": "C",
    "start_time": 523.932
  },
  {
    "end_time": 543.664,
    "segment": "There was uh a website, uh,",
    "speaker_id": "C",
    "start_time": 541.232
  },
  {
    "end_time": 545.248,
    "segment": "right here.",
    "speaker_id": "C",
    "start_time": 544.816
  },
  {
    "end_time": 551.216,
    "segment": "G I started making stuff up, then I got an email saying",
    "speaker_id": "C",
    "start_time": 545.969
  },
  {
    "end_time": 771.12,
    "segment": "Mm.",
    "speaker_id": "C",
    "start_time": 770.896
  },
  {
    "end_time": 867.952,
    "segment": "Well like if you go to one, uh whichever one you were working yeah, and you just click file save as.",
    "speaker_id": "C",
    "start_time": 861.072
  },
  {
    "end_time": 1080.176,
    "segment": "Mm-hmm.",
    "speaker_id": "C",
    "start_time": 1079.872
  },
  {
    "end_time": 1101.04,
    "segment": "'Kay.",
    "speaker_id": "C",
    "start_time": 1100.56
  },
  {
    "end_time": 1122.432,
    "segment": "Mm.",
    "speaker_id": "C",
    "start_time": 1122.144
  },
  {
    "end_time": 1124.752,
    "segment": "I uh",
    "speaker_id": "C",
    "start_time": 1124.256
  },
  {
    "end_time": 1153.056,
    "segment": "Mm-hmm.",
    "speaker_id": "C",
    "start_time": 1152.784
  },
  {
    "end_time": 1194.048,
    "segment": "Mm.",
    "speaker_id": "C",
    "start_time": 1193.792
  },
  {
    "end_time": 1264.384,
    "segment": "Sure but the idea of a remote with a menu or and a joystick I think like I h if I was in the habit of buying remote controls then I would want one, but I think we don't have a specific audience, you know, like what is our target audience, what niche are niche are we trying to market and corner. You know, you know what I'm saying, like, for whom is this intended? Everybody?",
    "speaker_id": "C",
    "start_time": 1239.189
  },
  {
    "end_time": 1277.501,
    "segment": "Most people, yeah.",
    "speaker_id": "C",
    "start_time": 1276.624
  },
  {
    "end_time": 1288.0,
    "segment": "Mm-hmm.",
    "speaker_id": "C",
    "start_time": 1287.696
  },
  {
    "end_time": 1293.878,
    "segment": "Sure. I think that's fair yeah.",
    "speaker_id": "C",
    "start_time": 1291.584
  },
  {
    "end_time": 1314.336,
    "segment": "Mm-hmm.",
    "speaker_id": "C",
    "start_time": 1314.032
  },
  {
    "end_time": 1332.368,
    "segment": "Mm-hmm.",
    "speaker_id": "C",
    "start_time": 1332.096
  },
  {
    "end_time": 1343.184,
    "segment": "Mm-hmm.",
    "speaker_id": "C",
    "start_time": 1342.848
  },
  {
    "end_time": 1352.56,
    "segment": "Mm-hmm.",
    "speaker_id": "C",
    "start_time": 1352.24
  },
  {
    "end_time": 1437.984,
    "segment": "Yeah. Mm-hmm.",
    "speaker_id": "C",
    "start_time": 1436.656
  },
  {
    "end_time": 1487.92,
    "segment": "Yeah.",
    "speaker_id": "C",
    "start_time": 1486.719
  },
  {
    "end_time": 1503.712,
    "segment": "Hmm.",
    "speaker_id": "C",
    "start_time": 1503.472
  },
  {
    "end_time": 1506.736,
    "segment": "Okay, specifically television.",
    "speaker_id": "C",
    "start_time": 1505.312
  },
  {
    "end_time": 1513.648,
    "segment": "So the joystick is just for differentness.",
    "speaker_id": "C",
    "start_time": 1509.328
  },
  {
    "end_time": 1517.618,
    "segment": "Okay.",
    "speaker_id": "C",
    "start_time": 1517.312
  },
  {
    "end_time": 1538.872,
    "segment": "Mm.",
    "speaker_id": "C",
    "start_time": 1537.056
  },
  {
    "end_time": 1542.384,
    "segment": "Mm-hmm.",
    "speaker_id": "C",
    "start_time": 1542.096
  },
  {
    "end_time": 1567.808,
    "segment": "It's just, the way I figure it, twelve point five Euros per unit, we have to sell at least like three million or something like that, not to account for all the the money we waste on remotes that no one buys, you know, like if we made a perf if we made a ks for every remote we made someone bought it, then we have to sell a lot of remote controls. We just",
    "speaker_id": "C",
    "start_time": 1543.696
  },
  {
    "end_time": 1571.44,
    "segment": "Is this gonna be enough to to sell?",
    "speaker_id": "C",
    "start_time": 1569.488
  },
  {
    "end_time": 1580.8,
    "segment": "Yeah.",
    "speaker_id": "C",
    "start_time": 1580.512
  },
  {
    "end_time": 1597.344,
    "segment": "I had one of those, and my brother, and my dad, could have beat me up because it it went off all the time accidentally.",
    "speaker_id": "C",
    "start_time": 1590.208
  },
  {
    "end_time": 1600.962,
    "segment": "The clapping one.",
    "speaker_id": "C",
    "start_time": 1599.44
  },
  {
    "end_time": 1617.53,
    "segment": "To a television.",
    "speaker_id": "C",
    "start_time": 1616.416
  },
  {
    "end_time": 1623.648,
    "segment": "Yeah.",
    "speaker_id": "C",
    "start_time": 1623.088
  },
  {
    "end_time": 1626.48,
    "segment": "Yeah, that's a good idea.",
    "speaker_id": "C",
    "start_time": 1625.712
  },
  {
    "end_time": 1658.56,
    "segment": "I think so, yeah.",
    "speaker_id": "C",
    "start_time": 1656.238
  },
  {
    "end_time": 1729.28,
    "segment": "But we have a frequency of how what people use a remote control for most. Um, power is used like once per hour, channel selection is used a hundred and sixty eight per hour, that's by far the biggest one, and then teletext, is still here, that's like fourteen, and volume selection.",
    "speaker_id": "C",
    "start_time": 1707.568
  },
  {
    "end_time": 1734.806,
    "segment": "No, yeah, okay okay.",
    "speaker_id": "C",
    "start_time": 1733.12
  },
  {
    "end_time": 1737.409,
    "segment": "Yeah, um",
    "speaker_id": "C",
    "start_time": 1735.648
  },
  {
    "end_time": 1789.664,
    "segment": "Mm-hmm.",
    "speaker_id": "C",
    "start_time": 1789.328
  },
  {
    "end_time": 1831.091,
    "segment": "Um, I think because it's so small it might be an uh I mean if we only have like two three buttons it might be essential to have to have that",
    "speaker_id": "C",
    "start_time": 1823.216
  },
  {
    "end_time": 1833.36,
    "segment": "Yeah.",
    "speaker_id": "C",
    "start_time": 1831.744
  },
  {
    "end_time": 1852.672,
    "segment": "Speaker yeah.",
    "speaker_id": "C",
    "start_time": 1850.96
  },
  {
    "end_time": 1865.264,
    "segment": "W those little key-rings have both, so",
    "speaker_id": "C",
    "start_time": 1861.541
  },
  {
    "end_time": 1868.88,
    "segment": "Yeah.",
    "speaker_id": "C",
    "start_time": 1868.608
  },
  {
    "end_time": 1870.812,
    "segment": "Yeah.",
    "speaker_id": "C",
    "start_time": 1870.272
  },
  {
    "end_time": 1872.768,
    "segment": "Yeah.",
    "speaker_id": "C",
    "start_time": 1872.48
  },
  {
    "end_time": 1877.664,
    "segment": "Yeah.",
    "speaker_id": "C",
    "start_time": 1877.168
  },
  {
    "end_time": 1932.432,
    "segment": "Well I can give you the frequency, what people what options people use most often, I guess that's gonna be important in the ts defining the the software side of the interface, right. You want the stuff.",
    "speaker_id": "C",
    "start_time": 1918.191
  },
  {
    "end_time": 1941.28,
    "segment": "Okay.",
    "speaker_id": "C",
    "start_time": 1940.976
  },
  {
    "end_time": 1945.28,
    "segment": "Okay.",
    "speaker_id": "C",
    "start_time": 1944.912
  },
  {
    "end_time": 1948.273,
    "segment": "Mm-hmm.",
    "speaker_id": "C",
    "start_time": 1947.672
  },
  {
    "end_time": 1950.688,
    "segment": "Sure. Sure.",
    "speaker_id": "C",
    "start_time": 1949.216
  },
  {
    "end_time": 1963.44,
    "segment": "Mm.",
    "speaker_id": "C",
    "start_time": 1963.056
  },
  {
    "end_time": 1973.312,
    "segment": "Sure.",
    "speaker_id": "C",
    "start_time": 1972.816
  },
  {
    "end_time": 1975.472,
    "segment": "'Kay. Yeah.",
    "speaker_id": "C",
    "start_time": 1974.56
  },
  {
    "end_time": 1984.343,
    "segment": "Transmitter.",
    "speaker_id": "C",
    "start_time": 1983.36
  },
  {
    "end_time": 541.125,
    "segment": "How did where did where did you get all your in information?",
    "speaker_id": "D",
    "start_time": 535.287
  },
  {
    "end_time": 543.223,
    "segment": "Oh.",
    "speaker_id": "D",
    "start_time": 542.672
  },
  {
    "end_time": 545.879,
    "segment": "Ah, okay.",
    "speaker_id": "D",
    "start_time": 545.264
  },
  {
    "end_time": 801.134,
    "segment": "Yeah.",
    "speaker_id": "D",
    "start_time": 800.352
  },
  {
    "end_time": 806.0,
    "segment": "Uh, I was still working on stuff, I hadn't got it finished. Um, alright.",
    "speaker_id": "D",
    "start_time": 801.632
  },
  {
    "end_time": 810.048,
    "segment": "Click to save in where do I have to save it?",
    "speaker_id": "D",
    "start_time": 807.04
  },
  {
    "end_time": 825.888,
    "segment": "Um, what I've done with it, I'm sorry.",
    "speaker_id": "D",
    "start_time": 823.627
  },
  {
    "end_time": 836.688,
    "segment": "Shit.",
    "speaker_id": "D",
    "start_time": 836.064
  },
  {
    "end_time": 845.072,
    "segment": "Um",
    "speaker_id": "D",
    "start_time": 842.99
  },
  {
    "end_time": 860.56,
    "segment": "I'm just closing it now. where I've saved it.",
    "speaker_id": "D",
    "start_time": 857.2
  },
  {
    "end_time": 865.896,
    "segment": "that's it there, yeah.",
    "speaker_id": "D",
    "start_time": 864.402
  },
  {
    "end_time": 877.969,
    "segment": "Oh right.",
    "speaker_id": "D",
    "start_time": 876.424
  },
  {
    "end_time": 893.424,
    "segment": "Uh, right I'm responsible for working design, uh, this is basically the inside going on of the",
    "speaker_id": "D",
    "start_time": 886.096
  },
  {
    "end_time": 910.752,
    "segment": "the uh remote control. So we have the energy source, we have the user interface, this this is what I've seen. Uh the sender will push the button, the chip will respond, uh and then the dig digital signal is sent to the T_V_. So uh",
    "speaker_id": "D",
    "start_time": 894.576
  },
  {
    "end_time": 953.296,
    "segment": "uh, if you go to next slide, you'll see you'll see uh what do we need on the user interface. Do we need uh many buttons, or do we need l many light bulbs that could be easier to uh to realise which appliances are on or not. Um,, or would that take too much power, would we need more um components in there to supply the power? Um, the joystick is another thing, if we were gonna add that, um, there'd be more components to deal with that. Um, so uh we need to I dunno exactly what",
    "speaker_id": "D",
    "start_time": 911.936
  },
  {
    "end_time": 969.84,
    "segment": "That's the design of the the the layout of the uh electronic design, but um obviously there'll be more details once we've decided what we're putting on the user interface. So, that'll be decided, I guess.",
    "speaker_id": "D",
    "start_time": 955.76
  },
  {
    "end_time": 973.424,
    "segment": "Uh, and the next slide.",
    "speaker_id": "D",
    "start_time": 971.584
  },
  {
    "end_time": 975.232,
    "segment": "Oh, yeah",
    "speaker_id": "D",
    "start_time": 974.448
  },
  {
    "end_time": 986.48,
    "segment": "Um, if you go to the next slide then. I just used the it was a mess, uh I was just putting adding it together at the end there. Uh",
    "speaker_id": "D",
    "start_time": 976.896
  },
  {
    "end_time": 994.848,
    "segment": "Uh so you have the energy source obviously connected to the chip, and the user interface obviously contains everything.",
    "speaker_id": "D",
    "start_time": 987.071
  },
  {
    "end_time": 1006.629,
    "segment": "You have the switch turn it on, infrared bulb, uh will contact the T_V_ and will have whatever device or D_V_D_ player, the bulb will turn on to say it's on.",
    "speaker_id": "D",
    "start_time": 994.848
  },
  {
    "end_time": 1017.664,
    "segment": "Uh, so do we need on the control uh different buttons to decide, or different light bulbs, would it be easier? Um, I dunno what we should decide on that.",
    "speaker_id": "D",
    "start_time": 1006.629
  },
  {
    "end_time": 1022.784,
    "segment": "No, it's finished, yeah.",
    "speaker_id": "D",
    "start_time": 1021.712
  },
  {
    "end_time": 1065.536,
    "segment": "Cost. Mm.",
    "speaker_id": "D",
    "start_time": 1062.561
  },
  {
    "end_time": 1130.544,
    "segment": "L_C_D_ on the remote just telling you what's on, or uh, interactive L_C_D_ or",
    "speaker_id": "D",
    "start_time": 1124.32
  },
  {
    "end_time": 1183.056,
    "segment": "Do you think that people will get mixed up, like, they'll be looking at this screen and that screen and then, you know, trying to get everything working, would it be a bit confusing?",
    "speaker_id": "D",
    "start_time": 1172.985
  },
  {
    "end_time": 1188.242,
    "segment": "Yeah.",
    "speaker_id": "D",
    "start_time": 1187.952
  },
  {
    "end_time": 1653.046,
    "segment": "Yeah",
    "speaker_id": "D",
    "start_time": 1652.112
  },
  {
    "end_time": 1701.808,
    "segment": "We're just saying volume. Should volume be important in the joystick, do you think?",
    "speaker_id": "D",
    "start_time": 1697.648
  },
  {
    "end_time": 1707.488,
    "segment": "Yep.",
    "speaker_id": "D",
    "start_time": 1707.296
  },
  {
    "end_time": 1714.919,
    "segment": "I",
    "speaker_id": "D",
    "start_time": 1714.21
  },
  {
    "end_time": 1822.928,
    "segment": "Yeah, think so.",
    "speaker_id": "D",
    "start_time": 1822.016
  },
  {
    "end_time": 1848.928,
    "segment": "Light bulb as well, no?",
    "speaker_id": "D",
    "start_time": 1847.042
  },
  {
    "end_time": 1855.024,
    "segment": "And a light bulb? No. To flash. No.",
    "speaker_id": "D",
    "start_time": 1852.784
  },
  {
    "end_time": 1858.576,
    "segment": "Nah, you'd see it anyway, if you hear it.",
    "speaker_id": "D",
    "start_time": 1856.624
  },
  {
    "end_time": 1862.424,
    "segment": "Yeah.",
    "speaker_id": "D",
    "start_time": 1861.683
  },
  {
    "end_time": 1873.136,
    "segment": "Mm-hmm.",
    "speaker_id": "D",
    "start_time": 1872.656
  },
  {
    "end_time": 1981.202,
    "segment": "So I should just look at um the speaker, the speaker and an L_E_D_. And",
    "speaker_id": "D",
    "start_time": 1975.408
  },
  {
    "end_time": 1984.96,
    "segment": "Yeah, and a transmitter.",
    "speaker_id": "D",
    "start_time": 1982.739
  },
  {
    "end_time": 2027.172,
    "segment": "P",
    "speaker_id": "D",
    "start_time": 2026.276
  },
  {
    "end_time": 2048.192,
    "segment": "Fashion.",
    "speaker_id": "D",
    "start_time": 2047.536
  },
  {
    "end_time": 2061.296,
    "segment": "The slogan is yeah, the slogan's we put the fashion in electronics, isn't it?",
    "speaker_id": "D",
    "start_time": 2057.08
  },
  {
    "end_time": 2066.637,
    "segment": "'S also look cool.",
    "speaker_id": "D",
    "start_time": 2065.435
  }
]