[
  {
    "acts": [
      {
        "act": "Okay.",
        "end_time": 42.39,
        "start_time": 41.24
      },
      {
        "act": "Okay, almost there.",
        "end_time": 43.09,
        "start_time": 41.74
      },
      {
        "act": "Okay. We'll sta I'll use the PowerPoint, I guess.",
        "end_time": 48.1,
        "start_time": 43.17
      }
    ],
    "other_description": null,
    "topic": "chitchat"
  },
  {
    "acts": [
      {
        "act": "How was that, was that fun?",
        "end_time": 49.82,
        "start_time": 48.1
      },
      {
        "act": "Mm. Very fun.",
        "end_time": 52.69,
        "start_time": 50.32
      },
      {
        "act": "Yeah, yeah.",
        "end_time": 51.73,
        "start_time": 51.06
      },
      {
        "act": "Okay. Uh oh I've forgotten to mail you the minutes, but I will do. Upsidaisy. Um Um we Yeah.",
        "end_time": 68.01,
        "start_time": 53.41
      },
      {
        "act": "Okay.",
        "end_time": 61.01,
        "start_time": 60.45
      },
      {
        "act": "Hmm. E excuse me I forgot my",
        "end_time": 68.25,
        "start_time": 61.34
      },
      {
        "act": "Alright, okay, yeah.",
        "end_time": 70.44,
        "start_time": 69.48
      },
      {
        "act": "copy.",
        "end_time": 70.64,
        "start_time": 69.71
      },
      {
        "act": "He's gonna get his pen.",
        "end_time": 73.91,
        "start_time": 73.19
      },
      {
        "act": "Oh right. Okay.",
        "end_time": 75.21,
        "start_time": 74.52
      },
      {
        "act": "Um Will you guys first with your prototype um before we get to the good news?",
        "end_time": 85.29,
        "start_time": 75.56
      },
      {
        "act": "Yeah, there's good news? Oh.",
        "end_time": 88.25,
        "start_time": 86.23
      },
      {
        "act": "Uh we have budget problems.",
        "end_time": 92.09,
        "start_time": 87.35
      },
      {
        "act": "Mm.",
        "end_time": 89.48,
        "start_time": 88.83
      },
      {
        "act": "Oh.",
        "end_time": 93.18,
        "start_time": 92.32
      },
      {
        "act": "I'm afraid you're all sacked. Oops. I don't even have this on.",
        "end_time": 97.8,
        "start_time": 94.37
      },
      {
        "act": "Cutbacks. Hmm.",
        "end_time": 99.21,
        "start_time": 94.37
      },
      {
        "act": "Okay, have you got a presentation to make? No. Okay so it's just your your show.",
        "end_time": 125.82,
        "start_time": 120.13
      },
      {
        "act": "Okay.",
        "end_time": 121.59,
        "start_time": 120.92
      },
      {
        "act": "No, not mine yet.",
        "end_time": 123.86,
        "start_time": 122.62
      },
      {
        "act": "Oh.",
        "end_time": 124.86,
        "start_time": 124.57
      }
    ],
    "other_description": null,
    "topic": "opening"
  },
  {
    "acts": [
      {
        "act": "Um maybe we should bring so that the camera can see. Yeah.",
        "end_time": 130.22,
        "start_time": 126.64
      },
      {
        "act": "Okay. Sure.",
        "end_time": 130.2,
        "start_time": 129.3
      },
      {
        "act": "Okay.",
        "end_time": 131.52,
        "start_time": 131.25
      },
      {
        "act": "We made three for you.",
        "end_time": 138.03,
        "start_time": 135.76
      },
      {
        "act": "Three? Oh.",
        "end_time": 138.64,
        "start_time": 137.23
      },
      {
        "act": "Um one's based on the banana, one's based on the tomato and the other one is st",
        "end_time": 147.36,
        "start_time": 139.7
      },
      {
        "act": "Tomato? What tomato? I don't recall a tomato.",
        "end_time": 150.7,
        "start_time": 145.3
      },
      {
        "act": "Look. Oh yeah, well yeah, we had v some red left over. So. Okay, so this is the um non to non uh no buttons one, or as mm few buttons as possible, mainly speak recognition. The yellow there is the um the slogan, yeah, that we need to incorporate, it's very simple. If you do need buttons, you can flip it over, and there's some there, um but mainly it's speech recognition.",
        "end_time": 177.63,
        "start_time": 149.88
      },
      {
        "act": "Ah I see, okay. Mm-hmm. Logo. Okay, brilliant. Okay. Okay, so the buttons would be like, you know individual users, or Yeah.",
        "end_time": 181.98,
        "start_time": 153.13
      },
      {
        "act": "Yeah. Yeah and yeah they might project things onto the screen which you can do on there. Mm I'm not sure about that. Um and this one is the one w more like the one w that we looked at earlier. Yeah, you guys can have a look at that if you want.",
        "end_time": 198.35,
        "start_time": 181.14
      },
      {
        "act": "Alright, okay. Right. That's groovy.",
        "end_time": 199.08,
        "start_time": 187.01
      },
      {
        "act": "Yeah.",
        "end_time": 198.02,
        "start_time": 197.8
      },
      {
        "act": "Well I like the feel of it, I like the feel of it.",
        "end_time": 203.25,
        "start_time": 201.03
      },
      {
        "act": "Uh can I have",
        "end_time": 201.98,
        "start_time": 200.21
      },
      {
        "act": "Yeah, sure. Um that one is Oh no, it's delicate.",
        "end_time": 207.84,
        "start_time": 201.99
      },
      {
        "act": "Oh sorry s",
        "end_time": 207.23,
        "start_time": 206.1
      },
      {
        "act": "At Oh dear.",
        "end_time": 209.44,
        "start_time": 206.76
      },
      {
        "act": "That's that's already got its stand that one. That's it stand. It does also lie flat, but that's the that yellow stand there represents the the charging stand. Um the black on the back is the slogan.",
        "end_time": 223.39,
        "start_time": 209.8
      },
      {
        "act": "Alright, okay. Okay, brilliant mm. Okay, nice and obvious there, if it's standing up, I guess, yeah.",
        "end_time": 228.48,
        "start_time": 212.54
      },
      {
        "act": "Uh yeah, that Well, we did think of that.",
        "end_time": 227.76,
        "start_time": 225.01
      },
      {
        "act": "Yeah, if it's standing up it's it's on there, but also we're gonna have the company name on the front, which is the little black kind of line in the middle. So um and that's the um transmit the L_E_D_ thing. These are the s two scroll ones which we thought could be channel up and down and volume up and down. We n were weren't sure about putting them there, because um i it's it kind of could get bashed.",
        "end_time": 256.02,
        "start_time": 228.44
      },
      {
        "act": "Oh right, okay, brilliant. Like that from its centre. Where you're, yeah, uh were you're holding it kind of",
        "end_time": 257.3,
        "start_time": 236.59
      },
      {
        "act": "Yeah. Well, if you hold it, you can you all can hold it, is it does actually feel quite ergonomic, if you've got small hands. Um, obviously I don't think that's real sized. It would have to be a bit bigger. Okay. Um that's a speaker at the top, so you can speak into it like a little walkie-talkie as well for speak recognition.",
        "end_time": 278.41,
        "start_time": 257.46
      },
      {
        "act": "Mm-hmm. Yeah. Okay.",
        "end_time": 267.04,
        "start_time": 262.52
      },
      {
        "act": "Mm.",
        "end_time": 264.87,
        "start_time": 264.64
      },
      {
        "act": "Yeah, okay. Yeah, scale model, yeah. Mm-hmm.",
        "end_time": 279.01,
        "start_time": 269.51
      },
      {
        "act": "Um and um then the buttons. Yeah kind of self-explanatory, just buttons whenever you need them. Tried to keep it simple. Oh that's the charging base prongs at the bottom. We used those. And um then the big red button in the middle is the on and off one. It's not in the traditional place, but um it's quite an obvious place.",
        "end_time": 305.23,
        "start_time": 279.36
      },
      {
        "act": "Alright, excellent. Okay. No. It's out of the way as well, I suppose, so. Excellent.",
        "end_time": 306.19,
        "start_time": 294.29
      },
      {
        "act": "So there we go and and um we have the banana-based one too.",
        "end_time": 314.63,
        "start_time": 307.36
      },
      {
        "act": "Oh yeah, yeah.",
        "end_time": 313.63,
        "start_time": 312.74
      },
      {
        "act": "Yep.",
        "end_time": 315.83,
        "start_time": 314.24
      },
      {
        "act": "This one is uh, I suppose for the younger audiences.",
        "end_time": 318.14,
        "start_time": 315.07
      },
      {
        "act": "Okay, so so Barney the banana.",
        "end_time": 322.27,
        "start_time": 318.84
      },
      {
        "act": "A a more friendly type of Right, right. It's to uh induce more television watching I suppose or",
        "end_time": 327.36,
        "start_time": 319.22
      },
      {
        "act": "Ah excellent, just what we need.",
        "end_time": 328.16,
        "start_time": 326.65
      },
      {
        "act": "Yeah.",
        "end_time": 328.95,
        "start_time": 328.35
      },
      {
        "act": "Yeah. Say it for the camera.",
        "end_time": 330.55,
        "start_time": 328.36
      },
      {
        "act": "Lo Sort of Loch Ness banana.",
        "end_time": 335.47,
        "start_time": 333.31
      },
      {
        "act": "Mm-hmm.",
        "end_time": 332.3,
        "start_time": 331.81
      },
      {
        "act": "Mm-hmm.",
        "end_time": 336.53,
        "start_time": 335.11
      },
      {
        "act": "Right, right.",
        "end_time": 336.97,
        "start_time": 335.9
      },
      {
        "act": "Cool yeah. Well, nice to have uh options at least. 'Kay and",
        "end_time": 343.52,
        "start_time": 337.6
      },
      {
        "act": "Yeah.",
        "end_time": 341.71,
        "start_time": 341.53
      },
      {
        "act": "Yep.",
        "end_time": 342.69,
        "start_time": 341.79
      },
      {
        "act": "So are there any um improvements or issues or",
        "end_time": 348.46,
        "start_time": 343.06
      },
      {
        "act": "It won't stand.",
        "end_time": 347.22,
        "start_time": 346.52
      },
      {
        "act": "Oh there are issues, oh there are issues.",
        "end_time": 349.54,
        "start_time": 347.12
      },
      {
        "act": "Just let it lie down, it wont stand.",
        "end_time": 351.47,
        "start_time": 349.63
      }
    ],
    "other_description": null,
    "topic": "presentation of prototype(s)"
  },
  {
    "acts": [
      {
        "act": "Um main problem that we have unfortunately being finance.",
        "end_time": 356.89,
        "start_time": 352.34
      },
      {
        "act": "Oh.",
        "end_time": 358.31,
        "start_time": 357.25
      },
      {
        "act": "Uh, let's just enter in the um evaluation criteria. Um unfortunately",
        "end_time": 365.46,
        "start_time": 358.37
      },
      {
        "act": "the unit we are currently going to produce minus the extra scroll buttons, uh it's gonna cost us fourteen point six Euros.",
        "end_time": 374.68,
        "start_time": 366.53
      },
      {
        "act": "Mm.",
        "end_time": 372.5,
        "start_time": 372.26
      },
      {
        "act": "Oh.",
        "end_time": 375.65,
        "start_time": 375.16
      },
      {
        "act": "So we have to rea Sorry, I've accidentally highlighted somehow Um. There we go.",
        "end_time": 385.05,
        "start_time": 376.67
      },
      {
        "act": "What's on the uh on the left? Okay.",
        "end_time": 386.44,
        "start_time": 377.25
      },
      {
        "act": "Oh god, why is it doing that?",
        "end_time": 390.54,
        "start_time": 388.63
      },
      {
        "act": "Ooh.",
        "end_time": 389.21,
        "start_time": 389.02
      },
      {
        "act": "There we go. So basically, um in order to save our two Euros um I was thinking that we could have essentially the same shape, but just have it flattened.",
        "end_time": 411.51,
        "start_time": 392.66
      },
      {
        "act": "Mm-hmm. More like a traditional remote control.",
        "end_time": 415.26,
        "start_time": 412.31
      },
      {
        "act": "Um. Yeah, I mean it's already got a kind of cool shape, so but it wouldn't have to be curved sort of in and out. And by doing so Oh no, hold on. Doesn't save us quite as much.",
        "end_time": 426.63,
        "start_time": 413.78
      },
      {
        "act": "Mm-hmm. Mm-hmm.",
        "end_time": 420.99,
        "start_time": 417.82
      },
      {
        "act": "I don't know what's going on with this again.",
        "end_time": 429.85,
        "start_time": 428.29
      },
      {
        "act": "W why is the uh double curved two of them?",
        "end_time": 432.86,
        "start_time": 430.1
      },
      {
        "act": "Oh, good point.",
        "end_time": 436.0,
        "start_time": 434.9
      },
      {
        "act": "And double curve on both sides?",
        "end_time": 441.13,
        "start_time": 437.38
      },
      {
        "act": "Um.",
        "end_time": 439.48,
        "start_time": 439.0
      },
      {
        "act": "Curve. Yeah, this is double-curve, no? This is double-curve. It This one is single curve.",
        "end_time": 447.88,
        "start_time": 442.29
      },
      {
        "act": "That's sort of curve in and out.",
        "end_time": 446.7,
        "start_time": 443.73
      },
      {
        "act": "Is i Mm.",
        "end_time": 450.39,
        "start_time": 445.68
      },
      {
        "act": "'Cause this is single curve, this is curved on both sides. So double-curve.",
        "end_time": 453.93,
        "start_time": 449.58
      },
      {
        "act": "No, I think it means double curved as in um like uh a single curve on that bottom half, and the double curved would be if it was that similar curve upward. Okay, I might be wrong though.",
        "end_time": 468.3,
        "start_time": 453.91
      },
      {
        "act": "Like an S_ shape. Okay.",
        "end_time": 466.98,
        "start_time": 456.77
      },
      {
        "act": "Like this, one curve on this side, one curve on that side. Hmm. Hmm.",
        "end_time": 474.97,
        "start_time": 468.57
      },
      {
        "act": "I don't think that counts as a curve, I think that's just a shape.",
        "end_time": 473.96,
        "start_time": 471.49
      },
      {
        "act": "Okay.",
        "end_time": 475.09,
        "start_time": 474.73
      },
      {
        "act": "A curvature is like the this case.",
        "end_time": 477.95,
        "start_time": 475.06
      },
      {
        "act": "Maybe.",
        "end_time": 478.01,
        "start_time": 477.12
      },
      {
        "act": "'Cause that's the uh the biggest expense there, right. got two of them",
        "end_time": 483.03,
        "start_time": 479.03
      },
      {
        "act": "Okay.",
        "end_time": 479.45,
        "start_time": 478.93
      },
      {
        "act": "Yeah, and why why I've got it two, I don't know, I can't seem to select any more however.",
        "end_time": 486.34,
        "start_time": 481.63
      },
      {
        "act": "Okay. Well we can work around that um",
        "end_time": 490.68,
        "start_time": 486.98
      },
      {
        "act": "Mm-hmm.",
        "end_time": 490.87,
        "start_time": 490.2
      },
      {
        "act": "Right. No.",
        "end_time": 492.61,
        "start_time": 491.4
      },
      {
        "act": "Cut things out. But you think it should be one.",
        "end_time": 497.4,
        "start_time": 492.43
      },
      {
        "act": "It's meant to be one, yeah, I don't know why I put two in there, but um Hold on till I find it, I think this shift button might be stuck again.",
        "end_time": 505.1,
        "start_time": 498.44
      },
      {
        "act": "Okay.",
        "end_time": 501.16,
        "start_time": 500.89
      },
      {
        "act": "No maybe the shift button's stuck in. Um okay, so that would take away three, which would give us",
        "end_time": 517.9,
        "start_time": 508.55
      },
      {
        "act": "Yeah.",
        "end_time": 513.29,
        "start_time": 512.84
      },
      {
        "act": "Mm. Should",
        "end_time": 515.91,
        "start_time": 514.71
      },
      {
        "act": "Oh that's fine.",
        "end_time": 519.52,
        "start_time": 518.77
      },
      {
        "act": "Yeah, so we're",
        "end_time": 520.94,
        "start_time": 519.91
      },
      {
        "act": "Eleven uh eleven Euros sixty.",
        "end_time": 522.19,
        "start_time": 520.52
      },
      {
        "act": "Cool. Cool.",
        "end_time": 522.98,
        "start_time": 520.73
      },
      {
        "act": "Um",
        "end_time": 526.51,
        "start_time": 523.68
      },
      {
        "act": "So we could even add something.",
        "end_time": 527.61,
        "start_time": 525.88
      },
      {
        "act": "We cou Oh not quite, have the scroll-wheel, unfortunately. What?",
        "end_time": 532.11,
        "start_time": 527.6
      },
      {
        "act": "We should fire the accountants. Fire the accountants.",
        "end_time": 534.99,
        "start_time": 529.53
      },
      {
        "act": "Ah yeah, we could add things.",
        "end_time": 541.37,
        "start_time": 540.15
      },
      {
        "act": "Maybe if you click back in that bottom right cell, where you're starting from, and then use the arrow keys. Does that work? No mm.",
        "end_time": 551.51,
        "start_time": 543.82
      },
      {
        "act": "Yeah. Yeah, I know, that just extends it as well. I don't know.",
        "end_time": 552.36,
        "start_time": 547.2
      },
      {
        "act": "Uh you can do one thing. You just select one box outsi yeah, this box. Then move it with the help of this Okay. Just uh just uh Okay, just a minute.",
        "end_time": 564.45,
        "start_time": 551.17
      },
      {
        "act": "It One of the buttons is sticking, I don't know.",
        "end_time": 563.56,
        "start_time": 560.82
      },
      {
        "act": "Okay. No input, like this. Shift. No it's not. Yeah, it's not working. Should we ask Meli Should we ask our technical expert Melissa?",
        "end_time": 582.72,
        "start_time": 567.01
      },
      {
        "act": "No, it's 'cause the uh the shift button's stuck, or something.",
        "end_time": 573.85,
        "start_time": 571.61
      },
      {
        "act": "Is it the other shift button maybe?",
        "end_time": 577.33,
        "start_time": 575.84
      },
      {
        "act": "No that's fine. Um we've worked out what it would be anyway.",
        "end_time": 583.97,
        "start_time": 581.16
      },
      {
        "act": "Did you try both shift buttons? It could be the other side.",
        "end_time": 586.94,
        "start_time": 584.69
      },
      {
        "act": "Yeah.",
        "end_time": 587.02,
        "start_time": 586.29
      },
      {
        "act": "Cancel. Piss off.",
        "end_time": 591.77,
        "start_time": 589.32
      },
      {
        "act": "That's too bad.",
        "end_time": 593.15,
        "start_time": 592.65
      },
      {
        "act": "Oh well, never mind. Um. Right, so that's finances and I dunno what we what could we reckon we could add? Um",
        "end_time": 606.25,
        "start_time": 596.06
      },
      {
        "act": "Well maybe we could add something, but maybe if What do you th We're trying to save money, so. Yeah, if we're happy with the design there's no point in spending money, if we don't have to. But if there is anything you think we've missed out there, then, you know, feel free to add it. Maybe I mean obviously it would be bigger so there might be more space for the the slogan on the front, because it's not in an ideal place right now.",
        "end_time": 631.58,
        "start_time": 606.84
      },
      {
        "act": "Well I suppose that's our that's that's our design that we've got. So Yeah. Yeah yeah. Well that's that's uh Okay, so project evaluation. We have under twelve Euros fifty.",
        "end_time": 638.75,
        "start_time": 610.22
      }
    ],
    "other_description": null,
    "topic": "costing"
  },
  {
    "acts": [
      {
        "act": "Project process, how do we think that went? Are we happy?",
        "end_time": 643.3,
        "start_time": 638.75
      },
      {
        "act": "Oh.",
        "end_time": 643.54,
        "start_time": 643.23
      },
      {
        "act": "Mm.",
        "end_time": 644.46,
        "start_time": 643.83
      },
      {
        "act": "Yeah I think we have a a winning product.",
        "end_time": 646.82,
        "start_time": 644.57
      },
      {
        "act": "Okay. Evaluation. Oh we've been writing this up for m months.",
        "end_time": 660.08,
        "start_time": 651.51
      },
      {
        "act": "I think it went quite smoothly.",
        "end_time": 661.23,
        "start_time": 659.3
      },
      {
        "act": "Uh room for creativity, were we happy with that?",
        "end_time": 666.78,
        "start_time": 664.31
      },
      {
        "act": "W I think we were very creative.",
        "end_time": 669.74,
        "start_time": 667.83
      },
      {
        "act": "No, I mea I think it means sort of individually.",
        "end_time": 671.93,
        "start_time": 669.96
      },
      {
        "act": "Oh right, okay.",
        "end_time": 673.53,
        "start_time": 672.42
      },
      {
        "act": "Yes, no, maybe? Okay. Groovy. So uh we're just gonna. Uh yeah, okay. Teamwork? Leadership, sorry.",
        "end_time": 682.91,
        "start_time": 675.61
      },
      {
        "act": "Mm-hmm.",
        "end_time": 677.79,
        "start_time": 676.36
      },
      {
        "act": "Great leadership.",
        "end_time": 688.28,
        "start_time": 684.04
      },
      {
        "act": "Excellent leadership.",
        "end_time": 686.3,
        "start_time": 684.09
      },
      {
        "act": "Thank you very much. You're all get you're all getting a raise. Uh teamwork. I thought went well. Yeah.",
        "end_time": 691.92,
        "start_time": 685.62
      },
      {
        "act": "Yeah, yeah.",
        "end_time": 691.51,
        "start_time": 690.92
      },
      {
        "act": "Yeah.",
        "end_time": 691.33,
        "start_time": 691.08
      },
      {
        "act": "Yeah, everyone got enough input, I think.",
        "end_time": 694.19,
        "start_time": 691.27
      },
      {
        "act": "Uh and well means, yeah. The technical stuff was brilliant. Let's buy more. Uh Right. Um I don't know what, new ideas found, means, to be honest.",
        "end_time": 706.8,
        "start_time": 694.38
      },
      {
        "act": "Yeah, we",
        "end_time": 697.11,
        "start_time": 696.24
      },
      {
        "act": "Yeah.",
        "end_time": 700.45,
        "start_time": 700.06
      },
      {
        "act": "Yeah.",
        "end_time": 701.8,
        "start_time": 701.27
      },
      {
        "act": "These pens are are neat though.",
        "end_time": 705.47,
        "start_time": 703.92
      },
      {
        "act": "Yeah, these are new ideas, like glow-in-the-dark or something like that. We discussed all the new ideas, but of course we couldn't reach any proper goals, we couldn't use these, but we h we are using these scroll buttons like this. These are new ideas we And new shapes, everything. At le Yeah.",
        "end_time": 724.93,
        "start_time": 707.04
      },
      {
        "act": "Mm-hmm.",
        "end_time": 720.52,
        "start_time": 720.01
      },
      {
        "act": "Mm-hmm.",
        "end_time": 720.5,
        "start_time": 720.21
      },
      {
        "act": "Yeah.",
        "end_time": 723.15,
        "start_time": 722.78
      },
      {
        "act": "Mm 'kay. Groovy. So just general thumbs up for all of us then. That kind of unfortunately is too quick. Uh. I suppose yeah. Um.",
        "end_time": 739.19,
        "start_time": 723.09
      },
      {
        "act": "Hmm.",
        "end_time": 727.71,
        "start_time": 727.6
      },
      {
        "act": "Okay. Well um.",
        "end_time": 736.09,
        "start_time": 731.97
      },
      {
        "act": "Hmm.",
        "end_time": 732.29,
        "start_time": 732.11
      },
      {
        "act": "Okay. Uh so let's talk about our bonuses and the raises we're getting for this, right.",
        "end_time": 745.08,
        "start_time": 733.03
      },
      {
        "act": "Mm.",
        "end_time": 746.1,
        "start_time": 745.83
      },
      {
        "act": "Right, right.",
        "end_time": 748.89,
        "start_time": 747.95
      },
      {
        "act": "That's it, um I think another couple of days holiday pay might be well in order for all of you. Uh",
        "end_time": 750.39,
        "start_time": 742.45
      }
    ],
    "other_description": null,
    "topic": "evaluation of project process"
  },
  {
    "acts": [
      {
        "act": "Let's see if I can get this bloody thing to work. Whoops.",
        "end_time": 753.61,
        "start_time": 750.39
      },
      {
        "act": "Uh maybe we should start cleaning up the clay.",
        "end_time": 755.46,
        "start_time": 752.72
      },
      {
        "act": "Yeah, maybe.",
        "end_time": 756.69,
        "start_time": 756.07
      },
      {
        "act": "So",
        "end_time": 756.71,
        "start_time": 756.39
      },
      {
        "act": "Does it go back in, does it? Reusable.",
        "end_time": 760.11,
        "start_time": 757.52
      },
      {
        "act": "Something we should get.",
        "end_time": 764.42,
        "start_time": 763.22
      },
      {
        "act": "I don't know what this is but it's really really annoying.",
        "end_time": 766.53,
        "start_time": 763.64
      },
      {
        "act": "So Uh Brian, have you have you finished? Uh mine needs also this.",
        "end_time": 772.77,
        "start_time": 764.63
      },
      {
        "act": "Uh-huh. Um I have, yes. Huh?",
        "end_time": 774.03,
        "start_time": 768.75
      },
      {
        "act": "At last mine is also the presentation.",
        "end_time": 776.56,
        "start_time": 774.07
      },
      {
        "act": "Oh right, okay, you've got more, okay. Sorry uh. It didn't bother to tell me that on this",
        "end_time": 782.03,
        "start_time": 776.71
      },
      {
        "act": "Yeah, yeah.",
        "end_time": 779.53,
        "start_time": 778.24
      },
      {
        "act": "Oh, you got a presentation, sorry.",
        "end_time": 779.38,
        "start_time": 777.95
      },
      {
        "act": "Oh ok",
        "end_time": 780.13,
        "start_time": 779.54
      },
      {
        "act": "S",
        "end_time": 780.72,
        "start_time": 780.69
      },
      {
        "act": "thing. Is it? Okay.",
        "end_time": 787.18,
        "start_time": 782.88
      },
      {
        "act": "Uh is the project evaluated, that is mine.",
        "end_time": 792.27,
        "start_time": 787.6
      },
      {
        "act": "Doesn't tell me. Oh you're doing that.",
        "end_time": 793.62,
        "start_time": 788.92
      },
      {
        "act": "Yeah.",
        "end_time": 794.25,
        "start_time": 793.92
      },
      {
        "act": "We evaluated ourselves, we thought we were great.",
        "end_time": 798.66,
        "start_time": 795.19
      },
      {
        "act": "Yeah.",
        "end_time": 798.11,
        "start_time": 797.51
      },
      {
        "act": "Uh.",
        "end_time": 804.28,
        "start_time": 804.09
      },
      {
        "act": "Mm, love to eat that now. Kind of a green banana now.",
        "end_time": 809.46,
        "start_time": 805.58
      },
      {
        "act": "Anybody",
        "end_time": 808.29,
        "start_time": 806.63
      },
      {
        "act": "Mm.",
        "end_time": 809.84,
        "start_time": 808.64
      },
      {
        "act": "Clay covered banana.",
        "end_time": 810.34,
        "start_time": 809.27
      },
      {
        "act": "It's this as well, sorry, we forgot to mention it'll be made out of kind of a rubbery latex, new material that we've got. I've got.",
        "end_time": 820.68,
        "start_time": 812.7
      },
      {
        "act": "O okay, hold on.",
        "end_time": 821.07,
        "start_time": 819.82
      },
      {
        "act": "blue.",
        "end_time": 824.82,
        "start_time": 824.05
      },
      {
        "act": "I wonder w which cell do I want.",
        "end_time": 834.16,
        "start_time": 831.65
      },
      {
        "act": "It's fun to touch.",
        "end_time": 844.37,
        "start_time": 843.51
      },
      {
        "act": "Yeah.",
        "end_time": 845.7,
        "start_time": 844.73
      },
      {
        "act": "So. Yeah.",
        "end_time": 870.68,
        "start_time": 868.17
      },
      {
        "act": "Okay, I didn't realise you had that bit.",
        "end_time": 872.39,
        "start_time": 869.77
      },
      {
        "act": "So.",
        "end_time": 874.94,
        "start_time": 874.37
      },
      {
        "act": "Oh could you pass the tomato please. Sorry. Thank you.",
        "end_time": 876.65,
        "start_time": 873.25
      }
    ],
    "other_description": null,
    "topic": "agenda/equipment issues"
  },
  {
    "acts": [
      {
        "act": "So now is the final evaluation, final evaluation of the uh uh of our product. How we are going to means uh at what standard what standard whether it meets our standards or not. How mu What rating we will give to these products. So of course this is will be a team work, w we together have to decide wha what rating we will give to this product and everything. So what methodology I will tell you on what basis we are going to discuss all this.",
        "end_time": 906.39,
        "start_time": 877.74
      },
      {
        "act": "Mm-hmm.",
        "end_time": 882.87,
        "start_time": 882.6
      },
      {
        "act": "Okay.",
        "end_time": 901.35,
        "start_time": 900.76
      },
      {
        "act": "We will give the rating to this product based on the user requirements, whether it meets the user requirements or not, this product. Then trends, whether it is as fashion trends or not? Means because we have already stated that people do prefer fashionable things nowadays. So this is also an important factor for our evaluation also. Then marketing strategy of the company. As we have already discussed that our company is quite in the market, not only in terms of providing quality products, not only in pro providing latest technologies, but also in terms of providing environmental s",
        "end_time": 948.95,
        "start_time": 906.92
      },
      {
        "act": "Mm-hmm. Sorry. Sorry, carry on.",
        "end_time": 951.79,
        "start_time": 927.57
      },
      {
        "act": "Yeah. So but also in terms of providing environmental safe products, uh yeah like uh keeping uh keeping in mind all the safety issues. So Now comes the criteria rating with seven point scale. I'm having this scale this scale, so we have to do it on a board.",
        "end_time": 975.21,
        "start_time": 951.03
      },
      {
        "act": "Okay.",
        "end_time": 968.2,
        "start_time": 967.99
      },
      {
        "act": "Mm-hmm.",
        "end_time": 972.86,
        "start_time": 971.54
      },
      {
        "act": "Okay.",
        "end_time": 976.56,
        "start_time": 976.13
      },
      {
        "act": "Alright, okay. The board working again, is it?",
        "end_time": 978.63,
        "start_time": 976.6
      },
      {
        "act": "the user requirem I think.",
        "end_time": 983.16,
        "start_time": 978.36
      },
      {
        "act": "Do we have the uh the marker for the board?",
        "end_time": 984.65,
        "start_time": 982.41
      },
      {
        "act": "Uh.",
        "end_time": 987.36,
        "start_time": 986.93
      },
      {
        "act": "Um.",
        "end_time": 986.17,
        "start_time": 985.69
      },
      {
        "act": "Thank you.",
        "end_time": 990.85,
        "start_time": 988.52
      },
      {
        "act": "There it is.",
        "end_time": 988.18,
        "start_time": 987.7
      },
      {
        "act": "So.",
        "end_time": 992.67,
        "start_time": 992.31
      },
      {
        "act": "So these are the three crite criterias for our evaluation of our product. First of all uh comes user requirement. So we will see whether this product meets all user requirements or not. I I will first I would like to have your views, what do you think whether it meets all user requirements or not?",
        "end_time": 1103.85,
        "start_time": 1082.79
      },
      {
        "act": "Mm-hmm. Um I think Yeah, it did. It had all the basic buttons that they needed as well as the uh new technology that people said they wanted. Um so. Does it work? Yeah. So.",
        "end_time": 1125.03,
        "start_time": 1088.84
      },
      {
        "act": "S",
        "end_time": 1111.11,
        "start_time": 1109.87
      },
      {
        "act": "Yeah. When the user requirement is essentially just to operate the T_V_, so yeah, of course we haven't actually got a working model yet.",
        "end_time": 1126.68,
        "start_time": 1118.05
      },
      {
        "act": "So what do you think you will personally give. Seven. Uh.",
        "end_time": 1131.45,
        "start_time": 1125.29
      },
      {
        "act": "I would say seven. Seven is good, yeah, isn't it? I can't True or false? No sorry tr one is true.",
        "end_time": 1136.42,
        "start_time": 1127.89
      },
      {
        "act": "One, yeah.",
        "end_time": 1136.11,
        "start_time": 1135.02
      },
      {
        "act": "Uh one is means highest ranking, okay. But I think highest ranking is seven, or one?",
        "end_time": 1143.27,
        "start_time": 1137.04
      },
      {
        "act": "Yeah.",
        "end_time": 1139.64,
        "start_time": 1139.36
      },
      {
        "act": "No it's it's like true is one end, and false is the oth",
        "end_time": 1146.25,
        "start_time": 1142.66
      },
      {
        "act": "No that's false.",
        "end_time": 1144.45,
        "start_time": 1143.28
      },
      {
        "act": "Okay, right right. So it's one for from your point of view. And what do you say our Industrial Expert?",
        "end_time": 1156.01,
        "start_time": 1145.13
      },
      {
        "act": "Okay, so one. Yep.",
        "end_time": 1150.91,
        "start_time": 1146.8
      },
      {
        "act": "Uh. It's hard to know. I I give it a two.",
        "end_time": 1163.24,
        "start_time": 1154.66
      },
      {
        "act": "Uh d you can you can tell on on the like I think she has given her views on the basis of design, because she was our i Interface Expert. But you can give your views based on technology, whether the technology meets the requirements of the customers or not?",
        "end_time": 1177.18,
        "start_time": 1160.64
      },
      {
        "act": "Okay. Um yeah, I think i it might even exceed it um. But I guess there is a kind of a shortage of buttons.",
        "end_time": 1184.57,
        "start_time": 1169.41
      },
      {
        "act": "Um I'm gonna give it a two. Two.",
        "end_time": 1189.29,
        "start_time": 1185.73
      },
      {
        "act": "Two. And what about uh you, Brian? You will go for one. Okay. Uh for me personally it is everything fine, it may be having good design, it may be uh meeting all the requirements of the customers like technology-wise, price-wise, but there is one thing which limits the customers, like we are having only two, three designs, like we are having one banana design and the other one is orange, and Uh yeah, lower end. And the third one is what you ge uh that is not a f fruit look. But if a person doesn't like banana, or orange, you are limiting him. No, don't buy our product, because we are l we like this only. So we are showing our preference for particular fruits, two or three kinds rather, and Yeah. So.",
        "end_time": 1242.75,
        "start_time": 1188.51
      },
      {
        "act": "Oh, I'll go for a one. Basic requirements but of the pro of the project.",
        "end_time": 1197.38,
        "start_time": 1192.21
      },
      {
        "act": "Yeah th",
        "end_time": 1222.92,
        "start_time": 1221.42
      },
      {
        "act": "Mm yellow.",
        "end_time": 1220.39,
        "start_time": 1218.85
      },
      {
        "act": "Uh-huh.",
        "end_time": 1226.73,
        "start_time": 1226.32
      },
      {
        "act": "Come on that was the tha 'Kay.",
        "end_time": 1231.97,
        "start_time": 1226.9
      },
      {
        "act": "Uh-huh. Okay.",
        "end_time": 1235.76,
        "start_time": 1231.32
      },
      {
        "act": "Being fruitist.",
        "end_time": 1243.99,
        "start_time": 1240.75
      },
      {
        "act": "Is that no is that not trends?",
        "end_time": 1243.99,
        "start_time": 1242.12
      },
      {
        "act": "Uh no, uh personally as a Marketing Expert I don't believe that, because whatever companies they launch their products in the shape of fruits, they give a range of products, a range of shapes, like if we see, look at the smallest thing, toffee chocolates, they give a variety of different things. Some children like to buy banana shape, some apple shape, some even pineapple shape, some orange shape. So you can what shape a person will like. So in this case giving only one or two choices we are lim limiting our customers. And by limiting them, we are limiting our sales, limiting our profit also.",
        "end_time": 1281.01,
        "start_time": 1244.69
      },
      {
        "act": "Mm-hmm.",
        "end_time": 1261.93,
        "start_time": 1261.33
      },
      {
        "act": "Mm-hmm. Uh-huh. But in electronics, I think, it's not q always quite so um you don't always have so many choices as with chocolates. I think, you know, if you're going to buy a T_V_ maybe a company'll have That you're going to choose from, a company'll have two or three choices, but they're different designs. We were coming up with one product.",
        "end_time": 1300.87,
        "start_time": 1267.01
      },
      {
        "act": "Uh maybe. Okay but I will I will personally won't give it beyond three. So we can",
        "end_time": 1313.45,
        "start_time": 1303.92
      },
      {
        "act": "No, I mean uh obviously your opinion, I'm just trying to",
        "end_time": 1308.84,
        "start_time": 1306.12
      },
      {
        "act": "Okay.",
        "end_time": 1311.53,
        "start_time": 1311.11
      },
      {
        "act": "He's a tough cookie.",
        "end_time": 1314.61,
        "start_time": 1313.74
      },
      {
        "act": "Yeah, on an average we can think three, four sevenths, maybe. Three or four? Uh, no sorry, it should be",
        "end_time": 1327.99,
        "start_time": 1315.3
      },
      {
        "act": "Six. Five or six.",
        "end_time": 1327.8,
        "start_time": 1326.19
      },
      {
        "act": "What are we doing?",
        "end_time": 1329.58,
        "start_time": 1328.92
      },
      {
        "act": "No sorry, sorry, sorry, sorry, we are doing a very wrong thing. Yeah, yeah, we are taking everything, and that's I have taken it very wrongly. Yeah uh three four four two six seven seven sev Yeah one pe exactly. So we can say one or two. because it is one point eight uh two, so we will do two. Yeah. So where were the trends.",
        "end_time": 1355.48,
        "start_time": 1329.48
      },
      {
        "act": "What are we doing?",
        "end_time": 1330.73,
        "start_time": 1329.78
      },
      {
        "act": "Adding them up?",
        "end_time": 1331.45,
        "start_time": 1330.84
      },
      {
        "act": "We're gonna average them? Okay. So seven fourths. About one point f one point eight.",
        "end_time": 1339.47,
        "start_time": 1332.19
      },
      {
        "act": "Oh.",
        "end_time": 1335.22,
        "start_time": 1334.92
      },
      {
        "act": "Okay.",
        "end_time": 1343.75,
        "start_time": 1343.52
      },
      {
        "act": "Okay.",
        "end_time": 1344.0,
        "start_time": 1343.64
      },
      {
        "act": "Oh I see.",
        "end_time": 1346.81,
        "start_time": 1346.32
      },
      {
        "act": "Yeah round it up to two. So trends.",
        "end_time": 1352.45,
        "start_time": 1349.01
      },
      {
        "act": "Okay, yeah.",
        "end_time": 1351.03,
        "start_time": 1350.42
      },
      {
        "act": "Can you explain what you want us to write there?",
        "end_time": 1356.58,
        "start_time": 1354.49
      },
      {
        "act": "Sorry?",
        "end_time": 1357.73,
        "start_time": 1357.4
      },
      {
        "act": "How it how conforms to the current trends?",
        "end_time": 1360.4,
        "start_time": 1358.12
      },
      {
        "act": "Yeah, again the the fashion trends, this also like whether it it will be fashionable to have these products in the uh as a fruit shape or something. Uh.",
        "end_time": 1371.75,
        "start_time": 1360.38
      },
      {
        "act": "Mm-hmm.",
        "end_time": 1368.17,
        "start_time": 1367.71
      },
      {
        "act": "Okay. Well um going on uh the specifications that we had, that fruit and vegetables are quite popular, and that people like something that is good to look at and not many buttons, I would give it um, well, because it's hard to make a fruit good to look at, that that looks cool, you know, so I would actually give it a three. Tha three or four, I'm not sure. Three. Go for three. That's fine.",
        "end_time": 1403.75,
        "start_time": 1370.13
      },
      {
        "act": "Okay. Yeah. Uh",
        "end_time": 1404.41,
        "start_time": 1402.12
      },
      {
        "act": "'Kay. As far as the uh technology it its' got the latest trends in speech technology, but it's missing the screen, as we said, um but it does have the push-buttons, or the scroll-buttons, um but it doesn't have that fancy solar power or the the vibrating energy mechanism. So I give it a a four. I'd give it a kinda middle of the road for",
        "end_time": 1428.49,
        "start_time": 1404.88
      },
      {
        "act": "Mm.",
        "end_time": 1429.27,
        "start_time": 1428.68
      },
      {
        "act": "for technology.",
        "end_time": 1430.43,
        "start_time": 1429.64
      },
      {
        "act": "Yeah, I am sort of pret uh Just the fruit does me in, I mean uh it might",
        "end_time": 1437.25,
        "start_time": 1431.86
      },
      {
        "act": "it might be trendy to some, but I'm just not swallowing the fruit, so um Uh also uh I would have liked to have seen the L_C_D_ screen in it. Um so yeah I'd say about four as well.",
        "end_time": 1451.61,
        "start_time": 1438.52
      },
      {
        "act": "Yeah.",
        "end_time": 1442.17,
        "start_time": 1441.61
      },
      {
        "act": "Okay. Uh personally I wi uh I think that in terms of trends, these products are quite good, like, these products are in fruit shape, because that wha people now our fashion trend shows that people like everything all f everything that is being advertised, like clothes, shoes, and everything is being advertised in the form of fruits and vegetables, or getting them or showing some association with them.",
        "end_time": 1481.1,
        "start_time": 1452.0
      },
      {
        "act": "Mm-hmm.",
        "end_time": 1474.62,
        "start_time": 1474.24
      },
      {
        "act": "So and in this way our product is good. And the second thing, now people don't want any complicated or bulky products and ours is quite simple and quite handy. So that is also ef that also Our product meets the f the fashion uh trends of the market. And yes. It is cus spongy also. So they can play with it, it's quite good. So then I think, maybe I can give it two. So four five ten thirteen thirteen. So we can Is it fine? So what about company strategy?",
        "end_time": 1522.43,
        "start_time": 1481.4
      },
      {
        "act": "Mm-hmm.",
        "end_time": 1493.43,
        "start_time": 1492.93
      },
      {
        "act": "Yeah.",
        "end_time": 1520.93,
        "start_time": 1520.54
      },
      {
        "act": "Well it was yellow.",
        "end_time": 1527.3,
        "start_time": 1525.7
      },
      {
        "act": "Um.",
        "end_time": 1526.24,
        "start_time": 1525.7
      },
      {
        "act": "Yeah, the company strategy, okay. Um there was lot of discussing, that was good. Um I feel I got my say. Um so I'd give the company strategy a two.",
        "end_time": 1545.58,
        "start_time": 1528.3
      },
      {
        "act": "Okay.",
        "end_time": 1547.65,
        "start_time": 1546.96
      },
      {
        "act": "Well, I think it's the the remote control conforms to the the company strategy. Is that the question?",
        "end_time": 1554.13,
        "start_time": 1547.34
      },
      {
        "act": "Okay. Is it? Okay.",
        "end_time": 1555.19,
        "start_time": 1552.44
      },
      {
        "act": "Yeah, yeah.",
        "end_time": 1554.52,
        "start_time": 1553.07
      },
      {
        "act": "Um.",
        "end_time": 1557.05,
        "start_time": 1556.74
      },
      {
        "act": "Okay, so one or two. One. Okay, just leave it, it's fine.",
        "end_time": 1563.67,
        "start_time": 1556.76
      },
      {
        "act": "Yeah. I'll go with two.",
        "end_time": 1565.09,
        "start_time": 1561.15
      },
      {
        "act": "So what about you, Brian?",
        "end_time": 1568.81,
        "start_time": 1567.25
      },
      {
        "act": "Um yeah, a three. Pretty much kept to the company strategy, so I would go for a a one, as we not only kept it, but we were limited by",
        "end_time": 1581.32,
        "start_time": 1569.4
      },
      {
        "act": "Mm.",
        "end_time": 1582.65,
        "start_time": 1581.81
      },
      {
        "act": "Yeah, and me also, like, this product me uh me uh me uh this meets all company strategy like our product should be as per customers' requirement, as per latest technology, and it should be environmental safe. So since our product meets all these requirements, so I would also prefer to give it rank one. So four six six",
        "end_time": 1609.54,
        "start_time": 1583.81
      },
      {
        "act": "So one and a half.",
        "end_time": 1610.2,
        "start_time": 1608.72
      },
      {
        "act": "Yeah, one.",
        "end_time": 1611.36,
        "start_time": 1610.64
      },
      {
        "act": "half. So we can say two or one Okay. So th seven seven.",
        "end_time": 1620.71,
        "start_time": 1610.8
      },
      {
        "act": "A two.",
        "end_time": 1615.1,
        "start_time": 1614.6
      },
      {
        "act": "Uh overall we are getting two something, but we can round it as two.",
        "end_time": 1631.88,
        "start_time": 1627.2
      },
      {
        "act": "Yep.",
        "end_time": 1632.83,
        "start_time": 1632.38
      },
      {
        "act": "Okay.",
        "end_time": 1632.8,
        "start_time": 1632.5
      },
      {
        "act": "Cool, groovy.",
        "end_time": 1633.59,
        "start_time": 1632.93
      },
      {
        "act": "Yeah. So I think overall uh evaluation of our product is quite good. So we can launch it. Yeah.",
        "end_time": 1641.8,
        "start_time": 1633.18
      },
      {
        "act": "S",
        "end_time": 1634.98,
        "start_time": 1634.68
      },
      {
        "act": "Cool. Brilliant.",
        "end_time": 1643.21,
        "start_time": 1638.71
      },
      {
        "act": "Woo-hoo.",
        "end_time": 1642.5,
        "start_time": 1642.02
      }
    ],
    "other_description": null,
    "topic": "evaluation of prototype(s)"
  },
  {
    "acts": [
      {
        "act": "In which case we are done. 'Cause we've evaluated and we are within budget.",
        "end_time": 1656.51,
        "start_time": 1650.92
      },
      {
        "act": "Okay.",
        "end_time": 1659.63,
        "start_time": 1659.27
      },
      {
        "act": "Cool.",
        "end_time": 1659.09,
        "start_time": 1658.83
      },
      {
        "act": "So yeah. Great.",
        "end_time": 1664.76,
        "start_time": 1659.69
      },
      {
        "act": "Champagne lunch anyone?",
        "end_time": 1664.36,
        "start_time": 1660.0
      },
      {
        "act": "Yeah.",
        "end_time": 1661.67,
        "start_time": 1661.1
      },
      {
        "act": "Uh.",
        "end_time": 1664.07,
        "start_time": 1663.23
      }
    ],
    "other_description": null,
    "topic": "closing"
  }
]