[
  [
    {
      "act": "Um, you know, people want something new, something technologically innovative and different, so the whole idea with the L_C_D_s and the spinning and the colours and the voice recognition is quite like, quite the thing to go for. And um, yeah it wants to look fancy, fancy look and feel. So",
      "end_time": 1120.23,
      "start_time": 1101.75
    },
    {
      "act": "Mm-hmm.",
      "end_time": 1114.82,
      "start_time": 1114.41
    },
    {
      "act": "Okay. So um uh maybe uh as you're discussing things, is it okay if we just uh keep highlighting things here? Right. So mm uh so it yeah, so probably voice recognition is is kind of important, right? Um and an yeah. Okay, I I have a point about L_C_D_, I dunno if it is the right point to take it up. W uh L_C_D_s are basically for feedback, right, to the user who's pressing buttons, and the feedback can come through television itself, so do we need an L_C_D_ on the remote?",
      "end_time": 1151.79,
      "start_time": 1114.67
    },
    {
      "act": "Yeah, yeah, sure. Yeah.",
      "end_time": 1126.1,
      "start_time": 1123.96
    },
    {
      "act": "Yeah, yeah.",
      "end_time": 1125.77,
      "start_time": 1124.7
    },
    {
      "act": "That's over on the interface, if if you could put Yeah. And maybe the L_C_D_ and spinning so that means we need an advanced thing. Mm-hmm.",
      "end_time": 1146.41,
      "start_time": 1127.73
    },
    {
      "act": "Mm. Depends how fast your television runs, really, don't don't you think? I mean we've got one of those um Telewest boxes and you put the number in the remote and then you wait and then it goes to the T_V_ and then you wait, and then it comes, so i it actually takes quite a long time. And if you get the number in wrong, then it's a bit of a pain, so I think, you know, a screen on the remote would probably cut down your time on that. But like remotes do tend to get f thrown about a bit.",
      "end_time": 1176.06,
      "start_time": 1146.67
    },
    {
      "act": "Mm.",
      "end_time": 1159.32,
      "start_time": 1159.03
    },
    {
      "act": "Mm.",
      "end_time": 1166.3,
      "start_time": 1165.67
    },
    {
      "act": "Right. Right.",
      "end_time": 1176.9,
      "start_time": 1166.78
    },
    {
      "act": "It it is also quite nice though to to have something here so you don't interrupt the picture on the screen, so if you're watching something",
      "end_time": 1182.8,
      "start_time": 1176.57
    },
    {
      "act": "You know? Yeah.",
      "end_time": 1182.53,
      "start_time": 1177.32
    },
    {
      "act": "That's true, yeah, that's also",
      "end_time": 1184.95,
      "start_time": 1182.8
    },
    {
      "act": "And i it would be like I mean if you could make it integrate with the T_V_ then it could come up with new information about what's on, and you could just see that on the remote rather than",
      "end_time": 1190.93,
      "start_time": 1183.49
    },
    {
      "act": "Yeah. Rather than having to interrupt your viewing pleasure.",
      "end_time": 1194.28,
      "start_time": 1190.43
    },
    {
      "act": "Yeah. But um I think maybe a way to do it would be a similar way to how you have your mobile phone, you know, like you have the slidey ones and you have the flippy ones and then the screen's protected so it doesn't actually get scratched. So you can have like what looks like a normal remote control, you know or like a minimalist remote control. So you got your buttons one to nine, your on and off and your volume on that and then if you want to mess about with it, you flip it open and, yeah.",
      "end_time": 1218.37,
      "start_time": 1192.7
    },
    {
      "act": "Right.",
      "end_time": 1194.71,
      "start_time": 1194.36
    },
    {
      "act": "Mm.",
      "end_time": 1203.97,
      "start_time": 1203.22
    },
    {
      "act": "Mm-hmm.",
      "end_time": 1204.83,
      "start_time": 1204.55
    },
    {
      "act": "Yeah.",
      "end_time": 1208.59,
      "start_time": 1208.34
    },
    {
      "act": "Mm right.",
      "end_time": 1212.86,
      "start_time": 1212.34
    },
    {
      "act": "And then you can flip it open.",
      "end_time": 1216.16,
      "start_time": 1214.16
    },
    {
      "act": "Okay. So now we seem to have a consensus that L_C_D_s are definitely the way to go because of style and",
      "end_time": 1223.82,
      "start_time": 1218.01
    },
    {
      "act": "Yeah, I think so.",
      "end_time": 1223.62,
      "start_time": 1222.56
    },
    {
      "act": "Yeah, so that kind of decides your whole chip thing.",
      "end_time": 1226.52,
      "start_time": 1224.12
    },
    {
      "act": "Right.",
      "end_time": 1226.97,
      "start_time": 1226.64
    },
    {
      "act": "Yeah.",
      "end_time": 1227.22,
      "start_time": 1226.81
    },
    {
      "act": "You you agree? Maarika, yeah? Yeah.",
      "end_time": 1230.22,
      "start_time": 1228.05
    },
    {
      "act": "Yep, yeah.",
      "end_time": 1230.02,
      "start_time": 1229.24
    },
    {
      "act": "Right.",
      "end_time": 1231.63,
      "start_time": 1231.32
    },
    {
      "act": "So L_C_D_s, yeah, definitely. Go on.",
      "end_time": 1236.03,
      "start_time": 1232.18
    },
    {
      "act": "Okay? Cool.",
      "end_time": 1238.01,
      "start_time": 1232.81
    }
  ],
  [
    {
      "act": "Okay, apparently, fruit and vegetables will be providing inspiration. Sorry, I discovered clip art. Um so these will be an important feature for clothes, shoes and furniture. So I mean, I'm taking this to mean, you know, curviness.",
      "end_time": 1253.56,
      "start_time": 1238.01
    },
    {
      "act": "Do you know? 'Cause you don't tend to get flat vegetables. You know?",
      "end_time": 1258.38,
      "start_time": 1255.06
    },
    {
      "act": "Yeah, and possibly even uneven, like not not symmet yeah.",
      "end_time": 1261.38,
      "start_time": 1257.38
    },
    {
      "act": "Mm-hmm.",
      "end_time": 1258.11,
      "start_time": 1257.95
    }
  ],
  [
    {
      "act": "Yeah, bit of asymmetry and stuff. But that would be a good way to to get in the whole um R_S_I_ issue in there, because I mean if you think most people use the remote control with their right hand ha right hands so you wanna you curve it so that it's suitable for use with the right hand. Um yeah, I'm not quite sure about the relevance of material will be spongy. Um",
      "end_time": 1283.93,
      "start_time": 1259.67
    },
    {
      "act": "Mm-hmm.",
      "end_time": 1268.91,
      "start_time": 1268.46
    },
    {
      "act": "Right.",
      "end_time": 1268.98,
      "start_time": 1268.75
    },
    {
      "act": "Mm-hmm.",
      "end_time": 1276.84,
      "start_time": 1276.5
    },
    {
      "act": "Mm.",
      "end_time": 1278.23,
      "start_time": 1277.89
    },
    {
      "act": "Mm-hmm. Something a bit squishy and",
      "end_time": 1285.64,
      "start_time": 1278.0
    },
    {
      "act": "Yeah, but I mean y you have to",
      "end_time": 1288.26,
      "start_time": 1286.39
    },
    {
      "act": "Yeah, we we have we have rubber, but there is a problem that I forgot to discuss with the um with using",
      "end_time": 1296.42,
      "start_time": 1287.16
    },
    {
      "act": "So it could be like a rubbery yeah, uh-huh.",
      "end_time": 1290.3,
      "start_time": 1287.3
    },
    {
      "act": "Well I suppose you wouldn't get a remote uh an electric shock off your remote control if it was made of rubber.",
      "end_time": 1304.25,
      "start_time": 1299.6
    },
    {
      "act": "Yeah, and it'd help if you drop it, it protects it as well.",
      "end_time": 1307.66,
      "start_time": 1304.17
    },
    {
      "act": "Yeah, yeah.",
      "end_time": 1309.31,
      "start_time": 1307.85
    },
    {
      "act": "To some degree.",
      "end_time": 1309.65,
      "start_time": 1308.85
    },
    {
      "act": "So if if we use uh latex cases, they won't allow us to use solar cells, as an energy source that is the constraint, so um we could use titanium, wood or plastic uh or uh",
      "end_time": 1328.05,
      "start_time": 1309.87
    },
    {
      "act": "Uh-huh. Or if we want to use the the latex, then we have to go with one of the other um power things.",
      "end_time": 1333.35,
      "start_time": 1317.44
    },
    {
      "act": "If it's made of rubber you could get the kinetic energy fairly easily there, you could just bounce it up and down.",
      "end_time": 1337.49,
      "start_time": 1332.0
    },
    {
      "act": "Yeah, w energy source.",
      "end_time": 1333.26,
      "start_time": 1332.13
    },
    {
      "act": "From from bouncing it. You can have it as like a little ball to bounce, that flips open.",
      "end_time": 1343.04,
      "start_time": 1335.36
    },
    {
      "act": "Yeah, tap it on the desk, yeah.",
      "end_time": 1342.51,
      "start_time": 1336.31
    },
    {
      "act": "Yeah. Um so yeah, um okay.",
      "end_time": 1346.61,
      "start_time": 1340.68
    }
  ],
  [
    {
      "act": "Mm. So probably double curved surface is the way to go, yeah,.",
      "end_time": 1350.95,
      "start_time": 1343.84
    },
    {
      "act": "Yeah, yeah.",
      "end_time": 1351.53,
      "start_time": 1349.97
    },
    {
      "act": "Mm yeah.",
      "end_time": 1350.95,
      "start_time": 1350.23
    },
    {
      "act": "Or or curved at one end and flat on the top, because I I'm not sure if it is flat on both both the sides, then ho how much easy would it be to reach for buttons, etcetera. Um",
      "end_time": 1363.02,
      "start_time": 1351.75
    },
    {
      "act": "You have to have a certain element of flatness, I think. It it depends on the whole ergonomics of it, you know, it's like how you put your hands so y it's the least movement basically.",
      "end_time": 1373.0,
      "start_time": 1362.77
    },
    {
      "act": "Yeah. Yeah. Yeah, singe single side curved or double side curved does not say too much, does it? It uh",
      "end_time": 1377.34,
      "start_time": 1365.37
    },
    {
      "act": "Uh-huh.",
      "end_time": 1373.08,
      "start_time": 1372.5
    },
    {
      "act": "No, I d I don't think it makes a lot of difference. I I have one of those s slidey phones and I mean the back is essentially straight, but it's curvy, so. Besides, you have four sides to a thing, so I mean does curved one side mean one side is straight and, you know curved two sides means the whole thing is just a big curvy p thing?",
      "end_time": 1397.59,
      "start_time": 1376.21
    },
    {
      "act": "Mm.",
      "end_time": 1384.49,
      "start_time": 1384.09
    },
    {
      "act": "Mm. Uh I think uh",
      "end_time": 1388.51,
      "start_time": 1384.73
    },
    {
      "act": "Yeah, 'cause the Yeah.",
      "end_time": 1389.46,
      "start_time": 1386.8
    },
    {
      "act": "Right. Right. Di now did it say anywhere in your research material about this sliding stuff uh because um according to the information that I have, I think uh the onl only options that we have with the case is are these three. Uh eith either we have uh a flat surfaced uh case or a curved surfaced case. It does not say anything about uh whether technically, you know, this this stuff is available at all.",
      "end_time": 1419.59,
      "start_time": 1392.48
    },
    {
      "act": "Dunno.",
      "end_time": 1398.25,
      "start_time": 1397.92
    },
    {
      "act": "Yeah.",
      "end_time": 1410.77,
      "start_time": 1410.24
    },
    {
      "act": "Nothing to open them.",
      "end_time": 1417.55,
      "start_time": 1415.35
    },
    {
      "act": "Yeah. Uh it's it's more about the protecting the L_C_D_, which I think is where it came from. But no, my research didn't tell me anything, which is why we have all the pictures, 'cause I had nothing better to do with my time. Okay, cool.",
      "end_time": 1432.28,
      "start_time": 1419.84
    },
    {
      "act": "Right, yeah, yeah. Right.",
      "end_time": 1430.23,
      "start_time": 1423.47
    }
  ],
  [
    {
      "act": "Looking at what we've got, we we want an L_C_D_ display with a spinning wheel.",
      "end_time": 1451.13,
      "start_time": 1445.78
    },
    {
      "act": "Yeah.",
      "end_time": 1451.62,
      "start_time": 1450.59
    }
  ],
  [
    {
      "act": "yeah, so um hand dynamos are definitely out, right?",
      "end_time": 1459.05,
      "start_time": 1454.45
    },
    {
      "act": "Yeah, rub off some of those.",
      "end_time": 1455.0,
      "start_time": 1453.65
    },
    {
      "act": "Yeah, it's not that's not streamlined and sexy, having a having a wind up.",
      "end_time": 1466.79,
      "start_time": 1460.78
    },
    {
      "act": "You you got a wind dynamo, yeah.",
      "end_time": 1462.76,
      "start_time": 1460.3
    },
    {
      "act": "Yeah uh-hum yeah.",
      "end_time": 1462.36,
      "start_time": 1460.42
    },
    {
      "act": "Okay. Um kinetic energy does seem to have some kind of uh uh appeal, but uh",
      "end_time": 1472.25,
      "start_time": 1464.73
    },
    {
      "act": "I think tha",
      "end_time": 1470.99,
      "start_time": 1470.53
    },
    {
      "act": "It's about the practicality of it really, isn't it? You know? I mean if",
      "end_time": 1477.11,
      "start_time": 1473.75
    },
    {
      "act": "it's Yeah. As against a watch, which constantly keeps moving, this this thing will have to be tapped every time, which which might be very frustrating for the user.",
      "end_time": 1483.67,
      "start_time": 1473.92
    },
    {
      "act": "Depends how much how much movement it really needs. Pr presumably if they're suggesting it, then we could use it. I'd I'd keep it on.",
      "end_time": 1494.25,
      "start_time": 1483.73
    },
    {
      "act": "Kinetic energy it needs I don't have too much technical information on that, yeah, right. Okay, let's keep it option uh keep an option, yeah.",
      "end_time": 1495.03,
      "start_time": 1486.12
    }
  ],
  [
    {
      "act": "Um the flat co completely flat case is definitely out, right? It has to be at least curved from one side, yeah.",
      "end_time": 1501.87,
      "start_time": 1495.03
    },
    {
      "act": "Yeah it's yeah.",
      "end_time": 1500.9,
      "start_time": 1499.57
    },
    {
      "act": "We don't want that it's no it's not not vegetable.",
      "end_time": 1503.5,
      "start_time": 1499.1
    }
  ],
  [
    {
      "act": "Um okay, we still have all all the options. Wood, do you think wood will be a good idea?",
      "end_time": 1511.18,
      "start_time": 1504.39
    },
    {
      "act": "N wood is I can't n how do you uh I mean you can't keep it really small uh you can't make it like thin and",
      "end_time": 1518.1,
      "start_time": 1510.4
    },
    {
      "act": "Mm. Right.",
      "end_time": 1519.19,
      "start_time": 1515.91
    },
    {
      "act": "The wood thing. Because you need to you n you need to put all the technology in, so I mean if the case you add the case and it it becomes a bit bulky wi mm-mm yeah.",
      "end_time": 1529.32,
      "start_time": 1519.56
    },
    {
      "act": "Mm.",
      "end_time": 1519.9,
      "start_time": 1519.65
    },
    {
      "act": "I can't imagine a m wooden remote control.",
      "end_time": 1522.04,
      "start_time": 1519.76
    },
    {
      "act": "Yeah if if it is really thin if it is really thin it it's likely to break, it's it's much more uh",
      "end_time": 1533.75,
      "start_time": 1526.12
    },
    {
      "act": "Mm.",
      "end_time": 1529.58,
      "start_time": 1529.3
    },
    {
      "act": "Yeah, yeah.",
      "end_time": 1532.37,
      "start_time": 1531.6
    },
    {
      "act": "Yeah, and given that we're we're looking at more spongy material preferences, I ha would think maybe rubber or plastic is more",
      "end_time": 1541.5,
      "start_time": 1533.12
    },
    {
      "act": "Yeah.",
      "end_time": 1533.64,
      "start_time": 1533.2
    },
    {
      "act": "U yeah wood is not really yeah.",
      "end_time": 1541.68,
      "start_time": 1539.47
    },
    {
      "act": "Right.",
      "end_time": 1541.4,
      "start_time": 1541.16
    },
    {
      "act": "Well it's not very cleanable either, do you know. It's it's not a practical I mean it's it's alright for a table, but for a remote control, you know.",
      "end_time": 1549.69,
      "start_time": 1541.6
    },
    {
      "act": "Yeah.",
      "end_time": 1543.82,
      "start_time": 1543.25
    },
    {
      "act": "That's true.",
      "end_time": 1544.31,
      "start_time": 1543.86
    },
    {
      "act": "Yeah.",
      "end_time": 1544.31,
      "start_time": 1543.99
    },
    {
      "act": "Yeah.",
      "end_time": 1551.01,
      "start_time": 1550.35
    },
    {
      "act": "And splinters and stuff and",
      "end_time": 1553.04,
      "start_time": 1551.0
    },
    {
      "act": "Yeah, okay wood is out.",
      "end_time": 1555.46,
      "start_time": 1552.69
    },
    {
      "act": "Yeah.",
      "end_time": 1554.09,
      "start_time": 1553.24
    },
    {
      "act": "It just m doesn't make any sense, I think is the thing with wood.",
      "end_time": 1558.35,
      "start_time": 1555.11
    },
    {
      "act": "Right.",
      "end_time": 1557.01,
      "start_time": 1556.79
    },
    {
      "act": "Yeah, yeah, in the case of remote control not really.",
      "end_time": 1559.62,
      "start_time": 1556.79
    },
    {
      "act": "Yeah.",
      "end_time": 1560.15,
      "start_time": 1559.75
    }
  ],
  [
    {
      "act": "Okay, now for the really interesting stuff, the interface. Right, so uh the the push-buttons is is our expertise uh in the industry, but uh it seems to be out of trend, you know, nobody seems to be",
      "end_time": 1575.35,
      "start_time": 1560.47
    },
    {
      "act": "Yeah.",
      "end_time": 1564.55,
      "start_time": 1564.17
    },
    {
      "act": "You have to have some push-buttons, don't you?",
      "end_time": 1577.13,
      "start_time": 1574.88
    },
    {
      "act": "Yeah, but you um I think for for the channel numb uh channel numbers you still need them, wouldn't you?",
      "end_time": 1580.62,
      "start_time": 1575.12
    },
    {
      "act": "Mm-hmm.",
      "end_time": 1580.79,
      "start_time": 1580.22
    },
    {
      "act": "G yeah, yeah.",
      "end_time": 1581.98,
      "start_time": 1580.84
    },
    {
      "act": "Mm right.",
      "end_time": 1582.89,
      "start_time": 1581.2
    },
    {
      "act": "Yeah, so for channel numbers but",
      "end_time": 1584.4,
      "start_time": 1581.99
    },
    {
      "act": "Oh, if if we have L_C_D_ displays, that opens up a whole world, you know, if you have an L_C_D_ display, then mm you can select almost everything on the L_C_D_ display.",
      "end_time": 1592.12,
      "start_time": 1583.52
    },
    {
      "act": "But I th yeah but I think the L_C_D_ display is kind of yeah, it's faster with a m yeah and w if we dis and when we s um discussed that we might like this flipping open thing, then I mean y you can use it as a normal remote control, but if you do want to use L_C_D_, then you flip it open, but it's it it's more time-consuming.",
      "end_time": 1608.8,
      "start_time": 1590.07
    },
    {
      "act": "Just for fast",
      "end_time": 1593.99,
      "start_time": 1592.92
    },
    {
      "act": "Right.",
      "end_time": 1601.58,
      "start_time": 1601.12
    },
    {
      "act": "Yeah.",
      "end_time": 1601.82,
      "start_time": 1601.54
    },
    {
      "act": "Okay.",
      "end_time": 1604.26,
      "start_time": 1603.95
    },
    {
      "act": "Yeah.",
      "end_time": 1604.38,
      "start_time": 1604.05
    },
    {
      "act": "Yeah. I think this is going back to the the graph at the beginning that I made, where, you know, the buttons that people use all the time, you want buttons for them and everything else menu-driven.",
      "end_time": 1618.29,
      "start_time": 1607.52
    },
    {
      "act": "Yeah.",
      "end_time": 1608.36,
      "start_time": 1608.06
    },
    {
      "act": "Mm right.",
      "end_time": 1616.03,
      "start_time": 1615.62
    },
    {
      "act": "Yeah.",
      "end_time": 1616.09,
      "start_time": 1615.86
    },
    {
      "act": "And it yeah L_ L_C_D_.",
      "end_time": 1619.19,
      "start_time": 1616.22
    },
    {
      "act": "So uh in in the buttons we have for the channels also we have options. Do you do we enumerate everything from zero to nine? Or do we have just uh channel plus, channel minus, just to just to scroll?",
      "end_time": 1630.32,
      "start_time": 1618.78
    },
    {
      "act": "No, no, I mean mm we we definitely need the the numbers, because it's uh otherwise people don't want to flip through all the channels. Um",
      "end_time": 1637.57,
      "start_time": 1629.17
    },
    {
      "act": "The numbers.",
      "end_time": 1633.37,
      "start_time": 1632.75
    },
    {
      "act": "Yeah. Yeah.",
      "end_time": 1637.07,
      "start_time": 1633.73
    },
    {
      "act": "Do we need them on as buttons or do we need them as L_C_D_?",
      "end_time": 1640.24,
      "start_time": 1636.91
    },
    {
      "act": "Right. Or on the L_C_D_ we can, you know",
      "end_time": 1642.27,
      "start_time": 1637.07
    },
    {
      "act": "G yeah, I would think buttons, yeah.",
      "end_time": 1644.4,
      "start_time": 1641.57
    },
    {
      "act": "Yeah, I would say buttons, because it's yeah.",
      "end_time": 1645.13,
      "start_time": 1641.87
    },
    {
      "act": "Buttons.",
      "end_time": 1645.05,
      "start_time": 1644.38
    },
    {
      "act": "Okay. So mm",
      "end_time": 1648.01,
      "start_time": 1645.73
    },
    {
      "act": "It's it's the I think the thing is, so if someone just wants to turn on their T_V_ and put on a channel, then it should be easier to use than any other remote, and then if someone wants to, you know, change the contrast on their T_V_ and they should be able to do that and it should be accessible, but, you know, I mean most of the time I mean there's a limit to how much the biggest techno geek can spend fiddling with the T_V_, I think is the the the issue there.",
      "end_time": 1673.12,
      "start_time": 1645.68
    },
    {
      "act": "I",
      "end_time": 1646.76,
      "start_time": 1646.57
    },
    {
      "act": "Mm. Yeah.",
      "end_time": 1652.5,
      "start_time": 1650.03
    },
    {
      "act": "Yeah.",
      "end_time": 1653.49,
      "start_time": 1653.08
    },
    {
      "act": "Alright.",
      "end_time": 1660.7,
      "start_time": 1660.33
    },
    {
      "act": "Mm-hmm.",
      "end_time": 1664.25,
      "start_time": 1663.85
    },
    {
      "act": "Yeah.",
      "end_time": 1671.15,
      "start_time": 1670.8
    },
    {
      "act": "Right. Okay, so buttons definitely in but oh shall we uh try to draw a prec um",
      "end_time": 1681.09,
      "start_time": 1670.97
    },
    {
      "act": "I think that's what you guys are gonna do next, so if we put down the key um things that we want.",
      "end_time": 1689.5,
      "start_time": 1680.66
    },
    {
      "act": "Uh okay. Okay, okay, so the components. Right, so uh what about the the scrolling uh?",
      "end_time": 1691.82,
      "start_time": 1683.28
    },
    {
      "act": "Yeah. Yeah but n I I'm not completely um completely clear uh I yeah, about the spinning wheel. So I think it it doesn't make sense to have both like a scrolling and spinning thing, it's uh you can al include everything in the spinning if you yeah, yeah, in that case.",
      "end_time": 1709.84,
      "start_time": 1686.55
    },
    {
      "act": "E either or",
      "end_time": 1704.98,
      "start_time": 1703.18
    },
    {
      "act": "Just spinning and not scrolling, I would say.",
      "end_time": 1709.58,
      "start_time": 1707.28
    },
    {
      "act": "G yeah. I would say the s the s the spinning goes at a high speed to th to the scrolling wheel, so you have to decide whether you you know, you want to be going so fast or not.",
      "end_time": 1718.13,
      "start_time": 1707.56
    }
  ],
  [
    {
      "act": "But I mean the the thing with this whole if y you're planning on making it out of rubber, on the basis that it's spongy, then I'm not sure how well a scrolling wheel would work.",
      "end_time": 1726.73,
      "start_time": 1718.13
    },
    {
      "act": "Yeah. Hmm.",
      "end_time": 1724.57,
      "start_time": 1712.24
    },
    {
      "act": "Mm um",
      "end_time": 1727.36,
      "start_time": 1726.5
    },
    {
      "act": "But if you've got a if if you've got a flipped thing, effectively it's something that's curved on one side and flat on the other side, but you folded it in half. Th that would be on one side, uh-huh.",
      "end_time": 1739.77,
      "start_time": 1726.82
    },
    {
      "act": "Ah, but I mean you can",
      "end_time": 1729.84,
      "start_time": 1728.2
    },
    {
      "act": "Yeah, but y your spinning wheel tends to go to one side.",
      "end_time": 1738.56,
      "start_time": 1734.85
    },
    {
      "act": "I'm not sure it'll be a good idea to construct the whole thing out of rubber. Uh i it",
      "end_time": 1744.1,
      "start_time": 1739.31
    },
    {
      "act": "Yeah, I um I think so too, I mean the case would be yeah the case would be rubber and the the buttons,",
      "end_time": 1747.54,
      "start_time": 1742.74
    },
    {
      "act": "No, I think it's just the casing rubber on the outside.",
      "end_time": 1746.7,
      "start_time": 1743.19
    },
    {
      "act": "You want an outside of rubber and then open it up and",
      "end_time": 1748.21,
      "start_time": 1745.34
    },
    {
      "act": "Or or at the corners, edges, just the edges covered by rubber or something like that. Everything else in plastic or even titanium if we want to use it.",
      "end_time": 1755.34,
      "start_time": 1747.6
    },
    {
      "act": "Yeah.",
      "end_time": 1748.4,
      "start_time": 1748.07
    },
    {
      "act": "rubber buttons, but then",
      "end_time": 1749.5,
      "start_time": 1748.36
    },
    {
      "act": "Yeah.",
      "end_time": 1751.42,
      "start_time": 1751.16
    },
    {
      "act": "Yeah.",
      "end_time": 1753.39,
      "start_time": 1753.09
    },
    {
      "act": "Or maybe like interchangeable cases.",
      "end_time": 1757.46,
      "start_time": 1755.25
    },
    {
      "act": "Mm-hmm.",
      "end_time": 1758.38,
      "start_time": 1757.92
    },
    {
      "act": "'Cause I know like we're going back to iPods again n the whole spinning wheel, but I have like a you know, obviously my iPod's not made of rubber, but then I have a little rubber case that goes over the top of it and I can change the colour, theoretically, to match my outfit.",
      "end_time": 1772.69,
      "start_time": 1758.55
    },
    {
      "act": "Right, right.",
      "end_time": 1771.07,
      "start_time": 1769.4
    },
    {
      "act": "Mm.",
      "end_time": 1769.7,
      "start_time": 1769.5
    },
    {
      "act": "Right, okay, so so that gives us a more trendy look as well. Um",
      "end_time": 1780.04,
      "start_time": 1775.09
    },
    {
      "act": "Yeah, I think the spinning wheel is definitely very now.",
      "end_time": 1782.73,
      "start_time": 1779.56
    },
    {
      "act": "Right. Yeah, and uh we're going more for the trends than for the usability anyway, right? So",
      "end_time": 1789.61,
      "start_time": 1782.98
    },
    {
      "act": "Mm-hmm.",
      "end_time": 1783.66,
      "start_time": 1783.24
    },
    {
      "act": "Mm-hmm.",
      "end_time": 1784.19,
      "start_time": 1783.82
    },
    {
      "act": "That's right, that's what they're after.",
      "end_time": 1788.55,
      "start_time": 1786.78
    },
    {
      "act": "Yeah.",
      "end_time": 1787.63,
      "start_time": 1787.25
    }
  ],
  [
    {
      "act": "And uh colours can be provided with the case rather than Um but we still need to te think about the colour of our remote as such, you know, just keep it black, or",
      "end_time": 1803.39,
      "start_time": 1793.59
    },
    {
      "act": "Mm-hmm.",
      "end_time": 1798.97,
      "start_time": 1798.17
    },
    {
      "act": "Yeah I think we um it was a a requirement that we use our um th the colours of our company, so would it be like yellow, grey and black or something, or",
      "end_time": 1811.12,
      "start_time": 1802.24
    },
    {
      "act": "I guess.",
      "end_time": 1812.27,
      "start_time": 1811.55
    },
    {
      "act": "That doesn't fit in with the whole vegetable theme though.",
      "end_time": 1814.28,
      "start_time": 1811.91
    },
    {
      "act": "Yeah, does",
      "end_time": 1812.97,
      "start_time": 1812.6
    },
    {
      "act": "Bananas.",
      "end_time": 1815.85,
      "start_time": 1814.96
    },
    {
      "act": "Yeah. Banana's yellow, yeah, definitely.",
      "end_time": 1818.17,
      "start_time": 1815.12
    },
    {
      "act": "Yeah, but I mean do you think we could incorporate the colours of the company into the buttons and then make the colour of the main remote the colour like vegetable colours, do you know? So you could have like I mean I suppose vegetable colours would be orange and green and some reds and um maybe purple and that and then you'd pick the buttons in company colours to to match with it.",
      "end_time": 1838.76,
      "start_time": 1817.42
    },
    {
      "act": "Mm-hmm. Green. Yeah.",
      "end_time": 1833.82,
      "start_time": 1826.65
    },
    {
      "act": "Mm.",
      "end_time": 1838.95,
      "start_time": 1838.33
    }
  ],
  [
    {
      "act": "So are we discounting solar energy because rubber's gonna be used in there somewhere or",
      "end_time": 1873.82,
      "start_time": 1868.86
    },
    {
      "act": "That was the",
      "end_time": 1875.36,
      "start_time": 1874.58
    },
    {
      "act": "Oh is oh the constraint was uh yeah.",
      "end_time": 1879.51,
      "start_time": 1875.75
    },
    {
      "act": "If solar panels with the rubber.",
      "end_time": 1880.88,
      "start_time": 1878.27
    },
    {
      "act": "We can't have solar panels with rubber, so.",
      "end_time": 1882.84,
      "start_time": 1878.18
    },
    {
      "act": "Yeah. So",
      "end_time": 1882.15,
      "start_time": 1880.32
    },
    {
      "act": "Yeah, okay, so we lose that I think.",
      "end_time": 1885.08,
      "start_time": 1882.36
    },
    {
      "act": "Shall we go for if we're going for rubber, we think uh on as our case, and then",
      "end_time": 1892.7,
      "start_time": 1886.54
    },
    {
      "act": "Mm-hmm. And the buttons as well, I think. Yeah.",
      "end_time": 1895.52,
      "start_time": 1891.69
    },
    {
      "act": "Yeah.",
      "end_time": 1895.1,
      "start_time": 1894.76
    }
  ],
  [
    {
      "act": "I think uh we'll have uh uh using the simple battery will be a safer option as compared to the kinetic energy one, I mean, a although it does seem uh interesting. But it does not hold any advantages as such for a yeah.",
      "end_time": 1913.7,
      "start_time": 1897.52
    },
    {
      "act": "We've got five more minutes. Mm-hmm.",
      "end_time": 1907.2,
      "start_time": 1897.89
    },
    {
      "act": "Yeah.",
      "end_time": 1910.38,
      "start_time": 1910.07
    },
    {
      "act": "Yeah. Yeah, mm-hmm.",
      "end_time": 1913.86,
      "start_time": 1910.1
    },
    {
      "act": "It's just a gimmick.",
      "end_time": 1913.45,
      "start_time": 1912.21
    },
    {
      "act": "Okay. Uh okay, so r we understand this better now that uh the the speaker is for the feedback, right? It it says uh the things that you type in or something like that, so",
      "end_time": 1929.55,
      "start_time": 1918.05
    },
    {
      "act": "Mm-hmm. Yeah. I think if we can if we can include them at not too much extra cost, then I'd put them in, but if it's",
      "end_time": 1935.06,
      "start_time": 1924.06
    },
    {
      "act": "Ye yeah, we we don't have too much information about it, um",
      "end_time": 1937.08,
      "start_time": 1932.11
    },
    {
      "act": "Yeah.",
      "end_time": 1936.96,
      "start_time": 1936.47
    },
    {
      "act": "Yeah, but it it I think it should be quite cheap because it's from our own company, yeah.",
      "end_time": 1941.37,
      "start_time": 1936.93
    },
    {
      "act": "It's from the company, so",
      "end_time": 1942.69,
      "start_time": 1940.35
    },
    {
      "act": "Yeah, okay, so so th this is in as well then, the sample speaker.",
      "end_time": 1946.54,
      "start_time": 1941.03
    },
    {
      "act": "Yeah.",
      "end_time": 1946.51,
      "start_time": 1945.54
    }
  ],
  [
    {
      "act": "Okay. And the case is curved on one side, but then flat flat, so it's flipped into each other.",
      "end_time": 1956.36,
      "start_time": 1948.29
    },
    {
      "act": "Right. Flat on the top.",
      "end_time": 1953.59,
      "start_time": 1948.78
    },
    {
      "act": "Mm-hmm.",
      "end_time": 1956.06,
      "start_time": 1955.6
    },
    {
      "act": "Yeah.",
      "end_time": 1956.14,
      "start_time": 1955.82
    }
  ],
  [
    {
      "act": "Uh um we we're definitely going in for voice recognition as well as L_C_D_s, mm.",
      "end_time": 2011.43,
      "start_time": 2004.74
    },
    {
      "act": "Yeah.",
      "end_time": 2009.47,
      "start_time": 2009.21
    },
    {
      "act": "Yeah. We're on our way. Okay. So we've basically worked out that we're going with a simple battery, the advanced chip and a curved on one side case which is folded in on itself, um made out of rubber and",
      "end_time": 2050.64,
      "start_time": 2009.86
    },
    {
      "act": "Right. Yep.",
      "end_time": 2046.89,
      "start_time": 2041.3
    },
    {
      "act": "the buttons are also rubber. We're having push-buttons on the outside and then on the inside an L_C_D_ with spinning wheel, and we're incorporating voice recognition. That's our overall concept, and it's gonna look sort of vegetable, and be in bright vegetable colours.",
      "end_time": 2069.71,
      "start_time": 2052.01
    },
    {
      "act": "Um",
      "end_time": 2064.83,
      "start_time": 2064.22
    },
    {
      "act": "Uh-huh.",
      "end_time": 2070.58,
      "start_time": 2069.78
    }
  ],
  [
    {
      "act": "So w w would with have the spinning wheel inside with the L_C_D_, or would it be on the outer",
      "end_time": 2076.41,
      "start_time": 2070.58
    },
    {
      "act": "I think it's on the",
      "end_time": 2077.64,
      "start_time": 2076.82
    },
    {
      "act": "Imagine it would be inside. So um actually that could like really cut down your thing, so you've got your outside, which is like minimalist, and then you open it up and you've got a screen and a spinning wheel, which you can incorporate buttons into. Um so you've still not got like a lot of stuff in the",
      "end_time": 2097.84,
      "start_time": 2076.98
    },
    {
      "act": "Okay.",
      "end_time": 2079.1,
      "start_time": 2078.67
    },
    {
      "act": "Mm.",
      "end_time": 2081.33,
      "start_time": 2080.79
    },
    {
      "act": "Mm-hmm. Yeah, okay. Mm-hmm.",
      "end_time": 2093.32,
      "start_time": 2086.7
    },
    {
      "act": "Mm-mm. Yeah.",
      "end_time": 2095.2,
      "start_time": 2093.36
    }
  ]
]