[
  {
    "end_time": 52.208,
    "segment": "Right.",
    "speaker_id": "A",
    "start_time": 51.36
  },
  {
    "end_time": 54.394,
    "segment": "Okay.",
    "speaker_id": "A",
    "start_time": 53.652
  },
  {
    "end_time": 91.696,
    "segment": "Right s so I haven't made a PowerPoint presentation, yeah, I I thought I'll use the whiteboard instead. Um mm, okay, so basically I'll start off by uh I thought I'll use the whiteboard because we have so many different options and what we can do is that we can start um uh rubbing off the options that we do not require and putting in the options that uh are m or highlighting or underlining them or something like that.",
    "speaker_id": "A",
    "start_time": 55.559
  },
  {
    "end_time": 112.403,
    "segment": "Okay, so uh I'll start again with a brief introduction to connect that anyway brief introduction to the insides of a remote control and uh then we can probably uh discuss the various components. Yeah.",
    "speaker_id": "A",
    "start_time": 93.008
  },
  {
    "end_time": 143.786,
    "segment": "Okay, so w what you see here is so this is the outside of the remote, right? If you open it, you have a circuit board here, right, and this is the chip that I was talking about last time. This basically sends information to a tr uh transistor here, which then uh sends the information to an L_E_D_ device here. If you flip the printed circuit board, and this is th the most important point here, uh everything else is kind of",
    "speaker_id": "A",
    "start_time": 112.912
  },
  {
    "end_time": 196.832,
    "segment": "Okay, so if you flip the circuit board, this is what it looks like. So you see for example a particular button attaches to a particular place on the P_C_B_ and uh on pressing this button I a circuit completes, the information goes to the chip, which is somewhere here and the chip that tra then translates the code into an infra infrared radiation, which goes goes out through there. So uh the important point that I read over the website was uh that the configurations of these printed circuit circuit boards uh are quite cheap to make, you can ge get them printed as you want to, so w we can have a configuration um irrespective of the cost, the way we want to have. Right? So that's the important point here, so these are the different options that we have.",
    "speaker_id": "A",
    "start_time": 144.672
  },
  {
    "end_time": 203.744,
    "segment": "Okay. So the batteries, I'll start with the battery, right?",
    "speaker_id": "A",
    "start_time": 198.576
  },
  {
    "end_time": 224.672,
    "segment": "So they can be simple which is like uh the normal batteries in uh our uh the cells, yeah? Uh thes these are the kind different kind of batteries that the company makes, right? So.",
    "speaker_id": "A",
    "start_time": 207.888
  },
  {
    "end_time": 227.904,
    "segment": "And dynamos.",
    "speaker_id": "A",
    "start_time": 226.144
  },
  {
    "end_time": 252.512,
    "segment": "Um yeah, yeah. So uh I don't know if even if you want to consider this, but these are the different things that the company makes, so th they'll they'll since uh they'll come internally from the company, they'll be eas uh cheaper, uh all these options. So the third one is uh the kinetic energy ones.",
    "speaker_id": "A",
    "start_time": 230.352
  },
  {
    "end_time": 258.38,
    "segment": "Yeah.",
    "speaker_id": "A",
    "start_time": 257.775
  },
  {
    "end_time": 314.752,
    "segment": "Yeah, it's a good option. The the kinetic energy one is uh that e uh uh they are usually modern watches, since our hand keeps moving, it keeps the watch ticking. But I dunno i if it is a good idea for a remote control, because it'll just lie there for a long while sometimes. But as soon as you pick it up it moves and then again it uh re recharges or something. And the fourth option is the solar cells, which are also made by the company. Environment friendly. Okay um so I'll list things and then we can come back and discuss what what we think from uh everybody's perspective. There are different cases that can be provided. They can be basically the shape of the cases, they can be flat, they can be curved with uh one-sided",
    "speaker_id": "A",
    "start_time": 262.32
  },
  {
    "end_time": 321.936,
    "segment": "curved and one side flat, and they can be curved with on both the sides.",
    "speaker_id": "A",
    "start_time": 316.192
  },
  {
    "end_time": 328.8,
    "segment": "These are the three options, right? Um",
    "speaker_id": "A",
    "start_time": 324.729
  },
  {
    "end_time": 349.472,
    "segment": "Yeah, would it be flat on both the sides, would be curved from one side, or whatever uh there were different kind of supplements available, um like it can be in plastic, rubber, wood, or titanium, right? Wo wo wood.",
    "speaker_id": "A",
    "start_time": 333.28
  },
  {
    "end_time": 352.898,
    "segment": "Yeah. Not wool.",
    "speaker_id": "A",
    "start_time": 350.154
  },
  {
    "end_time": 393.2,
    "segment": "Oh really? Okay. Um the so uh we can use even um a certain titanium is also used uh in the company to make uh uh some space design equipment, so it's kind of um uh it'll be probably nicer to use, because it relates to the overall image of the company, but uh it cannot be used on a double curved surface. If we choose this, we cannot use titanium. For for these two we can use titanium, wood, rubber, or plastic. Yeah? Uh okay, the interface options now. So",
    "speaker_id": "A",
    "start_time": 354.832
  },
  {
    "end_time": 402.928,
    "segment": "we can have push-buttons, like most remotes do and our company is an expert in making push-buttons.",
    "speaker_id": "A",
    "start_time": 395.44
  },
  {
    "end_time": 411.376,
    "segment": "Ooh. Uh we can have scroll wheels like the ones on um uh mouse pointers uh uh",
    "speaker_id": "A",
    "start_time": 404.112
  },
  {
    "end_time": 443.874,
    "segment": "Yeah, yeah, something like that. So, and they have they can even have an an integrated uh push-button inside the scrolling thing. The scroll plus push. So this is something that has been recently developed by the company, um in the last decade, so not too recent. And L_C_D_s, we can have L_C_D_s. So these two are recent and and this is q quite old. The various electronic options are um",
    "speaker_id": "A",
    "start_time": 413.2
  },
  {
    "end_time": 466.416,
    "segment": "uh so th this concerns firs first of all the the chips I I showed you at uh so there's there's a chip behind this one, right? The P_C_B_ is uh inexpensive, so we can put put in uh whatever we want, but the various integrated circuit options are, we have either a simple one",
    "speaker_id": "A",
    "start_time": 448.125
  },
  {
    "end_time": 470.672,
    "segment": "or a regular",
    "speaker_id": "A",
    "start_time": 468.857
  },
  {
    "end_time": 474.378,
    "segment": "or advanced.",
    "speaker_id": "A",
    "start_time": 472.912
  },
  {
    "end_time": 479.712,
    "segment": "And uh the price goes up",
    "speaker_id": "A",
    "start_time": 476.16
  },
  {
    "end_time": 504.528,
    "segment": "as we go down, obviously. Um okay, so the good thing about uh wh wh why why we would want to use advanced u why we might want to use advanced is that L_C_D_s can only come with the advanced chip. Um the we need regular or advanced for uh scroll wheels.",
    "speaker_id": "A",
    "start_time": 481.808
  },
  {
    "end_time": 513.504,
    "segment": "Right? Um and the chip basically includes the infra infrared sender.",
    "speaker_id": "A",
    "start_time": 507.826
  },
  {
    "end_time": 532.384,
    "segment": "Yeah. Uh besides this in electr under electronics uh also the company has started making a sample sender, which is did not explained what i what it was, but I'm guessing that uh so they have a sample sender and a sample speaker.",
    "speaker_id": "A",
    "start_time": 514.592
  },
  {
    "end_time": 558.8,
    "segment": "So I'm guessing that uh the sample speaker is probably something like um uh you know, as soon as you press a button, it it mm uh give gives you feedback, one five or whatever. Yeah, on. Um and uh I dunno whether sample sender sender has to do something with voice recognition or not, but anyway. So, these are the different options that we have.",
    "speaker_id": "A",
    "start_time": 535.08
  },
  {
    "end_time": 578.556,
    "segment": "Okay, so th that's that's basically now now uh I think that uh we can integrate um uh you know, uh the user interface uh and uh the marketing things in that, keep uh taking out things from this and uh underlining things that are important, yeah.",
    "speaker_id": "A",
    "start_time": 560.304
  },
  {
    "end_time": 584.809,
    "segment": "Yeah, yeah, sure. Sure. Yeah.",
    "speaker_id": "A",
    "start_time": 581.904
  },
  {
    "end_time": 592.192,
    "segment": "Right.",
    "speaker_id": "A",
    "start_time": 591.632
  },
  {
    "end_time": 631.354,
    "segment": "Yeah, it should should do it. Yeah.",
    "speaker_id": "A",
    "start_time": 629.648
  },
  {
    "end_time": 763.896,
    "segment": "That's nice one.",
    "speaker_id": "A",
    "start_time": 762.4
  },
  {
    "end_time": 830.233,
    "segment": "Mm.",
    "speaker_id": "A",
    "start_time": 829.636
  },
  {
    "end_time": 883.064,
    "segment": "Mm.",
    "speaker_id": "A",
    "start_time": 882.476
  },
  {
    "end_time": 901.181,
    "segment": "Uh sorry, uh can you go back for a second? Um uh are you sure wha what this means, a spinning wheel with the L_C_ display? Uh oh yeah are th",
    "speaker_id": "A",
    "start_time": 888.704
  },
  {
    "end_time": 917.411,
    "segment": "Oh okay, the iPod thing, yeah.",
    "speaker_id": "A",
    "start_time": 915.071
  },
  {
    "end_time": 923.296,
    "segment": "Uh it's the iPod uh kind of uh",
    "speaker_id": "A",
    "start_time": 921.312
  },
  {
    "end_time": 930.576,
    "segment": "Alright, right. Okay, okay.",
    "speaker_id": "A",
    "start_time": 927.552
  },
  {
    "end_time": 936.672,
    "segment": "So instead of going down you just spin yeah, yeah.",
    "speaker_id": "A",
    "start_time": 931.814
  },
  {
    "end_time": 939.056,
    "segment": "Uh-huh.",
    "speaker_id": "A",
    "start_time": 938.768
  },
  {
    "end_time": 946.11,
    "segment": "Right.",
    "speaker_id": "A",
    "start_time": 945.616
  },
  {
    "end_time": 951.376,
    "segment": "Mm-hmm.",
    "speaker_id": "A",
    "start_time": 950.832
  },
  {
    "end_time": 960.96,
    "segment": "Right. So maybe I should include that here as well, L_C_D_s um plus spinning.",
    "speaker_id": "A",
    "start_time": 954.512
  },
  {
    "end_time": 1009.335,
    "segment": "Mm-hmm.",
    "speaker_id": "A",
    "start_time": 1008.64
  },
  {
    "end_time": 1017.408,
    "segment": "Right.",
    "speaker_id": "A",
    "start_time": 1016.583
  },
  {
    "end_time": 1034.53,
    "segment": "Mm-hmm.",
    "speaker_id": "A",
    "start_time": 1033.82
  },
  {
    "end_time": 1097.017,
    "segment": "Mm-hmm.",
    "speaker_id": "A",
    "start_time": 1096.487
  },
  {
    "end_time": 1115.328,
    "segment": "Okay.",
    "speaker_id": "A",
    "start_time": 1114.477
  },
  {
    "end_time": 1151.856,
    "segment": "So um uh maybe uh as you're discussing things, is it okay if we just uh keep highlighting things here? Right. So mm uh so it yeah, so probably voice recognition is is kind of important, right? Um and an yeah. Okay, I I have a point about L_C_D_, I dunno if it is the right point to take it up. W uh L_C_D_s are basically for feedback, right, to the user who's pressing buttons, and the feedback can come through television itself, so do we need an L_C_D_ on the remote?",
    "speaker_id": "A",
    "start_time": 1119.442
  },
  {
    "end_time": 1159.36,
    "segment": "Mm.",
    "speaker_id": "A",
    "start_time": 1158.88
  },
  {
    "end_time": 1168.048,
    "segment": "Right.",
    "speaker_id": "A",
    "start_time": 1166.616
  },
  {
    "end_time": 1176.96,
    "segment": "Right.",
    "speaker_id": "A",
    "start_time": 1176.416
  },
  {
    "end_time": 1185.056,
    "segment": "That's true, yeah, that's also",
    "speaker_id": "A",
    "start_time": 1182.784
  },
  {
    "end_time": 1194.761,
    "segment": "Right.",
    "speaker_id": "A",
    "start_time": 1194.265
  },
  {
    "end_time": 1204.992,
    "segment": "Mm-hmm.",
    "speaker_id": "A",
    "start_time": 1204.4
  },
  {
    "end_time": 1213.275,
    "segment": "Mm right.",
    "speaker_id": "A",
    "start_time": 1212.32
  },
  {
    "end_time": 1218.416,
    "segment": "Okay.",
    "speaker_id": "A",
    "start_time": 1217.946
  },
  {
    "end_time": 1223.936,
    "segment": "So now we seem to have a consensus that L_C_D_s are definitely the way to go because of style and",
    "speaker_id": "A",
    "start_time": 1219.012
  },
  {
    "end_time": 1227.042,
    "segment": "Right.",
    "speaker_id": "A",
    "start_time": 1226.608
  },
  {
    "end_time": 1230.256,
    "segment": "You you agree? Maarika, yeah? Yeah.",
    "speaker_id": "A",
    "start_time": 1228.032
  },
  {
    "end_time": 1236.136,
    "segment": "So L_C_D_s, yeah, definitely. Go on.",
    "speaker_id": "A",
    "start_time": 1232.16
  },
  {
    "end_time": 1258.194,
    "segment": "Mm-hmm.",
    "speaker_id": "A",
    "start_time": 1257.419
  },
  {
    "end_time": 1269.104,
    "segment": "Right.",
    "speaker_id": "A",
    "start_time": 1268.593
  },
  {
    "end_time": 1278.529,
    "segment": "Mm.",
    "speaker_id": "A",
    "start_time": 1277.822
  },
  {
    "end_time": 1296.545,
    "segment": "Yeah, we we have we have rubber, but there is a problem that I forgot to discuss with the um with using",
    "speaker_id": "A",
    "start_time": 1286.873
  },
  {
    "end_time": 1328.088,
    "segment": "So if if we use uh latex cases, they won't allow us to use solar cells, as an energy source that is the constraint, so um we could use titanium, wood or plastic uh or uh",
    "speaker_id": "A",
    "start_time": 1309.849
  },
  {
    "end_time": 1333.708,
    "segment": "Yeah, w energy source.",
    "speaker_id": "A",
    "start_time": 1332.112
  },
  {
    "end_time": 1342.567,
    "segment": "Yeah, tap it on the desk, yeah.",
    "speaker_id": "A",
    "start_time": 1336.224
  },
  {
    "end_time": 1344.16,
    "segment": "Mm.",
    "speaker_id": "A",
    "start_time": 1343.808
  },
  {
    "end_time": 1350.997,
    "segment": "So probably double curved surface is the way to go, yeah,.",
    "speaker_id": "A",
    "start_time": 1346.128
  },
  {
    "end_time": 1363.088,
    "segment": "Or or curved at one end and flat on the top, because I I'm not sure if it is flat on both both the sides, then ho how much easy would it be to reach for buttons, etcetera. Um",
    "speaker_id": "A",
    "start_time": 1351.728
  },
  {
    "end_time": 1365.808,
    "segment": "Yeah.",
    "speaker_id": "A",
    "start_time": 1365.087
  },
  {
    "end_time": 1377.984,
    "segment": "Yeah. Yeah, singe single side curved or double side curved does not say too much, does it? It uh",
    "speaker_id": "A",
    "start_time": 1370.522
  },
  {
    "end_time": 1385.268,
    "segment": "Mm.",
    "speaker_id": "A",
    "start_time": 1384.524
  },
  {
    "end_time": 1388.701,
    "segment": "Uh I think uh",
    "speaker_id": "A",
    "start_time": 1386.448
  },
  {
    "end_time": 1392.848,
    "segment": "Right.",
    "speaker_id": "A",
    "start_time": 1392.336
  },
  {
    "end_time": 1419.644,
    "segment": "Right. Di now did it say anywhere in your research material about this sliding stuff uh because um according to the information that I have, I think uh the onl only options that we have with the case is are these three. Uh eith either we have uh a flat surfaced uh case or a curved surfaced case. It does not say anything about uh whether technically, you know, this this stuff is available at all.",
    "speaker_id": "A",
    "start_time": 1397.276
  },
  {
    "end_time": 1425.552,
    "segment": "Right, yeah, yeah.",
    "speaker_id": "A",
    "start_time": 1422.992
  },
  {
    "end_time": 1430.427,
    "segment": "Right.",
    "speaker_id": "A",
    "start_time": 1428.928
  },
  {
    "end_time": 1431.764,
    "segment": "Okay.",
    "speaker_id": "A",
    "start_time": 1430.912
  },
  {
    "end_time": 1443.008,
    "segment": "Cool, thanks.",
    "speaker_id": "A",
    "start_time": 1441.294
  },
  {
    "end_time": 1459.112,
    "segment": "Yeah. Let's let's try to r rub off things and yeah, so um hand dynamos are definitely out, right?",
    "speaker_id": "A",
    "start_time": 1450.326
  },
  {
    "end_time": 1462.9,
    "segment": "You you got a wind dynamo, yeah.",
    "speaker_id": "A",
    "start_time": 1459.77
  },
  {
    "end_time": 1472.288,
    "segment": "Okay. Um kinetic energy does seem to have some kind of uh uh appeal, but uh",
    "speaker_id": "A",
    "start_time": 1464.628
  },
  {
    "end_time": 1474.352,
    "segment": "it's",
    "speaker_id": "A",
    "start_time": 1473.36
  },
  {
    "end_time": 1483.728,
    "segment": "Yeah. As against a watch, which constantly keeps moving, this this thing will have to be tapped every time, which which might be very frustrating for the user.",
    "speaker_id": "A",
    "start_time": 1475.488
  },
  {
    "end_time": 1501.904,
    "segment": "Kinetic energy it needs I don't have too much technical information on that, yeah, right. Okay, let's keep it option uh keep an option, yeah. Um the flat co completely flat case is definitely out, right? It has to be at least curved from one side, yeah.",
    "speaker_id": "A",
    "start_time": 1485.904
  },
  {
    "end_time": 1511.216,
    "segment": "Um okay, we still have all all the options. Wood, do you think wood will be a good idea?",
    "speaker_id": "A",
    "start_time": 1504.368
  },
  {
    "end_time": 1516.736,
    "segment": "Mm.",
    "speaker_id": "A",
    "start_time": 1515.863
  },
  {
    "end_time": 1519.328,
    "segment": "Right.",
    "speaker_id": "A",
    "start_time": 1518.432
  },
  {
    "end_time": 1534.16,
    "segment": "Yeah if if it is really thin if it is really thin it it's likely to break, it's it's much more uh",
    "speaker_id": "A",
    "start_time": 1526.096
  },
  {
    "end_time": 1541.63,
    "segment": "Right.",
    "speaker_id": "A",
    "start_time": 1541.104
  },
  {
    "end_time": 1545.376,
    "segment": "That's true.",
    "speaker_id": "A",
    "start_time": 1543.776
  },
  {
    "end_time": 1551.104,
    "segment": "Yeah.",
    "speaker_id": "A",
    "start_time": 1549.952
  },
  {
    "end_time": 1555.68,
    "segment": "Yeah, okay wood is out.",
    "speaker_id": "A",
    "start_time": 1552.672
  },
  {
    "end_time": 1557.095,
    "segment": "Right.",
    "speaker_id": "A",
    "start_time": 1556.693
  },
  {
    "end_time": 1575.424,
    "segment": "Okay, now for the really interesting stuff, the interface. Right, so uh the the push-buttons is is our expertise uh in the industry, but uh it seems to be out of trend, you know, nobody seems to be",
    "speaker_id": "A",
    "start_time": 1559.968
  },
  {
    "end_time": 1582.929,
    "segment": "Mm right.",
    "speaker_id": "A",
    "start_time": 1581.184
  },
  {
    "end_time": 1592.258,
    "segment": "Oh, if if we have L_C_D_ displays, that opens up a whole world, you know, if you have an L_C_D_ display, then mm you can select almost everything on the L_C_D_ display.",
    "speaker_id": "A",
    "start_time": 1583.312
  },
  {
    "end_time": 1601.632,
    "segment": "Right.",
    "speaker_id": "A",
    "start_time": 1601.099
  },
  {
    "end_time": 1604.467,
    "segment": "Okay.",
    "speaker_id": "A",
    "start_time": 1603.792
  },
  {
    "end_time": 1616.427,
    "segment": "Mm right.",
    "speaker_id": "A",
    "start_time": 1615.424
  },
  {
    "end_time": 1630.677,
    "segment": "So uh in in the buttons we have for the channels also we have options. Do you do we enumerate everything from zero to nine? Or do we have just uh channel plus, channel minus, just to just to scroll?",
    "speaker_id": "A",
    "start_time": 1618.686
  },
  {
    "end_time": 1633.454,
    "segment": "The numbers.",
    "speaker_id": "A",
    "start_time": 1632.596
  },
  {
    "end_time": 1637.455,
    "segment": "Right.",
    "speaker_id": "A",
    "start_time": 1636.916
  },
  {
    "end_time": 1643.52,
    "segment": "Or on the L_C_D_ we can, you know",
    "speaker_id": "A",
    "start_time": 1638.864
  },
  {
    "end_time": 1648.062,
    "segment": "Okay. So mm",
    "speaker_id": "A",
    "start_time": 1645.302
  },
  {
    "end_time": 1660.768,
    "segment": "Alright.",
    "speaker_id": "A",
    "start_time": 1660.208
  },
  {
    "end_time": 1671.904,
    "segment": "Right.",
    "speaker_id": "A",
    "start_time": 1670.624
  },
  {
    "end_time": 1681.296,
    "segment": "Okay, so buttons definitely in but oh shall we uh try to draw a prec um",
    "speaker_id": "A",
    "start_time": 1673.856
  },
  {
    "end_time": 1683.976,
    "segment": "Uh okay.",
    "speaker_id": "A",
    "start_time": 1683.16
  },
  {
    "end_time": 1691.856,
    "segment": "Okay, okay, so the components. Right, so uh what about the the scrolling uh?",
    "speaker_id": "A",
    "start_time": 1685.392
  },
  {
    "end_time": 1727.904,
    "segment": "Mm um",
    "speaker_id": "A",
    "start_time": 1726.448
  },
  {
    "end_time": 1744.592,
    "segment": "I'm not sure it'll be a good idea to construct the whole thing out of rubber. Uh i it",
    "speaker_id": "A",
    "start_time": 1739.056
  },
  {
    "end_time": 1755.542,
    "segment": "Or or at the corners, edges, just the edges covered by rubber or something like that. Everything else in plastic or even titanium if we want to use it.",
    "speaker_id": "A",
    "start_time": 1747.584
  },
  {
    "end_time": 1758.416,
    "segment": "Mm-hmm.",
    "speaker_id": "A",
    "start_time": 1757.79
  },
  {
    "end_time": 1771.152,
    "segment": "Right, right.",
    "speaker_id": "A",
    "start_time": 1769.376
  },
  {
    "end_time": 1780.08,
    "segment": "Right, okay, so so that gives us a more trendy look as well. Um",
    "speaker_id": "A",
    "start_time": 1772.656
  },
  {
    "end_time": 1789.648,
    "segment": "Right. Yeah, and uh we're going more for the trends than for the usability anyway, right? So",
    "speaker_id": "A",
    "start_time": 1782.893
  },
  {
    "end_time": 1791.616,
    "segment": "I'll rub that out.",
    "speaker_id": "A",
    "start_time": 1790.736
  },
  {
    "end_time": 1797.632,
    "segment": "And uh colours can be provided with the case rather than",
    "speaker_id": "A",
    "start_time": 1793.28
  },
  {
    "end_time": 1803.526,
    "segment": "Um but we still need to te think about the colour of our remote as such, you know, just keep it black, or",
    "speaker_id": "A",
    "start_time": 1798.074
  },
  {
    "end_time": 1839.088,
    "segment": "Mm.",
    "speaker_id": "A",
    "start_time": 1838.308
  },
  {
    "end_time": 1864.24,
    "segment": "Okay. Um okay, if you g go over to uh the integrated circuits. Uh since we're having L_C_D_s there there's no way that we're will be able to um what we do need to consider, however, is that the price is going up for the ever every such thing that we are considering, but since L_C_D_s seems to be uh a definite yes, so it seems to be one area where we would want to spend.",
    "speaker_id": "A",
    "start_time": 1840.544
  },
  {
    "end_time": 1867.154,
    "segment": "So I'll rub off the other two.",
    "speaker_id": "A",
    "start_time": 1865.328
  },
  {
    "end_time": 1879.546,
    "segment": "Oh is oh the constraint was uh yeah.",
    "speaker_id": "A",
    "start_time": 1875.264
  },
  {
    "end_time": 1882.575,
    "segment": "Yeah. So",
    "speaker_id": "A",
    "start_time": 1880.304
  },
  {
    "end_time": 1913.888,
    "segment": "I think uh we'll have uh uh using the simple battery will be a safer option as compared to the kinetic energy one, I mean, a although it does seem uh interesting. But it does not hold any advantages as such for a yeah.",
    "speaker_id": "A",
    "start_time": 1896.832
  },
  {
    "end_time": 1929.776,
    "segment": "Okay. Uh okay, so r we understand this better now that uh the the speaker is for the feedback, right? It it says uh the things that you type in or something like that, so",
    "speaker_id": "A",
    "start_time": 1917.982
  },
  {
    "end_time": 1937.274,
    "segment": "Ye yeah, we we don't have too much information about it, um",
    "speaker_id": "A",
    "start_time": 1932.015
  },
  {
    "end_time": 1946.704,
    "segment": "Yeah, okay, so so th this is in as well then, the sample speaker.",
    "speaker_id": "A",
    "start_time": 1940.991
  },
  {
    "end_time": 1949.36,
    "segment": "Right.",
    "speaker_id": "A",
    "start_time": 1948.546
  },
  {
    "end_time": 1953.712,
    "segment": "Flat on the top.",
    "speaker_id": "A",
    "start_time": 1952.621
  },
  {
    "end_time": 1956.214,
    "segment": "Yeah.",
    "speaker_id": "A",
    "start_time": 1955.54
  },
  {
    "end_time": 1961.305,
    "segment": "Okay.",
    "speaker_id": "A",
    "start_time": 1960.48
  },
  {
    "end_time": 1995.296,
    "segment": "I_C_s? Uh integrated circuits.",
    "speaker_id": "A",
    "start_time": 1992.824
  },
  {
    "end_time": 2000.116,
    "segment": "Yeah.",
    "speaker_id": "A",
    "start_time": 1999.632
  },
  {
    "end_time": 2011.837,
    "segment": "Uh um we we're definitely going in for voice recognition as well as L_C_D_s, mm.",
    "speaker_id": "A",
    "start_time": 2004.592
  },
  {
    "end_time": 2041.6,
    "segment": "Right.",
    "speaker_id": "A",
    "start_time": 2041.248
  },
  {
    "end_time": 2047.175,
    "segment": "Yep.",
    "speaker_id": "A",
    "start_time": 2046.448
  },
  {
    "end_time": 2081.408,
    "segment": "Mm.",
    "speaker_id": "A",
    "start_time": 2080.392
  },
  {
    "end_time": 2123.856,
    "segment": "Mm-hmm.",
    "speaker_id": "A",
    "start_time": 2122.992
  },
  {
    "end_time": 2151.472,
    "segment": "Cool.",
    "speaker_id": "A",
    "start_time": 2150.832
  },
  {
    "end_time": 2158.562,
    "segment": "Yeah, okay.",
    "speaker_id": "A",
    "start_time": 2157.005
  },
  {
    "end_time": 232.72,
    "segment": "Does that mean like a wind-up one?",
    "speaker_id": "B",
    "start_time": 231.04
  },
  {
    "end_time": 237.533,
    "segment": "A wind-up remote.",
    "speaker_id": "B",
    "start_time": 234.016
  },
  {
    "end_time": 257.776,
    "segment": "You could make the hand dynamo into an exercise bike, and then people could exercise whilst watching T_V_.",
    "speaker_id": "B",
    "start_time": 253.344
  },
  {
    "end_time": 263.92,
    "segment": "Yeah, and stop worrying about the whole R_S_I_ from the remote thing, 'cause that's just",
    "speaker_id": "B",
    "start_time": 259.488
  },
  {
    "end_time": 289.075,
    "segment": "Yay.",
    "speaker_id": "B",
    "start_time": 287.776
  },
  {
    "end_time": 348.604,
    "segment": "Did you say wool?",
    "speaker_id": "B",
    "start_time": 347.632
  },
  {
    "end_time": 351.624,
    "segment": "Wood. Oh right.",
    "speaker_id": "B",
    "start_time": 349.669
  },
  {
    "end_time": 352.099,
    "segment": ".",
    "speaker_id": "B",
    "start_time": 351.624
  },
  {
    "end_time": 356.144,
    "segment": "Yeah, you'll understand why when we get to my presenta.",
    "speaker_id": "B",
    "start_time": 352.099
  },
  {
    "end_time": 408.768,
    "segment": "Sony.",
    "speaker_id": "B",
    "start_time": 407.803
  },
  {
    "end_time": 412.656,
    "segment": "Sony Ericsson mobile phones has it.",
    "speaker_id": "B",
    "start_time": 410.899
  },
  {
    "end_time": 414.624,
    "segment": "Mm.",
    "speaker_id": "B",
    "start_time": 414.384
  },
  {
    "end_time": 627.904,
    "segment": "No it's got its little camera in there, plug it in.",
    "speaker_id": "B",
    "start_time": 624.591
  },
  {
    "end_time": 629.915,
    "segment": "'S a",
    "speaker_id": "B",
    "start_time": 629.231
  },
  {
    "end_time": 786.192,
    "segment": "Ugly.",
    "speaker_id": "B",
    "start_time": 785.68
  },
  {
    "end_time": 901.156,
    "segment": "Yeah, you can't",
    "speaker_id": "B",
    "start_time": 899.75
  },
  {
    "end_time": 917.703,
    "segment": "Oh, it's like the iPod.",
    "speaker_id": "B",
    "start_time": 915.831
  },
  {
    "end_time": 932.63,
    "segment": "G yeah, no, you can. It's like it's like where you you know how you have your your mouse, and y you go round and i it's kind of like that and you spin round and it yeah. It is",
    "speaker_id": "B",
    "start_time": 920.206
  },
  {
    "end_time": 938.448,
    "segment": "You just go round and it is a bit weird at first, but it's actually very like fast.",
    "speaker_id": "B",
    "start_time": 934.064
  },
  {
    "end_time": 954.288,
    "segment": "I like the the wheels that click on the side you you get 'em much slower, so it's quite good if you like searching quite a lot of stuff. Do you know, if you're lookin if you're th scrolling through the A_ to Z_ of your music and you're looking for something at T_, then it's a lot faster than the wheel, but you've got a lot less control over it.",
    "speaker_id": "B",
    "start_time": 939.348
  },
  {
    "end_time": 1032.222,
    "segment": "Okay, I've put the copy of the presentation in um the yeah.",
    "speaker_id": "B",
    "start_time": 1025.616
  },
  {
    "end_time": 1051.04,
    "segment": "Cool.",
    "speaker_id": "B",
    "start_time": 1050.546
  },
  {
    "end_time": 1083.296,
    "segment": "Fabulous. Okay, cool. Um so what I did was to search the internet to come up with market trends and you know what users are gonna be wanting in the the near future. Okay.",
    "speaker_id": "B",
    "start_time": 1070.19
  },
  {
    "end_time": 1101.108,
    "segment": "Right. Now, the first aspect is apparently twice as important as the second aspect, which is twice as important as the third a aspect. So, I mean the the easy to use thing is fairly low down on the which I think given the target group is what you would expect, really.",
    "speaker_id": "B",
    "start_time": 1084.576
  },
  {
    "end_time": 1121.014,
    "segment": "Um, you know, people want something new, something technologically innovative and different, so the whole idea with the L_C_D_s and the spinning and the colours and the voice recognition is quite like, quite the thing to go for. And um, yeah it wants to look fancy, fancy look and feel. So",
    "speaker_id": "B",
    "start_time": 1101.73
  },
  {
    "end_time": 1125.917,
    "segment": "Yeah, yeah.",
    "speaker_id": "B",
    "start_time": 1124.604
  },
  {
    "end_time": 1147.126,
    "segment": "Mm.",
    "speaker_id": "B",
    "start_time": 1146.64
  },
  {
    "end_time": 1176.112,
    "segment": "Depends how fast your television runs, really, don't don't you think? I mean we've got one of those um Telewest boxes and you put the number in the remote and then you wait and then it goes to the T_V_ and then you wait, and then it comes, so i it actually takes quite a long time. And if you get the number in wrong, then it's a bit of a pain, so I think, you know, a screen on the remote would probably cut down your time on that. But like remotes do tend to get f thrown about a bit.",
    "speaker_id": "B",
    "start_time": 1152.224
  },
  {
    "end_time": 1177.972,
    "segment": "You know?",
    "speaker_id": "B",
    "start_time": 1177.296
  },
  {
    "end_time": 1182.561,
    "segment": "Yeah.",
    "speaker_id": "B",
    "start_time": 1181.872
  },
  {
    "end_time": 1190.978,
    "segment": "And i it would be like I mean if you could make it integrate with the T_V_ then it could come up with new information about what's on, and you could just see that on the remote rather than",
    "speaker_id": "B",
    "start_time": 1183.455
  },
  {
    "end_time": 1193.088,
    "segment": "Yeah.",
    "speaker_id": "B",
    "start_time": 1192.592
  },
  {
    "end_time": 1218.769,
    "segment": "But um I think maybe a way to do it would be a similar way to how you have your mobile phone, you know, like you have the slidey ones and you have the flippy ones and then the screen's protected so it doesn't actually get scratched. So you can have like what looks like a normal remote control, you know or like a minimalist remote control. So you got your buttons one to nine, your on and off and your volume on that and then if you want to mess about with it, you flip it open and, yeah.",
    "speaker_id": "B",
    "start_time": 1194.224
  },
  {
    "end_time": 1226.672,
    "segment": "Yeah, so that kind of decides your whole chip thing.",
    "speaker_id": "B",
    "start_time": 1224.096
  },
  {
    "end_time": 1233.472,
    "segment": "Okay?",
    "speaker_id": "B",
    "start_time": 1232.784
  },
  {
    "end_time": 1253.657,
    "segment": "Cool. Okay, apparently, fruit and vegetables will be providing inspiration. Sorry, I discovered clip art. Um so these will be an important feature for clothes, shoes and furniture. So I mean, I'm taking this to mean, you know, curviness.",
    "speaker_id": "B",
    "start_time": 1236.56
  },
  {
    "end_time": 1258.623,
    "segment": "Do you know? 'Cause you don't tend to get flat vegetables. You know?",
    "speaker_id": "B",
    "start_time": 1255.024
  },
  {
    "end_time": 1283.968,
    "segment": "Yeah, bit of asymmetry and stuff. But that would be a good way to to get in the whole um R_S_I_ issue in there, because I mean if you think most people use the remote control with their right hand ha right hands so you wanna you curve it so that it's suitable for use with the right hand. Um yeah, I'm not quite sure about the relevance of material will be spongy. Um",
    "speaker_id": "B",
    "start_time": 1259.648
  },
  {
    "end_time": 1288.61,
    "segment": "Yeah, but I mean y you have to",
    "speaker_id": "B",
    "start_time": 1285.888
  },
  {
    "end_time": 1304.96,
    "segment": "Well I suppose you wouldn't get a remote uh an electric shock off your remote control if it was made of rubber.",
    "speaker_id": "B",
    "start_time": 1299.584
  },
  {
    "end_time": 1309.341,
    "segment": "Yeah, yeah.",
    "speaker_id": "B",
    "start_time": 1307.808
  },
  {
    "end_time": 1338.032,
    "segment": "If it's made of rubber you could get the kinetic energy fairly easily there, you could just bounce it up and down.",
    "speaker_id": "B",
    "start_time": 1331.891
  },
  {
    "end_time": 1346.64,
    "segment": "Yeah. Um so yeah, um okay.",
    "speaker_id": "B",
    "start_time": 1340.656
  },
  {
    "end_time": 1351.568,
    "segment": "Yeah, yeah.",
    "speaker_id": "B",
    "start_time": 1349.396
  },
  {
    "end_time": 1373.135,
    "segment": "You have to have a certain element of flatness, I think. It it depends on the whole ergonomics of it, you know, it's like how you put your hands so y it's the least movement basically.",
    "speaker_id": "B",
    "start_time": 1362.752
  },
  {
    "end_time": 1397.648,
    "segment": "No, I d I don't think it makes a lot of difference. I I have one of those s slidey phones and I mean the back is essentially straight, but it's curvy, so. Besides, you have four sides to a thing, so I mean does curved one side mean one side is straight and, you know curved two sides means the whole thing is just a big curvy p thing?",
    "speaker_id": "B",
    "start_time": 1375.827
  },
  {
    "end_time": 1410.802,
    "segment": "Yeah.",
    "speaker_id": "B",
    "start_time": 1410.03
  },
  {
    "end_time": 1432.32,
    "segment": "Yeah. Uh it's it's more about the protecting the L_C_D_, which I think is where it came from. But no, my research didn't tell me anything, which is why we have all the pictures, 'cause I had nothing better to do with my time. Okay, cool.",
    "speaker_id": "B",
    "start_time": 1419.824
  },
  {
    "end_time": 1441.054,
    "segment": "Uh combine style with a level of functionality, um beauty and practicality and a thing of beauty and p function.",
    "speaker_id": "B",
    "start_time": 1433.586
  },
  {
    "end_time": 1442.784,
    "segment": "Okay?",
    "speaker_id": "B",
    "start_time": 1442.528
  },
  {
    "end_time": 1477.326,
    "segment": "It's about the practicality of it really, isn't it? You know? I mean if",
    "speaker_id": "B",
    "start_time": 1473.037
  },
  {
    "end_time": 1522.232,
    "segment": "I can't imagine a m wooden remote control.",
    "speaker_id": "B",
    "start_time": 1519.556
  },
  {
    "end_time": 1549.984,
    "segment": "Well it's not very cleanable either, do you know. It's it's not a practical I mean it's it's alright for a table, but for a remote control, you know.",
    "speaker_id": "B",
    "start_time": 1541.075
  },
  {
    "end_time": 1553.145,
    "segment": "And splinters and stuff and",
    "speaker_id": "B",
    "start_time": 1550.976
  },
  {
    "end_time": 1558.559,
    "segment": "It just m doesn't make any sense, I think is the thing with wood.",
    "speaker_id": "B",
    "start_time": 1555.088
  },
  {
    "end_time": 1577.206,
    "segment": "You have to have some push-buttons, don't you?",
    "speaker_id": "B",
    "start_time": 1574.864
  },
  {
    "end_time": 1582.016,
    "segment": "G yeah, yeah.",
    "speaker_id": "B",
    "start_time": 1580.816
  },
  {
    "end_time": 1618.336,
    "segment": "Yeah. I think this is going back to the the graph at the beginning that I made, where, you know, the buttons that people use all the time, you want buttons for them and everything else menu-driven.",
    "speaker_id": "B",
    "start_time": 1607.504
  },
  {
    "end_time": 1634.302,
    "segment": "Yeah.",
    "speaker_id": "B",
    "start_time": 1633.705
  },
  {
    "end_time": 1637.246,
    "segment": "Yeah.",
    "speaker_id": "B",
    "start_time": 1636.72
  },
  {
    "end_time": 1644.44,
    "segment": "G yeah, I would think buttons, yeah.",
    "speaker_id": "B",
    "start_time": 1641.51
  },
  {
    "end_time": 1673.425,
    "segment": "It's it's the I think the thing is, so if someone just wants to turn on their T_V_ and put on a channel, then it should be easier to use than any other remote, and then if someone wants to, you know, change the contrast on their T_V_ and they should be able to do that and it should be accessible, but, you know, I mean most of the time I mean there's a limit to how much the biggest techno geek can spend fiddling with the T_V_, I think is the the the issue there.",
    "speaker_id": "B",
    "start_time": 1645.664
  },
  {
    "end_time": 1705.112,
    "segment": "E either or",
    "speaker_id": "B",
    "start_time": 1702.957
  },
  {
    "end_time": 1708.339,
    "segment": "G yeah.",
    "speaker_id": "B",
    "start_time": 1707.477
  },
  {
    "end_time": 1726.963,
    "segment": "I would say the s the s the spinning goes at a high speed to th to the scrolling wheel, so you have to decide whether you you know, you want to be going so fast or not. But I mean the the thing with this whole if y you're planning on making it out of rubber, on the basis that it's spongy, then I'm not sure how well a scrolling wheel would work.",
    "speaker_id": "B",
    "start_time": 1708.998
  },
  {
    "end_time": 1738.668,
    "segment": "Yeah, but y your spinning wheel tends to go to one side.",
    "speaker_id": "B",
    "start_time": 1734.638
  },
  {
    "end_time": 1748.366,
    "segment": "You want an outside of rubber and then open it up and",
    "speaker_id": "B",
    "start_time": 1745.21
  },
  {
    "end_time": 1757.57,
    "segment": "Or maybe like interchangeable cases.",
    "speaker_id": "B",
    "start_time": 1755.232
  },
  {
    "end_time": 1772.72,
    "segment": "'Cause I know like we're going back to iPods again n the whole spinning wheel, but I have like a you know, obviously my iPod's not made of rubber, but then I have a little rubber case that goes over the top of it and I can change the colour, theoretically, to match my outfit.",
    "speaker_id": "B",
    "start_time": 1758.528
  },
  {
    "end_time": 1782.768,
    "segment": "Yeah, I think the spinning wheel is definitely very now.",
    "speaker_id": "B",
    "start_time": 1779.536
  },
  {
    "end_time": 1787.664,
    "segment": "Yeah.",
    "speaker_id": "B",
    "start_time": 1787.232
  },
  {
    "end_time": 1814.496,
    "segment": "That doesn't fit in with the whole vegetable theme though.",
    "speaker_id": "B",
    "start_time": 1811.679
  },
  {
    "end_time": 1838.953,
    "segment": "Yeah, but I mean do you think we could incorporate the colours of the company into the buttons and then make the colour of the main remote the colour like vegetable colours, do you know? So you could have like I mean I suppose vegetable colours would be orange and green and some reds and um maybe purple and that and then you'd pick the buttons in company colours to to match with it.",
    "speaker_id": "B",
    "start_time": 1816.895
  },
  {
    "end_time": 1873.856,
    "segment": "So are we discounting solar energy because rubber's gonna be used in there somewhere or",
    "speaker_id": "B",
    "start_time": 1868.582
  },
  {
    "end_time": 1881.215,
    "segment": "If solar panels with the rubber.",
    "speaker_id": "B",
    "start_time": 1878.144
  },
  {
    "end_time": 1885.165,
    "segment": "Yeah, okay, so we lose that I think.",
    "speaker_id": "B",
    "start_time": 1882.2
  },
  {
    "end_time": 1910.416,
    "segment": "Yeah.",
    "speaker_id": "B",
    "start_time": 1910.0
  },
  {
    "end_time": 1913.747,
    "segment": "It's just a gimmick.",
    "speaker_id": "B",
    "start_time": 1912.186
  },
  {
    "end_time": 1967.962,
    "segment": "Yeah, sure j",
    "speaker_id": "B",
    "start_time": 1966.576
  },
  {
    "end_time": 1981.088,
    "segment": "Sorry, do you want me to",
    "speaker_id": "B",
    "start_time": 1980.03
  },
  {
    "end_time": 1992.528,
    "segment": "What does um I_C_S_ mean?",
    "speaker_id": "B",
    "start_time": 1990.496
  },
  {
    "end_time": 1999.877,
    "segment": "Okay, cool. So it's advanced integrated circuits?",
    "speaker_id": "B",
    "start_time": 1995.323
  },
  {
    "end_time": 2097.882,
    "segment": "Imagine it would be inside. So um actually that could like really cut down your thing, so you've got your outside, which is like minimalist, and then you open it up and you've got a screen and a spinning wheel, which you can incorporate buttons into. Um so you've still not got like a lot of stuff in the",
    "speaker_id": "B",
    "start_time": 2076.778
  },
  {
    "end_time": 2111.217,
    "segment": "You've maybe got, you know like if you're modelling on iPod you've got five buttons and a wheel, and four of the buttons are in the wheel, and the other one's the little bit inside the wheel, yeah.",
    "speaker_id": "B",
    "start_time": 2098.72
  },
  {
    "end_time": 2168.4,
    "segment": "Cool, I'm gonna go and sit on my own.",
    "speaker_id": "B",
    "start_time": 2165.609
  },
  {
    "end_time": 2172.791,
    "segment": "I know, I'm hated.",
    "speaker_id": "B",
    "start_time": 2169.366
  },
  {
    "end_time": 2177.486,
    "segment": "I've got a bit tangled up in all this.",
    "speaker_id": "B",
    "start_time": 2173.481
  },
  {
    "end_time": 50.272,
    "segment": "Excellent. So um I sent you the agenda, it was on the in the project documents. I don't know if you got a chance to just have a look at it. Anyway, it's the meeting's gonna follow more or less the same structure as last time, so we'll go round each of you in turn and you can give your presentations on what you've been up to. Um and at the end of that we need to discuss what you've come up with, so that we can make a decision on the key remote control concepts, so that's we need to know about the components' properties, materials, the user interface and any trends that the Marketing Expert has been watching.",
    "speaker_id": "C",
    "start_time": 2.343
  },
  {
    "end_time": 57.063,
    "segment": "Okay. Um, do you wanna start again? Let me we've got forty minutes.",
    "speaker_id": "C",
    "start_time": 51.776
  },
  {
    "end_time": 61.936,
    "segment": "You haven't made a PowerPoint, okay.",
    "speaker_id": "C",
    "start_time": 59.554
  },
  {
    "end_time": 64.144,
    "segment": "Mm-hmm.",
    "speaker_id": "C",
    "start_time": 63.312
  },
  {
    "end_time": 67.005,
    "segment": "Let's hope the pen holds out.",
    "speaker_id": "C",
    "start_time": 65.011
  },
  {
    "end_time": 87.349,
    "segment": "Mm-hmm.",
    "speaker_id": "C",
    "start_time": 86.659
  },
  {
    "end_time": 98.707,
    "segment": "Yeah.",
    "speaker_id": "C",
    "start_time": 97.993
  },
  {
    "end_time": 119.744,
    "segment": "Mm-hmm.",
    "speaker_id": "C",
    "start_time": 119.328
  },
  {
    "end_time": 136.726,
    "segment": "Mm-hmm.",
    "speaker_id": "C",
    "start_time": 135.92
  },
  {
    "end_time": 154.758,
    "segment": "Yeah.",
    "speaker_id": "C",
    "start_time": 154.345
  },
  {
    "end_time": 183.807,
    "segment": "Mm-hmm.",
    "speaker_id": "C",
    "start_time": 183.125
  },
  {
    "end_time": 192.179,
    "segment": "Mm-hmm.",
    "speaker_id": "C",
    "start_time": 191.472
  },
  {
    "end_time": 204.128,
    "segment": "Mm-hmm.",
    "speaker_id": "C",
    "start_time": 203.376
  },
  {
    "end_time": 218.48,
    "segment": "Yeah.",
    "speaker_id": "C",
    "start_time": 217.38
  },
  {
    "end_time": 241.344,
    "segment": "Okay.",
    "speaker_id": "C",
    "start_time": 240.808
  },
  {
    "end_time": 247.61,
    "segment": "Mm-hmm.",
    "speaker_id": "C",
    "start_time": 246.976
  },
  {
    "end_time": 260.32,
    "segment": "And charging their remote, yeah.",
    "speaker_id": "C",
    "start_time": 257.789
  },
  {
    "end_time": 272.969,
    "segment": "Uh yeah.",
    "speaker_id": "C",
    "start_time": 271.623
  },
  {
    "end_time": 275.001,
    "segment": "Mm-hmm.",
    "speaker_id": "C",
    "start_time": 274.325
  },
  {
    "end_time": 277.207,
    "segment": "For a remote, 'cause you",
    "speaker_id": "C",
    "start_time": 276.176
  },
  {
    "end_time": 278.241,
    "segment": "Yeah.",
    "speaker_id": "C",
    "start_time": 277.744
  },
  {
    "end_time": 284.336,
    "segment": "Yeah.",
    "speaker_id": "C",
    "start_time": 283.68
  },
  {
    "end_time": 298.021,
    "segment": "Yeah.",
    "speaker_id": "C",
    "start_time": 296.832
  },
  {
    "end_time": 310.288,
    "segment": "Mm-hmm.",
    "speaker_id": "C",
    "start_time": 309.792
  },
  {
    "end_time": 322.912,
    "segment": "Mm-hmm.",
    "speaker_id": "C",
    "start_time": 322.359
  },
  {
    "end_time": 338.12,
    "segment": "Mm-hmm.",
    "speaker_id": "C",
    "start_time": 337.472
  },
  {
    "end_time": 347.344,
    "segment": "Mm-hmm. Okay.",
    "speaker_id": "C",
    "start_time": 345.424
  },
  {
    "end_time": 352.896,
    "segment": "Wood, wood. A fluffy remote.",
    "speaker_id": "C",
    "start_time": 348.752
  },
  {
    "end_time": 357.6,
    "segment": "Huh.",
    "speaker_id": "C",
    "start_time": 357.328
  },
  {
    "end_time": 382.072,
    "segment": "Mm.",
    "speaker_id": "C",
    "start_time": 381.542
  },
  {
    "end_time": 388.438,
    "segment": "Mm-hmm.",
    "speaker_id": "C",
    "start_time": 387.815
  },
  {
    "end_time": 410.336,
    "segment": "Mm-hmm.",
    "speaker_id": "C",
    "start_time": 409.792
  },
  {
    "end_time": 421.552,
    "segment": "Okay.",
    "speaker_id": "C",
    "start_time": 420.553
  },
  {
    "end_time": 439.952,
    "segment": "Mm-hmm.",
    "speaker_id": "C",
    "start_time": 439.136
  },
  {
    "end_time": 462.064,
    "segment": "Mm-hmm.",
    "speaker_id": "C",
    "start_time": 461.408
  },
  {
    "end_time": 480.817,
    "segment": "Mm-hmm.",
    "speaker_id": "C",
    "start_time": 479.858
  },
  {
    "end_time": 497.456,
    "segment": "Mm-hmm.",
    "speaker_id": "C",
    "start_time": 496.634
  },
  {
    "end_time": 514.441,
    "segment": "Mm-hmm.",
    "speaker_id": "C",
    "start_time": 513.843
  },
  {
    "end_time": 547.849,
    "segment": "Mm-hmm.",
    "speaker_id": "C",
    "start_time": 547.136
  },
  {
    "end_time": 556.881,
    "segment": "Mm-hmm.",
    "speaker_id": "C",
    "start_time": 556.155
  },
  {
    "end_time": 573.028,
    "segment": "Yeah.",
    "speaker_id": "C",
    "start_time": 572.615
  },
  {
    "end_time": 576.016,
    "segment": "Mm-hmm.",
    "speaker_id": "C",
    "start_time": 575.632
  },
  {
    "end_time": 586.176,
    "segment": "Excellent. Do you wanna stay somewhere near the board, so that if we need to you can sit down, but just we might need you to leap up.",
    "speaker_id": "C",
    "start_time": 577.712
  },
  {
    "end_time": 589.936,
    "segment": "What are you, PowerPoint, or",
    "speaker_id": "C",
    "start_time": 587.744
  },
  {
    "end_time": 592.605,
    "segment": "Okay.",
    "speaker_id": "C",
    "start_time": 591.502
  },
  {
    "end_time": 624.608,
    "segment": "Do you think these pens can give you cancer of the hand? Some sort of radiation?",
    "speaker_id": "C",
    "start_time": 619.885
  },
  {
    "end_time": 627.264,
    "segment": "Yeah.",
    "speaker_id": "C",
    "start_time": 626.672
  },
  {
    "end_time": 635.353,
    "segment": "Right, interface concept.",
    "speaker_id": "C",
    "start_time": 633.472
  },
  {
    "end_time": 647.776,
    "segment": "That's fine.",
    "speaker_id": "C",
    "start_time": 646.544
  },
  {
    "end_time": 653.67,
    "segment": "Mm-hmm.",
    "speaker_id": "C",
    "start_time": 652.987
  },
  {
    "end_time": 684.178,
    "segment": "Mm-hmm.",
    "speaker_id": "C",
    "start_time": 683.555
  },
  {
    "end_time": 719.947,
    "segment": "Mm-hmm.",
    "speaker_id": "C",
    "start_time": 719.184
  },
  {
    "end_time": 787.86,
    "segment": "Mm.",
    "speaker_id": "C",
    "start_time": 786.829
  },
  {
    "end_time": 830.21,
    "segment": "Mm-hmm.",
    "speaker_id": "C",
    "start_time": 829.696
  },
  {
    "end_time": 837.12,
    "segment": "It's yeah.",
    "speaker_id": "C",
    "start_time": 834.672
  },
  {
    "end_time": 858.304,
    "segment": "Yeah.",
    "speaker_id": "C",
    "start_time": 857.861
  },
  {
    "end_time": 882.608,
    "segment": "Uh-huh, hi yeah.",
    "speaker_id": "C",
    "start_time": 879.904
  },
  {
    "end_time": 901.186,
    "segment": "It's like the like you said, no? The scroll scroll wheel.",
    "speaker_id": "C",
    "start_time": 896.319
  },
  {
    "end_time": 926.892,
    "segment": "Uh-huh.",
    "speaker_id": "C",
    "start_time": 925.234
  },
  {
    "end_time": 934.928,
    "segment": "Mm-hmm.",
    "speaker_id": "C",
    "start_time": 934.4
  },
  {
    "end_time": 939.675,
    "segment": "Mm-hmm.",
    "speaker_id": "C",
    "start_time": 939.003
  },
  {
    "end_time": 946.24,
    "segment": "Mm-hmm.",
    "speaker_id": "C",
    "start_time": 945.632
  },
  {
    "end_time": 954.88,
    "segment": "Mm-hmm.",
    "speaker_id": "C",
    "start_time": 954.416
  },
  {
    "end_time": 958.122,
    "segment": "Yeah.",
    "speaker_id": "C",
    "start_time": 957.289
  },
  {
    "end_time": 963.096,
    "segment": "Yeah.",
    "speaker_id": "C",
    "start_time": 962.256
  },
  {
    "end_time": 969.264,
    "segment": "Mm-hmm.",
    "speaker_id": "C",
    "start_time": 968.568
  },
  {
    "end_time": 1009.536,
    "segment": "Mm-hmm.",
    "speaker_id": "C",
    "start_time": 1008.896
  },
  {
    "end_time": 1017.52,
    "segment": "Excellent. Okay, straight to trends, and then we can discuss it all at once.",
    "speaker_id": "C",
    "start_time": 1012.246
  },
  {
    "end_time": 1037.442,
    "segment": "The project documents. Excellent. If you two could both do that as well, in case we need to refer to it.",
    "speaker_id": "C",
    "start_time": 1029.178
  },
  {
    "end_time": 1059.424,
    "segment": "Here it comes.",
    "speaker_id": "C",
    "start_time": 1057.92
  },
  {
    "end_time": 1069.416,
    "segment": "Okay.",
    "speaker_id": "C",
    "start_time": 1068.65
  },
  {
    "end_time": 1082.256,
    "segment": "Mm-hmm.",
    "speaker_id": "C",
    "start_time": 1081.52
  },
  {
    "end_time": 1092.528,
    "segment": "Okay.",
    "speaker_id": "C",
    "start_time": 1091.984
  },
  {
    "end_time": 1101.088,
    "segment": "Mm-hmm.",
    "speaker_id": "C",
    "start_time": 1100.56
  },
  {
    "end_time": 1115.068,
    "segment": "Mm-hmm.",
    "speaker_id": "C",
    "start_time": 1114.353
  },
  {
    "end_time": 1126.213,
    "segment": "Yeah, yeah, sure. Yeah.",
    "speaker_id": "C",
    "start_time": 1123.888
  },
  {
    "end_time": 1130.784,
    "segment": "That's over on the interface, if if you could put",
    "speaker_id": "C",
    "start_time": 1127.712
  },
  {
    "end_time": 1134.512,
    "segment": "Yeah.",
    "speaker_id": "C",
    "start_time": 1133.664
  },
  {
    "end_time": 1140.32,
    "segment": "And maybe the L_C_D_ and spinning so that means we need an advanced thing.",
    "speaker_id": "C",
    "start_time": 1135.581
  },
  {
    "end_time": 1146.529,
    "segment": "Mm-hmm.",
    "speaker_id": "C",
    "start_time": 1145.923
  },
  {
    "end_time": 1166.384,
    "segment": "Mm.",
    "speaker_id": "C",
    "start_time": 1165.632
  },
  {
    "end_time": 1182.832,
    "segment": "It it is also quite nice though to to have something here so you don't interrupt the picture on the screen, so if you're watching something",
    "speaker_id": "C",
    "start_time": 1176.44
  },
  {
    "end_time": 1194.709,
    "segment": "Yeah. Rather than having to interrupt your viewing pleasure.",
    "speaker_id": "C",
    "start_time": 1190.317
  },
  {
    "end_time": 1204.048,
    "segment": "Mm.",
    "speaker_id": "C",
    "start_time": 1203.184
  },
  {
    "end_time": 1208.72,
    "segment": "Yeah.",
    "speaker_id": "C",
    "start_time": 1208.319
  },
  {
    "end_time": 1216.288,
    "segment": "And then you can flip it open.",
    "speaker_id": "C",
    "start_time": 1214.144
  },
  {
    "end_time": 1223.881,
    "segment": "Yeah, I think so.",
    "speaker_id": "C",
    "start_time": 1222.501
  },
  {
    "end_time": 1227.664,
    "segment": "Yeah.",
    "speaker_id": "C",
    "start_time": 1226.631
  },
  {
    "end_time": 1232.16,
    "segment": "Right.",
    "speaker_id": "C",
    "start_time": 1231.296
  },
  {
    "end_time": 1262.032,
    "segment": "Yeah, and possibly even uneven, like not not symmet yeah.",
    "speaker_id": "C",
    "start_time": 1256.619
  },
  {
    "end_time": 1269.104,
    "segment": "Mm-hmm.",
    "speaker_id": "C",
    "start_time": 1268.432
  },
  {
    "end_time": 1278.6,
    "segment": "Mm-hmm.",
    "speaker_id": "C",
    "start_time": 1277.8
  },
  {
    "end_time": 1285.92,
    "segment": "Something a bit squishy and",
    "speaker_id": "C",
    "start_time": 1283.53
  },
  {
    "end_time": 1307.712,
    "segment": "Yeah, and it'd help if you drop it, it protects it as well.",
    "speaker_id": "C",
    "start_time": 1303.982
  },
  {
    "end_time": 1309.68,
    "segment": "To some degree.",
    "speaker_id": "C",
    "start_time": 1308.782
  },
  {
    "end_time": 1317.955,
    "segment": "Uh-huh.",
    "speaker_id": "C",
    "start_time": 1317.342
  },
  {
    "end_time": 1333.536,
    "segment": "Or if we want to use the the latex, then we have to go with one of the other um power things.",
    "speaker_id": "C",
    "start_time": 1326.265
  },
  {
    "end_time": 1343.392,
    "segment": "From from bouncing it. You can have it as like a little ball to bounce, that flips open.",
    "speaker_id": "C",
    "start_time": 1334.46
  },
  {
    "end_time": 1351.2,
    "segment": "Mm yeah.",
    "speaker_id": "C",
    "start_time": 1350.083
  },
  {
    "end_time": 1373.114,
    "segment": "Uh-huh.",
    "speaker_id": "C",
    "start_time": 1372.318
  },
  {
    "end_time": 1384.932,
    "segment": "Mm.",
    "speaker_id": "C",
    "start_time": 1384.064
  },
  {
    "end_time": 1387.936,
    "segment": "Yeah, 'cause the",
    "speaker_id": "C",
    "start_time": 1386.688
  },
  {
    "end_time": 1389.588,
    "segment": "Yeah.",
    "speaker_id": "C",
    "start_time": 1389.049
  },
  {
    "end_time": 1398.56,
    "segment": "Dunno.",
    "speaker_id": "C",
    "start_time": 1397.881
  },
  {
    "end_time": 1417.585,
    "segment": "Nothing to open them.",
    "speaker_id": "C",
    "start_time": 1415.125
  },
  {
    "end_time": 1434.112,
    "segment": "Anything else? What've we got?",
    "speaker_id": "C",
    "start_time": 1431.952
  },
  {
    "end_time": 1444.16,
    "segment": "Okay, so.",
    "speaker_id": "C",
    "start_time": 1441.68
  },
  {
    "end_time": 1451.168,
    "segment": "Looking at what we've got, we we want an L_C_D_ display with a spinning wheel.",
    "speaker_id": "C",
    "start_time": 1445.696
  },
  {
    "end_time": 1455.232,
    "segment": "Yeah, rub off some of those.",
    "speaker_id": "C",
    "start_time": 1453.632
  },
  {
    "end_time": 1466.889,
    "segment": "Yeah, it's not that's not streamlined and sexy, having a having a wind up.",
    "speaker_id": "C",
    "start_time": 1459.712
  },
  {
    "end_time": 1471.203,
    "segment": "I think tha",
    "speaker_id": "C",
    "start_time": 1470.512
  },
  {
    "end_time": 1494.32,
    "segment": "Depends how much how much movement it really needs. Pr presumably if they're suggesting it, then we could use it. I'd I'd keep it on.",
    "speaker_id": "C",
    "start_time": 1483.524
  },
  {
    "end_time": 1503.6,
    "segment": "We don't want that it's no it's not not vegetable.",
    "speaker_id": "C",
    "start_time": 1499.024
  },
  {
    "end_time": 1520.608,
    "segment": "Mm.",
    "speaker_id": "C",
    "start_time": 1519.632
  },
  {
    "end_time": 1529.732,
    "segment": "Mm.",
    "speaker_id": "C",
    "start_time": 1528.96
  },
  {
    "end_time": 1541.536,
    "segment": "Yeah, and given that we're we're looking at more spongy material preferences, I ha would think maybe rubber or plastic is more",
    "speaker_id": "C",
    "start_time": 1533.104
  },
  {
    "end_time": 1543.856,
    "segment": "Yeah.",
    "speaker_id": "C",
    "start_time": 1543.232
  },
  {
    "end_time": 1554.196,
    "segment": "Yeah.",
    "speaker_id": "C",
    "start_time": 1553.135
  },
  {
    "end_time": 1560.576,
    "segment": "Yeah.",
    "speaker_id": "C",
    "start_time": 1559.728
  },
  {
    "end_time": 1564.642,
    "segment": "Yeah.",
    "speaker_id": "C",
    "start_time": 1564.145
  },
  {
    "end_time": 1580.896,
    "segment": "Mm-hmm.",
    "speaker_id": "C",
    "start_time": 1580.192
  },
  {
    "end_time": 1594.09,
    "segment": "Just for fast",
    "speaker_id": "C",
    "start_time": 1592.903
  },
  {
    "end_time": 1602.128,
    "segment": "Yeah.",
    "speaker_id": "C",
    "start_time": 1601.52
  },
  {
    "end_time": 1604.45,
    "segment": "Yeah.",
    "speaker_id": "C",
    "start_time": 1603.929
  },
  {
    "end_time": 1608.415,
    "segment": "Yeah.",
    "speaker_id": "C",
    "start_time": 1607.961
  },
  {
    "end_time": 1619.896,
    "segment": "And it yeah L_ L_C_D_.",
    "speaker_id": "C",
    "start_time": 1616.151
  },
  {
    "end_time": 1640.272,
    "segment": "Do we need them on as buttons or do we need them as L_C_D_?",
    "speaker_id": "C",
    "start_time": 1636.757
  },
  {
    "end_time": 1645.127,
    "segment": "Buttons.",
    "speaker_id": "C",
    "start_time": 1644.286
  },
  {
    "end_time": 1650.561,
    "segment": "Mm.",
    "speaker_id": "C",
    "start_time": 1649.989
  },
  {
    "end_time": 1652.832,
    "segment": "Yeah.",
    "speaker_id": "C",
    "start_time": 1652.112
  },
  {
    "end_time": 1671.52,
    "segment": "Yeah.",
    "speaker_id": "C",
    "start_time": 1670.784
  },
  {
    "end_time": 1689.584,
    "segment": "I think that's what you guys are gonna do next, so if we put down the key um things that we want.",
    "speaker_id": "C",
    "start_time": 1680.64
  },
  {
    "end_time": 1709.829,
    "segment": "Just spinning and not scrolling, I would say.",
    "speaker_id": "C",
    "start_time": 1707.264
  },
  {
    "end_time": 1712.928,
    "segment": "Yeah.",
    "speaker_id": "C",
    "start_time": 1712.224
  },
  {
    "end_time": 1725.168,
    "segment": "Hmm.",
    "speaker_id": "C",
    "start_time": 1724.228
  },
  {
    "end_time": 1739.808,
    "segment": "But if you've got a if if you've got a flipped thing, effectively it's something that's curved on one side and flat on the other side, but you folded it in half. Th that would be on one side, uh-huh.",
    "speaker_id": "C",
    "start_time": 1726.8
  },
  {
    "end_time": 1746.906,
    "segment": "No, I think it's just the casing rubber on the outside.",
    "speaker_id": "C",
    "start_time": 1742.715
  },
  {
    "end_time": 1748.704,
    "segment": "Yeah.",
    "speaker_id": "C",
    "start_time": 1748.048
  },
  {
    "end_time": 1751.456,
    "segment": "Yeah.",
    "speaker_id": "C",
    "start_time": 1751.136
  },
  {
    "end_time": 1769.744,
    "segment": "Mm.",
    "speaker_id": "C",
    "start_time": 1769.343
  },
  {
    "end_time": 1783.76,
    "segment": "Mm-hmm.",
    "speaker_id": "C",
    "start_time": 1782.913
  },
  {
    "end_time": 1788.656,
    "segment": "That's right, that's what they're after.",
    "speaker_id": "C",
    "start_time": 1785.94
  },
  {
    "end_time": 1799.025,
    "segment": "Mm-hmm.",
    "speaker_id": "C",
    "start_time": 1798.144
  },
  {
    "end_time": 1812.371,
    "segment": "I guess.",
    "speaker_id": "C",
    "start_time": 1811.504
  },
  {
    "end_time": 1816.44,
    "segment": "Bananas.",
    "speaker_id": "C",
    "start_time": 1814.909
  },
  {
    "end_time": 1827.207,
    "segment": "Mm-hmm.",
    "speaker_id": "C",
    "start_time": 1826.542
  },
  {
    "end_time": 1830.896,
    "segment": "Green.",
    "speaker_id": "C",
    "start_time": 1830.091
  },
  {
    "end_time": 1834.005,
    "segment": "Yeah.",
    "speaker_id": "C",
    "start_time": 1833.214
  },
  {
    "end_time": 1851.136,
    "segment": "We need the advanced yeah.",
    "speaker_id": "C",
    "start_time": 1847.949
  },
  {
    "end_time": 1857.782,
    "segment": "Yeah.",
    "speaker_id": "C",
    "start_time": 1857.007
  },
  {
    "end_time": 1861.812,
    "segment": "Yeah.",
    "speaker_id": "C",
    "start_time": 1860.816
  },
  {
    "end_time": 1867.04,
    "segment": "Mm-hmm.",
    "speaker_id": "C",
    "start_time": 1866.283
  },
  {
    "end_time": 1875.408,
    "segment": "That was the",
    "speaker_id": "C",
    "start_time": 1874.56
  },
  {
    "end_time": 1883.021,
    "segment": "We can't have solar panels with rubber, so.",
    "speaker_id": "C",
    "start_time": 1878.16
  },
  {
    "end_time": 1892.832,
    "segment": "Shall we go for if we're going for rubber, we think uh on as our case, and then",
    "speaker_id": "C",
    "start_time": 1886.32
  },
  {
    "end_time": 1895.19,
    "segment": "Yeah.",
    "speaker_id": "C",
    "start_time": 1894.736
  },
  {
    "end_time": 1900.075,
    "segment": "We've got five more minutes.",
    "speaker_id": "C",
    "start_time": 1897.872
  },
  {
    "end_time": 1907.232,
    "segment": "Mm-hmm.",
    "speaker_id": "C",
    "start_time": 1906.64
  },
  {
    "end_time": 1910.816,
    "segment": "Yeah.",
    "speaker_id": "C",
    "start_time": 1909.977
  },
  {
    "end_time": 1913.895,
    "segment": "Yeah, mm-hmm.",
    "speaker_id": "C",
    "start_time": 1911.856
  },
  {
    "end_time": 1924.784,
    "segment": "Mm-hmm.",
    "speaker_id": "C",
    "start_time": 1924.0
  },
  {
    "end_time": 1935.302,
    "segment": "Yeah. I think if we can if we can include them at not too much extra cost, then I'd put them in, but if it's",
    "speaker_id": "C",
    "start_time": 1927.424
  },
  {
    "end_time": 1937.192,
    "segment": "Yeah.",
    "speaker_id": "C",
    "start_time": 1936.42
  },
  {
    "end_time": 1943.076,
    "segment": "It's from the company, so",
    "speaker_id": "C",
    "start_time": 1940.105
  },
  {
    "end_time": 1946.656,
    "segment": "Yeah.",
    "speaker_id": "C",
    "start_time": 1945.522
  },
  {
    "end_time": 1956.464,
    "segment": "Okay. And the case is curved on one side, but then flat flat, so it's flipped into each other.",
    "speaker_id": "C",
    "start_time": 1948.256
  },
  {
    "end_time": 1968.633,
    "segment": "Can I pull the thing out the back of your computer?",
    "speaker_id": "C",
    "start_time": 1964.669
  },
  {
    "end_time": 1975.409,
    "segment": "Just so we can",
    "speaker_id": "C",
    "start_time": 1974.189
  },
  {
    "end_time": 1983.152,
    "segment": "Nothing, it's right, I'm just",
    "speaker_id": "C",
    "start_time": 1981.056
  },
  {
    "end_time": 1988.508,
    "segment": "There we go.",
    "speaker_id": "C",
    "start_time": 1987.431
  },
  {
    "end_time": 2002.56,
    "segment": "Uh oh now I've gone too far.",
    "speaker_id": "C",
    "start_time": 2000.256
  },
  {
    "end_time": 2010.96,
    "segment": "Yeah.",
    "speaker_id": "C",
    "start_time": 2009.84
  },
  {
    "end_time": 2016.912,
    "segment": "We're on our way.",
    "speaker_id": "C",
    "start_time": 2015.778
  },
  {
    "end_time": 2050.704,
    "segment": "Okay. So we've basically worked out that we're going with a simple battery, the advanced chip and a curved on one side case which is folded in on itself, um made out of rubber and",
    "speaker_id": "C",
    "start_time": 2031.408
  },
  {
    "end_time": 2069.84,
    "segment": "the buttons are also rubber. We're having push-buttons on the outside and then on the inside an L_C_D_ with spinning wheel, and we're incorporating voice recognition. That's our overall concept, and it's gonna look sort of vegetable, and be in bright vegetable colours.",
    "speaker_id": "C",
    "start_time": 2051.956
  },
  {
    "end_time": 2077.827,
    "segment": "I think it's on the",
    "speaker_id": "C",
    "start_time": 2076.784
  },
  {
    "end_time": 2095.44,
    "segment": "Mm-mm. Yeah.",
    "speaker_id": "C",
    "start_time": 2093.344
  },
  {
    "end_time": 2099.072,
    "segment": "On the",
    "speaker_id": "C",
    "start_time": 2098.289
  },
  {
    "end_time": 2105.296,
    "segment": "Mm-hmm.",
    "speaker_id": "C",
    "start_time": 2104.617
  },
  {
    "end_time": 2160.528,
    "segment": "In the centre, yeah, sure. Okay, so now we've got thirty minutes before our next meeting. In the meantime, the Industrial Designer over here is gonna work on the look and feel design, which I'll presume he'll work out what that means. Um the User Interface Designer will work on the user interface design and the Marketing Expert is going to work on product evaluation. And as well as that, the two designers are going to work together on our prototype following those instructions that we've just come up with using modelling clay and you will get extra instructions from your personal coach. Is that all okay? And anyone who hasn't put their their presentation in the project documents folder, it would be good just so in case we have to refer to it.",
    "speaker_id": "C",
    "start_time": 2109.584
  },
  {
    "end_time": 2172.725,
    "segment": "Y ah nobody wants to talk to you. Unplug yourself.",
    "speaker_id": "C",
    "start_time": 2168.484
  },
  {
    "end_time": 2181.68,
    "segment": "I dunno, maybe I would car",
    "speaker_id": "C",
    "start_time": 2179.744
  },
  {
    "end_time": 266.783,
    "segment": "So what was what was this k ka",
    "speaker_id": "D",
    "start_time": 264.896
  },
  {
    "end_time": 271.664,
    "segment": "Okay.",
    "speaker_id": "D",
    "start_time": 270.934
  },
  {
    "end_time": 279.536,
    "segment": "Mm-hmm.",
    "speaker_id": "D",
    "start_time": 279.024
  },
  {
    "end_time": 334.048,
    "segment": "Um you mean this would be like the the overall shape of the remote control, yeah, mm-hmm.",
    "speaker_id": "D",
    "start_time": 328.352
  },
  {
    "end_time": 336.767,
    "segment": "Yeah, mm-hmm, mm-hmm.",
    "speaker_id": "D",
    "start_time": 334.755
  },
  {
    "end_time": 338.145,
    "segment": "Mm-hmm mm-hmm.",
    "speaker_id": "D",
    "start_time": 337.37
  },
  {
    "end_time": 579.552,
    "segment": "Okay.",
    "speaker_id": "D",
    "start_time": 578.697
  },
  {
    "end_time": 588.731,
    "segment": "Okay.",
    "speaker_id": "D",
    "start_time": 586.872
  },
  {
    "end_time": 592.32,
    "segment": "Um I have some PowerPoint, yeah.",
    "speaker_id": "D",
    "start_time": 589.808
  },
  {
    "end_time": 596.567,
    "segment": "Oh.",
    "speaker_id": "D",
    "start_time": 594.304
  },
  {
    "end_time": 620.827,
    "segment": "'Kay.",
    "speaker_id": "D",
    "start_time": 620.098
  },
  {
    "end_time": 630.313,
    "segment": "Okay.",
    "speaker_id": "D",
    "start_time": 628.848
  },
  {
    "end_time": 656.018,
    "segment": "Okay. Um to be honest actually, I mentioned some some of the things which which could fit on the on the this talk um this time, I m I mentioned them already in the previous talk. So um yeah, this time um I might not have them on the slides but I I can just mention them aw again. Okay.",
    "speaker_id": "D",
    "start_time": 635.376
  },
  {
    "end_time": 684.666,
    "segment": "So um I thought um I would also include the definition of user interface um so it's the aspects of a of of a computer system or programme which can be seen uh by the user um and and which uh the mechanisms that the user uses to control its operation and input data. So this would p includes things like shape and size and buttons and um voice recognition as well, and colour, and so on.",
    "speaker_id": "D",
    "start_time": 657.216
  },
  {
    "end_time": 715.031,
    "segment": "Um um the method I employed this time was a again having a look to related products and mainly on the internet and then um analyse them uh from the point of view of user fen friendliness and also um whether their appearance was was pleasant. Um and then um this uh this um",
    "speaker_id": "D",
    "start_time": 685.494
  },
  {
    "end_time": 725.416,
    "segment": "this can help us to decide which features we want to incorporate in our product. So some findings um um.",
    "speaker_id": "D",
    "start_time": 715.744
  },
  {
    "end_time": 749.184,
    "segment": "So in in the case of many user interfaces, they're just so full of buttons that it's actually uh hard to find the ones you you really um want to use and um and it's just confusing, it takes y know time to learn. Um okay, and I thought I would just quickly show some of them that I found.",
    "speaker_id": "D",
    "start_time": 726.368
  },
  {
    "end_time": 759.104,
    "segment": "Okay, some of them are here. Um well the picture is not very clear, but as you can see, there are actu oi, oh oh oh, sorry for that.",
    "speaker_id": "D",
    "start_time": 750.8
  },
  {
    "end_time": 760.702,
    "segment": "'S go back.",
    "speaker_id": "D",
    "start_time": 759.835
  },
  {
    "end_time": 764.599,
    "segment": "Ah, no, please.",
    "speaker_id": "D",
    "start_time": 762.806
  },
  {
    "end_time": 791.632,
    "segment": "Okay, so yeah, they're quite big and have many many buttons. Actually of the of all these I personally p prefer this one, because it's it's the smallest and and with with least uh with the smallest number of buttons as well. And I would say even the appearance of some of them is kind of not so nice. Um okay.",
    "speaker_id": "D",
    "start_time": 767.44
  },
  {
    "end_time": 798.768,
    "segment": "So let's carry on with this. Um",
    "speaker_id": "D",
    "start_time": 792.886
  },
  {
    "end_time": 819.426,
    "segment": "So uh um o other findings um some new things um used, uh some of them were mentioned already by our Technical um Designer uh. Our own company has developed a new in user interface uh wait, no this is not the one.",
    "speaker_id": "D",
    "start_time": 800.528
  },
  {
    "end_time": 836.255,
    "segment": "Okay, there is a we can uh include voice recognition and um it allows i it's possible to record eighty different voice samples on it. Uh so uh this uh this one was already mentioned uh the L_C_ display.",
    "speaker_id": "D",
    "start_time": 819.426
  },
  {
    "end_time": 849.616,
    "segment": "Um s another new development is a scroll button, which was also th also already mentioned. And uh our own manufacturing division ha has uh designed a new um",
    "speaker_id": "D",
    "start_time": 836.255
  },
  {
    "end_time": 854.357,
    "segment": "uh programmable speech uh",
    "speaker_id": "D",
    "start_time": 850.323
  },
  {
    "end_time": 889.353,
    "segment": "mm sorry uh speaker unit I guess it's it should be. Um and this means that um once uh uh it it it comes together with a voice recognition, but it's once once the mm um gadget uh recognises uh the voice of the speaker, there can be a um pre-programmed answer, for example, you can pick up the remote control and say something to it like hello and it says some hello and your name or whatever. So I mean this is also one of the n dev new developments which we might consider if we wanted to include.",
    "speaker_id": "D",
    "start_time": 854.976
  },
  {
    "end_time": 922.308,
    "segment": "No no, the scroll button is a different thing. I I have a picture if you just a moment, I'll I'll show you. I wasn't completely sure myself, but I think it's just like um it's it's a wheel, it's like not separate buttons. Look, this one here. But I'm I'm not really sure whether whether you can really turn it round, it's like you press this or this or",
    "speaker_id": "D",
    "start_time": 899.744
  },
  {
    "end_time": 946.648,
    "segment": "Uh-huh.",
    "speaker_id": "D",
    "start_time": 945.933
  },
  {
    "end_time": 956.018,
    "segment": "Mm.",
    "speaker_id": "D",
    "start_time": 955.428
  },
  {
    "end_time": 959.384,
    "segment": "Uh",
    "speaker_id": "D",
    "start_time": 958.848
  },
  {
    "end_time": 985.461,
    "segment": "Okay, and the personal preferences are pretty much the same as as as last time. It it has to be small, simple. Okay, we decided to include voice recognition, so to have the standard uh major buttons like on, off, um ch the channels and and then um volume and then the rest would be a menu on the screen.",
    "speaker_id": "D",
    "start_time": 964.352
  },
  {
    "end_time": 1008.72,
    "segment": "Um and I I also thought uh if we want to keep it small and nice um and actually I I quite like the idea of a scroll a scrolling button, I thought it could be for for voice like, I dunno, it mm like on a um i like it used to be on Walkmans or something. There is uh I think there is no reason why we couldn't use something like this for for the remote control.",
    "speaker_id": "D",
    "start_time": 985.871
  },
  {
    "end_time": 1012.272,
    "segment": "So yeah, that's uh that's it.",
    "speaker_id": "D",
    "start_time": 1010.432
  },
  {
    "end_time": 1230.173,
    "segment": "Yep, yeah.",
    "speaker_id": "D",
    "start_time": 1229.216
  },
  {
    "end_time": 1276.976,
    "segment": "Mm-hmm.",
    "speaker_id": "D",
    "start_time": 1276.244
  },
  {
    "end_time": 1290.338,
    "segment": "So it could be like a rubbery yeah, uh-huh.",
    "speaker_id": "D",
    "start_time": 1287.058
  },
  {
    "end_time": 1444.159,
    "segment": "Thanks",
    "speaker_id": "D",
    "start_time": 1443.173
  },
  {
    "end_time": 1462.396,
    "segment": "Yeah uh-hum yeah.",
    "speaker_id": "D",
    "start_time": 1460.15
  },
  {
    "end_time": 1501.008,
    "segment": "Yeah it's yeah.",
    "speaker_id": "D",
    "start_time": 1499.07
  },
  {
    "end_time": 1518.288,
    "segment": "N wood is I can't n how do you uh I mean you can't keep it really small uh you can't make it like thin and",
    "speaker_id": "D",
    "start_time": 1510.032
  },
  {
    "end_time": 1529.36,
    "segment": "The wood thing. Because you need to you n you need to put all the technology in, so I mean if the case you add the case and it it becomes a bit bulky wi mm-mm yeah.",
    "speaker_id": "D",
    "start_time": 1519.52
  },
  {
    "end_time": 1532.458,
    "segment": "Yeah, yeah.",
    "speaker_id": "D",
    "start_time": 1531.584
  },
  {
    "end_time": 1533.816,
    "segment": "Yeah.",
    "speaker_id": "D",
    "start_time": 1533.041
  },
  {
    "end_time": 1541.767,
    "segment": "U yeah wood is not really yeah.",
    "speaker_id": "D",
    "start_time": 1539.357
  },
  {
    "end_time": 1544.36,
    "segment": "Yeah.",
    "speaker_id": "D",
    "start_time": 1543.746
  },
  {
    "end_time": 1559.712,
    "segment": "Yeah, yeah, in the case of remote control not really.",
    "speaker_id": "D",
    "start_time": 1556.768
  },
  {
    "end_time": 1580.656,
    "segment": "Yeah, but you um I think for for the channel numb uh channel numbers you still need them, wouldn't you?",
    "speaker_id": "D",
    "start_time": 1575.104
  },
  {
    "end_time": 1584.482,
    "segment": "Yeah, so for channel numbers but",
    "speaker_id": "D",
    "start_time": 1581.968
  },
  {
    "end_time": 1608.944,
    "segment": "But I th yeah but I think the L_C_D_ display is kind of yeah, it's faster with a m yeah and w if we dis and when we s um discussed that we might like this flipping open thing, then I mean y you can use it as a normal remote control, but if you do want to use L_C_D_, then you flip it open, but it's it it's more time-consuming.",
    "speaker_id": "D",
    "start_time": 1590.048
  },
  {
    "end_time": 1616.128,
    "segment": "Yeah.",
    "speaker_id": "D",
    "start_time": 1615.84
  },
  {
    "end_time": 1637.685,
    "segment": "No, no, I mean mm we we definitely need the the numbers, because it's uh otherwise people don't want to flip through all the channels. Um",
    "speaker_id": "D",
    "start_time": 1628.864
  },
  {
    "end_time": 1645.184,
    "segment": "Yeah, I would say buttons, because it's yeah.",
    "speaker_id": "D",
    "start_time": 1641.547
  },
  {
    "end_time": 1646.866,
    "segment": "I",
    "speaker_id": "D",
    "start_time": 1646.378
  },
  {
    "end_time": 1653.52,
    "segment": "Yeah.",
    "speaker_id": "D",
    "start_time": 1653.056
  },
  {
    "end_time": 1664.322,
    "segment": "Mm-hmm.",
    "speaker_id": "D",
    "start_time": 1663.68
  },
  {
    "end_time": 1687.124,
    "segment": "Yeah.",
    "speaker_id": "D",
    "start_time": 1686.409
  },
  {
    "end_time": 1709.907,
    "segment": "Yeah but n I I'm not completely um completely clear uh I yeah, about the spinning wheel. So I think it it doesn't make sense to have both like a scrolling and spinning thing, it's uh you can al include everything in the spinning if you yeah, yeah, in that case.",
    "speaker_id": "D",
    "start_time": 1692.032
  },
  {
    "end_time": 1729.88,
    "segment": "Ah, but I mean you can",
    "speaker_id": "D",
    "start_time": 1728.176
  },
  {
    "end_time": 1747.572,
    "segment": "Yeah, I um I think so too, I mean the case would be yeah the case would be rubber and the the buttons,",
    "speaker_id": "D",
    "start_time": 1742.72
  },
  {
    "end_time": 1749.536,
    "segment": "rubber buttons, but then",
    "speaker_id": "D",
    "start_time": 1748.158
  },
  {
    "end_time": 1753.424,
    "segment": "Yeah.",
    "speaker_id": "D",
    "start_time": 1753.072
  },
  {
    "end_time": 1784.35,
    "segment": "Mm-hmm.",
    "speaker_id": "D",
    "start_time": 1783.664
  },
  {
    "end_time": 1811.152,
    "segment": "Yeah I think we um it was a a requirement that we use our um th the colours of our company, so would it be like yellow, grey and black or something, or",
    "speaker_id": "D",
    "start_time": 1802.224
  },
  {
    "end_time": 1813.075,
    "segment": "Yeah, does",
    "speaker_id": "D",
    "start_time": 1812.576
  },
  {
    "end_time": 1818.208,
    "segment": "Yeah. Banana's yellow, yeah, definitely.",
    "speaker_id": "D",
    "start_time": 1814.91
  },
  {
    "end_time": 1895.591,
    "segment": "Mm-hmm. And the buttons as well, I think. Yeah.",
    "speaker_id": "D",
    "start_time": 1891.6
  },
  {
    "end_time": 1941.662,
    "segment": "Yeah, but it it I think it should be quite cheap because it's from our own company, yeah.",
    "speaker_id": "D",
    "start_time": 1936.503
  },
  {
    "end_time": 1956.216,
    "segment": "Mm-hmm.",
    "speaker_id": "D",
    "start_time": 1955.443
  },
  {
    "end_time": 2009.583,
    "segment": "Yeah.",
    "speaker_id": "D",
    "start_time": 2009.056
  },
  {
    "end_time": 2064.86,
    "segment": "Um",
    "speaker_id": "D",
    "start_time": 2063.136
  },
  {
    "end_time": 2076.448,
    "segment": "Uh-huh. So w w would with have the spinning wheel inside with the L_C_D_, or would it be on the outer",
    "speaker_id": "D",
    "start_time": 2069.76
  },
  {
    "end_time": 2079.136,
    "segment": "Okay.",
    "speaker_id": "D",
    "start_time": 2078.64
  },
  {
    "end_time": 2087.257,
    "segment": "Mm-hmm.",
    "speaker_id": "D",
    "start_time": 2086.538
  },
  {
    "end_time": 2089.587,
    "segment": "Yeah, okay.",
    "speaker_id": "D",
    "start_time": 2088.51
  },
  {
    "end_time": 2093.496,
    "segment": "Mm-hmm.",
    "speaker_id": "D",
    "start_time": 2092.882
  },
  {
    "end_time": 2111.307,
    "segment": "Mm yeah.",
    "speaker_id": "D",
    "start_time": 2110.878
  },
  {
    "end_time": 2149.427,
    "segment": "Mm-hmm.",
    "speaker_id": "D",
    "start_time": 2148.669
  },
  {
    "end_time": 2154.686,
    "segment": "Yeah.",
    "speaker_id": "D",
    "start_time": 2153.918
  },
  {
    "end_time": 2159.793,
    "segment": "Mm-hmm.",
    "speaker_id": "D",
    "start_time": 2159.107
  },
  {
    "end_time": 2173.532,
    "segment": "Hmm.",
    "speaker_id": "D",
    "start_time": 2172.253
  },
  {
    "end_time": 2181.012,
    "segment": "So but shall I move away first or shall I stay here with we need to",
    "speaker_id": "D",
    "start_time": 2176.064
  }
]